#VRML V2.0 utf8
# 3D model generated by easyeda2kicad.py (https://github.com/uPesy/easyeda2kicad.py)

Shape{
    appearance Appearance {
        material  Material 	{
            diffuseColor 0.20784313725490197 0.20784313725490197 0.20784313725490197
            specularColor 0.01568627450980392 0.01568627450980392 0.01568627450980392
            ambientIntensity 0.298
            transparency 0.0
            shininess 0.5
        }
    }
    geometry IndexedFaceSet {
        ccw TRUE
        solid FALSE
        coord DEF co Coordinate {
            point [
                0.4831 -0.5922 0.3661, 0.4831 -0.5999 0.3661, 0.5017 -0.5999 0.3661, 0.4831 -0.5616 0.3661, 0.4831 -0.5673 0.3661, 0.5017 -0.5673 0.3661, 0.4935 -0.5422 0.3661, 0.4935 -0.5593 0.3661, 0.5012 -0.5593 0.3661, 0.5228 -0.5444 0.3661, 0.5228 -0.5506 0.3661, 0.528 -0.5506 0.3661, 0.5445 -0.5728 0.3661, 0.5506 -0.5728 0.3661, 0.5506 -0.5673 0.3661, 0.547 -0.575 0.3661, 0.547 -0.5812 0.3661, 0.5506 -0.5812 0.3661, 0.5198 -0.5922 0.3661, 0.5192 -0.592 0.3661, 0.5192 -0.5922 0.3661, 0.5238 -0.5922 0.3661, 0.5234 -0.5922 0.3661, 0.528 -0.5922 0.3661, 0.5638 -0.5562 0.3661, 0.5567 -0.5562 0.3661, 0.5658 -0.5615 0.3661, 0.5567 -0.5616 0.3661, 0.5685 -0.5615 0.3661, 0.689 -0.5616 0.3661, 0.689 -0.542 0.3661, 0.5612 -0.5422 0.3661, 0.5567 -0.542 0.3661, 0.5557 -0.5562 0.3661, 0.5539 -0.5615 0.3661, 0.5506 -0.5616 0.3661, 0.5511 -0.5615 0.3661, 0.5506 -0.542 0.3661, 0.5567 -0.5469 0.3661, 0.5585 -0.5422 0.3661, 0.5165 -0.5583 0.3661, 0.5165 -0.5607 0.3661, 0.5192 -0.5616 0.3661, 0.5139 -0.542 0.3661, 0.5146 -0.5421 0.3661, 0.5192 -0.542 0.3661, 0.5165 -0.5426 0.3661, 0.5165 -0.5452 0.3661, 0.5115 -0.5596 0.3661, 0.5123 -0.5595 0.3661, 0.5162 -0.5608 0.3661, 0.5141 -0.5615 0.3661, 0.5128 -0.5616 0.3661, 0.5065 -0.5464 0.3661, 0.5055 -0.5478 0.3661, 0.5049 -0.5495 0.3661, 0.5143 -0.5444 0.3661, 0.5119 -0.5441 0.3661, 0.5111 -0.5441 0.3661, 0.5094 -0.5445 0.3661, 0.5046 -0.552 0.3661, 0.5046 -0.5522 0.3661, 0.5049 -0.5546 0.3661, 0.507 -0.558 0.3661, 0.5083 -0.5589 0.3661, 0.5097 -0.5594 0.3661, 0.5079 -0.5452 0.3661, 0.5066 -0.5462 0.3661, 0.5055 -0.5562 0.3661, 0.5065 -0.5575 0.3661, 0.5104 -0.542 0.3661, 0.5119 -0.5418 0.3661, 0.5029 -0.004 0.3661, 0.5192 -0.004 0.3661, 0.5121 -0.5418 0.3661, 0.5029 -0.542 0.3661, 0.5093 -0.5421 0.3661, 0.5072 -0.5429 0.3661, 0.5034 -0.5465 0.3661, 0.5048 -0.5447 0.3661, 0.5053 -0.5442 0.3661, 0.5017 -0.542 0.3661, 0.5025 -0.5487 0.3661, 0.5029 -0.5477 0.3661, 0.5029 -0.5566 0.3661, 0.5023 -0.555 0.3661, 0.5017 -0.5616 0.3661, 0.502 -0.5522 0.3661, 0.502 -0.5512 0.3661, 0.5059 -0.5604 0.3661, 0.5045 -0.5592 0.3661, 0.5029 -0.5616 0.3661, 0.5041 -0.5588 0.3661, 0.503 -0.5571 0.3661, 0.5111 -0.5618 0.3661, 0.5098 -0.5617 0.3661, 0.5029 -0.5673 0.3661, 0.5094 -0.5616 0.3661, 0.5077 -0.5613 0.3661, 0.5364 -0.5922 0.3661, 0.5432 -0.5922 0.3661, 0.5419 -0.5783 0.3661, 0.5432 -0.5673 0.3661, 0.5394 -0.5783 0.3661, 0.535 -0.5887 0.3661, 0.5353 -0.5898 0.3661, 0.5353 -0.5898 0.3661, 0.5325 -0.5673 0.3661, 0.5325 -0.5817 0.3661, 0.5356 -0.5887 0.3661, 0.5354 -0.5893 0.3661, 0.5325 -0.5922 0.3661, 0.5325 -0.5881 0.3661, 0.5287 -0.5783 0.3661, 0.528 -0.5673 0.3661, 0.5314 -0.5783 0.3661, 0.5341 -0.5921 0.3661, 0.534 -0.5922 0.3661, 0.533 -0.5946 0.3661, 0.5325 -0.5954 0.3661, 0.528 -0.5999 0.3661, 0.5292 -0.5984 0.3661, 0.5292 -0.5962 0.3661, 0.5305 -0.5965 0.3661, 0.5311 -0.5964 0.3661, 0.5325 -0.5981 0.3661, 0.5317 -0.5985 0.3661, 0.5325 -0.5999 0.3661, 0.5307 -0.5986 0.3661, 0.5302 -0.5986 0.3661, 0.5316 -0.5962 0.3661, 0.5321 -0.5959 0.3661, 0.5356 -0.5942 0.3661, 0.5345 -0.5963 0.3661, 0.5432 -0.5999 0.3661, 0.5337 -0.5974 0.3661, 0.5335 -0.5975 0.3661, 0.5326 -0.5981 0.3661, 0.5266 -0.5861 0.3661, 0.527 -0.5867 0.3661, 0.5267 -0.5809 0.3661, 0.527 -0.5901 0.3661, 0.5265 -0.5907 0.3661, 0.5189 -0.5797 0.3661, 0.5192 -0.5795 0.3661, 0.5192 -0.5673 0.3661, 0.5196 -0.5791 0.3661, 0.5204 -0.5787 0.3661, 0.5273 -0.5874 0.3661, 0.5274 -0.5883 0.3661, 0.5273 -0.5893 0.3661, 0.5217 -0.5782 0.3661, 0.5235 -0.578 0.3661, 0.5267 -0.5786 0.3661, 0.5248 -0.5781 0.3661, 0.5258 -0.5913 0.3661, 0.5251 -0.5917 0.3661, 0.5232 -0.5799 0.3661, 0.5225 -0.58 0.3661, 0.5206 -0.5818 0.3661, 0.5219 -0.5802 0.3661, 0.5213 -0.5805 0.3661, 0.5206 -0.5821 0.3661, 0.5207 -0.5825 0.3661, 0.5209 -0.5828 0.3661, 0.5211 -0.5831 0.3661, 0.522 -0.5836 0.3661, 0.5248 -0.5801 0.3661, 0.5235 -0.5843 0.3661, 0.5262 -0.5806 0.3661, 0.5244 -0.5846 0.3661, 0.526 -0.5855 0.3661, 0.521 -0.5808 0.3661, 0.5208 -0.5811 0.3661, 0.5206 -0.5814 0.3661, 0.5047 -0.5855 0.3661, 0.5051 -0.5816 0.3661, 0.5042 -0.5862 0.3661, 0.5039 -0.587 0.3661, 0.5181 -0.5891 0.3661, 0.5148 -0.5832 0.3661, 0.5181 -0.5916 0.3661, 0.5148 -0.5921 0.3661, 0.5112 -0.5913 0.3661, 0.5103 -0.5919 0.3661, 0.5124 -0.5921 0.3661, 0.5094 -0.5922 0.3661, 0.5029 -0.5922 0.3661, 0.5041 -0.5903 0.3661, 0.5038 -0.5895 0.3661, 0.5029 -0.5999 0.3661, 0.5067 -0.5922 0.3661, 0.5067 -0.5922 0.3661, 0.5057 -0.5919 0.3661, 0.5074 -0.5783 0.3661, 0.5056 -0.579 0.3661, 0.5051 -0.5793 0.3661, 0.5055 -0.5849 0.3661, 0.5065 -0.5843 0.3661, 0.5066 -0.5806 0.3661, 0.5083 -0.5839 0.3661, 0.5104 -0.58 0.3661, 0.5096 -0.5799 0.3661, 0.5081 -0.5801 0.3661, 0.5049 -0.5913 0.3661, 0.5046 -0.5911 0.3661, 0.519 -0.5897 0.3661, 0.5192 -0.5898 0.3661, 0.5192 -0.5846 0.3661, 0.5124 -0.59 0.3661, 0.5123 -0.59 0.3661, 0.5119 -0.5905 0.3661, 0.5146 -0.5814 0.3661, 0.5182 -0.583 0.3661, 0.5182 -0.5812 0.3661, 0.5185 -0.5804 0.3661, 0.5137 -0.5795 0.3661, 0.5037 -0.5884 0.3661, 0.5037 -0.5881 0.3661, 0.5142 -0.5803 0.3661, 0.5181 -0.582 0.3661, 0.5098 -0.578 0.3661, 0.5113 -0.5781 0.3661, 0.5123 -0.5784 0.3661, 0.5124 -0.5833 0.3661, 0.5123 -0.5823 0.3661, 0.5121 -0.5814 0.3661, 0.5118 -0.5809 0.3661, 0.5192 -0.5846 0.3661, 0.5188 -0.5842 0.3661, 0.5185 -0.5837 0.3661, 0.5131 -0.5789 0.3661, 0.5114 -0.5805 0.3661, 0.511 -0.5802 0.3661, 0.5205 -0.5903 0.3661, 0.5218 -0.586 0.3661, 0.5203 -0.5854 0.3661, 0.5221 -0.5904 0.3661, 0.5222 -0.5904 0.3661, 0.5233 -0.5867 0.3661, 0.5234 -0.5903 0.3661, 0.5249 -0.5886 0.3661, 0.5249 -0.5883 0.3661, 0.524 -0.5901 0.3661, 0.5243 -0.5899 0.3661, 0.5245 -0.5897 0.3661, 0.5247 -0.5894 0.3661, 0.5249 -0.589 0.3661, 0.5248 -0.5879 0.3661, 0.5246 -0.5876 0.3661, 0.5243 -0.5873 0.3661, 0.5202 -0.5922 0.3661, 0.5192 -0.5999 0.3661, 0.5218 -0.5924 0.3661, 0.5296 -0.5964 0.3661, 0.5093 -0.5923 0.3661, 0.5081 -0.5924 0.3661, 0.4664 -0.5572 0.3661, 0.4701 -0.5603 0.3661, 0.4831 -0.542 0.3661, 0.4511 -0.542 0.3661, 0.4542 -0.5441 0.3661, 0.4588 -0.5494 0.3661, 0.4616 -0.555 0.3661, 0.4623 -0.5552 0.3661, 0.4288 -0.5378 0.3661, 0.4356 -0.537 0.3661, 0.4831 -0.004 0.3661, 0.4412 -0.5376 0.3661, 0.4481 -0.54 0.3661, 0.4224 -0.5403 0.3661, -0.0671 -0.004 0.3661, 0.4196 -0.542 0.3661, -0.0671 -0.542 0.3661, 0.4191 -0.5423 0.3661, 0.4045 -0.5488 0.3661, 0.4099 -0.5481 0.3661, 0.4159 -0.5451 0.3661, 0.4115 -0.5482 0.3661, 0.4131 -0.5484 0.3661, 0.3941 -0.5547 0.3661, 0.395 -0.5538 0.3661, 0.3994 -0.5507 0.3661, -0.0671 -0.5616 0.3661, -0.0671 -0.5673 0.3661, 0.388 -0.5673 0.3661, 0.3886 -0.5639 0.3661, 0.3896 -0.5616 0.3661, 0.3908 -0.5589 0.3661, 0.3977 -0.5889 0.3661, 0.3934 -0.5853 0.3661, -0.0671 -0.5922 0.3661, 0.3903 -0.5808 0.3661, 0.4027 -0.5914 0.3661, 0.4046 -0.5922 0.3661, 0.4044 -0.5919 0.3661, 0.3883 -0.5757 0.3661, 0.3877 -0.5703 0.3661, 0.3877 -0.569 0.3661, -0.0671 -0.5999 0.3661, 0.4118 -0.5999 0.3661, 0.4105 -0.5994 0.3661, 0.4078 -0.5974 0.3661, 0.4058 -0.5948 0.3661, 0.4231 -0.5999 0.3661, 0.4208 -0.6008 0.3661, 0.4831 -0.689 0.3661, 0.4174 -0.6012 0.3661, 0.4169 -0.6012 0.3661, -0.0671 -0.689 0.3661, 0.4137 -0.6007 0.3661, 0.4303 -0.5922 0.3661, 0.4303 -0.5923 0.3661, 0.4286 -0.5954 0.3661, 0.4266 -0.5977 0.3661, 0.4238 -0.5996 0.3661, 0.4746 -0.5684 0.3661, 0.4752 -0.5729 0.3661, 0.4478 -0.5842 0.3661, 0.4488 -0.5838 0.3661, 0.4504 -0.576 0.3661, 0.4701 -0.586 0.3661, 0.4664 -0.5891 0.3661, 0.4277 -0.5783 0.3661, 0.4461 -0.5687 0.3661, 0.4257 -0.5764 0.3661, 0.4229 -0.5747 0.3661, 0.447 -0.5847 0.3661, 0.4729 -0.5822 0.3661, 0.4746 -0.5778 0.3661, 0.4498 -0.5836 0.3661, 0.45 -0.5837 0.3661, 0.4504 -0.5837 0.3661, 0.3975 -0.5756 0.3661, 0.3991 -0.5783 0.3661, 0.406 -0.5797 0.3661, 0.4015 -0.5808 0.3661, 0.4045 -0.5827 0.3661, 0.4111 -0.5752 0.3661, 0.3966 -0.5673 0.3661, 0.4083 -0.5771 0.3661, 0.3963 -0.5701 0.3661, 0.3965 -0.5722 0.3661, 0.4141 -0.574 0.3661, 0.4174 -0.5736 0.3661, 0.4196 -0.5738 0.3661, 0.4456 -0.5879 0.3661, 0.4456 -0.5874 0.3661, 0.4312 -0.5861 0.3661, 0.4459 -0.5863 0.3661, 0.4464 -0.5854 0.3661, 0.4488 -0.592 0.3661, 0.4479 -0.5917 0.3661, 0.447 -0.591 0.3661, 0.4467 -0.5907 0.3661, 0.4461 -0.5899 0.3661, 0.4457 -0.5889 0.3661, 0.4311 -0.589 0.3661, 0.4312 -0.5875 0.3661, 0.4641 -0.5802 0.3661, 0.4655 -0.578 0.3661, 0.4664 -0.5755 0.3661, 0.4667 -0.5731 0.3661, 0.4667 -0.572 0.3661, 0.4622 -0.5912 0.3661, 0.4577 -0.5922 0.3661, 0.4496 -0.5922 0.3661, 0.4507 -0.5838 0.3661, 0.4568 -0.5838 0.3661, 0.4587 -0.5835 0.3661, 0.4612 -0.5825 0.3661, 0.4633 -0.581 0.3661, 0.456 -0.5624 0.3661, 0.4549 -0.5624 0.3661, 0.465 -0.5673 0.3661, 0.4584 -0.5626 0.3661, 0.466 -0.5693 0.3661, 0.3967 -0.5667 0.3661, 0.3979 -0.5637 0.3661, 0.4648 -0.5669 0.3661, 0.463 -0.565 0.3661, 0.4608 -0.5635 0.3661, 0.4519 -0.5541 0.3661, 0.4488 -0.5504 0.3661, 0.4173 -0.5584 0.3661, 0.4485 -0.5501 0.3661, 0.4447 -0.5474 0.3661, 0.4194 -0.554 0.3661, 0.3993 -0.5616 0.3661, 0.4164 -0.5579 0.3661, 0.4547 -0.5616 0.3661, 0.4541 -0.5585 0.3661, 0.4133 -0.5567 0.3661, 0.41 -0.5563 0.3661, 0.4086 -0.5564 0.3661, 0.4225 -0.5504 0.3661, 0.4404 -0.5458 0.3661, 0.4261 -0.5477 0.3661, 0.4357 -0.5452 0.3661, 0.4306 -0.5459 0.3661, 0.4052 -0.5572 0.3661, 0.4021 -0.5589 0.3661, 0.3998 -0.5609 0.3661, 0.471 -0.5616 0.3661, 0.4729 -0.5642 0.3661, 0.4741 -0.5673 0.3661, 0.5496 -0.555 0.3661, 0.5486 -0.557 0.3661, 0.5472 -0.5588 0.3661, 0.5432 -0.542 0.3661, 0.5432 -0.5426 0.3661, 0.5452 -0.5434 0.3661, 0.5432 -0.5609 0.3661, 0.5432 -0.5616 0.3661, 0.5448 -0.5604 0.3661, 0.5467 -0.5592 0.3661, 0.5472 -0.5447 0.3661, 0.5479 -0.5455 0.3661, 0.5491 -0.5472 0.3661, 0.5498 -0.549 0.3661, 0.5501 -0.5516 0.3661, 0.55 -0.5527 0.3661, 0.5325 -0.542 0.3661, 0.5399 -0.5422 0.3661, 0.5429 -0.5425 0.3661, 0.5425 -0.5612 0.3661, 0.5397 -0.5615 0.3661, 0.5325 -0.5616 0.3661, 0.5343 -0.5615 0.3661, 0.5343 -0.5422 0.3661, 0.547 -0.5899 0.3661, 0.5506 -0.5899 0.3661, 0.547 -0.5834 0.3661, 0.5506 -0.5834 0.3661, 0.5539 -0.5812 0.3661, 0.5539 -0.5834 0.3661, 0.5567 -0.5922 0.3661, 0.5567 -0.5673 0.3661, 0.5544 -0.5728 0.3661, 0.5544 -0.575 0.3661, 0.5549 -0.5899 0.3661, 0.5549 -0.5921 0.3661, 0.5506 -0.5922 0.3661, 0.5506 -0.575 0.3661, 0.5506 -0.5921 0.3661, 0.5445 -0.5921 0.3661, 0.5228 -0.5593 0.3661, 0.528 -0.5593 0.3661, 0.5228 -0.5528 0.3661, 0.528 -0.5528 0.3661, 0.528 -0.542 0.3661, 0.5303 -0.5422 0.3661, 0.528 -0.5422 0.3661, 0.5303 -0.5444 0.3661, 0.5307 -0.5593 0.3661, 0.5307 -0.5615 0.3661, 0.528 -0.5616 0.3661, 0.5297 -0.5528 0.3661, 0.5297 -0.5506 0.3661, 0.528 -0.5444 0.3661, 0.5203 -0.5422 0.3661, 0.5203 -0.5615 0.3661, 0.528 -0.5615 0.3661, 0.5145 -0.5592 0.3661, -0.5495 0.5303 0.3661, -0.5592 0.5291 0.3661, -0.689 -0.004 0.3661, -0.0671 0.689 0.3661, -0.5219 0.5664 0.3661, -0.5231 0.5567 0.3661, -0.5269 0.5477 0.3661, -0.5328 0.54 0.3661, -0.5405 0.5341 0.3661, -0.5689 0.5303 0.3661, -0.5779 0.5341 0.3661, -0.5856 0.54 0.3661, -0.689 0.689 0.3661, -0.5779 0.5987 0.3661, -0.5689 0.6025 0.3661, -0.5328 0.5928 0.3661, -0.5269 0.5851 0.3661, -0.5231 0.5761 0.3661, -0.5953 0.5761 0.3661, -0.5915 0.5851 0.3661, -0.5856 0.5928 0.3661, -0.5592 0.6037 0.3661, -0.5495 0.6025 0.3661, -0.5405 0.5987 0.3661, -0.5915 0.5477 0.3661, -0.5953 0.5567 0.3661, -0.5965 0.5664 0.3661, -0.689 -0.689 0.3661, -0.689 -0.5999 0.3661, -0.689 -0.5922 0.3661, -0.689 -0.5673 0.3661, -0.689 -0.5616 0.3661, -0.689 -0.542 0.3661, 0.5012 -0.5615 0.3661, 0.491 -0.5615 0.3661, 0.491 -0.5422 0.3661, 0.4935 -0.575 0.3661, 0.4935 -0.5812 0.3661, 0.501 -0.575 0.3661, 0.5004 -0.5812 0.3661, 0.5014 -0.5899 0.3661, 0.5017 -0.5922 0.3661, 0.5014 -0.5921 0.3661, 0.491 -0.5921 0.3661, 0.4935 -0.5834 0.3661, 0.4935 -0.5899 0.3661, 0.5004 -0.5834 0.3661, 0.501 -0.5728 0.3661, 0.491 -0.5728 0.3661, 0.5017 -0.004 0.3661, 0.4831 0.689 0.3661, 0.5017 0.689 0.3661, 0.5029 0.689 0.3661, 0.5192 0.689 0.3661, 0.528 -0.004 0.3661, 0.528 0.689 0.3661, 0.5325 -0.004 0.3661, 0.5325 0.689 0.3661, 0.5432 -0.004 0.3661, 0.5432 0.689 0.3661, 0.5506 -0.004 0.3661, 0.5506 0.689 0.3661, 0.5567 -0.004 0.3661, 0.5567 0.689 0.3661, 0.689 -0.004 0.3661, 0.689 0.689 0.3661, 0.5781 -0.5921 0.3661, 0.5753 -0.5921 0.3661, 0.5899 -0.5921 0.3661, 0.588 -0.5868 0.3661, 0.5799 -0.5868 0.3661, 0.5927 -0.5921 0.3661, 0.689 -0.5922 0.3661, 0.5853 -0.5728 0.3661, 0.689 -0.5673 0.3661, 0.5739 -0.5796 0.3661, 0.5742 -0.5822 0.3661, 0.5827 -0.5728 0.3661, 0.5742 -0.5833 0.3661, 0.5737 -0.5856 0.3661, 0.5728 -0.5876 0.3661, 0.5713 -0.5894 0.3661, 0.5709 -0.5898 0.3661, 0.569 -0.591 0.3661, 0.5585 -0.5728 0.3661, 0.5585 -0.5921 0.3661, 0.5638 -0.5921 0.3661, 0.5667 -0.5918 0.3661, 0.5713 -0.5753 0.3661, 0.5721 -0.5761 0.3661, 0.5733 -0.5778 0.3661, 0.564 -0.5728 0.3661, 0.567 -0.5731 0.3661, 0.5694 -0.574 0.3661, 0.5506 -0.5999 0.3661, 0.5567 -0.5999 0.3661, 0.689 -0.5999 0.3661, 0.5017 -0.689 0.3661, 0.5029 -0.689 0.3661, 0.5192 -0.689 0.3661, 0.528 -0.689 0.3661, 0.5325 -0.689 0.3661, 0.5432 -0.689 0.3661, 0.5506 -0.689 0.3661, 0.5567 -0.689 0.3661, 0.689 -0.689 0.3661, -0.6181 0.3425 0.0197, -0.689 0.3425 0.0197, -0.689 0.689 0.0197, 0.6181 -0.3425 0.0197, 0.689 -0.3425 0.0197, 0.689 -0.689 0.0197, 0.3425 0.6181 0.0197, 0.3425 0.689 0.0197, 0.689 0.689 0.0197, -0.5772 -0.2717 0.0197, -0.5847 -0.2619 0.0197, -0.4331 0.2953 0.0197, -0.3425 -0.6181 0.0197, -0.3425 -0.689 0.0197, -0.689 -0.689 0.0197, -0.6059 0.3409 0.0197, 0.2953 -0.5709 0.0197, 0.283 -0.5725 0.0197, 0.4331 -0.4331 0.0197, -0.3287 0.5847 0.0197, -0.2953 0.4331 0.0197, -0.3362 0.5945 0.0197, -0.3409 0.6059 0.0197, -0.3425 0.689 0.0197, -0.3425 0.6181 0.0197, -0.5847 -0.3287 0.0197, -0.5772 -0.3189 0.0197, -0.4331 -0.4331 0.0197, -0.5772 -0.0748 0.0197, -0.5847 -0.065 0.0197, 0.5945 0.3362 0.0197, 0.4331 0.4331 0.0197, 0.6059 0.3409 0.0197, 0.6181 0.3425 0.0197, 0.689 0.3425 0.0197, -0.5725 -0.3075 0.0197, -0.5709 -0.2953 0.0197, -0.5725 -0.283 0.0197, -0.5725 0.1107 0.0197, -0.5772 0.122 0.0197, -0.6059 0.2496 0.0197, -0.5847 0.1318 0.0197, -0.5945 0.1393 0.0197, 0.3287 -0.5847 0.0197, 0.3189 -0.5772 0.0197, 0.3075 -0.5725 0.0197, 0.2619 0.5847 0.0197, 0.2717 0.5772 0.0197, 0.283 0.5725 0.0197, -0.689 -0.3425 0.0197, -0.6181 -0.3425 0.0197, -0.6059 -0.3409 0.0197, -0.5945 -0.3362 0.0197, 0.2717 -0.5772 0.0197, 0.2619 -0.5847 0.0197, 0.1107 -0.5725 0.0197, -0.1107 0.5725 0.0197, -0.122 0.5772 0.0197, -0.1318 0.5847 0.0197, 0.065 0.5847 0.0197, 0.0748 0.5772 0.0197, 0.2953 0.5709 0.0197, 0.3075 0.5725 0.0197, 0.3189 0.5772 0.0197, -0.5945 0.3362 0.0197, -0.5725 -0.0862 0.0197, 0.3425 -0.689 0.0197, 0.3425 -0.6181 0.0197, 0.3409 -0.6059 0.0197, 0.3362 -0.5945 0.0197, 0.2496 -0.6059 0.0197, 0.1393 -0.5945 0.0197, 0.1318 -0.5847 0.0197, -0.283 -0.5725 0.0197, -0.2953 -0.5709 0.0197, -0.3075 -0.5725 0.0197, -0.3189 -0.5772 0.0197, -0.3287 -0.5847 0.0197, -0.3362 -0.5945 0.0197, -0.3409 -0.6059 0.0197, 0.5709 -0.2953 0.0197, 0.5725 -0.3075 0.0197, 0.5772 -0.3189 0.0197, 0.5847 -0.3287 0.0197, 0.5945 -0.3362 0.0197, 0.6059 -0.3409 0.0197, -0.3189 0.5772 0.0197, -0.3075 0.5725 0.0197, -0.2953 0.5709 0.0197, -0.6181 0.1457 0.0197, -0.689 0.1457 0.0197, -0.689 0.248 0.0197, -0.5945 -0.2544 0.0197, -0.6059 -0.1441 0.0197, -0.5945 -0.1393 0.0197, -0.5847 -0.1318 0.0197, -0.5847 0.065 0.0197, -0.5945 0.0575 0.0197, -0.5945 -0.0575 0.0197, -0.6059 -0.0528 0.0197, -0.5847 0.2619 0.0197, -0.5772 0.2717 0.0197, 0.2544 -0.5945 0.0197, 0.122 -0.5772 0.0197, 0.0984 -0.5709 0.0197, 0.0862 -0.5725 0.0197, 0.5847 0.3287 0.0197, 0.5772 0.3189 0.0197, 0.5725 0.3075 0.0197, 0.5847 0.1318 0.0197, 0.5945 0.2544 0.0197, 0.5945 0.1393 0.0197, 0.6059 0.1441 0.0197, -0.2544 0.5945 0.0197, -0.2496 0.6059 0.0197, 0.2496 0.6059 0.0197, 0.1318 0.5847 0.0197, 0.1393 0.5945 0.0197, 0.1457 0.6181 0.0197, 0.1457 0.689 0.0197, 0.248 0.689 0.0197, 0.0862 0.5725 0.0197, 0.0984 0.5709 0.0197, 0.1107 0.5725 0.0197, 0.3287 0.5847 0.0197, 0.3362 0.5945 0.0197, 0.3409 0.6059 0.0197, -0.6059 0.1441 0.0197, -0.6181 0.248 0.0197, -0.5772 -0.122 0.0197, -0.5725 -0.1107 0.0197, -0.5709 -0.0984 0.0197, -0.5725 0.283 0.0197, -0.5709 0.2953 0.0197, -0.5725 0.3075 0.0197, -0.5772 0.3189 0.0197, -0.5847 0.3287 0.0197, 0.065 -0.5847 0.0197, 0.0575 -0.5945 0.0197, -0.065 -0.5847 0.0197, 0.0528 -0.6059 0.0197, -0.1107 -0.5725 0.0197, -0.0984 -0.5709 0.0197, -0.0862 -0.5725 0.0197, -0.0748 -0.5772 0.0197, 0.5772 -0.122 0.0197, 0.5847 -0.1318 0.0197, 0.5945 -0.2544 0.0197, 0.5945 -0.1393 0.0197, 0.6059 -0.1441 0.0197, 0.5847 -0.2619 0.0197, 0.5772 -0.2717 0.0197, 0.5725 -0.283 0.0197, -0.283 0.5725 0.0197, -0.2717 0.5772 0.0197, -0.2619 0.5847 0.0197, -0.0528 0.6059 0.0197, -0.0575 0.5945 0.0197, -0.065 0.5847 0.0197, 0.1441 0.6059 0.0197, 0.248 0.6181 0.0197, 0.2544 0.5945 0.0197, 0.122 0.5772 0.0197, -0.6181 -0.248 0.0197, -0.689 -0.248 0.0197, -0.689 -0.1457 0.0197, -0.689 -0.0512 0.0197, -0.689 0.0512 0.0197, -0.6181 -0.0512 0.0197, -0.6181 0.0512 0.0197, -0.6059 0.0528 0.0197, 0.248 -0.689 0.0197, 0.1457 -0.689 0.0197, 0.248 -0.6181 0.0197, 0.1457 -0.6181 0.0197, 0.1441 -0.6059 0.0197, 0.0748 -0.5772 0.0197, -0.1318 -0.5847 0.0197, -0.1393 -0.5945 0.0197, -0.2619 -0.5847 0.0197, -0.1441 -0.6059 0.0197, 0.5772 0.122 0.0197, 0.5725 0.1107 0.0197, 0.5847 0.2619 0.0197, 0.5709 0.0984 0.0197, 0.5772 0.2717 0.0197, 0.5709 -0.0984 0.0197, 0.5847 0.065 0.0197, 0.5725 -0.0862 0.0197, 0.5945 0.0575 0.0197, 0.5772 -0.0748 0.0197, 0.5847 -0.065 0.0197, 0.5725 -0.1107 0.0197, 0.6181 0.248 0.0197, 0.689 0.248 0.0197, 0.689 0.1457 0.0197, -0.0984 0.5709 0.0197, -0.0862 0.5725 0.0197, -0.0748 0.5772 0.0197, -0.0512 0.6181 0.0197, -0.0512 0.689 0.0197, 0.0512 0.689 0.0197, -0.6059 -0.2496 0.0197, -0.6181 -0.1457 0.0197, -0.5945 0.2544 0.0197, -0.5709 0.0984 0.0197, -0.5725 0.0862 0.0197, -0.5772 0.0748 0.0197, -0.2717 -0.5772 0.0197, -0.122 -0.5772 0.0197, 0.6059 0.2496 0.0197, 0.6181 0.1457 0.0197, -0.248 0.6181 0.0197, -0.248 0.689 0.0197, -0.1457 0.689 0.0197, 0.0512 0.6181 0.0197, 0.0528 0.6059 0.0197, 0.0575 0.5945 0.0197, 0.0512 -0.6181 0.0197, 0.0512 -0.689 0.0197, -0.0512 -0.689 0.0197, 0.5709 0.2953 0.0197, 0.5725 0.283 0.0197, -0.1457 0.6181 0.0197, -0.1441 0.6059 0.0197, -0.1393 0.5945 0.0197, -0.0512 -0.6181 0.0197, -0.0528 -0.6059 0.0197, -0.0575 -0.5945 0.0197, -0.1457 -0.6181 0.0197, -0.1457 -0.689 0.0197, -0.248 -0.689 0.0197, 0.5725 0.0862 0.0197, 0.5772 0.0748 0.0197, 0.689 -0.1457 0.0197, 0.689 -0.248 0.0197, 0.6181 -0.1457 0.0197, 0.6181 -0.248 0.0197, 0.6059 -0.2496 0.0197, -0.248 -0.6181 0.0197, -0.2496 -0.6059 0.0197, -0.2544 -0.5945 0.0197, 0.689 0.0512 0.0197, 0.689 -0.0512 0.0197, 0.6181 0.0512 0.0197, 0.6181 -0.0512 0.0197, 0.6059 0.0528 0.0197, 0.6059 -0.0528 0.0197, 0.5945 -0.0575 0.0197, 0.0512 -0.689 0.0799, 0.1457 -0.689 0.0799, -0.0512 -0.689 0.0799, -0.3425 -0.689 0.0799, -0.248 -0.689 0.0799, -0.1457 -0.689 0.0799, 0.3425 -0.689 0.0799, 0.248 -0.689 0.0799, 0.689 -0.0512 0.0799, 0.689 0.1457 0.0799, 0.689 0.248 0.0799, 0.689 -0.3425 0.0799, 0.689 -0.248 0.0799, 0.689 0.0512 0.0799, 0.689 -0.1457 0.0799, 0.689 0.3425 0.0799, -0.0512 0.689 0.0799, -0.1457 0.689 0.0799, 0.0512 0.689 0.0799, -0.3425 0.689 0.0799, -0.248 0.689 0.0799, 0.3425 0.689 0.0799, 0.248 0.689 0.0799, 0.1457 0.689 0.0799, -0.689 0.3425 0.0799, -0.689 0.248 0.0799, -0.689 0.0512 0.0799, -0.689 -0.0512 0.0799, -0.689 -0.1457 0.0799, -0.689 0.1457 0.0799, -0.689 -0.3425 0.0799, -0.689 -0.248 0.0799
            ]
        }
        coordIndex [
            0,1,2,-1,3,4,5,-1,6,7,8,-1,9,10,11,-1,12,13,14,-1,15,16,17,-1,18,19,20,-1,21,22,23,-1,24,25,26,-1,26,25,27,-1,26,27,28,-1,29,30,31,-1,31,30,32,-1,25,33,27,-1,27,33,34,-1,27,34,35,-1,35,34,36,-1,35,36,37,-1,37,36,38,-1,37,38,32,-1,32,38,39,-1,32,39,31,-1,40,41,42,-1,43,44,45,-1,45,44,46,-1,45,46,47,-1,48,49,47,-1,41,50,42,-1,42,50,51,-1,42,51,52,-1,53,54,47,-1,47,54,55,-1,56,57,47,-1,47,57,58,-1,47,58,59,-1,55,60,47,-1,47,60,61,-1,47,61,62,-1,63,64,47,-1,47,64,65,-1,47,65,48,-1,59,66,47,-1,47,66,67,-1,47,67,53,-1,62,68,47,-1,47,68,69,-1,47,69,63,-1,70,71,72,-1,72,71,73,-1,73,71,74,-1,73,74,43,-1,70,75,76,-1,76,75,77,-1,78,79,75,-1,75,79,80,-1,75,80,77,-1,81,82,75,-1,75,82,83,-1,75,83,78,-1,84,85,86,-1,86,85,87,-1,86,87,81,-1,81,87,88,-1,81,88,82,-1,89,90,91,-1,91,90,92,-1,91,92,93,-1,94,95,96,-1,96,95,97,-1,96,97,91,-1,91,97,98,-1,91,98,89,-1,99,100,101,-1,101,100,102,-1,101,102,103,-1,104,105,106,-1,102,107,103,-1,103,107,108,-1,103,108,109,-1,109,108,104,-1,109,104,110,-1,110,104,106,-1,111,112,23,-1,23,112,113,-1,23,113,114,-1,114,113,107,-1,107,113,115,-1,107,115,108,-1,116,112,117,-1,117,112,111,-1,117,111,118,-1,118,111,119,-1,120,121,122,-1,111,123,124,-1,125,126,127,-1,127,126,128,-1,127,128,120,-1,120,128,129,-1,120,129,121,-1,124,130,111,-1,111,130,131,-1,111,131,119,-1,132,133,134,-1,132,134,99,-1,133,135,134,-1,134,135,136,-1,134,136,127,-1,127,136,137,-1,127,137,125,-1,138,139,140,-1,23,141,142,-1,143,144,145,-1,145,144,146,-1,145,146,147,-1,148,149,23,-1,23,149,150,-1,23,150,141,-1,147,151,145,-1,145,151,152,-1,145,152,114,-1,139,148,140,-1,140,148,23,-1,140,23,153,-1,153,23,114,-1,153,114,154,-1,154,114,152,-1,142,155,23,-1,23,155,156,-1,23,156,21,-1,157,158,159,-1,159,158,160,-1,159,160,161,-1,159,162,157,-1,157,162,163,-1,157,163,164,-1,164,165,157,-1,157,165,166,-1,157,166,167,-1,167,166,168,-1,167,168,169,-1,169,168,170,-1,169,170,140,-1,140,170,171,-1,140,171,138,-1,172,173,161,-1,161,173,174,-1,161,174,159,-1,175,176,177,-1,177,176,178,-1,179,180,181,-1,181,180,182,-1,181,182,19,-1,183,184,185,-1,185,184,186,-1,185,186,182,-1,187,188,189,-1,190,191,187,-1,187,191,192,-1,187,192,193,-1,194,96,195,-1,195,96,196,-1,175,197,176,-1,176,197,198,-1,176,198,199,-1,199,198,200,-1,201,202,200,-1,200,202,203,-1,200,203,199,-1,193,204,187,-1,187,204,205,-1,187,205,188,-1,206,207,208,-1,209,210,185,-1,185,210,211,-1,185,211,183,-1,212,180,213,-1,214,215,216,-1,189,217,187,-1,187,217,218,-1,187,218,96,-1,96,218,178,-1,96,178,196,-1,196,178,176,-1,206,208,179,-1,216,219,214,-1,214,219,212,-1,214,212,220,-1,220,212,213,-1,194,221,96,-1,96,221,222,-1,96,222,223,-1,224,225,200,-1,200,225,226,-1,200,226,227,-1,208,228,179,-1,179,228,229,-1,179,229,180,-1,180,229,230,-1,180,230,213,-1,52,94,145,-1,145,94,96,-1,145,96,143,-1,143,96,223,-1,143,223,215,-1,215,223,231,-1,215,231,216,-1,227,232,200,-1,200,232,233,-1,200,233,201,-1,234,235,207,-1,207,235,236,-1,207,236,208,-1,234,237,235,-1,235,237,238,-1,235,238,239,-1,239,238,240,-1,239,241,242,-1,240,243,239,-1,239,243,244,-1,239,244,245,-1,245,246,239,-1,239,246,247,-1,239,247,241,-1,242,248,239,-1,239,248,249,-1,239,249,250,-1,18,20,251,-1,251,20,252,-1,251,252,253,-1,253,252,22,-1,22,252,120,-1,22,120,23,-1,23,120,122,-1,23,122,111,-1,111,122,254,-1,111,254,123,-1,19,182,20,-1,20,182,186,-1,20,186,252,-1,252,186,255,-1,252,255,190,-1,190,255,256,-1,190,256,191,-1,257,258,259,-1,259,258,3,-1,260,261,259,-1,259,261,262,-1,262,263,259,-1,259,263,264,-1,259,264,257,-1,265,266,267,-1,267,266,268,-1,267,268,269,-1,265,267,270,-1,270,267,271,-1,270,271,272,-1,272,271,273,-1,272,273,274,-1,273,275,274,-1,274,275,276,-1,274,276,277,-1,277,276,278,-1,277,278,279,-1,280,281,273,-1,273,281,282,-1,273,282,275,-1,283,284,285,-1,285,286,283,-1,283,286,287,-1,283,287,273,-1,273,287,288,-1,273,288,280,-1,289,290,291,-1,291,290,292,-1,289,291,293,-1,293,291,294,-1,293,294,295,-1,292,296,291,-1,291,296,297,-1,291,297,284,-1,284,297,298,-1,284,298,285,-1,299,300,291,-1,291,300,301,-1,301,302,291,-1,291,302,303,-1,291,303,294,-1,304,305,306,-1,306,305,307,-1,306,307,308,-1,299,309,300,-1,300,309,306,-1,300,306,310,-1,310,306,308,-1,0,311,1,-1,1,311,312,-1,1,312,313,-1,313,314,1,-1,1,314,315,-1,1,315,304,-1,316,317,4,-1,318,319,320,-1,321,322,0,-1,323,324,325,-1,325,324,326,-1,318,320,327,-1,321,0,328,-1,4,317,0,-1,0,317,329,-1,0,329,328,-1,319,330,320,-1,320,330,331,-1,320,331,332,-1,333,334,335,-1,335,334,336,-1,335,336,337,-1,338,339,340,-1,340,339,341,-1,340,341,335,-1,335,341,342,-1,335,342,333,-1,338,343,339,-1,339,343,344,-1,339,344,324,-1,324,344,345,-1,324,345,326,-1,346,347,348,-1,348,347,349,-1,348,349,320,-1,320,349,350,-1,320,350,327,-1,351,352,311,-1,311,352,353,-1,311,353,354,-1,354,355,311,-1,311,355,356,-1,311,356,357,-1,357,356,346,-1,357,346,358,-1,358,346,348,-1,359,360,320,-1,320,360,361,-1,320,361,324,-1,324,361,362,-1,324,362,363,-1,322,364,0,-1,0,364,365,-1,0,365,311,-1,311,365,366,-1,311,366,351,-1,332,367,320,-1,320,367,368,-1,320,368,369,-1,369,370,320,-1,320,370,371,-1,320,371,359,-1,372,373,374,-1,372,374,375,-1,363,376,324,-1,324,376,374,-1,324,374,339,-1,339,374,373,-1,339,373,377,-1,377,373,378,-1,379,380,374,-1,374,380,381,-1,374,381,375,-1,382,383,384,-1,383,385,384,-1,384,385,386,-1,384,386,387,-1,388,384,389,-1,378,373,388,-1,388,373,390,-1,388,390,384,-1,384,390,391,-1,384,391,382,-1,389,392,388,-1,388,392,393,-1,388,393,394,-1,387,386,395,-1,395,386,396,-1,395,396,397,-1,397,396,398,-1,397,398,399,-1,400,401,394,-1,394,401,402,-1,394,402,388,-1,258,403,3,-1,3,403,404,-1,3,404,4,-1,4,404,405,-1,4,405,316,-1,406,407,35,-1,35,407,408,-1,409,410,37,-1,37,410,411,-1,412,413,414,-1,414,413,35,-1,414,35,415,-1,415,35,408,-1,411,416,37,-1,37,416,417,-1,37,417,418,-1,418,419,37,-1,37,419,420,-1,37,420,35,-1,35,420,421,-1,35,421,406,-1,422,423,409,-1,409,423,424,-1,409,424,410,-1,412,425,413,-1,413,425,426,-1,413,426,427,-1,427,426,428,-1,427,428,422,-1,422,428,429,-1,422,429,423,-1,430,431,432,-1,432,431,433,-1,434,435,436,-1,14,13,437,-1,437,13,438,-1,437,438,439,-1,433,431,435,-1,435,431,440,-1,435,440,436,-1,436,440,441,-1,436,441,442,-1,436,437,434,-1,434,437,439,-1,434,439,17,-1,17,439,443,-1,17,443,15,-1,441,444,442,-1,442,444,445,-1,442,445,100,-1,100,445,12,-1,100,12,102,-1,102,12,14,-1,446,447,448,-1,448,447,449,-1,422,450,451,-1,451,450,452,-1,451,453,422,-1,422,453,454,-1,422,454,427,-1,427,454,455,-1,427,455,456,-1,449,447,457,-1,457,447,454,-1,457,454,458,-1,458,454,453,-1,458,453,11,-1,11,453,459,-1,11,459,9,-1,452,450,460,-1,460,450,45,-1,460,45,461,-1,455,462,456,-1,456,462,461,-1,456,461,42,-1,42,461,45,-1,42,45,40,-1,40,45,47,-1,40,47,463,-1,463,47,49,-1,464,465,466,-1,467,468,469,-1,469,470,271,-1,271,470,471,-1,271,471,472,-1,465,473,466,-1,466,473,474,-1,466,474,475,-1,476,477,478,-1,479,480,467,-1,467,480,481,-1,467,481,468,-1,482,483,476,-1,476,483,484,-1,476,484,477,-1,478,485,476,-1,476,485,486,-1,476,486,467,-1,467,486,487,-1,467,487,479,-1,475,488,466,-1,466,488,489,-1,466,489,476,-1,476,489,490,-1,476,490,482,-1,491,309,492,-1,492,309,299,-1,492,299,493,-1,493,299,291,-1,493,291,494,-1,494,291,284,-1,494,284,495,-1,495,284,283,-1,495,283,496,-1,496,283,273,-1,496,273,466,-1,466,273,271,-1,466,271,464,-1,464,271,472,-1,259,6,81,-1,81,6,8,-1,81,8,86,-1,86,8,497,-1,86,497,498,-1,5,86,3,-1,3,86,498,-1,3,498,259,-1,259,498,499,-1,259,499,6,-1,500,501,502,-1,502,501,503,-1,5,504,505,-1,505,504,506,-1,505,506,507,-1,508,509,510,-1,510,509,504,-1,503,510,502,-1,502,510,504,-1,502,504,511,-1,511,504,5,-1,511,5,512,-1,512,5,4,-1,512,4,507,-1,507,4,0,-1,507,0,505,-1,505,0,2,-1,70,72,75,-1,75,72,513,-1,75,513,81,-1,81,513,267,-1,81,267,259,-1,259,267,269,-1,259,269,260,-1,2,190,505,-1,505,190,187,-1,505,187,5,-1,5,187,96,-1,5,96,86,-1,86,96,91,-1,86,91,84,-1,84,91,93,-1,52,145,42,-1,42,145,114,-1,42,114,456,-1,456,114,107,-1,456,107,427,-1,427,107,102,-1,427,102,413,-1,413,102,14,-1,413,14,35,-1,35,14,437,-1,35,437,27,-1,469,271,467,-1,467,271,267,-1,467,267,514,-1,514,267,513,-1,514,513,515,-1,515,513,72,-1,515,72,516,-1,516,72,73,-1,516,73,517,-1,517,73,518,-1,517,518,519,-1,519,518,520,-1,519,520,521,-1,521,520,522,-1,521,522,523,-1,523,522,524,-1,523,524,525,-1,525,524,526,-1,525,526,527,-1,527,526,528,-1,527,528,529,-1,43,45,73,-1,73,45,450,-1,73,450,518,-1,518,450,422,-1,518,422,520,-1,520,422,409,-1,520,409,522,-1,522,409,37,-1,522,37,524,-1,524,37,32,-1,524,32,526,-1,526,32,30,-1,526,30,528,-1,530,531,436,-1,532,533,534,-1,534,530,532,-1,532,530,436,-1,532,436,535,-1,535,436,536,-1,535,536,537,-1,537,536,538,-1,539,540,541,-1,541,540,542,-1,541,542,531,-1,531,542,543,-1,531,543,544,-1,544,545,531,-1,531,545,546,-1,531,546,547,-1,31,28,29,-1,29,28,27,-1,29,27,538,-1,538,27,437,-1,538,437,537,-1,537,437,541,-1,548,437,549,-1,549,437,436,-1,549,436,550,-1,550,436,531,-1,550,531,551,-1,551,531,547,-1,552,553,541,-1,541,553,554,-1,541,554,539,-1,548,555,437,-1,437,555,556,-1,437,556,541,-1,541,556,557,-1,541,557,552,-1,99,134,100,-1,100,134,558,-1,100,558,442,-1,442,558,559,-1,442,559,436,-1,436,559,560,-1,436,560,536,-1,304,306,1,-1,1,306,561,-1,1,561,2,-1,2,561,562,-1,2,562,190,-1,190,562,563,-1,190,563,252,-1,252,563,564,-1,252,564,120,-1,120,564,565,-1,120,565,127,-1,127,565,566,-1,127,566,134,-1,134,566,567,-1,134,567,558,-1,558,567,568,-1,558,568,559,-1,559,568,569,-1,559,569,560,-1,570,571,572,-1,573,574,575,-1,576,577,578,-1,579,580,581,-1,582,583,584,-1,570,572,585,-1,586,587,588,-1,589,590,591,-1,591,590,592,-1,572,593,594,-1,595,596,597,-1,598,599,581,-1,600,601,602,-1,602,601,578,-1,602,578,603,-1,603,578,604,-1,596,605,597,-1,597,605,606,-1,597,606,581,-1,581,606,607,-1,581,607,579,-1,608,609,610,-1,610,609,611,-1,610,611,612,-1,613,614,588,-1,588,614,615,-1,588,615,586,-1,616,617,590,-1,590,617,618,-1,590,618,601,-1,619,620,584,-1,584,620,621,-1,584,621,597,-1,597,621,622,-1,597,622,595,-1,623,624,625,-1,626,590,627,-1,627,590,628,-1,590,629,630,-1,618,631,601,-1,601,631,632,-1,601,632,633,-1,594,592,572,-1,572,592,590,-1,572,590,585,-1,585,590,581,-1,585,581,634,-1,598,581,635,-1,636,637,575,-1,575,637,638,-1,575,638,588,-1,588,638,639,-1,588,639,613,-1,640,641,642,-1,643,644,597,-1,597,644,645,-1,597,645,646,-1,646,647,597,-1,597,647,648,-1,597,648,584,-1,584,648,649,-1,584,649,582,-1,650,651,588,-1,588,651,652,-1,652,653,588,-1,588,653,654,-1,588,654,575,-1,575,654,655,-1,575,655,573,-1,589,656,590,-1,590,656,657,-1,590,657,658,-1,659,660,661,-1,662,663,580,-1,580,663,664,-1,580,664,665,-1,666,599,667,-1,667,599,668,-1,667,668,669,-1,670,671,581,-1,623,625,587,-1,624,672,625,-1,625,672,640,-1,625,640,673,-1,673,640,642,-1,587,625,588,-1,588,625,674,-1,588,674,675,-1,600,676,601,-1,601,676,677,-1,601,677,678,-1,679,680,681,-1,681,680,682,-1,683,684,628,-1,685,686,687,-1,688,689,690,-1,630,691,590,-1,590,691,692,-1,590,692,693,-1,633,694,601,-1,601,694,695,-1,601,695,578,-1,578,695,696,-1,578,696,576,-1,612,697,610,-1,610,697,659,-1,610,659,698,-1,698,659,661,-1,665,699,580,-1,580,699,700,-1,580,700,581,-1,581,700,701,-1,581,701,635,-1,671,702,581,-1,581,702,703,-1,581,703,704,-1,704,705,581,-1,581,705,706,-1,581,706,634,-1,707,708,709,-1,709,708,710,-1,711,597,712,-1,712,597,588,-1,712,588,713,-1,713,588,675,-1,713,675,714,-1,715,716,717,-1,717,716,718,-1,717,718,719,-1,717,720,601,-1,601,720,721,-1,601,721,588,-1,588,721,722,-1,588,722,650,-1,658,723,590,-1,590,723,724,-1,590,724,628,-1,628,724,725,-1,628,725,683,-1,726,629,727,-1,727,629,728,-1,687,729,685,-1,685,729,688,-1,685,688,730,-1,730,688,690,-1,616,590,731,-1,731,590,693,-1,731,693,685,-1,685,693,732,-1,685,732,686,-1,733,734,735,-1,736,737,738,-1,738,737,739,-1,738,739,669,-1,669,739,740,-1,669,740,667,-1,741,742,743,-1,743,742,744,-1,743,744,640,-1,640,744,745,-1,640,745,641,-1,714,675,709,-1,709,675,746,-1,709,746,707,-1,747,748,749,-1,749,748,750,-1,679,751,680,-1,680,751,752,-1,680,752,753,-1,753,752,754,-1,753,754,755,-1,756,757,758,-1,758,757,759,-1,758,759,760,-1,760,759,761,-1,715,717,762,-1,762,717,601,-1,762,601,756,-1,763,764,765,-1,626,766,590,-1,590,766,767,-1,590,767,629,-1,629,767,768,-1,629,768,728,-1,769,770,771,-1,662,772,663,-1,663,772,733,-1,663,733,773,-1,773,733,735,-1,610,774,608,-1,608,774,670,-1,608,670,775,-1,775,670,581,-1,775,581,776,-1,776,581,599,-1,776,599,777,-1,777,599,666,-1,643,597,778,-1,778,597,711,-1,778,711,749,-1,749,711,779,-1,749,779,747,-1,680,780,682,-1,682,780,763,-1,682,763,781,-1,781,763,765,-1,782,783,784,-1,771,785,769,-1,769,785,786,-1,769,786,726,-1,726,786,787,-1,726,787,629,-1,788,789,790,-1,678,791,601,-1,601,791,792,-1,601,792,755,-1,784,793,782,-1,782,793,794,-1,782,794,684,-1,684,794,795,-1,684,795,628,-1,790,796,788,-1,788,796,797,-1,788,797,710,-1,710,797,798,-1,710,798,709,-1,799,800,801,-1,755,754,601,-1,601,754,802,-1,601,802,756,-1,756,802,803,-1,756,803,757,-1,804,805,806,-1,806,805,807,-1,806,807,719,-1,719,807,808,-1,719,808,717,-1,801,809,799,-1,799,809,810,-1,799,810,750,-1,750,810,811,-1,750,811,749,-1,812,813,814,-1,814,813,815,-1,814,815,816,-1,816,815,817,-1,816,817,759,-1,759,817,818,-1,759,818,761,-1,819,820,569,-1,491,584,583,-1,821,790,789,-1,583,822,491,-1,491,822,823,-1,491,823,569,-1,789,819,821,-1,821,819,569,-1,821,569,824,-1,824,569,823,-1,824,823,800,-1,800,823,801,-1,636,575,825,-1,825,575,569,-1,825,569,826,-1,826,569,820,-1,826,820,741,-1,741,820,742,-1,827,813,812,-1,765,764,828,-1,828,764,829,-1,575,574,569,-1,569,574,830,-1,569,830,831,-1,812,832,827,-1,827,832,569,-1,827,569,833,-1,833,569,831,-1,833,831,804,-1,804,831,805,-1,604,578,834,-1,834,578,529,-1,834,529,829,-1,829,529,569,-1,829,569,828,-1,828,569,832,-1,835,836,476,-1,837,771,770,-1,529,578,577,-1,593,572,838,-1,838,572,476,-1,838,476,839,-1,839,476,836,-1,839,836,783,-1,783,836,784,-1,577,840,529,-1,529,840,841,-1,529,841,476,-1,770,835,837,-1,837,835,476,-1,837,476,842,-1,842,476,841,-1,842,841,689,-1,689,841,690,-1,476,572,571,-1,571,843,476,-1,476,843,844,-1,476,844,491,-1,845,737,736,-1,846,847,491,-1,736,846,845,-1,845,846,491,-1,845,491,848,-1,848,491,844,-1,848,844,660,-1,660,844,661,-1,619,584,849,-1,849,584,491,-1,849,491,850,-1,850,491,847,-1,850,847,734,-1,734,847,735,-1,
        ]
    }
}
Shape{
    appearance Appearance {
        material  Material 	{
            diffuseColor 0.6666666666666666 0.6666666666666666 0.6666666666666666
            specularColor 0.4666666666666667 0.4666666666666667 0.4666666666666667
            ambientIntensity 0.6667
            transparency 0.0
            shininess 0.5
        }
    }
    geometry IndexedFaceSet {
        ccw TRUE
        solid FALSE
        coord DEF co Coordinate {
            point [
                0.689 -0.3425 0.0799, 0.6894 -0.3425 0.0799, 0.689 -0.248 0.0799, 0.6894 -0.248 0.0799, 0.689 -0.3425 0.0197, 0.6181 -0.3425 0.0197, 0.6181 -0.3425 0.0, 0.6894 -0.3425 0.0, 0.689 -0.248 0.0197, 0.6894 -0.248 0.0, 0.6181 -0.248 0.0197, 0.6181 -0.248 0.0, 0.6059 -0.2496 0.0, 0.6059 -0.2496 0.0197, 0.5945 -0.2544 0.0, 0.5945 -0.2544 0.0197, 0.5847 -0.2619 0.0, 0.5847 -0.2619 0.0197, 0.5772 -0.2717 0.0, 0.5772 -0.2717 0.0197, 0.5725 -0.283 0.0, 0.5725 -0.283 0.0197, 0.5709 -0.2953 0.0, 0.5709 -0.2953 0.0197, 0.5725 -0.3075 0.0, 0.5725 -0.3075 0.0197, 0.5772 -0.3189 0.0, 0.5772 -0.3189 0.0197, 0.5847 -0.3287 0.0, 0.5847 -0.3287 0.0197, 0.5945 -0.3362 0.0, 0.5945 -0.3362 0.0197, 0.6059 -0.3409 0.0, 0.6059 -0.3409 0.0197, 0.689 -0.1457 0.0799, 0.6894 -0.1457 0.0799, 0.689 -0.0512 0.0799, 0.6894 -0.0512 0.0799, 0.689 -0.1457 0.0197, 0.6181 -0.1457 0.0197, 0.6181 -0.1457 0.0, 0.6894 -0.1457 0.0, 0.689 -0.0512 0.0197, 0.6894 -0.0512 0.0, 0.6181 -0.0512 0.0197, 0.6181 -0.0512 0.0, 0.6059 -0.0528 0.0, 0.6059 -0.0528 0.0197, 0.5945 -0.0575 0.0, 0.5945 -0.0575 0.0197, 0.5847 -0.065 0.0, 0.5847 -0.065 0.0197, 0.5772 -0.0748 0.0, 0.5772 -0.0748 0.0197, 0.5725 -0.0862 0.0, 0.5725 -0.0862 0.0197, 0.5709 -0.0984 0.0, 0.5709 -0.0984 0.0197, 0.5725 -0.1107 0.0, 0.5725 -0.1107 0.0197, 0.5772 -0.122 0.0, 0.5772 -0.122 0.0197, 0.5847 -0.1318 0.0, 0.5847 -0.1318 0.0197, 0.5945 -0.1393 0.0, 0.5945 -0.1393 0.0197, 0.6059 -0.1441 0.0, 0.6059 -0.1441 0.0197, 0.689 0.0512 0.0799, 0.6894 0.0512 0.0799, 0.689 0.1457 0.0799, 0.6894 0.1457 0.0799, 0.689 0.0512 0.0197, 0.6181 0.0512 0.0197, 0.6181 0.0512 0.0, 0.6894 0.0512 0.0, 0.689 0.1457 0.0197, 0.6894 0.1457 0.0, 0.6181 0.1457 0.0197, 0.6181 0.1457 0.0, 0.6059 0.1441 0.0, 0.6059 0.1441 0.0197, 0.5945 0.1393 0.0, 0.5945 0.1393 0.0197, 0.5847 0.1318 0.0, 0.5847 0.1318 0.0197, 0.5772 0.122 0.0, 0.5772 0.122 0.0197, 0.5725 0.1107 0.0, 0.5725 0.1107 0.0197, 0.5709 0.0984 0.0, 0.5709 0.0984 0.0197, 0.5725 0.0862 0.0, 0.5725 0.0862 0.0197, 0.5772 0.0748 0.0, 0.5772 0.0748 0.0197, 0.5847 0.065 0.0, 0.5847 0.065 0.0197, 0.5945 0.0575 0.0, 0.5945 0.0575 0.0197, 0.6059 0.0528 0.0, 0.6059 0.0528 0.0197, 0.689 0.248 0.0799, 0.6894 0.248 0.0799, 0.689 0.3425 0.0799, 0.6894 0.3425 0.0799, 0.689 0.248 0.0197, 0.6181 0.248 0.0197, 0.6181 0.248 0.0, 0.6894 0.248 0.0, 0.689 0.3425 0.0197, 0.6894 0.3425 0.0, 0.6181 0.3425 0.0197, 0.6181 0.3425 0.0, 0.6059 0.3409 0.0, 0.6059 0.3409 0.0197, 0.5945 0.3362 0.0, 0.5945 0.3362 0.0197, 0.5847 0.3287 0.0, 0.5847 0.3287 0.0197, 0.5772 0.3189 0.0, 0.5772 0.3189 0.0197, 0.5725 0.3075 0.0, 0.5725 0.3075 0.0197, 0.5709 0.2953 0.0, 0.5709 0.2953 0.0197, 0.5725 0.283 0.0, 0.5725 0.283 0.0197, 0.5772 0.2717 0.0, 0.5772 0.2717 0.0197, 0.5847 0.2619 0.0, 0.5847 0.2619 0.0197, 0.5945 0.2544 0.0, 0.5945 0.2544 0.0197, 0.6059 0.2496 0.0, 0.6059 0.2496 0.0197, -0.3425 -0.689 0.0799, -0.3425 -0.6894 0.0799, -0.248 -0.689 0.0799, -0.248 -0.6894 0.0799, -0.3425 -0.689 0.0197, -0.3425 -0.6181 0.0197, -0.3425 -0.6181 0.0, -0.3425 -0.6894 0.0, -0.248 -0.689 0.0197, -0.248 -0.6894 0.0, -0.248 -0.6181 0.0197, -0.248 -0.6181 0.0, -0.2496 -0.6059 0.0, -0.2496 -0.6059 0.0197, -0.2544 -0.5945 0.0, -0.2544 -0.5945 0.0197, -0.2619 -0.5847 0.0, -0.2619 -0.5847 0.0197, -0.2717 -0.5772 0.0, -0.2717 -0.5772 0.0197, -0.283 -0.5725 0.0, -0.283 -0.5725 0.0197, -0.2953 -0.5709 0.0, -0.2953 -0.5709 0.0197, -0.3075 -0.5725 0.0, -0.3075 -0.5725 0.0197, -0.3189 -0.5772 0.0, -0.3189 -0.5772 0.0197, -0.3287 -0.5847 0.0, -0.3287 -0.5847 0.0197, -0.3362 -0.5945 0.0, -0.3362 -0.5945 0.0197, -0.3409 -0.6059 0.0, -0.3409 -0.6059 0.0197, -0.689 0.3425 0.0799, -0.6894 0.3425 0.0799, -0.689 0.248 0.0799, -0.6894 0.248 0.0799, -0.689 0.3425 0.0197, -0.6181 0.3425 0.0197, -0.6181 0.3425 0.0, -0.6894 0.3425 0.0, -0.689 0.248 0.0197, -0.6894 0.248 0.0, -0.6181 0.248 0.0197, -0.6181 0.248 0.0, -0.6059 0.2496 0.0, -0.6059 0.2496 0.0197, -0.5945 0.2544 0.0, -0.5945 0.2544 0.0197, -0.5847 0.2619 0.0, -0.5847 0.2619 0.0197, -0.5772 0.2717 0.0, -0.5772 0.2717 0.0197, -0.5725 0.283 0.0, -0.5725 0.283 0.0197, -0.5709 0.2953 0.0, -0.5709 0.2953 0.0197, -0.5725 0.3075 0.0, -0.5725 0.3075 0.0197, -0.5772 0.3189 0.0, -0.5772 0.3189 0.0197, -0.5847 0.3287 0.0, -0.5847 0.3287 0.0197, -0.5945 0.3362 0.0, -0.5945 0.3362 0.0197, -0.6059 0.3409 0.0, -0.6059 0.3409 0.0197, 0.3425 0.689 0.0799, 0.3425 0.6894 0.0799, 0.248 0.689 0.0799, 0.248 0.6894 0.0799, 0.3425 0.689 0.0197, 0.3425 0.6181 0.0197, 0.3425 0.6181 0.0, 0.3425 0.6894 0.0, 0.248 0.689 0.0197, 0.248 0.6894 0.0, 0.248 0.6181 0.0197, 0.248 0.6181 0.0, 0.2496 0.6059 0.0, 0.2496 0.6059 0.0197, 0.2544 0.5945 0.0, 0.2544 0.5945 0.0197, 0.2619 0.5847 0.0, 0.2619 0.5847 0.0197, 0.2717 0.5772 0.0, 0.2717 0.5772 0.0197, 0.283 0.5725 0.0, 0.283 0.5725 0.0197, 0.2953 0.5709 0.0, 0.2953 0.5709 0.0197, 0.3075 0.5725 0.0, 0.3075 0.5725 0.0197, 0.3189 0.5772 0.0, 0.3189 0.5772 0.0197, 0.3287 0.5847 0.0, 0.3287 0.5847 0.0197, 0.3362 0.5945 0.0, 0.3362 0.5945 0.0197, 0.3409 0.6059 0.0, 0.3409 0.6059 0.0197, -0.1457 -0.689 0.0799, -0.1457 -0.6894 0.0799, -0.0512 -0.689 0.0799, -0.0512 -0.6894 0.0799, -0.1457 -0.689 0.0197, -0.1457 -0.6181 0.0197, -0.1457 -0.6181 0.0, -0.1457 -0.6894 0.0, -0.0512 -0.689 0.0197, -0.0512 -0.6894 0.0, -0.0512 -0.6181 0.0197, -0.0512 -0.6181 0.0, -0.0528 -0.6059 0.0, -0.0528 -0.6059 0.0197, -0.0575 -0.5945 0.0, -0.0575 -0.5945 0.0197, -0.065 -0.5847 0.0, -0.065 -0.5847 0.0197, -0.0748 -0.5772 0.0, -0.0748 -0.5772 0.0197, -0.0862 -0.5725 0.0, -0.0862 -0.5725 0.0197, -0.0984 -0.5709 0.0, -0.0984 -0.5709 0.0197, -0.1107 -0.5725 0.0, -0.1107 -0.5725 0.0197, -0.122 -0.5772 0.0, -0.122 -0.5772 0.0197, -0.1318 -0.5847 0.0, -0.1318 -0.5847 0.0197, -0.1393 -0.5945 0.0, -0.1393 -0.5945 0.0197, -0.1441 -0.6059 0.0, -0.1441 -0.6059 0.0197, 0.0512 -0.689 0.0799, 0.0512 -0.6894 0.0799, 0.1457 -0.689 0.0799, 0.1457 -0.6894 0.0799, 0.0512 -0.689 0.0197, 0.0512 -0.6181 0.0197, 0.0512 -0.6181 0.0, 0.0512 -0.6894 0.0, 0.1457 -0.689 0.0197, 0.1457 -0.6894 0.0, 0.1457 -0.6181 0.0197, 0.1457 -0.6181 0.0, 0.1441 -0.6059 0.0, 0.1441 -0.6059 0.0197, 0.1393 -0.5945 0.0, 0.1393 -0.5945 0.0197, 0.1318 -0.5847 0.0, 0.1318 -0.5847 0.0197, 0.122 -0.5772 0.0, 0.122 -0.5772 0.0197, 0.1107 -0.5725 0.0, 0.1107 -0.5725 0.0197, 0.0984 -0.5709 0.0, 0.0984 -0.5709 0.0197, 0.0862 -0.5725 0.0, 0.0862 -0.5725 0.0197, 0.0748 -0.5772 0.0, 0.0748 -0.5772 0.0197, 0.065 -0.5847 0.0, 0.065 -0.5847 0.0197, 0.0575 -0.5945 0.0, 0.0575 -0.5945 0.0197, 0.0528 -0.6059 0.0, 0.0528 -0.6059 0.0197, 0.248 -0.689 0.0799, 0.248 -0.6894 0.0799, 0.3425 -0.689 0.0799, 0.3425 -0.6894 0.0799, 0.248 -0.689 0.0197, 0.248 -0.6181 0.0197, 0.248 -0.6181 0.0, 0.248 -0.6894 0.0, 0.3425 -0.689 0.0197, 0.3425 -0.6894 0.0, 0.3425 -0.6181 0.0197, 0.3425 -0.6181 0.0, 0.3409 -0.6059 0.0, 0.3409 -0.6059 0.0197, 0.3362 -0.5945 0.0, 0.3362 -0.5945 0.0197, 0.3287 -0.5847 0.0, 0.3287 -0.5847 0.0197, 0.3189 -0.5772 0.0, 0.3189 -0.5772 0.0197, 0.3075 -0.5725 0.0, 0.3075 -0.5725 0.0197, 0.2953 -0.5709 0.0, 0.2953 -0.5709 0.0197, 0.283 -0.5725 0.0, 0.283 -0.5725 0.0197, 0.2717 -0.5772 0.0, 0.2717 -0.5772 0.0197, 0.2619 -0.5847 0.0, 0.2619 -0.5847 0.0197, 0.2544 -0.5945 0.0, 0.2544 -0.5945 0.0197, 0.2496 -0.6059 0.0, 0.2496 -0.6059 0.0197, -0.689 0.1457 0.0799, -0.6894 0.1457 0.0799, -0.689 0.0512 0.0799, -0.6894 0.0512 0.0799, -0.689 0.1457 0.0197, -0.6181 0.1457 0.0197, -0.6181 0.1457 0.0, -0.6894 0.1457 0.0, -0.689 0.0512 0.0197, -0.6894 0.0512 0.0, -0.6181 0.0512 0.0197, -0.6181 0.0512 0.0, -0.6059 0.0528 0.0, -0.6059 0.0528 0.0197, -0.5945 0.0575 0.0, -0.5945 0.0575 0.0197, -0.5847 0.065 0.0, -0.5847 0.065 0.0197, -0.5772 0.0748 0.0, -0.5772 0.0748 0.0197, -0.5725 0.0862 0.0, -0.5725 0.0862 0.0197, -0.5709 0.0984 0.0, -0.5709 0.0984 0.0197, -0.5725 0.1107 0.0, -0.5725 0.1107 0.0197, -0.5772 0.122 0.0, -0.5772 0.122 0.0197, -0.5847 0.1318 0.0, -0.5847 0.1318 0.0197, -0.5945 0.1393 0.0, -0.5945 0.1393 0.0197, -0.6059 0.1441 0.0, -0.6059 0.1441 0.0197, -0.689 -0.0512 0.0799, -0.6894 -0.0512 0.0799, -0.689 -0.1457 0.0799, -0.6894 -0.1457 0.0799, -0.689 -0.0512 0.0197, -0.6181 -0.0512 0.0197, -0.6181 -0.0512 0.0, -0.6894 -0.0512 0.0, -0.689 -0.1457 0.0197, -0.6894 -0.1457 0.0, -0.6181 -0.1457 0.0197, -0.6181 -0.1457 0.0, -0.6059 -0.1441 0.0, -0.6059 -0.1441 0.0197, -0.5945 -0.1393 0.0, -0.5945 -0.1393 0.0197, -0.5847 -0.1318 0.0, -0.5847 -0.1318 0.0197, -0.5772 -0.122 0.0, -0.5772 -0.122 0.0197, -0.5725 -0.1107 0.0, -0.5725 -0.1107 0.0197, -0.5709 -0.0984 0.0, -0.5709 -0.0984 0.0197, -0.5725 -0.0862 0.0, -0.5725 -0.0862 0.0197, -0.5772 -0.0748 0.0, -0.5772 -0.0748 0.0197, -0.5847 -0.065 0.0, -0.5847 -0.065 0.0197, -0.5945 -0.0575 0.0, -0.5945 -0.0575 0.0197, -0.6059 -0.0528 0.0, -0.6059 -0.0528 0.0197, -0.689 -0.248 0.0799, -0.6894 -0.248 0.0799, -0.689 -0.3425 0.0799, -0.6894 -0.3425 0.0799, -0.689 -0.248 0.0197, -0.6181 -0.248 0.0197, -0.6181 -0.248 0.0, -0.6894 -0.248 0.0, -0.689 -0.3425 0.0197, -0.6894 -0.3425 0.0, -0.6181 -0.3425 0.0197, -0.6181 -0.3425 0.0, -0.6059 -0.3409 0.0, -0.6059 -0.3409 0.0197, -0.5945 -0.3362 0.0, -0.5945 -0.3362 0.0197, -0.5847 -0.3287 0.0, -0.5847 -0.3287 0.0197, -0.5772 -0.3189 0.0, -0.5772 -0.3189 0.0197, -0.5725 -0.3075 0.0, -0.5725 -0.3075 0.0197, -0.5709 -0.2953 0.0, -0.5709 -0.2953 0.0197, -0.5725 -0.283 0.0, -0.5725 -0.283 0.0197, -0.5772 -0.2717 0.0, -0.5772 -0.2717 0.0197, -0.5847 -0.2619 0.0, -0.5847 -0.2619 0.0197, -0.5945 -0.2544 0.0, -0.5945 -0.2544 0.0197, -0.6059 -0.2496 0.0, -0.6059 -0.2496 0.0197, 0.1457 0.689 0.0799, 0.1457 0.6894 0.0799, 0.0512 0.689 0.0799, 0.0512 0.6894 0.0799, 0.1457 0.689 0.0197, 0.1457 0.6181 0.0197, 0.1457 0.6181 0.0, 0.1457 0.6894 0.0, 0.0512 0.689 0.0197, 0.0512 0.6894 0.0, 0.0512 0.6181 0.0197, 0.0512 0.6181 0.0, 0.0528 0.6059 0.0, 0.0528 0.6059 0.0197, 0.0575 0.5945 0.0, 0.0575 0.5945 0.0197, 0.065 0.5847 0.0, 0.065 0.5847 0.0197, 0.0748 0.5772 0.0, 0.0748 0.5772 0.0197, 0.0862 0.5725 0.0, 0.0862 0.5725 0.0197, 0.0984 0.5709 0.0, 0.0984 0.5709 0.0197, 0.1107 0.5725 0.0, 0.1107 0.5725 0.0197, 0.122 0.5772 0.0, 0.122 0.5772 0.0197, 0.1318 0.5847 0.0, 0.1318 0.5847 0.0197, 0.1393 0.5945 0.0, 0.1393 0.5945 0.0197, 0.1441 0.6059 0.0, 0.1441 0.6059 0.0197, -0.0512 0.689 0.0799, -0.0512 0.6894 0.0799, -0.1457 0.689 0.0799, -0.1457 0.6894 0.0799, -0.0512 0.689 0.0197, -0.0512 0.6181 0.0197, -0.0512 0.6181 0.0, -0.0512 0.6894 0.0, -0.1457 0.689 0.0197, -0.1457 0.6894 0.0, -0.1457 0.6181 0.0197, -0.1457 0.6181 0.0, -0.1441 0.6059 0.0, -0.1441 0.6059 0.0197, -0.1393 0.5945 0.0, -0.1393 0.5945 0.0197, -0.1318 0.5847 0.0, -0.1318 0.5847 0.0197, -0.122 0.5772 0.0, -0.122 0.5772 0.0197, -0.1107 0.5725 0.0, -0.1107 0.5725 0.0197, -0.0984 0.5709 0.0, -0.0984 0.5709 0.0197, -0.0862 0.5725 0.0, -0.0862 0.5725 0.0197, -0.0748 0.5772 0.0, -0.0748 0.5772 0.0197, -0.065 0.5847 0.0, -0.065 0.5847 0.0197, -0.0575 0.5945 0.0, -0.0575 0.5945 0.0197, -0.0528 0.6059 0.0, -0.0528 0.6059 0.0197, -0.248 0.689 0.0799, -0.248 0.6894 0.0799, -0.3425 0.689 0.0799, -0.3425 0.6894 0.0799, -0.248 0.689 0.0197, -0.248 0.6181 0.0197, -0.248 0.6181 0.0, -0.248 0.6894 0.0, -0.3425 0.689 0.0197, -0.3425 0.6894 0.0, -0.3425 0.6181 0.0197, -0.3425 0.6181 0.0, -0.3409 0.6059 0.0, -0.3409 0.6059 0.0197, -0.3362 0.5945 0.0, -0.3362 0.5945 0.0197, -0.3287 0.5847 0.0, -0.3287 0.5847 0.0197, -0.3189 0.5772 0.0, -0.3189 0.5772 0.0197, -0.3075 0.5725 0.0, -0.3075 0.5725 0.0197, -0.2953 0.5709 0.0, -0.2953 0.5709 0.0197, -0.283 0.5725 0.0, -0.283 0.5725 0.0197, -0.2717 0.5772 0.0, -0.2717 0.5772 0.0197, -0.2619 0.5847 0.0, -0.2619 0.5847 0.0197, -0.2544 0.5945 0.0, -0.2544 0.5945 0.0197, -0.2496 0.6059 0.0, -0.2496 0.6059 0.0197, 0.4331 0.4331 0.0, -0.2953 0.4331 0.0, 0.4331 0.4331 0.0197, -0.2953 0.4331 0.0197, 0.4331 -0.4331 0.0, 0.4331 -0.4331 0.0197, -0.4331 -0.4331 0.0, -0.4331 -0.4331 0.0197, -0.4331 0.2953 0.0, -0.4331 0.2953 0.0197
            ]
        }
        coordIndex [
            0,1,2,-1,2,1,3,-1,1,0,4,-1,5,6,4,-1,4,6,7,-1,4,7,1,-1,2,3,8,-1,8,3,9,-1,8,9,10,-1,10,9,11,-1,10,11,12,-1,10,12,13,-1,13,12,14,-1,13,14,15,-1,15,14,16,-1,15,16,17,-1,17,16,18,-1,17,18,19,-1,19,18,20,-1,19,20,21,-1,21,20,22,-1,21,22,23,-1,23,22,24,-1,23,24,25,-1,25,24,26,-1,25,26,27,-1,27,26,28,-1,27,28,29,-1,29,28,30,-1,29,30,31,-1,31,30,32,-1,31,32,33,-1,33,32,6,-1,33,6,5,-1,3,1,9,-1,9,1,7,-1,9,7,11,-1,11,7,6,-1,24,32,26,-1,26,32,30,-1,26,30,28,-1,16,14,6,-1,6,14,12,-1,6,12,11,-1,24,22,32,-1,32,22,20,-1,32,20,6,-1,6,20,18,-1,6,18,16,-1,34,35,36,-1,36,35,37,-1,35,34,38,-1,39,40,38,-1,38,40,41,-1,38,41,35,-1,36,37,42,-1,42,37,43,-1,42,43,44,-1,44,43,45,-1,44,45,46,-1,44,46,47,-1,47,46,48,-1,47,48,49,-1,49,48,50,-1,49,50,51,-1,51,50,52,-1,51,52,53,-1,53,52,54,-1,53,54,55,-1,55,54,56,-1,55,56,57,-1,57,56,58,-1,57,58,59,-1,59,58,60,-1,59,60,61,-1,61,60,62,-1,61,62,63,-1,63,62,64,-1,63,64,65,-1,65,64,66,-1,65,66,67,-1,67,66,40,-1,67,40,39,-1,37,35,43,-1,43,35,41,-1,50,48,40,-1,43,41,45,-1,45,41,40,-1,45,40,46,-1,46,40,48,-1,58,66,60,-1,60,66,64,-1,60,64,62,-1,58,56,66,-1,66,56,54,-1,66,54,40,-1,40,54,52,-1,40,52,50,-1,68,69,70,-1,70,69,71,-1,69,68,72,-1,73,74,72,-1,72,74,75,-1,72,75,69,-1,70,71,76,-1,76,71,77,-1,76,77,78,-1,78,77,79,-1,78,79,80,-1,78,80,81,-1,81,80,82,-1,81,82,83,-1,83,82,84,-1,83,84,85,-1,85,84,86,-1,85,86,87,-1,87,86,88,-1,87,88,89,-1,89,88,90,-1,89,90,91,-1,91,90,92,-1,91,92,93,-1,93,92,94,-1,93,94,95,-1,95,94,96,-1,95,96,97,-1,97,96,98,-1,97,98,99,-1,99,98,100,-1,99,100,101,-1,101,100,74,-1,101,74,73,-1,71,69,77,-1,77,69,75,-1,90,88,100,-1,84,82,74,-1,77,75,79,-1,79,75,74,-1,79,74,80,-1,80,74,82,-1,100,98,96,-1,100,88,74,-1,74,88,86,-1,74,86,84,-1,96,94,100,-1,100,94,92,-1,100,92,90,-1,102,103,104,-1,104,103,105,-1,103,102,106,-1,107,108,106,-1,106,108,109,-1,106,109,103,-1,104,105,110,-1,110,105,111,-1,110,111,112,-1,112,111,113,-1,112,113,114,-1,112,114,115,-1,115,114,116,-1,115,116,117,-1,117,116,118,-1,117,118,119,-1,119,118,120,-1,119,120,121,-1,121,120,122,-1,121,122,123,-1,123,122,124,-1,123,124,125,-1,125,124,126,-1,125,126,127,-1,127,126,128,-1,127,128,129,-1,129,128,130,-1,129,130,131,-1,131,130,132,-1,131,132,133,-1,133,132,134,-1,133,134,135,-1,135,134,108,-1,135,108,107,-1,105,103,111,-1,111,103,109,-1,111,109,113,-1,113,109,108,-1,126,134,128,-1,128,134,132,-1,128,132,130,-1,118,116,108,-1,108,116,114,-1,108,114,113,-1,126,124,134,-1,134,124,122,-1,134,122,108,-1,108,122,120,-1,108,120,118,-1,136,137,138,-1,138,137,139,-1,137,136,140,-1,141,142,140,-1,140,142,143,-1,140,143,137,-1,138,139,144,-1,144,139,145,-1,144,145,146,-1,146,145,147,-1,146,147,148,-1,146,148,149,-1,149,148,150,-1,149,150,151,-1,151,150,152,-1,151,152,153,-1,153,152,154,-1,153,154,155,-1,155,154,156,-1,155,156,157,-1,157,156,158,-1,157,158,159,-1,159,158,160,-1,159,160,161,-1,161,160,162,-1,161,162,163,-1,163,162,164,-1,163,164,165,-1,165,164,166,-1,165,166,167,-1,167,166,168,-1,167,168,169,-1,169,168,142,-1,169,142,141,-1,139,137,145,-1,145,137,143,-1,145,143,147,-1,147,143,142,-1,142,168,147,-1,147,168,166,-1,147,166,164,-1,164,162,147,-1,147,162,160,-1,147,160,158,-1,148,147,150,-1,150,147,152,-1,158,156,147,-1,147,156,154,-1,147,154,152,-1,170,171,172,-1,172,171,173,-1,171,170,174,-1,175,176,174,-1,174,176,177,-1,174,177,171,-1,172,173,178,-1,178,173,179,-1,178,179,180,-1,180,179,181,-1,180,181,182,-1,180,182,183,-1,183,182,184,-1,183,184,185,-1,185,184,186,-1,185,186,187,-1,187,186,188,-1,187,188,189,-1,189,188,190,-1,189,190,191,-1,191,190,192,-1,191,192,193,-1,193,192,194,-1,193,194,195,-1,195,194,196,-1,195,196,197,-1,197,196,198,-1,197,198,199,-1,199,198,200,-1,199,200,201,-1,201,200,202,-1,201,202,203,-1,203,202,176,-1,203,176,175,-1,173,171,179,-1,179,171,177,-1,190,188,176,-1,176,188,186,-1,176,186,184,-1,179,177,181,-1,181,177,176,-1,181,176,182,-1,182,176,184,-1,176,202,190,-1,190,202,200,-1,190,200,198,-1,198,196,190,-1,190,196,194,-1,190,194,192,-1,204,205,206,-1,206,205,207,-1,205,204,208,-1,209,210,208,-1,208,210,211,-1,208,211,205,-1,206,207,212,-1,212,207,213,-1,212,213,214,-1,214,213,215,-1,214,215,216,-1,214,216,217,-1,217,216,218,-1,217,218,219,-1,219,218,220,-1,219,220,221,-1,221,220,222,-1,221,222,223,-1,223,222,224,-1,223,224,225,-1,225,224,226,-1,225,226,227,-1,227,226,228,-1,227,228,229,-1,229,228,230,-1,229,230,231,-1,231,230,232,-1,231,232,233,-1,233,232,234,-1,233,234,235,-1,235,234,236,-1,235,236,237,-1,237,236,210,-1,237,210,209,-1,207,205,213,-1,213,205,211,-1,220,218,210,-1,213,211,215,-1,215,211,210,-1,215,210,216,-1,216,210,218,-1,228,226,210,-1,234,232,230,-1,226,224,210,-1,210,224,222,-1,210,222,220,-1,228,210,230,-1,230,210,236,-1,230,236,234,-1,238,239,240,-1,240,239,241,-1,239,238,242,-1,243,244,242,-1,242,244,245,-1,242,245,239,-1,240,241,246,-1,246,241,247,-1,246,247,248,-1,248,247,249,-1,248,249,250,-1,248,250,251,-1,251,250,252,-1,251,252,253,-1,253,252,254,-1,253,254,255,-1,255,254,256,-1,255,256,257,-1,257,256,258,-1,257,258,259,-1,259,258,260,-1,259,260,261,-1,261,260,262,-1,261,262,263,-1,263,262,264,-1,263,264,265,-1,265,264,266,-1,265,266,267,-1,267,266,268,-1,267,268,269,-1,269,268,270,-1,269,270,271,-1,271,270,244,-1,271,244,243,-1,241,239,247,-1,247,239,245,-1,247,245,249,-1,249,245,244,-1,249,244,270,-1,258,256,249,-1,270,268,249,-1,249,268,266,-1,249,266,264,-1,256,254,249,-1,249,254,252,-1,249,252,250,-1,264,262,249,-1,249,262,260,-1,249,260,258,-1,272,273,274,-1,274,273,275,-1,273,272,276,-1,277,278,276,-1,276,278,279,-1,276,279,273,-1,274,275,280,-1,280,275,281,-1,280,281,282,-1,282,281,283,-1,282,283,284,-1,282,284,285,-1,285,284,286,-1,285,286,287,-1,287,286,288,-1,287,288,289,-1,289,288,290,-1,289,290,291,-1,291,290,292,-1,291,292,293,-1,293,292,294,-1,293,294,295,-1,295,294,296,-1,295,296,297,-1,297,296,298,-1,297,298,299,-1,299,298,300,-1,299,300,301,-1,301,300,302,-1,301,302,303,-1,303,302,304,-1,303,304,305,-1,305,304,278,-1,305,278,277,-1,275,273,281,-1,281,273,279,-1,281,279,283,-1,283,279,278,-1,283,278,304,-1,292,290,283,-1,304,302,283,-1,283,302,300,-1,283,300,298,-1,283,290,284,-1,284,290,288,-1,284,288,286,-1,298,296,283,-1,283,296,294,-1,283,294,292,-1,306,307,308,-1,308,307,309,-1,307,306,310,-1,311,312,310,-1,310,312,313,-1,310,313,307,-1,308,309,314,-1,314,309,315,-1,314,315,316,-1,316,315,317,-1,316,317,318,-1,316,318,319,-1,319,318,320,-1,319,320,321,-1,321,320,322,-1,321,322,323,-1,323,322,324,-1,323,324,325,-1,325,324,326,-1,325,326,327,-1,327,326,328,-1,327,328,329,-1,329,328,330,-1,329,330,331,-1,331,330,332,-1,331,332,333,-1,333,332,334,-1,333,334,335,-1,335,334,336,-1,335,336,337,-1,337,336,338,-1,337,338,339,-1,339,338,312,-1,339,312,311,-1,309,307,315,-1,315,307,313,-1,315,313,317,-1,317,313,312,-1,312,338,317,-1,317,338,336,-1,317,336,334,-1,334,332,317,-1,317,332,330,-1,317,330,328,-1,318,317,320,-1,320,317,322,-1,328,326,317,-1,317,326,324,-1,317,324,322,-1,340,341,342,-1,342,341,343,-1,341,340,344,-1,345,346,344,-1,344,346,347,-1,344,347,341,-1,342,343,348,-1,348,343,349,-1,348,349,350,-1,350,349,351,-1,350,351,352,-1,350,352,353,-1,353,352,354,-1,353,354,355,-1,355,354,356,-1,355,356,357,-1,357,356,358,-1,357,358,359,-1,359,358,360,-1,359,360,361,-1,361,360,362,-1,361,362,363,-1,363,362,364,-1,363,364,365,-1,365,364,366,-1,365,366,367,-1,367,366,368,-1,367,368,369,-1,369,368,370,-1,369,370,371,-1,371,370,372,-1,371,372,373,-1,373,372,346,-1,373,346,345,-1,343,341,349,-1,349,341,347,-1,349,347,351,-1,351,347,346,-1,364,372,366,-1,366,372,370,-1,366,370,368,-1,356,354,346,-1,346,354,352,-1,346,352,351,-1,364,362,372,-1,372,362,360,-1,372,360,346,-1,346,360,358,-1,346,358,356,-1,374,375,376,-1,376,375,377,-1,375,374,378,-1,379,380,378,-1,378,380,381,-1,378,381,375,-1,376,377,382,-1,382,377,383,-1,382,383,384,-1,384,383,385,-1,384,385,386,-1,384,386,387,-1,387,386,388,-1,387,388,389,-1,389,388,390,-1,389,390,391,-1,391,390,392,-1,391,392,393,-1,393,392,394,-1,393,394,395,-1,395,394,396,-1,395,396,397,-1,397,396,398,-1,397,398,399,-1,399,398,400,-1,399,400,401,-1,401,400,402,-1,401,402,403,-1,403,402,404,-1,403,404,405,-1,405,404,406,-1,405,406,407,-1,407,406,380,-1,407,380,379,-1,377,375,383,-1,383,375,381,-1,383,381,385,-1,385,381,380,-1,390,380,392,-1,392,380,394,-1,398,404,400,-1,400,404,402,-1,380,406,394,-1,394,406,404,-1,394,404,396,-1,396,404,398,-1,390,388,380,-1,380,388,386,-1,380,386,385,-1,408,409,410,-1,410,409,411,-1,409,408,412,-1,413,414,412,-1,412,414,415,-1,412,415,409,-1,410,411,416,-1,416,411,417,-1,416,417,418,-1,418,417,419,-1,418,419,420,-1,418,420,421,-1,421,420,422,-1,421,422,423,-1,423,422,424,-1,423,424,425,-1,425,424,426,-1,425,426,427,-1,427,426,428,-1,427,428,429,-1,429,428,430,-1,429,430,431,-1,431,430,432,-1,431,432,433,-1,433,432,434,-1,433,434,435,-1,435,434,436,-1,435,436,437,-1,437,436,438,-1,437,438,439,-1,439,438,440,-1,439,440,441,-1,441,440,414,-1,441,414,413,-1,411,409,417,-1,417,409,415,-1,428,426,414,-1,414,426,424,-1,414,424,422,-1,417,415,419,-1,419,415,414,-1,419,414,420,-1,420,414,422,-1,414,440,428,-1,428,440,438,-1,428,438,436,-1,436,434,428,-1,428,434,432,-1,428,432,430,-1,442,443,444,-1,444,443,445,-1,443,442,446,-1,447,448,446,-1,446,448,449,-1,446,449,443,-1,444,445,450,-1,450,445,451,-1,450,451,452,-1,452,451,453,-1,452,453,454,-1,452,454,455,-1,455,454,456,-1,455,456,457,-1,457,456,458,-1,457,458,459,-1,459,458,460,-1,459,460,461,-1,461,460,462,-1,461,462,463,-1,463,462,464,-1,463,464,465,-1,465,464,466,-1,465,466,467,-1,467,466,468,-1,467,468,469,-1,469,468,470,-1,469,470,471,-1,471,470,472,-1,471,472,473,-1,473,472,474,-1,473,474,475,-1,475,474,448,-1,475,448,447,-1,445,443,451,-1,451,443,449,-1,451,449,453,-1,453,449,448,-1,453,448,474,-1,460,458,456,-1,464,453,466,-1,466,453,468,-1,464,462,453,-1,453,462,460,-1,453,460,454,-1,454,460,456,-1,474,472,453,-1,453,472,470,-1,453,470,468,-1,476,477,478,-1,478,477,479,-1,477,476,480,-1,481,482,480,-1,480,482,483,-1,480,483,477,-1,478,479,484,-1,484,479,485,-1,484,485,486,-1,486,485,487,-1,486,487,488,-1,486,488,489,-1,489,488,490,-1,489,490,491,-1,491,490,492,-1,491,492,493,-1,493,492,494,-1,493,494,495,-1,495,494,496,-1,495,496,497,-1,497,496,498,-1,497,498,499,-1,499,498,500,-1,499,500,501,-1,501,500,502,-1,501,502,503,-1,503,502,504,-1,503,504,505,-1,505,504,506,-1,505,506,507,-1,507,506,508,-1,507,508,509,-1,509,508,482,-1,509,482,481,-1,479,477,485,-1,485,477,483,-1,485,483,487,-1,487,483,482,-1,487,482,488,-1,506,504,502,-1,500,498,482,-1,482,498,496,-1,482,496,494,-1,494,492,482,-1,482,492,490,-1,482,490,488,-1,500,482,502,-1,502,482,508,-1,502,508,506,-1,510,511,512,-1,512,511,513,-1,511,510,514,-1,515,516,514,-1,514,516,517,-1,514,517,511,-1,512,513,518,-1,518,513,519,-1,518,519,520,-1,520,519,521,-1,520,521,522,-1,520,522,523,-1,523,522,524,-1,523,524,525,-1,525,524,526,-1,525,526,527,-1,527,526,528,-1,527,528,529,-1,529,528,530,-1,529,530,531,-1,531,530,532,-1,531,532,533,-1,533,532,534,-1,533,534,535,-1,535,534,536,-1,535,536,537,-1,537,536,538,-1,537,538,539,-1,539,538,540,-1,539,540,541,-1,541,540,542,-1,541,542,543,-1,543,542,516,-1,543,516,515,-1,513,511,519,-1,519,511,517,-1,526,524,516,-1,519,517,521,-1,521,517,516,-1,521,516,522,-1,522,516,524,-1,534,532,516,-1,540,538,536,-1,532,530,516,-1,516,530,528,-1,516,528,526,-1,534,516,536,-1,536,516,542,-1,536,542,540,-1,544,545,546,-1,546,545,547,-1,548,544,549,-1,549,544,546,-1,550,548,551,-1,551,548,549,-1,552,550,553,-1,553,550,551,-1,545,552,547,-1,547,552,553,-1,545,544,552,-1,552,544,548,-1,552,548,550,-1,
        ]
    }
}
Shape{
    appearance Appearance {
        material  Material 	{
            diffuseColor 0.34901960784313724 0.34901960784313724 0.34901960784313724
            specularColor 0.023529411764705882 0.023529411764705882 0.023529411764705882
            ambientIntensity 0.498
            transparency 0.0
            shininess 0.5
        }
    }
    geometry IndexedFaceSet {
        ccw TRUE
        solid FALSE
        coord DEF co Coordinate {
            point [
                -0.5592 0.5291 0.3583, -0.5592 0.5291 0.3661, -0.5495 0.5303 0.3583, -0.5495 0.5303 0.3661, -0.5405 0.5341 0.3583, -0.5405 0.5341 0.3661, -0.5328 0.54 0.3583, -0.5328 0.54 0.3661, -0.5269 0.5477 0.3583, -0.5269 0.5477 0.3661, -0.5231 0.5567 0.3583, -0.5231 0.5567 0.3661, -0.5219 0.5664 0.3583, -0.5219 0.5664 0.3661, -0.5231 0.5761 0.3583, -0.5231 0.5761 0.3661, -0.5269 0.5851 0.3583, -0.5269 0.5851 0.3661, -0.5328 0.5928 0.3583, -0.5328 0.5928 0.3661, -0.5405 0.5987 0.3583, -0.5405 0.5987 0.3661, -0.5495 0.6025 0.3583, -0.5495 0.6025 0.3661, -0.5592 0.6037 0.3583, -0.5592 0.6037 0.3661, -0.5689 0.6025 0.3583, -0.5689 0.6025 0.3661, -0.5779 0.5987 0.3583, -0.5779 0.5987 0.3661, -0.5856 0.5928 0.3583, -0.5856 0.5928 0.3661, -0.5915 0.5851 0.3583, -0.5915 0.5851 0.3661, -0.5953 0.5761 0.3583, -0.5953 0.5761 0.3661, -0.5965 0.5664 0.3583, -0.5965 0.5664 0.3661, -0.5953 0.5567 0.3583, -0.5953 0.5567 0.3661, -0.5915 0.5477 0.3583, -0.5915 0.5477 0.3661, -0.5856 0.54 0.3583, -0.5856 0.54 0.3661, -0.5779 0.5341 0.3583, -0.5779 0.5341 0.3661, -0.5689 0.5303 0.3583, -0.5689 0.5303 0.3661, -0.5592 0.5664 0.3583
            ]
        }
        coordIndex [
            0,1,2,-1,2,1,3,-1,2,3,4,-1,4,3,5,-1,4,5,6,-1,6,5,7,-1,6,7,8,-1,8,7,9,-1,8,9,10,-1,10,9,11,-1,10,11,12,-1,12,11,13,-1,12,13,14,-1,14,13,15,-1,14,15,16,-1,16,15,17,-1,16,17,18,-1,18,17,19,-1,18,19,20,-1,20,19,21,-1,20,21,22,-1,22,21,23,-1,22,23,24,-1,24,23,25,-1,24,25,26,-1,26,25,27,-1,26,27,28,-1,28,27,29,-1,28,29,30,-1,30,29,31,-1,30,31,32,-1,32,31,33,-1,32,33,34,-1,34,33,35,-1,34,35,36,-1,36,35,37,-1,36,37,38,-1,38,37,39,-1,38,39,40,-1,40,39,41,-1,40,41,42,-1,42,41,43,-1,42,43,44,-1,44,43,45,-1,44,45,46,-1,46,45,47,-1,46,47,0,-1,0,47,1,-1,44,46,48,-1,48,46,0,-1,48,0,2,-1,38,40,48,-1,48,40,42,-1,48,42,44,-1,32,34,48,-1,48,34,36,-1,48,36,38,-1,26,28,48,-1,48,28,30,-1,48,30,32,-1,20,22,48,-1,48,22,24,-1,48,24,26,-1,14,16,48,-1,48,16,18,-1,48,18,20,-1,8,10,48,-1,48,10,12,-1,48,12,14,-1,2,4,48,-1,48,4,6,-1,48,6,8,-1,
        ]
    }
}
Shape{
    appearance Appearance {
        material  Material 	{
            diffuseColor 1.0 1.0 1.0
            specularColor 0.8784313725490196 0.8784313725490196 0.8784313725490196
            ambientIntensity 1.0
            transparency 0.0
            shininess 0.5
        }
    }
    geometry IndexedFaceSet {
        ccw TRUE
        solid FALSE
        coord DEF co Coordinate {
            point [
                0.57 -0.5773 0.3701, 0.5721 -0.5761 0.3701, 0.5695 -0.5768 0.3701, 0.5713 -0.5753 0.3701, 0.568 -0.5758 0.3701, 0.5694 -0.574 0.3701, 0.5663 -0.5753 0.3701, 0.567 -0.5731 0.3701, 0.5639 -0.575 0.3701, 0.564 -0.5728 0.3701, 0.561 -0.575 0.3701, 0.5585 -0.5728 0.3701, 0.561 -0.5899 0.3701, 0.5585 -0.5921 0.3701, 0.5638 -0.5899 0.3701, 0.5638 -0.5921 0.3701, 0.5664 -0.5896 0.3701, 0.5667 -0.5918 0.3701, 0.568 -0.589 0.3701, 0.569 -0.591 0.3701, 0.5693 -0.5881 0.3701, 0.5709 -0.5898 0.3701, 0.5696 -0.5879 0.3701, 0.5713 -0.5894 0.3701, 0.5706 -0.5866 0.3701, 0.5728 -0.5876 0.3701, 0.5712 -0.5852 0.3701, 0.5737 -0.5856 0.3701, 0.5716 -0.5834 0.3701, 0.5742 -0.5833 0.3701, 0.5716 -0.5823 0.3701, 0.5742 -0.5822 0.3701, 0.5713 -0.5798 0.3701, 0.5739 -0.5796 0.3701, 0.5708 -0.5784 0.3701, 0.5733 -0.5778 0.3701, 0.5713 -0.5894 0.3661, 0.5728 -0.5876 0.3661, 0.5737 -0.5856 0.3661, 0.5742 -0.5833 0.3661, 0.5742 -0.5822 0.3661, 0.5739 -0.5796 0.3661, 0.5733 -0.5778 0.3661, 0.5721 -0.5761 0.3661, 0.5713 -0.5753 0.3661, 0.5694 -0.574 0.3661, 0.567 -0.5731 0.3661, 0.564 -0.5728 0.3661, 0.5585 -0.5728 0.3661, 0.5585 -0.5921 0.3661, 0.5638 -0.5921 0.3661, 0.5667 -0.5918 0.3661, 0.569 -0.591 0.3661, 0.5709 -0.5898 0.3661, 0.5695 -0.5768 0.3661, 0.57 -0.5773 0.3661, 0.5708 -0.5784 0.3661, 0.5713 -0.5798 0.3661, 0.5716 -0.5823 0.3661, 0.5639 -0.575 0.3661, 0.5663 -0.5753 0.3661, 0.568 -0.5758 0.3661, 0.561 -0.575 0.3661, 0.561 -0.5899 0.3661, 0.5638 -0.5899 0.3661, 0.5696 -0.5879 0.3661, 0.5693 -0.5881 0.3661, 0.568 -0.589 0.3661, 0.5664 -0.5896 0.3661, 0.5716 -0.5834 0.3661, 0.5712 -0.5852 0.3661, 0.5706 -0.5866 0.3661
            ]
        }
        coordIndex [
            0,1,2,-1,2,1,3,-1,2,3,4,-1,4,3,5,-1,4,5,6,-1,6,5,7,-1,6,7,8,-1,8,7,9,-1,8,9,10,-1,10,9,11,-1,10,11,12,-1,12,11,13,-1,12,13,14,-1,14,13,15,-1,14,15,16,-1,16,15,17,-1,16,17,18,-1,18,17,19,-1,18,19,20,-1,20,19,21,-1,20,21,22,-1,22,21,23,-1,22,23,24,-1,24,23,25,-1,24,25,26,-1,26,25,27,-1,26,27,28,-1,28,27,29,-1,28,29,30,-1,30,29,31,-1,30,31,32,-1,32,31,33,-1,32,33,34,-1,34,33,35,-1,34,35,0,-1,0,35,1,-1,23,36,37,-1,23,37,25,-1,25,37,38,-1,25,38,27,-1,27,38,39,-1,27,39,29,-1,29,39,40,-1,29,40,31,-1,31,40,41,-1,31,41,33,-1,33,41,42,-1,33,42,35,-1,35,42,43,-1,35,43,1,-1,1,43,44,-1,1,44,3,-1,3,44,45,-1,3,45,5,-1,5,45,46,-1,5,46,7,-1,7,46,47,-1,7,47,9,-1,11,9,48,-1,48,9,47,-1,13,11,49,-1,49,11,48,-1,15,13,50,-1,50,13,49,-1,15,50,51,-1,15,51,17,-1,17,51,52,-1,17,52,19,-1,19,52,53,-1,19,53,21,-1,21,53,36,-1,21,36,23,-1,2,54,55,-1,2,55,0,-1,0,55,56,-1,0,56,34,-1,34,56,57,-1,34,57,32,-1,32,57,58,-1,32,58,30,-1,8,59,60,-1,8,60,6,-1,6,60,61,-1,6,61,4,-1,4,61,54,-1,4,54,2,-1,8,10,59,-1,59,10,62,-1,10,12,62,-1,62,12,63,-1,12,14,63,-1,63,14,64,-1,22,65,66,-1,22,66,20,-1,20,66,67,-1,20,67,18,-1,18,67,68,-1,18,68,16,-1,16,68,64,-1,16,64,14,-1,30,58,69,-1,30,69,28,-1,28,69,70,-1,28,70,26,-1,26,70,71,-1,26,71,24,-1,24,71,65,-1,24,65,22,-1,
        ]
    }
}
Shape{
    appearance Appearance {
        material  Material 	{
            diffuseColor 0.20784313725490197 0.20784313725490197 0.20784313725490197
            specularColor 0.01568627450980392 0.01568627450980392 0.01568627450980392
            ambientIntensity 0.298
            transparency 0.0
            shininess 0.5
        }
    }
    geometry IndexedFaceSet {
        ccw TRUE
        solid FALSE
        coord DEF co Coordinate {
            point [
                0.561 -0.575 0.3661, 0.561 -0.5899 0.3661, 0.5639 -0.575 0.3661, 0.5638 -0.5899 0.3661, 0.5693 -0.5881 0.3661, 0.5696 -0.5879 0.3661, 0.5664 -0.5896 0.3661, 0.568 -0.589 0.3661, 0.5706 -0.5866 0.3661, 0.5712 -0.5852 0.3661, 0.5716 -0.5834 0.3661, 0.5716 -0.5823 0.3661, 0.5713 -0.5798 0.3661, 0.5708 -0.5784 0.3661, 0.57 -0.5773 0.3661, 0.5695 -0.5768 0.3661, 0.5663 -0.5753 0.3661, 0.568 -0.5758 0.3661
            ]
        }
        coordIndex [
            0,1,2,-1,2,1,3,-1,2,4,5,-1,3,6,2,-1,2,6,7,-1,2,7,4,-1,5,8,2,-1,2,8,9,-1,2,9,10,-1,10,11,2,-1,2,11,12,-1,2,12,13,-1,13,14,2,-1,2,14,15,-1,2,15,16,-1,16,15,17,-1,
        ]
    }
}
Shape{
    appearance Appearance {
        material  Material 	{
            diffuseColor 1.0 1.0 1.0
            specularColor 0.8784313725490196 0.8784313725490196 0.8784313725490196
            ambientIntensity 1.0
            transparency 0.0
            shininess 0.5
        }
    }
    geometry IndexedFaceSet {
        ccw TRUE
        solid FALSE
        coord DEF co Coordinate {
            point [
                0.5356 -0.5887 0.3701, 0.5356 -0.5887 0.3661, 0.5354 -0.5893 0.3661, 0.5354 -0.5893 0.3701, 0.5353 -0.5898 0.3661, 0.5353 -0.5898 0.3701, 0.5353 -0.5898 0.3701, 0.5353 -0.5898 0.3661, 0.535 -0.5887 0.3701, 0.535 -0.5887 0.3661, 0.5314 -0.5783 0.3701, 0.5325 -0.5817 0.3661, 0.5314 -0.5783 0.3661, 0.5287 -0.5783 0.3701, 0.5287 -0.5783 0.3661, 0.5341 -0.5921 0.3701, 0.5325 -0.5881 0.3661, 0.5341 -0.5921 0.3661, 0.533 -0.5946 0.3661, 0.533 -0.5946 0.3701, 0.534 -0.5922 0.3661, 0.5325 -0.5954 0.3661, 0.5325 -0.5954 0.3701, 0.5321 -0.5959 0.3661, 0.5321 -0.5959 0.3701, 0.5316 -0.5962 0.3661, 0.5316 -0.5962 0.3701, 0.5311 -0.5964 0.3661, 0.5311 -0.5964 0.3701, 0.5305 -0.5965 0.3661, 0.5305 -0.5965 0.3701, 0.5296 -0.5964 0.3661, 0.5296 -0.5964 0.3701, 0.5292 -0.5962 0.3661, 0.5292 -0.5962 0.3701, 0.5292 -0.5984 0.3701, 0.5292 -0.5984 0.3661, 0.5302 -0.5986 0.3661, 0.5302 -0.5986 0.3701, 0.5307 -0.5986 0.3661, 0.5307 -0.5986 0.3701, 0.5317 -0.5985 0.3661, 0.5317 -0.5985 0.3701, 0.5325 -0.5981 0.3661, 0.5326 -0.5981 0.3701, 0.5326 -0.5981 0.3661, 0.5335 -0.5975 0.3661, 0.5335 -0.5975 0.3701, 0.5337 -0.5974 0.3661, 0.5337 -0.5974 0.3701, 0.5345 -0.5963 0.3661, 0.5345 -0.5963 0.3701, 0.5356 -0.5942 0.3661, 0.5356 -0.5942 0.3701, 0.5419 -0.5783 0.3661, 0.5419 -0.5783 0.3701, 0.5364 -0.5922 0.3661, 0.5394 -0.5783 0.3701, 0.5394 -0.5783 0.3661, 0.5218 -0.5924 0.3661, 0.5234 -0.5922 0.3661, 0.5218 -0.5924 0.3701, 0.5238 -0.5922 0.3701, 0.5238 -0.5922 0.3661, 0.5251 -0.5917 0.3661, 0.5251 -0.5917 0.3701, 0.5258 -0.5913 0.3661, 0.5258 -0.5913 0.3701, 0.5265 -0.5907 0.3661, 0.5265 -0.5907 0.3701, 0.527 -0.5901 0.3661, 0.527 -0.5901 0.3701, 0.5273 -0.5893 0.3661, 0.5273 -0.5893 0.3701, 0.5274 -0.5883 0.3661, 0.5274 -0.5883 0.3701, 0.5273 -0.5874 0.3661, 0.5273 -0.5874 0.3701, 0.527 -0.5867 0.3661, 0.527 -0.5867 0.3701, 0.5266 -0.5861 0.3661, 0.5266 -0.5861 0.3701, 0.526 -0.5855 0.3661, 0.526 -0.5855 0.3701, 0.5244 -0.5846 0.3661, 0.5244 -0.5846 0.3701, 0.5235 -0.5843 0.3661, 0.5235 -0.5843 0.3701, 0.522 -0.5836 0.3661, 0.522 -0.5836 0.3701, 0.5211 -0.5831 0.3661, 0.5211 -0.5831 0.3701, 0.5209 -0.5828 0.3661, 0.5209 -0.5828 0.3701, 0.5207 -0.5825 0.3661, 0.5207 -0.5825 0.3701, 0.5206 -0.5821 0.3661, 0.5206 -0.5821 0.3701, 0.5206 -0.5818 0.3661, 0.5206 -0.5818 0.3701, 0.5206 -0.5814 0.3661, 0.5206 -0.5814 0.3701, 0.5208 -0.5811 0.3661, 0.5208 -0.5811 0.3701, 0.521 -0.5808 0.3661, 0.521 -0.5808 0.3701, 0.5213 -0.5805 0.3661, 0.5213 -0.5805 0.3701, 0.5219 -0.5802 0.3661, 0.5219 -0.5802 0.3701, 0.5225 -0.58 0.3661, 0.5225 -0.58 0.3701, 0.5232 -0.5799 0.3661, 0.5232 -0.5799 0.3701, 0.5248 -0.5801 0.3661, 0.5248 -0.5801 0.3701, 0.5262 -0.5806 0.3661, 0.5262 -0.5806 0.3701, 0.5267 -0.5809 0.3661, 0.5267 -0.5809 0.3701, 0.5267 -0.5786 0.3701, 0.5267 -0.5786 0.3661, 0.5248 -0.5781 0.3661, 0.5248 -0.5781 0.3701, 0.5235 -0.578 0.3661, 0.5235 -0.578 0.3701, 0.5217 -0.5782 0.3661, 0.5217 -0.5782 0.3701, 0.5204 -0.5787 0.3661, 0.5204 -0.5787 0.3701, 0.5196 -0.5791 0.3661, 0.5196 -0.5791 0.3701, 0.5192 -0.5795 0.3661, 0.5189 -0.5797 0.3701, 0.5189 -0.5797 0.3661, 0.5185 -0.5804 0.3661, 0.5185 -0.5804 0.3701, 0.5182 -0.5812 0.3661, 0.5182 -0.5812 0.3701, 0.5181 -0.582 0.3661, 0.5181 -0.582 0.3701, 0.5182 -0.583 0.3661, 0.5182 -0.583 0.3701, 0.5185 -0.5837 0.3661, 0.5185 -0.5837 0.3701, 0.5188 -0.5842 0.3661, 0.5188 -0.5842 0.3701, 0.5218 -0.586 0.3661, 0.5218 -0.586 0.3701, 0.5203 -0.5854 0.3701, 0.5192 -0.5846 0.3661, 0.5192 -0.5846 0.3701, 0.5192 -0.5846 0.3661, 0.5203 -0.5854 0.3661, 0.5233 -0.5867 0.3661, 0.5233 -0.5867 0.3701, 0.5243 -0.5873 0.3661, 0.5243 -0.5873 0.3701, 0.5246 -0.5876 0.3661, 0.5246 -0.5876 0.3701, 0.5248 -0.5879 0.3661, 0.5248 -0.5879 0.3701, 0.5249 -0.5883 0.3661, 0.5249 -0.5883 0.3701, 0.5249 -0.5886 0.3661, 0.5249 -0.5886 0.3701, 0.5249 -0.589 0.3661, 0.5249 -0.589 0.3701, 0.5247 -0.5894 0.3661, 0.5247 -0.5894 0.3701, 0.5245 -0.5897 0.3661, 0.5245 -0.5897 0.3701, 0.5243 -0.5899 0.3661, 0.5243 -0.5899 0.3701, 0.524 -0.5901 0.3661, 0.524 -0.5901 0.3701, 0.5234 -0.5903 0.3661, 0.5234 -0.5903 0.3701, 0.5222 -0.5904 0.3661, 0.5222 -0.5904 0.3701, 0.5221 -0.5904 0.3661, 0.5221 -0.5904 0.3701, 0.5181 -0.5891 0.3661, 0.5181 -0.5891 0.3701, 0.519 -0.5897 0.3701, 0.5205 -0.5903 0.3661, 0.5205 -0.5903 0.3701, 0.5192 -0.5898 0.3661, 0.519 -0.5897 0.3661, 0.5181 -0.5916 0.3701, 0.5181 -0.5916 0.3661, 0.5192 -0.592 0.3661, 0.5198 -0.5922 0.3701, 0.5202 -0.5922 0.3661, 0.5198 -0.5922 0.3661, 0.5124 -0.5921 0.3701, 0.5148 -0.5921 0.3701, 0.5124 -0.59 0.3701, 0.5148 -0.5832 0.3701, 0.5124 -0.5833 0.3701, 0.5072 -0.5862 0.3701, 0.5078 -0.5859 0.3701, 0.5092 -0.5856 0.3701, 0.5124 -0.5852 0.3701, 0.5124 -0.5865 0.3701, 0.5123 -0.59 0.3701, 0.5111 -0.5896 0.3701, 0.5119 -0.5905 0.3701, 0.5104 -0.5901 0.3701, 0.5124 -0.5867 0.3701, 0.5122 -0.5877 0.3701, 0.5119 -0.5886 0.3701, 0.5114 -0.5893 0.3701, 0.5123 -0.5823 0.3701, 0.5146 -0.5814 0.3701, 0.5121 -0.5814 0.3701, 0.5142 -0.5803 0.3701, 0.5118 -0.5809 0.3701, 0.5137 -0.5795 0.3701, 0.5114 -0.5805 0.3701, 0.5131 -0.5789 0.3701, 0.511 -0.5802 0.3701, 0.5123 -0.5784 0.3701, 0.5104 -0.58 0.3701, 0.5113 -0.5781 0.3701, 0.5096 -0.5799 0.3701, 0.5098 -0.578 0.3701, 0.5081 -0.5801 0.3701, 0.5074 -0.5783 0.3701, 0.5066 -0.5806 0.3701, 0.5056 -0.579 0.3701, 0.5051 -0.5816 0.3701, 0.5051 -0.5793 0.3701, 0.5067 -0.5896 0.3701, 0.5049 -0.5913 0.3701, 0.5069 -0.5898 0.3701, 0.5057 -0.5919 0.3701, 0.5074 -0.5901 0.3701, 0.5067 -0.5922 0.3701, 0.5079 -0.5903 0.3701, 0.5081 -0.5924 0.3701, 0.5087 -0.5904 0.3701, 0.5093 -0.5923 0.3701, 0.5096 -0.5903 0.3701, 0.5103 -0.5919 0.3701, 0.5112 -0.5913 0.3701, 0.5062 -0.5878 0.3701, 0.5037 -0.5881 0.3701, 0.5062 -0.5882 0.3701, 0.5037 -0.5884 0.3701, 0.5062 -0.5888 0.3701, 0.5038 -0.5895 0.3701, 0.5064 -0.5892 0.3701, 0.5041 -0.5903 0.3701, 0.5046 -0.5911 0.3701, 0.5083 -0.5839 0.3701, 0.5065 -0.5843 0.3701, 0.5068 -0.5865 0.3701, 0.5055 -0.5849 0.3701, 0.5065 -0.5868 0.3701, 0.5047 -0.5855 0.3701, 0.5063 -0.5873 0.3701, 0.5042 -0.5862 0.3701, 0.5039 -0.587 0.3701, 0.5096 -0.5799 0.3661, 0.5104 -0.58 0.3661, 0.511 -0.5802 0.3661, 0.5114 -0.5805 0.3661, 0.5118 -0.5809 0.3661, 0.5121 -0.5814 0.3661, 0.5123 -0.5823 0.3661, 0.5124 -0.5833 0.3661, 0.5083 -0.5839 0.3661, 0.5065 -0.5843 0.3661, 0.5055 -0.5849 0.3661, 0.5047 -0.5855 0.3661, 0.5042 -0.5862 0.3661, 0.5039 -0.587 0.3661, 0.5037 -0.5881 0.3661, 0.5037 -0.5884 0.3661, 0.5038 -0.5895 0.3661, 0.5041 -0.5903 0.3661, 0.5046 -0.5911 0.3661, 0.5049 -0.5913 0.3661, 0.5081 -0.5924 0.3661, 0.5067 -0.5922 0.3661, 0.5067 -0.5922 0.3661, 0.5057 -0.5919 0.3661, 0.5093 -0.5923 0.3661, 0.5094 -0.5922 0.3661, 0.5103 -0.5919 0.3661, 0.5112 -0.5913 0.3661, 0.5119 -0.5905 0.3661, 0.5123 -0.59 0.3661, 0.5124 -0.59 0.3661, 0.5124 -0.5921 0.3661, 0.5148 -0.5921 0.3661, 0.5148 -0.5832 0.3661, 0.5146 -0.5814 0.3661, 0.5142 -0.5803 0.3661, 0.5137 -0.5795 0.3661, 0.5131 -0.5789 0.3661, 0.5123 -0.5784 0.3661, 0.5113 -0.5781 0.3661, 0.5098 -0.578 0.3661, 0.5074 -0.5783 0.3661, 0.5056 -0.579 0.3661, 0.5051 -0.5793 0.3661, 0.5051 -0.5816 0.3661, 0.5066 -0.5806 0.3661, 0.5081 -0.5801 0.3661, 0.5114 -0.5893 0.3661, 0.5111 -0.5896 0.3661, 0.5104 -0.5901 0.3661, 0.5096 -0.5903 0.3661, 0.5087 -0.5904 0.3661, 0.5124 -0.5865 0.3661, 0.5124 -0.5867 0.3661, 0.5122 -0.5877 0.3661, 0.5119 -0.5886 0.3661, 0.5124 -0.5852 0.3661, 0.5092 -0.5856 0.3661, 0.5068 -0.5865 0.3661, 0.5072 -0.5862 0.3661, 0.5078 -0.5859 0.3661, 0.5062 -0.5882 0.3661, 0.5062 -0.5878 0.3661, 0.5063 -0.5873 0.3661, 0.5065 -0.5868 0.3661, 0.5069 -0.5898 0.3661, 0.5067 -0.5896 0.3661, 0.5064 -0.5892 0.3661, 0.5062 -0.5888 0.3661, 0.5079 -0.5903 0.3661, 0.5074 -0.5901 0.3661
            ]
        }
        coordIndex [
            0,1,2,-1,0,2,3,-1,3,2,4,-1,3,4,5,-1,6,5,7,-1,7,5,4,-1,8,6,9,-1,9,6,7,-1,8,9,10,-1,10,9,11,-1,10,11,12,-1,13,10,14,-1,14,10,12,-1,13,14,15,-1,15,14,16,-1,15,16,17,-1,18,19,20,-1,20,19,15,-1,20,15,17,-1,19,18,21,-1,19,21,22,-1,22,21,23,-1,22,23,24,-1,24,23,25,-1,24,25,26,-1,26,25,27,-1,26,27,28,-1,28,27,29,-1,28,29,30,-1,30,29,31,-1,30,31,32,-1,32,31,33,-1,32,33,34,-1,35,34,36,-1,36,34,33,-1,35,36,37,-1,35,37,38,-1,38,37,39,-1,38,39,40,-1,40,39,41,-1,40,41,42,-1,42,41,43,-1,42,43,44,-1,43,45,44,-1,44,45,46,-1,44,46,47,-1,47,46,48,-1,47,48,49,-1,49,48,50,-1,49,50,51,-1,51,50,52,-1,51,52,53,-1,54,55,56,-1,56,55,53,-1,56,53,52,-1,57,55,58,-1,58,55,54,-1,0,57,1,-1,1,57,58,-1,3,5,53,-1,55,57,53,-1,53,57,0,-1,53,0,3,-1,10,13,8,-1,8,13,15,-1,8,15,6,-1,51,22,49,-1,49,22,24,-1,34,35,32,-1,32,35,38,-1,32,38,30,-1,30,38,40,-1,30,40,28,-1,28,40,42,-1,28,42,26,-1,26,42,44,-1,26,44,24,-1,24,44,47,-1,24,47,49,-1,5,6,53,-1,53,6,15,-1,53,15,51,-1,51,15,19,-1,51,19,22,-1,59,60,61,-1,61,60,62,-1,60,63,62,-1,62,63,64,-1,62,64,65,-1,65,64,66,-1,65,66,67,-1,67,66,68,-1,67,68,69,-1,69,68,70,-1,69,70,71,-1,71,70,72,-1,71,72,73,-1,73,72,74,-1,73,74,75,-1,75,74,76,-1,75,76,77,-1,77,76,78,-1,77,78,79,-1,79,78,80,-1,79,80,81,-1,81,80,82,-1,81,82,83,-1,83,82,84,-1,83,84,85,-1,85,84,86,-1,85,86,87,-1,87,86,88,-1,87,88,89,-1,89,88,90,-1,89,90,91,-1,91,90,92,-1,91,92,93,-1,93,92,94,-1,93,94,95,-1,95,94,96,-1,95,96,97,-1,97,96,98,-1,97,98,99,-1,99,98,100,-1,99,100,101,-1,101,100,102,-1,101,102,103,-1,103,102,104,-1,103,104,105,-1,105,104,106,-1,105,106,107,-1,107,106,108,-1,107,108,109,-1,109,108,110,-1,109,110,111,-1,111,110,112,-1,111,112,113,-1,113,112,114,-1,113,114,115,-1,115,114,116,-1,115,116,117,-1,117,116,118,-1,117,118,119,-1,120,119,121,-1,121,119,118,-1,120,121,122,-1,120,122,123,-1,123,122,124,-1,123,124,125,-1,125,124,126,-1,125,126,127,-1,127,126,128,-1,127,128,129,-1,129,128,130,-1,129,130,131,-1,130,132,131,-1,131,132,133,-1,132,134,133,-1,133,134,135,-1,133,135,136,-1,136,135,137,-1,136,137,138,-1,138,137,139,-1,138,139,140,-1,140,139,141,-1,140,141,142,-1,142,141,143,-1,142,143,144,-1,144,143,145,-1,144,145,146,-1,147,148,149,-1,146,145,150,-1,146,150,151,-1,151,150,152,-1,151,152,149,-1,149,152,153,-1,149,153,147,-1,148,147,154,-1,148,154,155,-1,155,154,156,-1,155,156,157,-1,157,156,158,-1,157,158,159,-1,159,158,160,-1,159,160,161,-1,161,160,162,-1,161,162,163,-1,163,162,164,-1,163,164,165,-1,165,164,166,-1,165,166,167,-1,167,166,168,-1,167,168,169,-1,169,168,170,-1,169,170,171,-1,171,170,172,-1,171,172,173,-1,173,172,174,-1,173,174,175,-1,175,174,176,-1,175,176,177,-1,177,176,178,-1,177,178,179,-1,179,178,180,-1,179,180,181,-1,182,183,184,-1,181,180,185,-1,181,185,186,-1,186,185,187,-1,186,187,184,-1,184,187,188,-1,184,188,182,-1,189,183,190,-1,190,183,182,-1,190,191,189,-1,189,191,192,-1,59,61,193,-1,193,61,192,-1,193,192,194,-1,194,192,191,-1,105,107,129,-1,129,107,127,-1,155,87,148,-1,148,87,89,-1,65,67,171,-1,171,67,69,-1,171,69,169,-1,169,69,71,-1,169,71,167,-1,167,71,73,-1,167,73,165,-1,165,73,75,-1,165,75,163,-1,163,75,77,-1,163,77,161,-1,161,77,79,-1,161,79,159,-1,159,79,81,-1,159,81,157,-1,157,81,83,-1,157,83,155,-1,155,83,85,-1,155,85,87,-1,61,181,192,-1,192,181,186,-1,192,186,189,-1,189,186,184,-1,189,184,183,-1,107,109,127,-1,127,109,111,-1,127,111,125,-1,125,111,113,-1,125,113,123,-1,123,113,115,-1,123,115,120,-1,120,115,117,-1,120,117,119,-1,171,173,65,-1,65,173,175,-1,65,175,62,-1,62,175,177,-1,62,177,61,-1,61,177,179,-1,61,179,181,-1,129,131,105,-1,105,131,133,-1,105,133,103,-1,103,133,136,-1,103,136,101,-1,101,136,138,-1,101,138,99,-1,99,138,140,-1,99,140,97,-1,97,140,142,-1,97,142,95,-1,95,142,144,-1,95,144,93,-1,93,144,146,-1,93,146,91,-1,91,146,151,-1,91,151,89,-1,89,151,149,-1,89,149,148,-1,195,196,197,-1,197,196,198,-1,199,200,201,-1,202,203,198,-1,198,203,204,-1,205,206,207,-1,207,206,208,-1,204,209,198,-1,198,209,210,-1,198,210,197,-1,197,210,211,-1,197,211,205,-1,205,211,212,-1,205,212,206,-1,201,202,199,-1,199,202,198,-1,199,198,213,-1,213,198,214,-1,213,214,215,-1,215,214,216,-1,215,216,217,-1,217,216,218,-1,217,218,219,-1,219,218,220,-1,219,220,221,-1,221,220,222,-1,221,222,223,-1,223,222,224,-1,223,224,225,-1,225,224,226,-1,225,226,227,-1,227,226,228,-1,227,228,229,-1,229,228,230,-1,229,230,231,-1,231,230,232,-1,233,234,235,-1,235,234,236,-1,235,236,237,-1,237,236,238,-1,237,238,239,-1,239,238,240,-1,239,240,241,-1,241,240,242,-1,241,242,243,-1,243,242,244,-1,243,244,208,-1,208,244,245,-1,208,245,207,-1,246,247,248,-1,248,247,249,-1,248,249,250,-1,250,249,251,-1,250,251,252,-1,252,251,253,-1,252,253,233,-1,233,253,254,-1,233,254,234,-1,199,255,200,-1,200,255,256,-1,200,256,257,-1,257,256,258,-1,257,258,259,-1,259,258,260,-1,259,260,261,-1,261,260,262,-1,261,262,246,-1,246,262,263,-1,246,263,247,-1,225,264,265,-1,225,265,223,-1,223,265,266,-1,223,266,221,-1,221,266,267,-1,221,267,219,-1,219,267,268,-1,219,268,217,-1,217,268,269,-1,217,269,215,-1,215,269,270,-1,215,270,213,-1,213,270,271,-1,213,271,199,-1,255,199,272,-1,272,199,271,-1,255,272,273,-1,255,273,256,-1,256,273,274,-1,256,274,258,-1,258,274,275,-1,258,275,260,-1,260,275,276,-1,260,276,262,-1,262,276,277,-1,262,277,263,-1,263,277,278,-1,263,278,247,-1,247,278,279,-1,247,279,249,-1,249,279,280,-1,249,280,251,-1,251,280,281,-1,251,281,253,-1,253,281,282,-1,253,282,254,-1,254,282,283,-1,254,283,234,-1,284,240,285,-1,285,240,238,-1,285,238,286,-1,286,238,236,-1,286,236,287,-1,287,236,234,-1,287,234,283,-1,240,284,288,-1,240,288,242,-1,242,288,289,-1,242,289,244,-1,289,290,244,-1,244,290,291,-1,244,291,245,-1,245,291,292,-1,245,292,207,-1,207,292,293,-1,207,293,205,-1,197,205,294,-1,294,205,293,-1,195,197,295,-1,295,197,294,-1,196,195,296,-1,296,195,295,-1,198,196,297,-1,297,196,296,-1,198,297,298,-1,198,298,214,-1,214,298,299,-1,214,299,216,-1,216,299,300,-1,216,300,218,-1,218,300,301,-1,218,301,220,-1,220,301,302,-1,220,302,222,-1,222,302,303,-1,222,303,224,-1,224,303,304,-1,224,304,226,-1,226,304,305,-1,226,305,228,-1,228,305,306,-1,228,306,230,-1,230,306,307,-1,230,307,232,-1,231,232,308,-1,308,232,307,-1,231,308,309,-1,231,309,229,-1,229,309,310,-1,229,310,227,-1,227,310,264,-1,227,264,225,-1,212,311,312,-1,212,312,206,-1,206,312,313,-1,206,313,208,-1,208,313,314,-1,208,314,243,-1,243,314,315,-1,243,315,241,-1,204,316,317,-1,204,317,209,-1,209,317,318,-1,209,318,210,-1,210,318,319,-1,210,319,211,-1,211,319,311,-1,211,311,212,-1,204,203,316,-1,316,203,320,-1,203,202,320,-1,320,202,321,-1,257,322,323,-1,257,323,200,-1,200,323,324,-1,200,324,201,-1,201,324,321,-1,201,321,202,-1,248,325,326,-1,248,326,246,-1,246,326,327,-1,246,327,261,-1,261,327,328,-1,261,328,259,-1,259,328,322,-1,259,322,257,-1,235,329,330,-1,235,330,233,-1,233,330,331,-1,233,331,252,-1,252,331,332,-1,252,332,250,-1,250,332,325,-1,250,325,248,-1,241,315,333,-1,241,333,239,-1,239,333,334,-1,239,334,237,-1,237,334,329,-1,237,329,235,-1,
        ]
    }
}
Shape{
    appearance Appearance {
        material  Material 	{
            diffuseColor 0.20784313725490197 0.20784313725490197 0.20784313725490197
            specularColor 0.01568627450980392 0.01568627450980392 0.01568627450980392
            ambientIntensity 0.298
            transparency 0.0
            shininess 0.5
        }
    }
    geometry IndexedFaceSet {
        ccw TRUE
        solid FALSE
        coord DEF co Coordinate {
            point [
                0.5124 -0.5852 0.3661, 0.5092 -0.5856 0.3661, 0.5124 -0.5865 0.3661, 0.5078 -0.5859 0.3661, 0.5072 -0.5862 0.3661, 0.5068 -0.5865 0.3661, 0.5124 -0.5867 0.3661, 0.5122 -0.5877 0.3661, 0.5065 -0.5868 0.3661, 0.5119 -0.5886 0.3661, 0.5067 -0.5896 0.3661, 0.5069 -0.5898 0.3661, 0.5111 -0.5896 0.3661, 0.5064 -0.5892 0.3661, 0.5104 -0.5901 0.3661, 0.5096 -0.5903 0.3661, 0.5087 -0.5904 0.3661, 0.5063 -0.5873 0.3661, 0.5062 -0.5878 0.3661, 0.5114 -0.5893 0.3661, 0.5062 -0.5882 0.3661, 0.5062 -0.5888 0.3661, 0.5074 -0.5901 0.3661, 0.5079 -0.5903 0.3661
            ]
        }
        coordIndex [
            0,1,2,-1,2,1,3,-1,3,4,2,-1,2,4,5,-1,2,5,6,-1,6,5,7,-1,7,5,8,-1,7,8,9,-1,10,11,12,-1,10,12,13,-1,14,12,15,-1,15,12,16,-1,8,17,9,-1,9,17,18,-1,9,18,19,-1,19,18,20,-1,19,20,12,-1,12,20,21,-1,12,21,13,-1,11,22,12,-1,12,22,23,-1,12,23,16,-1,
        ]
    }
}
Shape{
    appearance Appearance {
        material  Material 	{
            diffuseColor 1.0 1.0 1.0
            specularColor 0.8784313725490196 0.8784313725490196 0.8784313725490196
            ambientIntensity 1.0
            transparency 0.0
            shininess 0.5
        }
    }
    geometry IndexedFaceSet {
        ccw TRUE
        solid FALSE
        coord DEF co Coordinate {
            point [
                0.4058 -0.5948 0.3701, 0.4078 -0.5974 0.3701, 0.4045 -0.5827 0.3701, 0.4312 -0.5861 0.3701, 0.4504 -0.576 0.3701, 0.4226 -0.587 0.3701, 0.4223 -0.5857 0.3701, 0.4021 -0.5589 0.3701, 0.4052 -0.5572 0.3701, 0.4045 -0.5488 0.3701, 0.4277 -0.5783 0.3701, 0.4173 -0.5823 0.3701, 0.4184 -0.5824 0.3701, 0.4131 -0.5484 0.3701, 0.4173 -0.5584 0.3701, 0.4194 -0.554 0.3701, 0.4197 -0.5829 0.3701, 0.4208 -0.5836 0.3701, 0.4217 -0.5846 0.3701, 0.4015 -0.5808 0.3701, 0.4027 -0.5914 0.3701, 0.4044 -0.5919 0.3701, 0.4099 -0.5481 0.3701, 0.4461 -0.5687 0.3701, 0.4312 -0.5875 0.3701, 0.4226 -0.5882 0.3701, 0.4311 -0.589 0.3701, 0.416 -0.5824 0.3701, 0.4141 -0.574 0.3701, 0.4148 -0.5829 0.3701, 0.4111 -0.5752 0.3701, 0.4137 -0.5837 0.3701, 0.4083 -0.5771 0.3701, 0.4131 -0.5843 0.3701, 0.406 -0.5797 0.3701, 0.4124 -0.5854 0.3701, 0.412 -0.5867 0.3701, 0.412 -0.588 0.3701, 0.4229 -0.5747 0.3701, 0.4196 -0.5738 0.3701, 0.4174 -0.5736 0.3701, 0.4608 -0.5635 0.3701, 0.463 -0.565 0.3701, 0.4701 -0.5603 0.3701, 0.4648 -0.5669 0.3701, 0.4729 -0.5642 0.3701, 0.466 -0.5693 0.3701, 0.4746 -0.5684 0.3701, 0.4752 -0.5729 0.3701, 0.4159 -0.5451 0.3701, 0.4225 -0.5504 0.3701, 0.4191 -0.5423 0.3701, 0.4261 -0.5477 0.3701, 0.4224 -0.5403 0.3701, 0.4086 -0.5564 0.3701, 0.41 -0.5563 0.3701, 0.4115 -0.5482 0.3701, 0.4133 -0.5567 0.3701, 0.4164 -0.5579 0.3701, 0.4549 -0.5624 0.3701, 0.456 -0.5624 0.3701, 0.4616 -0.555 0.3701, 0.4584 -0.5626 0.3701, 0.4623 -0.5552 0.3701, 0.4664 -0.5572 0.3701, 0.4701 -0.586 0.3701, 0.4633 -0.581 0.3701, 0.4664 -0.5891 0.3701, 0.4612 -0.5825 0.3701, 0.4622 -0.5912 0.3701, 0.4587 -0.5835 0.3701, 0.4577 -0.5922 0.3701, 0.4568 -0.5838 0.3701, 0.4496 -0.5922 0.3701, 0.4507 -0.5838 0.3701, 0.4488 -0.592 0.3701, 0.4257 -0.5764 0.3701, 0.4667 -0.572 0.3701, 0.4667 -0.5731 0.3701, 0.4746 -0.5778 0.3701, 0.4664 -0.5755 0.3701, 0.4729 -0.5822 0.3701, 0.4655 -0.578 0.3701, 0.4641 -0.5802 0.3701, 0.4542 -0.5441 0.3701, 0.4488 -0.5504 0.3701, 0.4588 -0.5494 0.3701, 0.4519 -0.5541 0.3701, 0.4541 -0.5585 0.3701, 0.3967 -0.5667 0.3701, 0.3877 -0.569 0.3701, 0.3963 -0.5701 0.3701, 0.3877 -0.5703 0.3701, 0.3965 -0.5722 0.3701, 0.3883 -0.5757 0.3701, 0.3975 -0.5756 0.3701, 0.3903 -0.5808 0.3701, 0.3991 -0.5783 0.3701, 0.3934 -0.5853 0.3701, 0.3977 -0.5889 0.3701, 0.3994 -0.5507 0.3701, 0.395 -0.5538 0.3701, 0.3998 -0.5609 0.3701, 0.3941 -0.5547 0.3701, 0.3979 -0.5637 0.3701, 0.3908 -0.5589 0.3701, 0.3886 -0.5639 0.3701, 0.4122 -0.5893 0.3701, 0.4128 -0.5905 0.3701, 0.4288 -0.5378 0.3701, 0.4306 -0.5459 0.3701, 0.4356 -0.537 0.3701, 0.4357 -0.5452 0.3701, 0.4412 -0.5376 0.3701, 0.4404 -0.5458 0.3701, 0.4481 -0.54 0.3701, 0.4447 -0.5474 0.3701, 0.4485 -0.5501 0.3701, 0.4303 -0.5923 0.3701, 0.4223 -0.5896 0.3701, 0.4286 -0.5954 0.3701, 0.4217 -0.5907 0.3701, 0.4266 -0.5977 0.3701, 0.4209 -0.5916 0.3701, 0.4238 -0.5996 0.3701, 0.4199 -0.5923 0.3701, 0.4208 -0.6008 0.3701, 0.4187 -0.5928 0.3701, 0.4174 -0.6012 0.3701, 0.4173 -0.593 0.3701, 0.4169 -0.6012 0.3701, 0.4171 -0.593 0.3701, 0.4137 -0.6007 0.3701, 0.4158 -0.5928 0.3701, 0.4105 -0.5994 0.3701, 0.4146 -0.5922 0.3701, 0.4135 -0.5914 0.3701, 0.45 -0.5837 0.3701, 0.4467 -0.5907 0.3701, 0.447 -0.591 0.3701, 0.4504 -0.5837 0.3701, 0.4479 -0.5917 0.3701, 0.4456 -0.5879 0.3701, 0.4457 -0.5889 0.3701, 0.4461 -0.5899 0.3701, 0.4488 -0.5838 0.3701, 0.4478 -0.5842 0.3701, 0.4456 -0.5874 0.3701, 0.447 -0.5847 0.3701, 0.4464 -0.5854 0.3701, 0.4459 -0.5863 0.3701, 0.4498 -0.5836 0.3701, 0.4752 -0.5729 0.3661, 0.4746 -0.5684 0.3661, 0.4741 -0.5673 0.3661, 0.4729 -0.5642 0.3661, 0.471 -0.5616 0.3661, 0.4701 -0.5603 0.3661, 0.4664 -0.5572 0.3661, 0.4623 -0.5552 0.3661, 0.4616 -0.555 0.3661, 0.4588 -0.5494 0.3661, 0.4542 -0.5441 0.3661, 0.4511 -0.542 0.3661, 0.4481 -0.54 0.3661, 0.4412 -0.5376 0.3661, 0.4356 -0.537 0.3661, 0.4191 -0.5423 0.3661, 0.4196 -0.542 0.3661, 0.4224 -0.5403 0.3661, 0.4288 -0.5378 0.3661, 0.4159 -0.5451 0.3661, 0.4131 -0.5484 0.3661, 0.4115 -0.5482 0.3661, 0.4099 -0.5481 0.3661, 0.4045 -0.5488 0.3661, 0.3994 -0.5507 0.3661, 0.395 -0.5538 0.3661, 0.3941 -0.5547 0.3661, 0.3877 -0.5703 0.3661, 0.3908 -0.5589 0.3661, 0.3896 -0.5616 0.3661, 0.3886 -0.5639 0.3661, 0.388 -0.5673 0.3661, 0.3877 -0.569 0.3661, 0.3883 -0.5757 0.3661, 0.3903 -0.5808 0.3661, 0.3934 -0.5853 0.3661, 0.3977 -0.5889 0.3661, 0.4027 -0.5914 0.3661, 0.4044 -0.5919 0.3661, 0.4046 -0.5922 0.3661, 0.4058 -0.5948 0.3661, 0.4078 -0.5974 0.3661, 0.4105 -0.5994 0.3661, 0.4118 -0.5999 0.3661, 0.4137 -0.6007 0.3661, 0.4169 -0.6012 0.3661, 0.4174 -0.6012 0.3661, 0.4312 -0.5875 0.3661, 0.4208 -0.6008 0.3661, 0.4231 -0.5999 0.3661, 0.4238 -0.5996 0.3661, 0.4266 -0.5977 0.3661, 0.4286 -0.5954 0.3661, 0.4303 -0.5923 0.3661, 0.4303 -0.5922 0.3661, 0.4311 -0.589 0.3661, 0.4312 -0.5861 0.3661, 0.4504 -0.576 0.3661, 0.4461 -0.5687 0.3661, 0.4277 -0.5783 0.3661, 0.4257 -0.5764 0.3661, 0.4229 -0.5747 0.3661, 0.4196 -0.5738 0.3661, 0.4174 -0.5736 0.3661, 0.4141 -0.574 0.3661, 0.4111 -0.5752 0.3661, 0.4083 -0.5771 0.3661, 0.406 -0.5797 0.3661, 0.4045 -0.5827 0.3661, 0.4015 -0.5808 0.3661, 0.3991 -0.5783 0.3661, 0.3975 -0.5756 0.3661, 0.3965 -0.5722 0.3661, 0.3963 -0.5701 0.3661, 0.3966 -0.5673 0.3661, 0.3967 -0.5667 0.3661, 0.3979 -0.5637 0.3661, 0.3993 -0.5616 0.3661, 0.3998 -0.5609 0.3661, 0.4021 -0.5589 0.3661, 0.4052 -0.5572 0.3661, 0.4086 -0.5564 0.3661, 0.41 -0.5563 0.3661, 0.4133 -0.5567 0.3661, 0.4164 -0.5579 0.3661, 0.4173 -0.5584 0.3661, 0.4194 -0.554 0.3661, 0.4225 -0.5504 0.3661, 0.4261 -0.5477 0.3661, 0.4306 -0.5459 0.3661, 0.4357 -0.5452 0.3661, 0.4549 -0.5624 0.3661, 0.4547 -0.5616 0.3661, 0.4541 -0.5585 0.3661, 0.4519 -0.5541 0.3661, 0.4488 -0.5504 0.3661, 0.4485 -0.5501 0.3661, 0.4447 -0.5474 0.3661, 0.4404 -0.5458 0.3661, 0.456 -0.5624 0.3661, 0.4584 -0.5626 0.3661, 0.4608 -0.5635 0.3661, 0.463 -0.565 0.3661, 0.4648 -0.5669 0.3661, 0.465 -0.5673 0.3661, 0.466 -0.5693 0.3661, 0.4667 -0.572 0.3661, 0.4667 -0.5731 0.3661, 0.4664 -0.5755 0.3661, 0.4655 -0.578 0.3661, 0.4641 -0.5802 0.3661, 0.4633 -0.581 0.3661, 0.4612 -0.5825 0.3661, 0.4587 -0.5835 0.3661, 0.4568 -0.5838 0.3661, 0.4507 -0.5838 0.3661, 0.4504 -0.5837 0.3661, 0.45 -0.5837 0.3661, 0.4498 -0.5836 0.3661, 0.4488 -0.5838 0.3661, 0.4478 -0.5842 0.3661, 0.447 -0.5847 0.3661, 0.4464 -0.5854 0.3661, 0.4459 -0.5863 0.3661, 0.4456 -0.5874 0.3661, 0.4456 -0.5879 0.3661, 0.4457 -0.5889 0.3661, 0.4461 -0.5899 0.3661, 0.4467 -0.5907 0.3661, 0.447 -0.591 0.3661, 0.4479 -0.5917 0.3661, 0.4488 -0.592 0.3661, 0.4496 -0.5922 0.3661, 0.4577 -0.5922 0.3661, 0.4622 -0.5912 0.3661, 0.4664 -0.5891 0.3661, 0.4701 -0.586 0.3661, 0.4729 -0.5822 0.3661, 0.4746 -0.5778 0.3661, 0.4173 -0.5823 0.3661, 0.4184 -0.5824 0.3661, 0.4197 -0.5829 0.3661, 0.4208 -0.5836 0.3661, 0.4217 -0.5846 0.3661, 0.4223 -0.5857 0.3661, 0.4226 -0.587 0.3661, 0.4226 -0.5882 0.3661, 0.4223 -0.5896 0.3661, 0.4217 -0.5907 0.3661, 0.4209 -0.5916 0.3661, 0.4199 -0.5923 0.3661, 0.4187 -0.5928 0.3661, 0.4173 -0.593 0.3661, 0.4171 -0.593 0.3661, 0.4158 -0.5928 0.3661, 0.4146 -0.5922 0.3661, 0.4135 -0.5914 0.3661, 0.4128 -0.5905 0.3661, 0.4122 -0.5893 0.3661, 0.412 -0.588 0.3661, 0.412 -0.5867 0.3661, 0.4124 -0.5854 0.3661, 0.4131 -0.5843 0.3661, 0.4137 -0.5837 0.3661, 0.4148 -0.5829 0.3661, 0.416 -0.5824 0.3661
            ]
        }
        coordIndex [
            0,1,2,-1,3,4,5,-1,5,4,6,-1,7,8,9,-1,10,11,12,-1,13,14,15,-1,12,16,10,-1,10,16,17,-1,10,17,18,-1,19,20,2,-1,2,20,21,-1,2,21,0,-1,9,8,22,-1,6,4,18,-1,18,4,23,-1,18,23,10,-1,3,5,24,-1,24,5,25,-1,24,25,26,-1,27,28,29,-1,29,28,30,-1,29,30,31,-1,31,30,32,-1,31,32,33,-1,33,32,34,-1,33,34,35,-1,35,34,2,-1,35,2,36,-1,36,2,37,-1,38,39,27,-1,27,39,40,-1,27,40,28,-1,41,42,43,-1,43,42,44,-1,43,44,45,-1,45,44,46,-1,45,46,47,-1,47,46,48,-1,13,15,49,-1,49,15,50,-1,49,50,51,-1,51,50,52,-1,51,52,53,-1,8,54,22,-1,22,54,55,-1,22,55,56,-1,56,55,57,-1,56,57,13,-1,13,57,58,-1,13,58,14,-1,59,60,61,-1,61,60,62,-1,61,62,63,-1,63,62,41,-1,63,41,64,-1,64,41,43,-1,65,66,67,-1,67,66,68,-1,67,68,69,-1,69,68,70,-1,69,70,71,-1,71,70,72,-1,71,72,73,-1,73,72,74,-1,73,74,75,-1,11,10,27,-1,27,10,76,-1,27,76,38,-1,46,77,48,-1,48,77,78,-1,48,78,79,-1,79,78,80,-1,79,80,81,-1,81,80,82,-1,81,82,65,-1,65,82,83,-1,65,83,66,-1,84,85,86,-1,86,85,87,-1,86,87,61,-1,61,87,88,-1,61,88,59,-1,89,90,91,-1,91,90,92,-1,91,92,93,-1,93,92,94,-1,93,94,95,-1,95,94,96,-1,95,96,97,-1,97,96,98,-1,97,98,19,-1,19,98,99,-1,19,99,20,-1,9,100,7,-1,7,100,101,-1,7,101,102,-1,102,101,103,-1,102,103,104,-1,104,103,105,-1,104,105,89,-1,89,105,106,-1,89,106,90,-1,37,2,107,-1,107,2,1,-1,107,1,108,-1,53,52,109,-1,109,52,110,-1,109,110,111,-1,111,110,112,-1,111,112,113,-1,113,112,114,-1,113,114,115,-1,115,114,116,-1,115,116,84,-1,84,116,117,-1,84,117,85,-1,26,25,118,-1,118,25,119,-1,118,119,120,-1,120,119,121,-1,120,121,122,-1,122,121,123,-1,122,123,124,-1,124,123,125,-1,124,125,126,-1,126,125,127,-1,126,127,128,-1,128,127,129,-1,128,129,130,-1,130,129,131,-1,130,131,132,-1,132,131,133,-1,132,133,134,-1,134,133,135,-1,134,135,1,-1,1,135,136,-1,1,136,108,-1,137,138,139,-1,74,140,75,-1,75,140,137,-1,75,137,141,-1,141,137,139,-1,142,143,137,-1,137,143,144,-1,137,144,138,-1,145,146,147,-1,146,148,147,-1,147,148,149,-1,147,149,150,-1,142,137,147,-1,147,137,151,-1,147,151,145,-1,48,152,153,-1,48,153,47,-1,47,153,154,-1,47,154,45,-1,154,155,45,-1,45,155,156,-1,45,156,43,-1,156,157,43,-1,43,157,158,-1,43,158,64,-1,64,158,159,-1,64,159,63,-1,63,159,160,-1,63,160,61,-1,61,160,161,-1,61,161,86,-1,86,161,162,-1,86,162,84,-1,84,162,115,-1,115,162,163,-1,163,164,115,-1,115,164,165,-1,115,165,113,-1,113,165,166,-1,113,166,111,-1,167,51,168,-1,168,51,53,-1,168,53,169,-1,169,53,109,-1,169,109,170,-1,170,109,111,-1,170,111,166,-1,51,167,171,-1,51,171,49,-1,49,171,172,-1,49,172,13,-1,13,172,173,-1,13,173,56,-1,56,173,174,-1,56,174,22,-1,22,174,175,-1,22,175,9,-1,9,175,176,-1,9,176,100,-1,100,176,177,-1,100,177,101,-1,101,177,178,-1,101,178,103,-1,179,92,90,-1,103,178,180,-1,181,106,180,-1,180,106,105,-1,180,105,103,-1,181,182,106,-1,106,182,183,-1,106,183,90,-1,90,183,184,-1,90,184,179,-1,92,179,185,-1,92,185,94,-1,94,185,186,-1,94,186,96,-1,96,186,187,-1,96,187,98,-1,98,187,188,-1,98,188,99,-1,99,188,189,-1,99,189,20,-1,20,189,190,-1,20,190,21,-1,21,190,191,-1,21,191,0,-1,191,192,0,-1,0,192,193,-1,0,193,1,-1,1,193,194,-1,1,194,134,-1,134,194,195,-1,134,195,132,-1,195,196,132,-1,132,196,197,-1,132,197,130,-1,130,197,198,-1,130,198,128,-1,199,24,26,-1,128,198,200,-1,128,200,126,-1,126,200,201,-1,126,201,124,-1,201,202,124,-1,124,202,203,-1,124,203,122,-1,122,203,204,-1,122,204,120,-1,120,204,205,-1,120,205,118,-1,118,205,206,-1,118,206,26,-1,26,206,207,-1,26,207,199,-1,3,24,208,-1,208,24,199,-1,4,3,209,-1,209,3,208,-1,23,4,210,-1,210,4,209,-1,10,23,211,-1,211,23,210,-1,10,211,212,-1,10,212,76,-1,76,212,213,-1,76,213,38,-1,38,213,214,-1,38,214,39,-1,39,214,215,-1,39,215,40,-1,40,215,216,-1,40,216,28,-1,28,216,217,-1,28,217,30,-1,30,217,218,-1,30,218,32,-1,32,218,219,-1,32,219,34,-1,34,219,220,-1,34,220,2,-1,2,220,221,-1,2,221,19,-1,19,221,222,-1,19,222,97,-1,97,222,223,-1,97,223,95,-1,95,223,224,-1,95,224,93,-1,93,224,225,-1,93,225,91,-1,225,226,91,-1,91,226,89,-1,226,227,89,-1,89,227,228,-1,89,228,104,-1,104,228,229,-1,104,229,102,-1,229,230,102,-1,102,230,231,-1,102,231,7,-1,7,231,232,-1,7,232,8,-1,8,232,233,-1,8,233,54,-1,54,233,234,-1,54,234,55,-1,55,234,235,-1,55,235,57,-1,57,235,236,-1,57,236,58,-1,58,236,237,-1,58,237,14,-1,14,237,238,-1,14,238,15,-1,15,238,239,-1,15,239,50,-1,50,239,240,-1,50,240,52,-1,52,240,241,-1,52,241,110,-1,110,241,242,-1,110,242,112,-1,243,59,244,-1,244,59,88,-1,244,88,245,-1,245,88,87,-1,245,87,246,-1,246,87,85,-1,246,85,247,-1,247,85,117,-1,247,117,248,-1,248,117,116,-1,248,116,249,-1,249,116,114,-1,249,114,250,-1,250,114,112,-1,250,112,242,-1,60,59,251,-1,251,59,243,-1,60,251,252,-1,60,252,62,-1,62,252,253,-1,62,253,41,-1,41,253,254,-1,41,254,42,-1,42,254,255,-1,42,255,44,-1,44,255,256,-1,44,256,46,-1,256,257,46,-1,46,257,258,-1,46,258,77,-1,77,258,259,-1,77,259,78,-1,78,259,260,-1,78,260,80,-1,80,260,261,-1,80,261,82,-1,82,261,262,-1,82,262,83,-1,83,262,263,-1,83,263,66,-1,66,263,264,-1,66,264,68,-1,68,264,265,-1,68,265,70,-1,70,265,266,-1,70,266,72,-1,74,72,267,-1,267,72,266,-1,74,267,268,-1,74,268,140,-1,140,268,269,-1,140,269,137,-1,137,269,270,-1,137,270,151,-1,151,270,271,-1,151,271,145,-1,145,271,272,-1,145,272,146,-1,146,272,273,-1,146,273,148,-1,148,273,274,-1,148,274,149,-1,149,274,275,-1,149,275,150,-1,150,275,276,-1,150,276,147,-1,147,276,277,-1,147,277,142,-1,142,277,278,-1,142,278,143,-1,143,278,279,-1,143,279,144,-1,144,279,280,-1,144,280,138,-1,138,280,281,-1,138,281,139,-1,139,281,282,-1,139,282,141,-1,141,282,283,-1,141,283,75,-1,75,283,284,-1,75,284,73,-1,71,73,285,-1,285,73,284,-1,71,285,286,-1,71,286,69,-1,69,286,287,-1,69,287,67,-1,67,287,288,-1,67,288,65,-1,65,288,289,-1,65,289,81,-1,81,289,290,-1,81,290,79,-1,79,290,152,-1,79,152,48,-1,11,291,292,-1,11,292,12,-1,12,292,293,-1,12,293,16,-1,16,293,294,-1,16,294,17,-1,17,294,295,-1,17,295,18,-1,18,295,296,-1,18,296,6,-1,6,296,297,-1,6,297,5,-1,5,297,298,-1,5,298,25,-1,25,298,299,-1,25,299,119,-1,119,299,300,-1,119,300,121,-1,121,300,301,-1,121,301,123,-1,123,301,302,-1,123,302,125,-1,125,302,303,-1,125,303,127,-1,127,303,304,-1,127,304,129,-1,129,304,305,-1,129,305,131,-1,131,305,306,-1,131,306,133,-1,133,306,307,-1,133,307,135,-1,135,307,308,-1,135,308,136,-1,136,308,309,-1,136,309,108,-1,108,309,310,-1,108,310,107,-1,107,310,311,-1,107,311,37,-1,37,311,312,-1,37,312,36,-1,36,312,313,-1,36,313,35,-1,35,313,314,-1,35,314,33,-1,33,314,315,-1,33,315,31,-1,31,315,316,-1,31,316,29,-1,29,316,317,-1,29,317,27,-1,27,317,291,-1,27,291,11,-1,
        ]
    }
}
Shape{
    appearance Appearance {
        material  Material 	{
            diffuseColor 0.20784313725490197 0.20784313725490197 0.20784313725490197
            specularColor 0.01568627450980392 0.01568627450980392 0.01568627450980392
            ambientIntensity 0.298
            transparency 0.0
            shininess 0.5
        }
    }
    geometry IndexedFaceSet {
        ccw TRUE
        solid FALSE
        coord DEF co Coordinate {
            point [
                0.4171 -0.593 0.3661, 0.4137 -0.5837 0.3661, 0.4131 -0.5843 0.3661, 0.4187 -0.5928 0.3661, 0.4199 -0.5923 0.3661, 0.4184 -0.5824 0.3661, 0.4173 -0.5823 0.3661, 0.416 -0.5824 0.3661, 0.4148 -0.5829 0.3661, 0.4122 -0.5893 0.3661, 0.4128 -0.5905 0.3661, 0.4135 -0.5914 0.3661, 0.4173 -0.593 0.3661, 0.4124 -0.5854 0.3661, 0.412 -0.5867 0.3661, 0.412 -0.588 0.3661, 0.4146 -0.5922 0.3661, 0.4158 -0.5928 0.3661, 0.4209 -0.5916 0.3661, 0.4217 -0.5907 0.3661, 0.4223 -0.5896 0.3661, 0.4226 -0.5882 0.3661, 0.4226 -0.587 0.3661, 0.4223 -0.5857 0.3661, 0.4217 -0.5846 0.3661, 0.4208 -0.5836 0.3661, 0.4197 -0.5829 0.3661
            ]
        }
        coordIndex [
            0,1,2,-1,3,4,5,-1,6,7,0,-1,0,7,8,-1,0,8,1,-1,9,10,2,-1,2,10,11,-1,6,0,5,-1,5,0,12,-1,5,12,3,-1,13,14,2,-1,2,14,15,-1,2,15,9,-1,11,16,2,-1,2,16,17,-1,2,17,0,-1,4,18,5,-1,5,18,19,-1,5,19,20,-1,20,21,5,-1,5,21,22,-1,5,22,23,-1,23,24,5,-1,5,24,25,-1,5,25,26,-1,
        ]
    }
}
Shape{
    appearance Appearance {
        material  Material 	{
            diffuseColor 1.0 1.0 1.0
            specularColor 0.8784313725490196 0.8784313725490196 0.8784313725490196
            ambientIntensity 1.0
            transparency 0.0
            shininess 0.5
        }
    }
    geometry IndexedFaceSet {
        ccw TRUE
        solid FALSE
        coord DEF co Coordinate {
            point [
                0.5459 -0.5467 0.3701, 0.5479 -0.5455 0.3701, 0.5453 -0.5462 0.3701, 0.5472 -0.5447 0.3701, 0.5438 -0.5452 0.3701, 0.5452 -0.5434 0.3701, 0.5422 -0.5446 0.3701, 0.5429 -0.5425 0.3701, 0.5398 -0.5444 0.3701, 0.5399 -0.5422 0.3701, 0.5368 -0.5444 0.3701, 0.5343 -0.5422 0.3701, 0.5368 -0.5593 0.3701, 0.5343 -0.5615 0.3701, 0.5396 -0.5593 0.3701, 0.5397 -0.5615 0.3701, 0.5422 -0.559 0.3701, 0.5425 -0.5612 0.3701, 0.5438 -0.5584 0.3701, 0.5448 -0.5604 0.3701, 0.5451 -0.5575 0.3701, 0.5467 -0.5592 0.3701, 0.5454 -0.5572 0.3701, 0.5472 -0.5588 0.3701, 0.5464 -0.556 0.3701, 0.5486 -0.557 0.3701, 0.547 -0.5545 0.3701, 0.5496 -0.555 0.3701, 0.5474 -0.5527 0.3701, 0.55 -0.5527 0.3701, 0.5474 -0.5516 0.3701, 0.5501 -0.5516 0.3701, 0.5472 -0.5492 0.3701, 0.5498 -0.549 0.3701, 0.5466 -0.5478 0.3701, 0.5491 -0.5472 0.3701, 0.5472 -0.5588 0.3661, 0.5486 -0.557 0.3661, 0.5496 -0.555 0.3661, 0.55 -0.5527 0.3661, 0.5501 -0.5516 0.3661, 0.5498 -0.549 0.3661, 0.5491 -0.5472 0.3661, 0.5479 -0.5455 0.3661, 0.5472 -0.5447 0.3661, 0.5399 -0.5422 0.3661, 0.5452 -0.5434 0.3661, 0.5432 -0.5426 0.3661, 0.5429 -0.5425 0.3661, 0.5343 -0.5422 0.3661, 0.5343 -0.5615 0.3661, 0.5397 -0.5615 0.3661, 0.5425 -0.5612 0.3661, 0.5432 -0.5609 0.3661, 0.5448 -0.5604 0.3661, 0.5467 -0.5592 0.3661, 0.5453 -0.5462 0.3661, 0.5459 -0.5467 0.3661, 0.5466 -0.5478 0.3661, 0.5472 -0.5492 0.3661, 0.5474 -0.5516 0.3661, 0.5398 -0.5444 0.3661, 0.5422 -0.5446 0.3661, 0.5438 -0.5452 0.3661, 0.5368 -0.5444 0.3661, 0.5368 -0.5593 0.3661, 0.5396 -0.5593 0.3661, 0.5454 -0.5572 0.3661, 0.5451 -0.5575 0.3661, 0.5438 -0.5584 0.3661, 0.5422 -0.559 0.3661, 0.5474 -0.5527 0.3661, 0.547 -0.5545 0.3661, 0.5464 -0.556 0.3661
            ]
        }
        coordIndex [
            0,1,2,-1,2,1,3,-1,2,3,4,-1,4,3,5,-1,4,5,6,-1,6,5,7,-1,6,7,8,-1,8,7,9,-1,8,9,10,-1,10,9,11,-1,10,11,12,-1,12,11,13,-1,12,13,14,-1,14,13,15,-1,14,15,16,-1,16,15,17,-1,16,17,18,-1,18,17,19,-1,18,19,20,-1,20,19,21,-1,20,21,22,-1,22,21,23,-1,22,23,24,-1,24,23,25,-1,24,25,26,-1,26,25,27,-1,26,27,28,-1,28,27,29,-1,28,29,30,-1,30,29,31,-1,30,31,32,-1,32,31,33,-1,32,33,34,-1,34,33,35,-1,34,35,0,-1,0,35,1,-1,23,36,37,-1,23,37,25,-1,25,37,38,-1,25,38,27,-1,27,38,39,-1,27,39,29,-1,29,39,40,-1,29,40,31,-1,31,40,41,-1,31,41,33,-1,33,41,42,-1,33,42,35,-1,35,42,43,-1,35,43,1,-1,1,43,44,-1,1,44,3,-1,45,9,7,-1,3,44,46,-1,3,46,5,-1,5,46,47,-1,5,47,7,-1,7,47,48,-1,7,48,45,-1,11,9,49,-1,49,9,45,-1,13,11,50,-1,50,11,49,-1,15,13,51,-1,51,13,50,-1,15,51,52,-1,15,52,17,-1,17,52,53,-1,17,53,19,-1,53,54,19,-1,19,54,55,-1,19,55,21,-1,21,55,36,-1,21,36,23,-1,2,56,57,-1,2,57,0,-1,0,57,58,-1,0,58,34,-1,34,58,59,-1,34,59,32,-1,32,59,60,-1,32,60,30,-1,8,61,62,-1,8,62,6,-1,6,62,63,-1,6,63,4,-1,4,63,56,-1,4,56,2,-1,8,10,61,-1,61,10,64,-1,10,12,64,-1,64,12,65,-1,12,14,65,-1,65,14,66,-1,22,67,68,-1,22,68,20,-1,20,68,69,-1,20,69,18,-1,18,69,70,-1,18,70,16,-1,16,70,66,-1,16,66,14,-1,30,60,71,-1,30,71,28,-1,28,71,72,-1,28,72,26,-1,26,72,73,-1,26,73,24,-1,24,73,67,-1,24,67,22,-1,
        ]
    }
}
Shape{
    appearance Appearance {
        material  Material 	{
            diffuseColor 0.20784313725490197 0.20784313725490197 0.20784313725490197
            specularColor 0.01568627450980392 0.01568627450980392 0.01568627450980392
            ambientIntensity 0.298
            transparency 0.0
            shininess 0.5
        }
    }
    geometry IndexedFaceSet {
        ccw TRUE
        solid FALSE
        coord DEF co Coordinate {
            point [
                0.5368 -0.5444 0.3661, 0.5368 -0.5593 0.3661, 0.5398 -0.5444 0.3661, 0.5396 -0.5593 0.3661, 0.5451 -0.5575 0.3661, 0.5454 -0.5572 0.3661, 0.5422 -0.559 0.3661, 0.5438 -0.5584 0.3661, 0.5464 -0.556 0.3661, 0.547 -0.5545 0.3661, 0.5474 -0.5527 0.3661, 0.5474 -0.5516 0.3661, 0.5472 -0.5492 0.3661, 0.5466 -0.5478 0.3661, 0.5459 -0.5467 0.3661, 0.5453 -0.5462 0.3661, 0.5422 -0.5446 0.3661, 0.5438 -0.5452 0.3661
            ]
        }
        coordIndex [
            0,1,2,-1,2,1,3,-1,2,4,5,-1,3,6,2,-1,2,6,7,-1,2,7,4,-1,5,8,2,-1,2,8,9,-1,2,9,10,-1,10,11,2,-1,2,11,12,-1,2,12,13,-1,13,14,2,-1,2,14,15,-1,2,15,16,-1,16,15,17,-1,
        ]
    }
}
Shape{
    appearance Appearance {
        material  Material 	{
            diffuseColor 1.0 1.0 1.0
            specularColor 0.8784313725490196 0.8784313725490196 0.8784313725490196
            ambientIntensity 1.0
            transparency 0.0
            shininess 0.5
        }
    }
    geometry IndexedFaceSet {
        ccw TRUE
        solid FALSE
        coord DEF co Coordinate {
            point [
                0.5115 -0.5596 0.3701, 0.5115 -0.5596 0.3661, 0.5097 -0.5594 0.3661, 0.5097 -0.5594 0.3701, 0.5083 -0.5589 0.3661, 0.5083 -0.5589 0.3701, 0.507 -0.558 0.3661, 0.507 -0.558 0.3701, 0.5065 -0.5575 0.3661, 0.5065 -0.5575 0.3701, 0.5055 -0.5562 0.3661, 0.5055 -0.5562 0.3701, 0.5049 -0.5546 0.3661, 0.5049 -0.5546 0.3701, 0.5046 -0.5522 0.3661, 0.5046 -0.5522 0.3701, 0.5046 -0.552 0.3661, 0.5046 -0.552 0.3701, 0.5049 -0.5495 0.3661, 0.5049 -0.5495 0.3701, 0.5055 -0.5478 0.3661, 0.5055 -0.5478 0.3701, 0.5065 -0.5464 0.3661, 0.5065 -0.5464 0.3701, 0.5066 -0.5462 0.3661, 0.5066 -0.5462 0.3701, 0.5079 -0.5452 0.3661, 0.5079 -0.5452 0.3701, 0.5094 -0.5445 0.3661, 0.5094 -0.5445 0.3701, 0.5111 -0.5441 0.3661, 0.5111 -0.5441 0.3701, 0.5119 -0.5441 0.3661, 0.5119 -0.5441 0.3701, 0.5143 -0.5444 0.3661, 0.5143 -0.5444 0.3701, 0.5165 -0.5452 0.3661, 0.5165 -0.5452 0.3701, 0.5165 -0.5426 0.3701, 0.5165 -0.5426 0.3661, 0.5119 -0.5418 0.3661, 0.5119 -0.5418 0.3701, 0.5121 -0.5418 0.3701, 0.5146 -0.5421 0.3661, 0.5146 -0.5421 0.3701, 0.5139 -0.542 0.3661, 0.5121 -0.5418 0.3661, 0.5104 -0.542 0.3661, 0.5093 -0.5421 0.3701, 0.5093 -0.5421 0.3661, 0.5072 -0.5429 0.3661, 0.5072 -0.5429 0.3701, 0.5053 -0.5442 0.3661, 0.5053 -0.5442 0.3701, 0.5048 -0.5447 0.3661, 0.5048 -0.5447 0.3701, 0.5034 -0.5465 0.3661, 0.5034 -0.5465 0.3701, 0.5029 -0.5477 0.3661, 0.5025 -0.5487 0.3701, 0.5025 -0.5487 0.3661, 0.502 -0.5512 0.3661, 0.502 -0.5512 0.3701, 0.502 -0.5522 0.3661, 0.502 -0.5522 0.3701, 0.5023 -0.555 0.3661, 0.5023 -0.555 0.3701, 0.5029 -0.5566 0.3661, 0.503 -0.5571 0.3701, 0.503 -0.5571 0.3661, 0.5041 -0.5588 0.3661, 0.5041 -0.5588 0.3701, 0.5045 -0.5592 0.3661, 0.5045 -0.5592 0.3701, 0.5111 -0.5618 0.3661, 0.5111 -0.5618 0.3701, 0.5098 -0.5617 0.3701, 0.5059 -0.5604 0.3661, 0.5059 -0.5604 0.3701, 0.5077 -0.5613 0.3661, 0.5077 -0.5613 0.3701, 0.5094 -0.5616 0.3661, 0.5098 -0.5617 0.3661, 0.5128 -0.5616 0.3661, 0.5141 -0.5615 0.3701, 0.5141 -0.5615 0.3661, 0.5162 -0.5608 0.3661, 0.5162 -0.5608 0.3701, 0.5165 -0.5607 0.3661, 0.5165 -0.5607 0.3701, 0.5165 -0.5583 0.3701, 0.5165 -0.5583 0.3661, 0.5145 -0.5592 0.3661, 0.5145 -0.5592 0.3701, 0.5123 -0.5595 0.3661, 0.5123 -0.5595 0.3701, 0.5807 -0.5846 0.3701, 0.5799 -0.5868 0.3701, 0.5872 -0.5846 0.3701, 0.588 -0.5868 0.3701, 0.5836 -0.5766 0.3701, 0.5827 -0.5728 0.3701, 0.5753 -0.5921 0.3701, 0.5781 -0.5921 0.3701, 0.5838 -0.576 0.3701, 0.5839 -0.5752 0.3701, 0.5853 -0.5728 0.3701, 0.584 -0.5752 0.3701, 0.5841 -0.5761 0.3701, 0.5843 -0.5766 0.3701, 0.5927 -0.5921 0.3701, 0.5899 -0.5921 0.3701, 0.5827 -0.5728 0.3661, 0.5853 -0.5728 0.3661, 0.5753 -0.5921 0.3661, 0.5781 -0.5921 0.3661, 0.5799 -0.5868 0.3661, 0.588 -0.5868 0.3661, 0.5899 -0.5921 0.3661, 0.5927 -0.5921 0.3661, 0.5836 -0.5766 0.3661, 0.5838 -0.576 0.3661, 0.5839 -0.5752 0.3661, 0.5807 -0.5846 0.3661, 0.5872 -0.5846 0.3661, 0.5843 -0.5766 0.3661, 0.584 -0.5752 0.3661, 0.5841 -0.5761 0.3661
            ]
        }
        coordIndex [
            0,1,2,-1,0,2,3,-1,3,2,4,-1,3,4,5,-1,5,4,6,-1,5,6,7,-1,7,6,8,-1,7,8,9,-1,9,8,10,-1,9,10,11,-1,11,10,12,-1,11,12,13,-1,13,12,14,-1,13,14,15,-1,15,14,16,-1,15,16,17,-1,17,16,18,-1,17,18,19,-1,19,18,20,-1,19,20,21,-1,21,20,22,-1,21,22,23,-1,23,22,24,-1,23,24,25,-1,25,24,26,-1,25,26,27,-1,27,26,28,-1,27,28,29,-1,29,28,30,-1,29,30,31,-1,31,30,32,-1,31,32,33,-1,33,32,34,-1,33,34,35,-1,35,34,36,-1,35,36,37,-1,38,37,39,-1,39,37,36,-1,40,41,42,-1,38,39,43,-1,38,43,44,-1,44,43,45,-1,44,45,42,-1,42,45,46,-1,42,46,40,-1,40,47,41,-1,41,47,48,-1,47,49,48,-1,48,49,50,-1,48,50,51,-1,51,50,52,-1,51,52,53,-1,53,52,54,-1,53,54,55,-1,55,54,56,-1,55,56,57,-1,57,56,58,-1,57,58,59,-1,58,60,59,-1,59,60,61,-1,59,61,62,-1,62,61,63,-1,62,63,64,-1,64,63,65,-1,64,65,66,-1,66,65,67,-1,66,67,68,-1,67,69,68,-1,68,69,70,-1,68,70,71,-1,71,70,72,-1,71,72,73,-1,74,75,76,-1,73,72,77,-1,73,77,78,-1,78,77,79,-1,78,79,80,-1,80,79,81,-1,80,81,76,-1,76,81,82,-1,76,82,74,-1,74,83,75,-1,75,83,84,-1,83,85,84,-1,84,85,86,-1,84,86,87,-1,87,86,88,-1,87,88,89,-1,90,89,91,-1,91,89,88,-1,90,91,92,-1,90,92,93,-1,93,92,94,-1,93,94,95,-1,95,94,1,-1,95,1,0,-1,11,13,66,-1,37,38,35,-1,35,38,44,-1,35,44,33,-1,33,44,42,-1,33,42,31,-1,31,42,41,-1,31,41,29,-1,29,41,48,-1,29,48,27,-1,66,13,64,-1,55,25,53,-1,53,25,27,-1,53,27,51,-1,51,27,48,-1,89,90,87,-1,87,90,93,-1,87,93,84,-1,84,93,75,-1,13,15,64,-1,64,15,17,-1,64,17,62,-1,62,17,19,-1,62,19,59,-1,59,19,57,-1,57,19,21,-1,57,21,55,-1,55,21,23,-1,55,23,25,-1,66,68,11,-1,11,68,71,-1,11,71,9,-1,9,71,73,-1,9,73,7,-1,7,73,78,-1,7,78,5,-1,5,78,80,-1,5,80,3,-1,3,80,76,-1,3,76,0,-1,0,76,75,-1,0,75,95,-1,95,75,93,-1,96,97,98,-1,98,97,99,-1,100,101,96,-1,96,101,102,-1,96,102,97,-1,97,102,103,-1,100,104,101,-1,101,104,105,-1,101,105,106,-1,106,105,107,-1,106,107,108,-1,108,109,106,-1,106,109,98,-1,106,98,110,-1,110,98,99,-1,110,99,111,-1,101,106,112,-1,112,106,113,-1,102,101,114,-1,114,101,112,-1,103,102,115,-1,115,102,114,-1,97,103,116,-1,116,103,115,-1,99,97,117,-1,117,97,116,-1,111,99,118,-1,118,99,117,-1,110,111,119,-1,119,111,118,-1,106,110,113,-1,113,110,119,-1,100,120,121,-1,100,121,104,-1,104,121,122,-1,104,122,105,-1,100,96,120,-1,120,96,123,-1,96,98,123,-1,123,98,124,-1,98,109,124,-1,124,109,125,-1,107,126,127,-1,107,127,108,-1,108,127,125,-1,108,125,109,-1,107,105,126,-1,126,105,122,-1,
        ]
    }
}
Shape{
    appearance Appearance {
        material  Material 	{
            diffuseColor 0.20784313725490197 0.20784313725490197 0.20784313725490197
            specularColor 0.01568627450980392 0.01568627450980392 0.01568627450980392
            ambientIntensity 0.298
            transparency 0.0
            shininess 0.5
        }
    }
    geometry IndexedFaceSet {
        ccw TRUE
        solid FALSE
        coord DEF co Coordinate {
            point [
                0.584 -0.5752 0.3661, 0.5839 -0.5752 0.3661, 0.5841 -0.5761 0.3661, 0.5838 -0.576 0.3661, 0.5843 -0.5766 0.3661, 0.5836 -0.5766 0.3661, 0.5872 -0.5846 0.3661, 0.5807 -0.5846 0.3661
            ]
        }
        coordIndex [
            0,1,2,-1,2,1,3,-1,2,3,4,-1,4,3,5,-1,4,5,6,-1,6,5,7,-1,
        ]
    }
}
Shape{
    appearance Appearance {
        material  Material 	{
            diffuseColor 1.0 1.0 1.0
            specularColor 0.8784313725490196 0.8784313725490196 0.8784313725490196
            ambientIntensity 1.0
            transparency 0.0
            shininess 0.5
        }
    }
    geometry IndexedFaceSet {
        ccw TRUE
        solid FALSE
        coord DEF co Coordinate {
            point [
                0.5549 -0.5899 0.3701, 0.5549 -0.5899 0.3661, 0.547 -0.5899 0.3701, 0.5506 -0.5899 0.3661, 0.547 -0.5899 0.3661, 0.547 -0.5834 0.3701, 0.547 -0.5834 0.3661, 0.5539 -0.5834 0.3701, 0.5506 -0.5834 0.3661, 0.5539 -0.5834 0.3661, 0.5539 -0.5812 0.3701, 0.5539 -0.5812 0.3661, 0.547 -0.5812 0.3661, 0.547 -0.5812 0.3701, 0.5506 -0.5812 0.3661, 0.547 -0.575 0.3701, 0.547 -0.575 0.3661, 0.5544 -0.575 0.3661, 0.5544 -0.575 0.3701, 0.5506 -0.575 0.3661, 0.5544 -0.5728 0.3701, 0.5544 -0.5728 0.3661, 0.5445 -0.5728 0.3661, 0.5445 -0.5728 0.3701, 0.5506 -0.5728 0.3661, 0.5445 -0.5921 0.3701, 0.5445 -0.5921 0.3661, 0.5549 -0.5921 0.3701, 0.5506 -0.5921 0.3661, 0.5549 -0.5921 0.3661, 0.4935 -0.5899 0.3701, 0.5014 -0.5899 0.3701, 0.4935 -0.5899 0.3661, 0.5014 -0.5899 0.3661, 0.4935 -0.5834 0.3701, 0.4935 -0.5834 0.3661, 0.5004 -0.5834 0.3701, 0.5004 -0.5834 0.3661, 0.5004 -0.5812 0.3701, 0.5004 -0.5812 0.3661, 0.4935 -0.5812 0.3701, 0.4935 -0.5812 0.3661, 0.4935 -0.575 0.3701, 0.4935 -0.575 0.3661, 0.501 -0.575 0.3701, 0.501 -0.575 0.3661, 0.501 -0.5728 0.3701, 0.501 -0.5728 0.3661, 0.491 -0.5728 0.3701, 0.491 -0.5728 0.3661, 0.491 -0.5921 0.3701, 0.491 -0.5921 0.3661, 0.5014 -0.5921 0.3701, 0.5014 -0.5921 0.3661, 0.5565 -0.554 0.3701, 0.5557 -0.5562 0.3701, 0.563 -0.554 0.3701, 0.5638 -0.5562 0.3701, 0.5594 -0.546 0.3701, 0.5585 -0.5422 0.3701, 0.5511 -0.5615 0.3701, 0.5539 -0.5615 0.3701, 0.5596 -0.5454 0.3701, 0.5597 -0.5446 0.3701, 0.5612 -0.5422 0.3701, 0.5598 -0.5446 0.3701, 0.56 -0.5454 0.3701, 0.5601 -0.546 0.3701, 0.5685 -0.5615 0.3701, 0.5658 -0.5615 0.3701, 0.5585 -0.5422 0.3661, 0.5612 -0.5422 0.3661, 0.5511 -0.5615 0.3661, 0.5567 -0.5469 0.3661, 0.5539 -0.5615 0.3661, 0.5557 -0.5562 0.3661, 0.5638 -0.5562 0.3661, 0.5567 -0.5562 0.3661, 0.5658 -0.5615 0.3661, 0.5685 -0.5615 0.3661, 0.5594 -0.546 0.3661, 0.5596 -0.5454 0.3661, 0.5597 -0.5446 0.3661, 0.5565 -0.554 0.3661, 0.563 -0.554 0.3661, 0.5601 -0.546 0.3661, 0.5598 -0.5446 0.3661, 0.56 -0.5454 0.3661
            ]
        }
        coordIndex [
            0,1,2,-1,2,1,3,-1,2,3,4,-1,5,2,6,-1,6,2,4,-1,5,6,7,-1,7,6,8,-1,7,8,9,-1,10,7,11,-1,11,7,9,-1,12,13,14,-1,14,13,10,-1,14,10,11,-1,15,13,16,-1,16,13,12,-1,17,18,19,-1,19,18,15,-1,19,15,16,-1,20,18,21,-1,21,18,17,-1,22,23,24,-1,24,23,20,-1,24,20,21,-1,25,23,26,-1,26,23,22,-1,25,26,27,-1,27,26,28,-1,27,28,29,-1,0,27,1,-1,1,27,29,-1,25,27,0,-1,0,2,25,-1,25,2,5,-1,25,5,23,-1,18,20,15,-1,15,20,23,-1,15,23,13,-1,13,23,5,-1,13,5,10,-1,10,5,7,-1,30,31,32,-1,32,31,33,-1,34,30,35,-1,35,30,32,-1,36,34,37,-1,37,34,35,-1,38,36,39,-1,39,36,37,-1,40,38,41,-1,41,38,39,-1,42,40,43,-1,43,40,41,-1,44,42,45,-1,45,42,43,-1,46,44,47,-1,47,44,45,-1,48,46,49,-1,49,46,47,-1,50,48,51,-1,51,48,49,-1,52,50,53,-1,53,50,51,-1,31,52,33,-1,33,52,53,-1,50,52,31,-1,31,30,50,-1,50,30,34,-1,50,34,48,-1,44,46,42,-1,42,46,48,-1,42,48,40,-1,40,48,34,-1,40,34,38,-1,38,34,36,-1,54,55,56,-1,56,55,57,-1,58,59,54,-1,54,59,60,-1,54,60,55,-1,55,60,61,-1,58,62,59,-1,59,62,63,-1,59,63,64,-1,64,63,65,-1,64,65,66,-1,66,67,64,-1,64,67,56,-1,64,56,68,-1,68,56,57,-1,68,57,69,-1,59,64,70,-1,70,64,71,-1,72,60,73,-1,73,60,59,-1,73,59,70,-1,61,60,74,-1,74,60,72,-1,55,61,75,-1,75,61,74,-1,76,57,77,-1,77,57,55,-1,77,55,75,-1,69,57,78,-1,78,57,76,-1,68,69,79,-1,79,69,78,-1,64,68,71,-1,71,68,79,-1,58,80,81,-1,58,81,62,-1,62,81,82,-1,62,82,63,-1,58,54,80,-1,80,54,83,-1,54,56,83,-1,83,56,84,-1,56,67,84,-1,84,67,85,-1,65,86,87,-1,65,87,66,-1,66,87,85,-1,66,85,67,-1,65,63,86,-1,86,63,82,-1,
        ]
    }
}
Shape{
    appearance Appearance {
        material  Material 	{
            diffuseColor 0.20784313725490197 0.20784313725490197 0.20784313725490197
            specularColor 0.01568627450980392 0.01568627450980392 0.01568627450980392
            ambientIntensity 0.298
            transparency 0.0
            shininess 0.5
        }
    }
    geometry IndexedFaceSet {
        ccw TRUE
        solid FALSE
        coord DEF co Coordinate {
            point [
                0.5598 -0.5446 0.3661, 0.5597 -0.5446 0.3661, 0.56 -0.5454 0.3661, 0.5596 -0.5454 0.3661, 0.5601 -0.546 0.3661, 0.5594 -0.546 0.3661, 0.563 -0.554 0.3661, 0.5565 -0.554 0.3661
            ]
        }
        coordIndex [
            0,1,2,-1,2,1,3,-1,2,3,4,-1,4,3,5,-1,4,5,6,-1,6,5,7,-1,
        ]
    }
}
Shape{
    appearance Appearance {
        material  Material 	{
            diffuseColor 1.0 1.0 1.0
            specularColor 0.8784313725490196 0.8784313725490196 0.8784313725490196
            ambientIntensity 1.0
            transparency 0.0
            shininess 0.5
        }
    }
    geometry IndexedFaceSet {
        ccw TRUE
        solid FALSE
        coord DEF co Coordinate {
            point [
                0.5228 -0.5593 0.3661, 0.5228 -0.5593 0.3701, 0.528 -0.5593 0.3661, 0.5307 -0.5593 0.3701, 0.5307 -0.5593 0.3661, 0.5228 -0.5528 0.3701, 0.5228 -0.5528 0.3661, 0.5297 -0.5528 0.3661, 0.5297 -0.5528 0.3701, 0.528 -0.5528 0.3661, 0.5297 -0.5506 0.3701, 0.5297 -0.5506 0.3661, 0.5228 -0.5506 0.3661, 0.5228 -0.5506 0.3701, 0.528 -0.5506 0.3661, 0.5228 -0.5444 0.3701, 0.5228 -0.5444 0.3661, 0.5303 -0.5444 0.3661, 0.5303 -0.5444 0.3701, 0.528 -0.5444 0.3661, 0.5303 -0.5422 0.3701, 0.5303 -0.5422 0.3661, 0.5203 -0.5422 0.3661, 0.5203 -0.5422 0.3701, 0.528 -0.5422 0.3661, 0.5203 -0.5615 0.3701, 0.5203 -0.5615 0.3661, 0.5307 -0.5615 0.3701, 0.528 -0.5615 0.3661, 0.5307 -0.5615 0.3661, 0.4935 -0.5593 0.3701, 0.5012 -0.5593 0.3701, 0.4935 -0.5593 0.3661, 0.5012 -0.5593 0.3661, 0.4935 -0.5422 0.3701, 0.4935 -0.5422 0.3661, 0.491 -0.5422 0.3701, 0.491 -0.5422 0.3661, 0.491 -0.5615 0.3701, 0.491 -0.5615 0.3661, 0.5012 -0.5615 0.3701, 0.5012 -0.5615 0.3661
            ]
        }
        coordIndex [
            0,1,2,-1,2,1,3,-1,2,3,4,-1,5,1,6,-1,6,1,0,-1,7,8,9,-1,9,8,5,-1,9,5,6,-1,10,8,11,-1,11,8,7,-1,12,13,14,-1,14,13,10,-1,14,10,11,-1,15,13,16,-1,16,13,12,-1,17,18,19,-1,19,18,15,-1,19,15,16,-1,20,18,21,-1,21,18,17,-1,22,23,24,-1,24,23,20,-1,24,20,21,-1,25,23,26,-1,26,23,22,-1,25,26,27,-1,27,26,28,-1,27,28,29,-1,3,27,4,-1,4,27,29,-1,25,27,3,-1,3,1,25,-1,25,1,5,-1,25,5,23,-1,18,20,15,-1,15,20,23,-1,15,23,13,-1,13,23,5,-1,13,5,10,-1,10,5,8,-1,30,31,32,-1,32,31,33,-1,34,30,35,-1,35,30,32,-1,36,34,37,-1,37,34,35,-1,38,36,39,-1,39,36,37,-1,40,38,41,-1,41,38,39,-1,31,40,33,-1,33,40,41,-1,34,36,30,-1,30,36,38,-1,30,38,31,-1,31,38,40,-1,
        ]
    }
}