ISO-10303-21;
HEADER;
FILE_DESCRIPTION(('KiCad electronic assembly'),'2;1');
FILE_NAME('backplane-backer.step','2026-09-29T21:52:54',('Pcbnew'),(
    'Kicad'),'Open CASCADE STEP processor 7.8','KiCad to STEP converter'
  ,'Unknown');
FILE_SCHEMA(('AUTOMOTIVE_DESIGN { 1 0 10303 214 1 1 1 1 }'));
ENDSEC;
DATA;
#1 = APPLICATION_PROTOCOL_DEFINITION('international standard',
  'automotive_design',2000,#2);
#2 = APPLICATION_CONTEXT(
  'core data for automotive mechanical design processes');
#3 = SHAPE_DEFINITION_REPRESENTATION(#4,#10);
#4 = PRODUCT_DEFINITION_SHAPE('','',#5);
#5 = PRODUCT_DEFINITION('design','',#6,#9);
#6 = PRODUCT_DEFINITION_FORMATION('','',#7);
#7 = PRODUCT('backplane-backer 1','backplane-backer 1','',(#8));
#8 = PRODUCT_CONTEXT('',#2,'mechanical');
#9 = PRODUCT_DEFINITION_CONTEXT('part definition',#2,'design');
#10 = SHAPE_REPRESENTATION('',(#11,#15,#19),#23);
#11 = AXIS2_PLACEMENT_3D('',#12,#13,#14);
#12 = CARTESIAN_POINT('',(0.,0.,0.));
#13 = DIRECTION('',(0.,0.,1.));
#14 = DIRECTION('',(1.,0.,-0.));
#15 = AXIS2_PLACEMENT_3D('',#16,#17,#18);
#16 = CARTESIAN_POINT('',(0.,0.,0.));
#17 = DIRECTION('',(0.,0.,1.));
#18 = DIRECTION('',(1.,0.,-0.));
#19 = AXIS2_PLACEMENT_3D('',#20,#21,#22);
#20 = CARTESIAN_POINT('',(0.,0.,0.));
#21 = DIRECTION('',(0.,0.,1.));
#22 = DIRECTION('',(1.,0.,-0.));
#23 = ( GEOMETRIC_REPRESENTATION_CONTEXT(3) 
GLOBAL_UNCERTAINTY_ASSIGNED_CONTEXT((#27)) GLOBAL_UNIT_ASSIGNED_CONTEXT(
(#24,#25,#26)) REPRESENTATION_CONTEXT('Context #1',
  '3D Context with UNIT and UNCERTAINTY') );
#24 = ( LENGTH_UNIT() NAMED_UNIT(*) SI_UNIT(.MILLI.,.METRE.) );
#25 = ( NAMED_UNIT(*) PLANE_ANGLE_UNIT() SI_UNIT($,.RADIAN.) );
#26 = ( NAMED_UNIT(*) SI_UNIT($,.STERADIAN.) SOLID_ANGLE_UNIT() );
#27 = UNCERTAINTY_MEASURE_WITH_UNIT(LENGTH_MEASURE(1.E-07),#24,
  'distance_accuracy_value','confusion accuracy');
#28 = PRODUCT_RELATED_PRODUCT_CATEGORY('part',$,(#7));
#29 = SHAPE_DEFINITION_REPRESENTATION(#30,#36);
#30 = PRODUCT_DEFINITION_SHAPE('','',#31);
#31 = PRODUCT_DEFINITION('design','',#32,#35);
#32 = PRODUCT_DEFINITION_FORMATION('','',#33);
#33 = PRODUCT('backplane-backer_silkscreen',
  'backplane-backer_silkscreen','',(#34));
#34 = PRODUCT_CONTEXT('',#2,'mechanical');
#35 = PRODUCT_DEFINITION_CONTEXT('part definition',#2,'design');
#36 = SHAPE_REPRESENTATION('',(#11,#37,#487,#953,#1019,#1061,#1159,#1201
    ,#1665,#2059,#2571,#3035,#3488,#3758,#3872,#4044,#4158,#4410,#4452,
    #4655,#4697),#4739);
#37 = SHELL_BASED_SURFACE_MODEL('',(#38));
#38 = OPEN_SHELL('',(#39));
#39 = ADVANCED_FACE('',(#40,#254),#482,.T.);
#40 = FACE_BOUND('',#41,.F.);
#41 = EDGE_LOOP('',(#42,#53,#61,#69,#78,#86,#94,#102,#110,#118,#126,#134
    ,#142,#150,#159,#167,#175,#184,#192,#200,#208,#216,#224,#232,#240,
    #248));
#42 = ORIENTED_EDGE('',*,*,#43,.T.);
#43 = EDGE_CURVE('',#44,#46,#48,.T.);
#44 = VERTEX_POINT('',#45);
#45 = CARTESIAN_POINT('',(66.926536,-58.36545,1.585));
#46 = VERTEX_POINT('',#47);
#47 = CARTESIAN_POINT('',(67.158907,-58.244402,1.585));
#48 = CIRCLE('',#49,0.422904232684);
#49 = AXIS2_PLACEMENT_3D('',#50,#51,#52);
#50 = CARTESIAN_POINT('',(67.228491987187,-58.66154216778,1.585));
#51 = DIRECTION('',(0.,0.,-1.));
#52 = DIRECTION('',(-0.714005592402,0.700139996014,0.));
#53 = ORIENTED_EDGE('',*,*,#54,.T.);
#54 = EDGE_CURVE('',#46,#55,#57,.T.);
#55 = VERTEX_POINT('',#56);
#56 = CARTESIAN_POINT('',(67.259765,-58.235753,1.585));
#57 = LINE('',#58,#59);
#58 = CARTESIAN_POINT('',(67.158907,-58.244402,1.585));
#59 = VECTOR('',#60,1.);
#60 = DIRECTION('',(0.996343261971,8.544064796827E-02,0.));
#61 = ORIENTED_EDGE('',*,*,#62,.T.);
#62 = EDGE_CURVE('',#55,#63,#65,.T.);
#63 = VERTEX_POINT('',#64);
#64 = CARTESIAN_POINT('',(67.360624,-58.244403,1.585));
#65 = LINE('',#66,#67);
#66 = CARTESIAN_POINT('',(67.259765,-58.235753,1.585));
#67 = VECTOR('',#68,1.);
#68 = DIRECTION('',(0.9963424931,-8.544961347339E-02,0.));
#69 = ORIENTED_EDGE('',*,*,#70,.T.);
#70 = EDGE_CURVE('',#63,#71,#73,.T.);
#71 = VERTEX_POINT('',#72);
#72 = CARTESIAN_POINT('',(67.652691,-58.43936,1.585));
#73 = CIRCLE('',#74,0.431740894502);
#74 = AXIS2_PLACEMENT_3D('',#75,#76,#77);
#75 = CARTESIAN_POINT('',(67.287677979589,-58.6699368742,1.585));
#76 = DIRECTION('',(0.,0.,-1.));
#77 = DIRECTION('',(0.168957866489,0.985623274559,0.));
#78 = ORIENTED_EDGE('',*,*,#79,.T.);
#79 = EDGE_CURVE('',#71,#80,#82,.T.);
#80 = VERTEX_POINT('',#81);
#81 = CARTESIAN_POINT('',(67.707718,-58.542089,1.585));
#82 = LINE('',#83,#84);
#83 = CARTESIAN_POINT('',(67.652691,-58.43936,1.585));
#84 = VECTOR('',#85,1.);
#85 = DIRECTION('',(0.472178788324,-0.881502803091,0.));
#86 = ORIENTED_EDGE('',*,*,#87,.T.);
#87 = EDGE_CURVE('',#80,#88,#90,.T.);
#88 = VERTEX_POINT('',#89);
#89 = CARTESIAN_POINT('',(67.750298,-58.671078,1.585));
#90 = LINE('',#91,#92);
#91 = CARTESIAN_POINT('',(67.707718,-58.542089,1.585));
#92 = VECTOR('',#93,1.);
#93 = DIRECTION('',(0.313467940772,-0.949598783755,0.));
#94 = ORIENTED_EDGE('',*,*,#95,.T.);
#95 = EDGE_CURVE('',#88,#96,#98,.T.);
#96 = VERTEX_POINT('',#97);
#97 = CARTESIAN_POINT('',(67.778306,-58.831799,1.585));
#98 = LINE('',#99,#100);
#99 = CARTESIAN_POINT('',(67.750298,-58.671078,1.585));
#100 = VECTOR('',#101,1.);
#101 = DIRECTION('',(0.171677448486,-0.985153213303,0.));
#102 = ORIENTED_EDGE('',*,*,#103,.T.);
#103 = EDGE_CURVE('',#96,#104,#106,.T.);
#104 = VERTEX_POINT('',#105);
#105 = CARTESIAN_POINT('',(67.78852,-59.03058,1.585));
#106 = LINE('',#107,#108);
#107 = CARTESIAN_POINT('',(67.778306,-58.831799,1.585));
#108 = VECTOR('',#109,1.);
#109 = DIRECTION('',(5.131548276976E-02,-0.998682492701,0.));
#110 = ORIENTED_EDGE('',*,*,#111,.T.);
#111 = EDGE_CURVE('',#104,#112,#114,.T.);
#112 = VERTEX_POINT('',#113);
#113 = CARTESIAN_POINT('',(67.778319,-59.228738,1.585));
#114 = LINE('',#115,#116);
#115 = CARTESIAN_POINT('',(67.78852,-59.03058,1.585));
#116 = VECTOR('',#117,1.);
#117 = DIRECTION('',(-5.141104558536E-02,-0.998677577796,0.));
#118 = ORIENTED_EDGE('',*,*,#119,.T.);
#119 = EDGE_CURVE('',#112,#120,#122,.T.);
#120 = VERTEX_POINT('',#121);
#121 = CARTESIAN_POINT('',(67.750329,-59.389125,1.585));
#122 = LINE('',#123,#124);
#123 = CARTESIAN_POINT('',(67.778319,-59.228738,1.585));
#124 = VECTOR('',#125,1.);
#125 = DIRECTION('',(-0.171917104484,-0.985111419681,0.));
#126 = ORIENTED_EDGE('',*,*,#127,.T.);
#127 = EDGE_CURVE('',#120,#128,#130,.T.);
#128 = VERTEX_POINT('',#129);
#129 = CARTESIAN_POINT('',(67.707752,-59.518005,1.585));
#130 = LINE('',#131,#132);
#131 = CARTESIAN_POINT('',(67.750329,-59.389125,1.585));
#132 = VECTOR('',#133,1.);
#133 = DIRECTION('',(-0.313687047607,-0.949526427312,0.));
#134 = ORIENTED_EDGE('',*,*,#135,.T.);
#135 = EDGE_CURVE('',#128,#136,#138,.T.);
#136 = VERTEX_POINT('',#137);
#137 = CARTESIAN_POINT('',(67.652691,-59.620793,1.585));
#138 = LINE('',#139,#140);
#139 = CARTESIAN_POINT('',(67.707752,-59.518005,1.585));
#140 = VECTOR('',#141,1.);
#141 = DIRECTION('',(-0.472194758326,-0.88149424854,0.));
#142 = ORIENTED_EDGE('',*,*,#143,.T.);
#143 = EDGE_CURVE('',#136,#144,#146,.T.);
#144 = VERTEX_POINT('',#145);
#145 = CARTESIAN_POINT('',(67.592942,-59.694663,1.585));
#146 = LINE('',#147,#148);
#147 = CARTESIAN_POINT('',(67.652691,-59.620793,1.585));
#148 = VECTOR('',#149,1.);
#149 = DIRECTION('',(-0.628876922187,-0.777504866056,0.));
#150 = ORIENTED_EDGE('',*,*,#151,.T.);
#151 = EDGE_CURVE('',#144,#152,#154,.T.);
#152 = VERTEX_POINT('',#153);
#153 = CARTESIAN_POINT('',(67.360629,-59.815662,1.585));
#154 = CIRCLE('',#155,0.422704607439);
#155 = AXIS2_PLACEMENT_3D('',#156,#157,#158);
#156 = CARTESIAN_POINT('',(67.291129109068,-59.39871002397,1.585));
#157 = DIRECTION('',(0.,0.,-1.));
#158 = DIRECTION('',(0.714004261179,-0.700141353598,0.));
#159 = ORIENTED_EDGE('',*,*,#160,.T.);
#160 = EDGE_CURVE('',#152,#161,#163,.T.);
#161 = VERTEX_POINT('',#162);
#162 = CARTESIAN_POINT('',(67.259765,-59.824309,1.585));
#163 = LINE('',#164,#165);
#164 = CARTESIAN_POINT('',(67.360629,-59.815662,1.585));
#165 = VECTOR('',#166,1.);
#166 = DIRECTION('',(-0.996345376144,-8.541599051709E-02,0.));
#167 = ORIENTED_EDGE('',*,*,#168,.T.);
#168 = EDGE_CURVE('',#161,#169,#171,.T.);
#169 = VERTEX_POINT('',#170);
#170 = CARTESIAN_POINT('',(67.158902,-59.815663,1.585));
#171 = LINE('',#172,#173);
#172 = CARTESIAN_POINT('',(67.259765,-59.824309,1.585));
#173 = VECTOR('',#174,1.);
#174 = DIRECTION('',(-0.996346144707,8.540702504523E-02,0.));
#175 = ORIENTED_EDGE('',*,*,#176,.T.);
#176 = EDGE_CURVE('',#169,#177,#179,.T.);
#177 = VERTEX_POINT('',#178);
#178 = CARTESIAN_POINT('',(66.866748,-59.620793,1.585));
#179 = CIRCLE('',#180,0.431995470875);
#180 = AXIS2_PLACEMENT_3D('',#181,#182,#183);
#181 = CARTESIAN_POINT('',(67.231843439052,-59.38987005345,1.585));
#182 = DIRECTION('',(0.,0.,-1.));
#183 = DIRECTION('',(-0.168847693945,-0.985642154257,-0.));
#184 = ORIENTED_EDGE('',*,*,#185,.T.);
#185 = EDGE_CURVE('',#177,#186,#188,.T.);
#186 = VERTEX_POINT('',#187);
#187 = CARTESIAN_POINT('',(66.811726,-59.518011,1.585));
#188 = LINE('',#189,#190);
#189 = CARTESIAN_POINT('',(66.866748,-59.620793,1.585));
#190 = VECTOR('',#191,1.);
#191 = DIRECTION('',(-0.471956225415,0.881621983217,0.));
#192 = ORIENTED_EDGE('',*,*,#193,.T.);
#193 = EDGE_CURVE('',#186,#194,#196,.T.);
#194 = VERTEX_POINT('',#195);
#195 = CARTESIAN_POINT('',(66.769177,-59.389133,1.585));
#196 = LINE('',#197,#198);
#197 = CARTESIAN_POINT('',(66.811726,-59.518011,1.585));
#198 = VECTOR('',#199,1.);
#199 = DIRECTION('',(-0.313505424727,0.949586409268,0.));
#200 = ORIENTED_EDGE('',*,*,#201,.T.);
#201 = EDGE_CURVE('',#194,#202,#204,.T.);
#202 = VERTEX_POINT('',#203);
#203 = CARTESIAN_POINT('',(66.741205,-59.228744,1.585));
#204 = LINE('',#205,#206);
#205 = CARTESIAN_POINT('',(66.769177,-59.389133,1.585));
#206 = VECTOR('',#207,1.);
#207 = DIRECTION('',(-0.171807732213,0.985130500569,0.));
#208 = ORIENTED_EDGE('',*,*,#209,.T.);
#209 = EDGE_CURVE('',#202,#210,#212,.T.);
#210 = VERTEX_POINT('',#211);
#211 = CARTESIAN_POINT('',(66.73101,-59.03058,1.585));
#212 = LINE('',#213,#214);
#213 = CARTESIAN_POINT('',(66.741205,-59.228744,1.585));
#214 = VECTOR('',#215,1.);
#215 = DIRECTION('',(-5.137933501103E-02,0.998679209723,0.));
#216 = ORIENTED_EDGE('',*,*,#217,.T.);
#217 = EDGE_CURVE('',#210,#218,#220,.T.);
#218 = VERTEX_POINT('',#219);
#219 = CARTESIAN_POINT('',(66.741217,-58.831792,1.585));
#220 = LINE('',#221,#222);
#221 = CARTESIAN_POINT('',(66.73101,-59.03058,1.585));
#222 = VECTOR('',#223,1.);
#223 = DIRECTION('',(5.127860603615E-02,0.998684386863,0.));
#224 = ORIENTED_EDGE('',*,*,#225,.T.);
#225 = EDGE_CURVE('',#218,#226,#228,.T.);
#226 = VERTEX_POINT('',#227);
#227 = CARTESIAN_POINT('',(66.769208,-58.67107,1.585));
#228 = LINE('',#229,#230);
#229 = CARTESIAN_POINT('',(66.741217,-58.831792,1.585));
#230 = VECTOR('',#231,1.);
#231 = DIRECTION('',(0.17157527789,0.985171012575,0.));
#232 = ORIENTED_EDGE('',*,*,#233,.T.);
#233 = EDGE_CURVE('',#226,#234,#236,.T.);
#234 = VERTEX_POINT('',#235);
#235 = CARTESIAN_POINT('',(66.81176,-58.542083,1.585));
#236 = LINE('',#237,#238);
#237 = CARTESIAN_POINT('',(66.769208,-58.67107,1.585));
#238 = VECTOR('',#239,1.);
#239 = DIRECTION('',(0.31328642651,0.949658683404,0.));
#240 = ORIENTED_EDGE('',*,*,#241,.T.);
#241 = EDGE_CURVE('',#234,#242,#244,.T.);
#242 = VERTEX_POINT('',#243);
#243 = CARTESIAN_POINT('',(66.866748,-58.43936,1.585));
#244 = LINE('',#245,#246);
#245 = CARTESIAN_POINT('',(66.81176,-58.542083,1.585));
#246 = VECTOR('',#247,1.);
#247 = DIRECTION('',(0.471940110498,0.881630609781,0.));
#248 = ORIENTED_EDGE('',*,*,#249,.T.);
#249 = EDGE_CURVE('',#242,#44,#250,.T.);
#250 = LINE('',#251,#252);
#251 = CARTESIAN_POINT('',(66.866748,-58.43936,1.585));
#252 = VECTOR('',#253,1.);
#253 = DIRECTION('',(0.62891918558,0.777470679839,0.));
#254 = FACE_BOUND('',#255,.F.);
#255 = EDGE_LOOP('',(#256,#266,#274,#283,#291,#299,#307,#315,#323,#331,
    #339,#347,#355,#363,#372,#380,#388,#396,#404,#412,#420,#428,#436,
    #444,#452,#460,#468,#476));
#256 = ORIENTED_EDGE('',*,*,#257,.T.);
#257 = EDGE_CURVE('',#258,#260,#262,.T.);
#258 = VERTEX_POINT('',#259);
#259 = CARTESIAN_POINT('',(67.398897,-58.438212,1.585));
#260 = VERTEX_POINT('',#261);
#261 = CARTESIAN_POINT('',(67.335187,-58.409733,1.585));
#262 = LINE('',#263,#264);
#263 = CARTESIAN_POINT('',(67.398897,-58.438212,1.585));
#264 = VECTOR('',#265,1.);
#265 = DIRECTION('',(-0.91294022379,0.408093307696,0.));
#266 = ORIENTED_EDGE('',*,*,#267,.T.);
#267 = EDGE_CURVE('',#260,#268,#270,.T.);
#268 = VERTEX_POINT('',#269);
#269 = CARTESIAN_POINT('',(67.259765,-58.399884,1.585));
#270 = LINE('',#271,#272);
#271 = CARTESIAN_POINT('',(67.335187,-58.409733,1.585));
#272 = VECTOR('',#273,1.);
#273 = DIRECTION('',(-0.99158126616,0.129485877999,0.));
#274 = ORIENTED_EDGE('',*,*,#275,.T.);
#275 = EDGE_CURVE('',#268,#276,#278,.T.);
#276 = VERTEX_POINT('',#277);
#277 = CARTESIAN_POINT('',(67.0667,-58.486051,1.585));
#278 = CIRCLE('',#279,0.246525495019);
#279 = AXIS2_PLACEMENT_3D('',#280,#281,#282);
#280 = CARTESIAN_POINT('',(67.254000784718,-58.64634209687,1.585));
#281 = DIRECTION('',(0.,0.,1.));
#282 = DIRECTION('',(2.338182215678E-02,0.999726607825,-0.));
#283 = ORIENTED_EDGE('',*,*,#284,.T.);
#284 = EDGE_CURVE('',#276,#285,#287,.T.);
#285 = VERTEX_POINT('',#286);
#286 = CARTESIAN_POINT('',(67.01943,-58.557329,1.585));
#287 = LINE('',#288,#289);
#288 = CARTESIAN_POINT('',(67.0667,-58.486051,1.585));
#289 = VECTOR('',#290,1.);
#290 = DIRECTION('',(-0.552685732525,-0.833389753394,0.));
#291 = ORIENTED_EDGE('',*,*,#292,.T.);
#292 = EDGE_CURVE('',#285,#293,#295,.T.);
#293 = VERTEX_POINT('',#294);
#294 = CARTESIAN_POINT('',(66.987686,-58.635016,1.585));
#295 = LINE('',#296,#297);
#296 = CARTESIAN_POINT('',(67.01943,-58.557329,1.585));
#297 = VECTOR('',#298,1.);
#298 = DIRECTION('',(-0.378254672489,-0.925701573262,0.));
#299 = ORIENTED_EDGE('',*,*,#300,.T.);
#300 = EDGE_CURVE('',#293,#301,#303,.T.);
#301 = VERTEX_POINT('',#302);
#302 = CARTESIAN_POINT('',(66.962349,-58.736246,1.585));
#303 = LINE('',#304,#305);
#304 = CARTESIAN_POINT('',(66.987686,-58.635016,1.585));
#305 = VECTOR('',#306,1.);
#306 = DIRECTION('',(-0.242801682035,-0.97007594713,0.));
#307 = ORIENTED_EDGE('',*,*,#308,.T.);
#308 = EDGE_CURVE('',#301,#309,#311,.T.);
#309 = VERTEX_POINT('',#310);
#310 = CARTESIAN_POINT('',(66.945312,-58.866175,1.585));
#311 = LINE('',#312,#313);
#312 = CARTESIAN_POINT('',(66.962349,-58.736246,1.585));
#313 = VECTOR('',#314,1.);
#314 = DIRECTION('',(-0.130012514204,-0.991512352999,0.));
#315 = ORIENTED_EDGE('',*,*,#316,.T.);
#316 = EDGE_CURVE('',#309,#317,#319,.T.);
#317 = VERTEX_POINT('',#318);
#318 = CARTESIAN_POINT('',(66.939013,-59.03058,1.585));
#319 = LINE('',#320,#321);
#320 = CARTESIAN_POINT('',(66.945312,-58.866175,1.585));
#321 = VECTOR('',#322,1.);
#322 = DIRECTION('',(-3.8285829233E-02,-0.99926682887,0.));
#323 = ORIENTED_EDGE('',*,*,#324,.T.);
#324 = EDGE_CURVE('',#317,#325,#327,.T.);
#325 = VERTEX_POINT('',#326);
#326 = CARTESIAN_POINT('',(66.945303,-59.194357,1.585));
#327 = LINE('',#328,#329);
#328 = CARTESIAN_POINT('',(66.939013,-59.03058,1.585));
#329 = VECTOR('',#330,1.);
#330 = DIRECTION('',(3.837758790128E-02,-0.999263309017,0.));
#331 = ORIENTED_EDGE('',*,*,#332,.T.);
#332 = EDGE_CURVE('',#325,#333,#335,.T.);
#333 = VERTEX_POINT('',#334);
#334 = CARTESIAN_POINT('',(66.962326,-59.323955,1.585));
#335 = LINE('',#336,#337);
#336 = CARTESIAN_POINT('',(66.945303,-59.194357,1.585));
#337 = VECTOR('',#338,1.);
#338 = DIRECTION('',(0.130233651346,-0.991483331205,0.));
#339 = ORIENTED_EDGE('',*,*,#340,.T.);
#340 = EDGE_CURVE('',#333,#341,#343,.T.);
#341 = VERTEX_POINT('',#342);
#342 = CARTESIAN_POINT('',(66.987661,-59.42508,1.585));
#343 = LINE('',#344,#345);
#344 = CARTESIAN_POINT('',(66.962326,-59.323955,1.585));
#345 = VECTOR('',#346,1.);
#346 = DIRECTION('',(0.243020852089,-0.970021064436,0.));
#347 = ORIENTED_EDGE('',*,*,#348,.T.);
#348 = EDGE_CURVE('',#341,#349,#351,.T.);
#349 = VERTEX_POINT('',#350);
#350 = CARTESIAN_POINT('',(67.01943,-59.502824,1.585));
#351 = LINE('',#352,#353);
#352 = CARTESIAN_POINT('',(66.987661,-59.42508,1.585));
#353 = VECTOR('',#354,1.);
#354 = DIRECTION('',(0.378272109936,-0.925694447885,0.));
#355 = ORIENTED_EDGE('',*,*,#356,.T.);
#356 = EDGE_CURVE('',#349,#357,#359,.T.);
#357 = VERTEX_POINT('',#358);
#358 = CARTESIAN_POINT('',(67.066695,-59.574055,1.585));
#359 = LINE('',#360,#361);
#360 = CARTESIAN_POINT('',(67.01943,-59.502824,1.585));
#361 = VECTOR('',#362,1.);
#362 = DIRECTION('',(0.552898330133,-0.833248724293,0.));
#363 = ORIENTED_EDGE('',*,*,#364,.T.);
#364 = EDGE_CURVE('',#357,#365,#367,.T.);
#365 = VERTEX_POINT('',#366);
#366 = CARTESIAN_POINT('',(67.259765,-59.660177,1.585));
#367 = CIRCLE('',#368,0.243678477134);
#368 = AXIS2_PLACEMENT_3D('',#369,#370,#371);
#369 = CARTESIAN_POINT('',(67.252672624615,-59.41660175817,1.585));
#370 = DIRECTION('',(0.,0.,1.));
#371 = DIRECTION('',(-0.763209072882,-0.646151616164,0.));
#372 = ORIENTED_EDGE('',*,*,#373,.T.);
#373 = EDGE_CURVE('',#365,#374,#376,.T.);
#374 = VERTEX_POINT('',#375);
#375 = CARTESIAN_POINT('',(67.335193,-59.650332,1.585));
#376 = LINE('',#377,#378);
#377 = CARTESIAN_POINT('',(67.259765,-59.660177,1.585));
#378 = VECTOR('',#379,1.);
#379 = DIRECTION('',(0.991589338382,0.129424047255,0.));
#380 = ORIENTED_EDGE('',*,*,#381,.T.);
#381 = EDGE_CURVE('',#374,#382,#384,.T.);
#382 = VERTEX_POINT('',#383);
#383 = CARTESIAN_POINT('',(67.398905,-59.621867,1.585));
#384 = LINE('',#385,#386);
#385 = CARTESIAN_POINT('',(67.335193,-59.650332,1.585));
#386 = VECTOR('',#387,1.);
#387 = DIRECTION('',(0.913019725779,0.407915408311,0.));
#388 = ORIENTED_EDGE('',*,*,#389,.T.);
#389 = EDGE_CURVE('',#382,#390,#392,.T.);
#390 = VERTEX_POINT('',#391);
#391 = CARTESIAN_POINT('',(67.453792,-59.573977,1.585));
#392 = LINE('',#393,#394);
#393 = CARTESIAN_POINT('',(67.398905,-59.621867,1.585));
#394 = VECTOR('',#395,1.);
#395 = DIRECTION('',(0.753502060127,0.657445545566,0.));
#396 = ORIENTED_EDGE('',*,*,#397,.T.);
#397 = EDGE_CURVE('',#390,#398,#400,.T.);
#398 = VERTEX_POINT('',#399);
#399 = CARTESIAN_POINT('',(67.501016,-59.502824,1.585));
#400 = LINE('',#401,#402);
#401 = CARTESIAN_POINT('',(67.453792,-59.573977,1.585));
#402 = VECTOR('',#403,1.);
#403 = DIRECTION('',(0.552985779753,0.833190690893,0.));
#404 = ORIENTED_EDGE('',*,*,#405,.T.);
#405 = EDGE_CURVE('',#398,#406,#408,.T.);
#406 = VERTEX_POINT('',#407);
#407 = CARTESIAN_POINT('',(67.532823,-59.425075,1.585));
#408 = LINE('',#409,#410);
#409 = CARTESIAN_POINT('',(67.501016,-59.502824,1.585));
#410 = VECTOR('',#411,1.);
#411 = DIRECTION('',(0.378638871587,0.925544491056,0.));
#412 = ORIENTED_EDGE('',*,*,#413,.T.);
#413 = EDGE_CURVE('',#406,#414,#416,.T.);
#414 = VERTEX_POINT('',#415);
#415 = CARTESIAN_POINT('',(67.558186,-59.323948,1.585));
#416 = LINE('',#417,#418);
#417 = CARTESIAN_POINT('',(67.532823,-59.425075,1.585));
#418 = VECTOR('',#419,1.);
#419 = DIRECTION('',(0.243269022789,0.969958856113,0.));
#420 = ORIENTED_EDGE('',*,*,#421,.T.);
#421 = EDGE_CURVE('',#414,#422,#424,.T.);
#422 = VERTEX_POINT('',#423);
#423 = CARTESIAN_POINT('',(67.575227,-59.194352,1.585));
#424 = LINE('',#425,#426);
#425 = CARTESIAN_POINT('',(67.558186,-59.323948,1.585));
#426 = VECTOR('',#427,1.);
#427 = DIRECTION('',(0.130370997939,0.991465280732,0.));
#428 = ORIENTED_EDGE('',*,*,#429,.T.);
#429 = EDGE_CURVE('',#422,#430,#432,.T.);
#430 = VERTEX_POINT('',#431);
#431 = CARTESIAN_POINT('',(67.581524,-59.03058,1.585));
#432 = LINE('',#433,#434);
#433 = CARTESIAN_POINT('',(67.575227,-59.194352,1.585));
#434 = VECTOR('',#435,1.);
#435 = DIRECTION('',(3.842140569723E-02,0.999261625193,0.));
#436 = ORIENTED_EDGE('',*,*,#437,.T.);
#437 = EDGE_CURVE('',#430,#438,#440,.T.);
#438 = VERTEX_POINT('',#439);
#439 = CARTESIAN_POINT('',(67.575218,-58.86618,1.585));
#440 = LINE('',#441,#442);
#441 = CARTESIAN_POINT('',(67.581524,-59.03058,1.585));
#442 = VECTOR('',#443,1.);
#443 = DIRECTION('',(-3.832947731825E-02,0.999265155586,0.));
#444 = ORIENTED_EDGE('',*,*,#445,.T.);
#445 = EDGE_CURVE('',#438,#446,#448,.T.);
#446 = VERTEX_POINT('',#447);
#447 = CARTESIAN_POINT('',(67.558163,-58.736253,1.585));
#448 = LINE('',#449,#450);
#449 = CARTESIAN_POINT('',(67.575218,-58.86618,1.585));
#450 = VECTOR('',#451,1.);
#451 = DIRECTION('',(-0.130149519538,0.991494378483,0.));
#452 = ORIENTED_EDGE('',*,*,#453,.T.);
#453 = EDGE_CURVE('',#446,#454,#456,.T.);
#454 = VERTEX_POINT('',#455);
#455 = CARTESIAN_POINT('',(67.532798,-58.635021,1.585));
#456 = LINE('',#457,#458);
#457 = CARTESIAN_POINT('',(67.558163,-58.736253,1.585));
#458 = VECTOR('',#459,1.);
#459 = DIRECTION('',(-0.243049641784,0.970013851256,0.));
#460 = ORIENTED_EDGE('',*,*,#461,.T.);
#461 = EDGE_CURVE('',#454,#462,#464,.T.);
#462 = VERTEX_POINT('',#463);
#463 = CARTESIAN_POINT('',(67.501016,-58.557329,1.585));
#464 = LINE('',#465,#466);
#465 = CARTESIAN_POINT('',(67.532798,-58.635021,1.585));
#466 = VECTOR('',#467,1.);
#467 = DIRECTION('',(-0.378621712756,0.925551510522,0.));
#468 = ORIENTED_EDGE('',*,*,#469,.T.);
#469 = EDGE_CURVE('',#462,#470,#472,.T.);
#470 = VERTEX_POINT('',#471);
#471 = CARTESIAN_POINT('',(67.453786,-58.486128,1.585));
#472 = LINE('',#473,#474);
#473 = CARTESIAN_POINT('',(67.501016,-58.557329,1.585));
#474 = VECTOR('',#475,1.);
#475 = DIRECTION('',(-0.552775672252,0.83333010036,0.));
#476 = ORIENTED_EDGE('',*,*,#477,.T.);
#477 = EDGE_CURVE('',#470,#258,#478,.T.);
#478 = LINE('',#479,#480);
#479 = CARTESIAN_POINT('',(67.453786,-58.486128,1.585));
#480 = VECTOR('',#481,1.);
#481 = DIRECTION('',(-0.753337125717,0.657634529976,0.));
#482 = PLANE('',#483);
#483 = AXIS2_PLACEMENT_3D('',#484,#485,#486);
#484 = CARTESIAN_POINT('',(0.,0.,1.585));
#485 = DIRECTION('',(0.,0.,1.));
#486 = DIRECTION('',(1.,0.,-0.));
#487 = SHELL_BASED_SURFACE_MODEL('',(#488));
#488 = OPEN_SHELL('',(#489));
#489 = ADVANCED_FACE('',(#490),#948,.T.);
#490 = FACE_BOUND('',#491,.F.);
#491 = EDGE_LOOP('',(#492,#502,#510,#518,#526,#534,#542,#551,#559,#568,
    #576,#584,#592,#601,#609,#617,#625,#634,#642,#650,#659,#667,#675,
    #683,#691,#700,#708,#716,#725,#733,#741,#750,#758,#766,#774,#782,
    #790,#798,#806,#814,#822,#830,#838,#846,#854,#862,#870,#878,#886,
    #894,#902,#910,#918,#926,#934,#942));
#492 = ORIENTED_EDGE('',*,*,#493,.T.);
#493 = EDGE_CURVE('',#494,#496,#498,.T.);
#494 = VERTEX_POINT('',#495);
#495 = CARTESIAN_POINT('',(71.02315,-58.251873,1.585));
#496 = VERTEX_POINT('',#497);
#497 = CARTESIAN_POINT('',(71.124838,-58.239646,1.585));
#498 = LINE('',#499,#500);
#499 = CARTESIAN_POINT('',(71.02315,-58.251873,1.585));
#500 = VECTOR('',#501,1.);
#501 = DIRECTION('',(0.992848582203,0.119380454081,0.));
#502 = ORIENTED_EDGE('',*,*,#503,.T.);
#503 = EDGE_CURVE('',#496,#504,#506,.T.);
#504 = VERTEX_POINT('',#505);
#505 = CARTESIAN_POINT('',(71.217323,-58.235753,1.585));
#506 = LINE('',#507,#508);
#507 = CARTESIAN_POINT('',(71.124838,-58.239646,1.585));
#508 = VECTOR('',#509,1.);
#509 = DIRECTION('',(0.999115252079,4.205607045838E-02,0.));
#510 = ORIENTED_EDGE('',*,*,#511,.T.);
#511 = EDGE_CURVE('',#504,#512,#514,.T.);
#512 = VERTEX_POINT('',#513);
#513 = CARTESIAN_POINT('',(71.335908,-58.243372,1.585));
#514 = LINE('',#515,#516);
#515 = CARTESIAN_POINT('',(71.217323,-58.235753,1.585));
#516 = VECTOR('',#517,1.);
#517 = DIRECTION('',(0.997942383626,-6.411707231813E-02,0.));
#518 = ORIENTED_EDGE('',*,*,#519,.T.);
#519 = EDGE_CURVE('',#512,#520,#522,.T.);
#520 = VERTEX_POINT('',#521);
#521 = CARTESIAN_POINT('',(71.435665,-58.264734,1.585));
#522 = LINE('',#523,#524);
#523 = CARTESIAN_POINT('',(71.335908,-58.243372,1.585));
#524 = VECTOR('',#525,1.);
#525 = DIRECTION('',(0.977831524146,-0.209393195654,0.));
#526 = ORIENTED_EDGE('',*,*,#527,.T.);
#527 = EDGE_CURVE('',#520,#528,#530,.T.);
#528 = VERTEX_POINT('',#529);
#529 = CARTESIAN_POINT('',(71.519624,-58.298218,1.585));
#530 = LINE('',#531,#532);
#531 = CARTESIAN_POINT('',(71.435665,-58.264734,1.585));
#532 = VECTOR('',#533,1.);
#533 = DIRECTION('',(0.928856169055,-0.370440571763,0.));
#534 = ORIENTED_EDGE('',*,*,#535,.T.);
#535 = EDGE_CURVE('',#528,#536,#538,.T.);
#536 = VERTEX_POINT('',#537);
#537 = CARTESIAN_POINT('',(71.590282,-58.343098,1.585));
#538 = LINE('',#539,#540);
#539 = CARTESIAN_POINT('',(71.519624,-58.298218,1.585));
#540 = VECTOR('',#541,1.);
#541 = DIRECTION('',(0.844116697572,-0.536159492018,0.));
#542 = ORIENTED_EDGE('',*,*,#543,.T.);
#543 = EDGE_CURVE('',#536,#544,#546,.T.);
#544 = VERTEX_POINT('',#545);
#545 = CARTESIAN_POINT('',(71.727577,-58.633258,1.585));
#546 = CIRCLE('',#547,0.348890291434);
#547 = AXIS2_PLACEMENT_3D('',#548,#549,#550);
#548 = CARTESIAN_POINT('',(71.378913760978,-58.62067304028,1.585));
#549 = DIRECTION('',(0.,0.,-1.));
#550 = DIRECTION('',(0.605830096773,0.79559405091,0.));
#551 = ORIENTED_EDGE('',*,*,#552,.T.);
#552 = EDGE_CURVE('',#544,#553,#555,.T.);
#553 = VERTEX_POINT('',#554);
#554 = CARTESIAN_POINT('',(71.71911,-58.715493,1.585));
#555 = LINE('',#556,#557);
#556 = CARTESIAN_POINT('',(71.727577,-58.633258,1.585));
#557 = VECTOR('',#558,1.);
#558 = DIRECTION('',(-0.102419583879,-0.99474128739,0.));
#559 = ORIENTED_EDGE('',*,*,#560,.T.);
#560 = EDGE_CURVE('',#553,#561,#563,.T.);
#561 = VERTEX_POINT('',#562);
#562 = CARTESIAN_POINT('',(71.60125,-58.899611,1.585));
#563 = CIRCLE('',#564,0.310585527218);
#564 = AXIS2_PLACEMENT_3D('',#565,#566,#567);
#565 = CARTESIAN_POINT('',(71.415333048814,-58.65081739682,1.585));
#566 = DIRECTION('',(0.,0.,-1.));
#567 = DIRECTION('',(0.978078257241,-0.208237659208,0.));
#568 = ORIENTED_EDGE('',*,*,#569,.T.);
#569 = EDGE_CURVE('',#561,#570,#572,.T.);
#570 = VERTEX_POINT('',#571);
#571 = CARTESIAN_POINT('',(71.533244,-58.940272,1.585));
#572 = LINE('',#573,#574);
#573 = CARTESIAN_POINT('',(71.60125,-58.899611,1.585));
#574 = VECTOR('',#575,1.);
#575 = DIRECTION('',(-0.858285897497,-0.513171821282,0.));
#576 = ORIENTED_EDGE('',*,*,#577,.T.);
#577 = EDGE_CURVE('',#570,#578,#580,.T.);
#578 = VERTEX_POINT('',#579);
#579 = CARTESIAN_POINT('',(71.447858,-58.97013,1.585));
#580 = LINE('',#581,#582);
#581 = CARTESIAN_POINT('',(71.533244,-58.940272,1.585));
#582 = VECTOR('',#583,1.);
#583 = DIRECTION('',(-0.943951733089,-0.330083513065,0.));
#584 = ORIENTED_EDGE('',*,*,#585,.T.);
#585 = EDGE_CURVE('',#578,#586,#588,.T.);
#586 = VERTEX_POINT('',#587);
#587 = CARTESIAN_POINT('',(71.542181,-59.00003,1.585));
#588 = LINE('',#589,#590);
#589 = CARTESIAN_POINT('',(71.447858,-58.97013,1.585));
#590 = VECTOR('',#591,1.);
#591 = DIRECTION('',(0.953251869399,-0.302176891055,0.));
#592 = ORIENTED_EDGE('',*,*,#593,.T.);
#593 = EDGE_CURVE('',#586,#594,#596,.T.);
#594 = VERTEX_POINT('',#595);
#595 = CARTESIAN_POINT('',(71.725748,-59.173149,1.585));
#596 = CIRCLE('',#597,0.36393626892);
#597 = AXIS2_PLACEMENT_3D('',#598,#599,#600);
#598 = CARTESIAN_POINT('',(71.399751165322,-59.33493797247,1.585));
#599 = DIRECTION('',(0.,0.,-1.));
#600 = DIRECTION('',(0.391359275899,0.920237967684,0.));
#601 = ORIENTED_EDGE('',*,*,#602,.T.);
#602 = EDGE_CURVE('',#594,#603,#605,.T.);
#603 = VERTEX_POINT('',#604);
#604 = CARTESIAN_POINT('',(71.753725,-59.254808,1.585));
#605 = LINE('',#606,#607);
#606 = CARTESIAN_POINT('',(71.725748,-59.173149,1.585));
#607 = VECTOR('',#608,1.);
#608 = DIRECTION('',(0.324113137782,-0.946018326417,0.));
#609 = ORIENTED_EDGE('',*,*,#610,.T.);
#610 = EDGE_CURVE('',#603,#611,#613,.T.);
#611 = VERTEX_POINT('',#612);
#612 = CARTESIAN_POINT('',(71.763481,-59.350142,1.585));
#613 = LINE('',#614,#615);
#614 = CARTESIAN_POINT('',(71.753725,-59.254808,1.585));
#615 = VECTOR('',#616,1.);
#616 = DIRECTION('',(0.101803272648,-0.994804550491,0.));
#617 = ORIENTED_EDGE('',*,*,#618,.T.);
#618 = EDGE_CURVE('',#611,#619,#621,.T.);
#619 = VERTEX_POINT('',#620);
#620 = CARTESIAN_POINT('',(71.752984,-59.460734,1.585));
#621 = LINE('',#622,#623);
#622 = CARTESIAN_POINT('',(71.763481,-59.350142,1.585));
#623 = VECTOR('',#624,1.);
#624 = DIRECTION('',(-9.449175964285E-02,-0.995525643748,0.));
#625 = ORIENTED_EDGE('',*,*,#626,.T.);
#626 = EDGE_CURVE('',#619,#627,#629,.T.);
#627 = VERTEX_POINT('',#628);
#628 = CARTESIAN_POINT('',(71.527645,-59.751588,1.585));
#629 = CIRCLE('',#630,0.407233544126);
#630 = AXIS2_PLACEMENT_3D('',#631,#632,#633);
#631 = CARTESIAN_POINT('',(71.353112267774,-59.38365120536,1.585));
#632 = DIRECTION('',(0.,0.,-1.));
#633 = DIRECTION('',(0.981922383344,-0.189284001141,0.));
#634 = ORIENTED_EDGE('',*,*,#635,.T.);
#635 = EDGE_CURVE('',#627,#636,#638,.T.);
#636 = VERTEX_POINT('',#637);
#637 = CARTESIAN_POINT('',(71.429721,-59.790281,1.585));
#638 = LINE('',#639,#640);
#639 = CARTESIAN_POINT('',(71.527645,-59.751588,1.585));
#640 = VECTOR('',#641,1.);
#641 = DIRECTION('',(-0.93002934955,-0.367485250012,0.));
#642 = ORIENTED_EDGE('',*,*,#643,.T.);
#643 = EDGE_CURVE('',#636,#644,#646,.T.);
#644 = VERTEX_POINT('',#645);
#645 = CARTESIAN_POINT('',(71.310299,-59.81529,1.585));
#646 = LINE('',#647,#648);
#647 = CARTESIAN_POINT('',(71.429721,-59.790281,1.585));
#648 = VECTOR('',#649,1.);
#649 = DIRECTION('',(-0.978768108283,-0.204970705733,0.));
#650 = ORIENTED_EDGE('',*,*,#651,.T.);
#651 = EDGE_CURVE('',#644,#652,#654,.T.);
#652 = VERTEX_POINT('',#653);
#653 = CARTESIAN_POINT('',(70.864514,-59.781822,1.585));
#654 = CIRCLE('',#655,1.116882913362);
#655 = AXIS2_PLACEMENT_3D('',#656,#657,#658);
#656 = CARTESIAN_POINT('',(71.169331312618,-58.70733893913,1.585));
#657 = DIRECTION('',(-0.,0.,-1.));
#658 = DIRECTION('',(0.126215277981,-0.992002874796,-0.));
#659 = ORIENTED_EDGE('',*,*,#660,.T.);
#660 = EDGE_CURVE('',#652,#661,#663,.T.);
#661 = VERTEX_POINT('',#662);
#662 = CARTESIAN_POINT('',(70.756162,-59.748105,1.585));
#663 = LINE('',#664,#665);
#664 = CARTESIAN_POINT('',(70.864514,-59.781822,1.585));
#665 = VECTOR('',#666,1.);
#666 = DIRECTION('',(-0.954838054594,0.297126722965,0.));
#667 = ORIENTED_EDGE('',*,*,#668,.T.);
#668 = EDGE_CURVE('',#661,#669,#671,.T.);
#669 = VERTEX_POINT('',#670);
#670 = CARTESIAN_POINT('',(70.756162,-59.548803,1.585));
#671 = LINE('',#672,#673);
#672 = CARTESIAN_POINT('',(70.756162,-59.748105,1.585));
#673 = VECTOR('',#674,1.);
#674 = DIRECTION('',(0.,1.,0.));
#675 = ORIENTED_EDGE('',*,*,#676,.T.);
#676 = EDGE_CURVE('',#669,#677,#679,.T.);
#677 = VERTEX_POINT('',#678);
#678 = CARTESIAN_POINT('',(70.845642,-59.591851,1.585));
#679 = LINE('',#680,#681);
#680 = CARTESIAN_POINT('',(70.756162,-59.548803,1.585));
#681 = VECTOR('',#682,1.);
#682 = DIRECTION('',(0.901139251829,-0.433529755395,0.));
#683 = ORIENTED_EDGE('',*,*,#684,.T.);
#684 = EDGE_CURVE('',#677,#685,#687,.T.);
#685 = VERTEX_POINT('',#686);
#686 = CARTESIAN_POINT('',(70.944657,-59.623358,1.585));
#687 = LINE('',#688,#689);
#688 = CARTESIAN_POINT('',(70.845642,-59.591851,1.585));
#689 = VECTOR('',#690,1.);
#690 = DIRECTION('',(0.952919586514,-0.303223121873,0.));
#691 = ORIENTED_EDGE('',*,*,#692,.T.);
#692 = EDGE_CURVE('',#685,#693,#695,.T.);
#693 = VERTEX_POINT('',#694);
#694 = CARTESIAN_POINT('',(71.286902,-59.638558,1.585));
#695 = CIRCLE('',#696,0.893186751053);
#696 = AXIS2_PLACEMENT_3D('',#697,#698,#699);
#697 = CARTESIAN_POINT('',(71.154673633276,-58.75521308928,1.585));
#698 = DIRECTION('',(0.,0.,1.));
#699 = DIRECTION('',(-0.235131827726,-0.971963488815,0.));
#700 = ORIENTED_EDGE('',*,*,#701,.T.);
#701 = EDGE_CURVE('',#693,#702,#704,.T.);
#702 = VERTEX_POINT('',#703);
#703 = CARTESIAN_POINT('',(71.383455,-59.611989,1.585));
#704 = LINE('',#705,#706);
#705 = CARTESIAN_POINT('',(71.286902,-59.638558,1.585));
#706 = VECTOR('',#707,1.);
#707 = DIRECTION('',(0.964162169948,0.265313606966,0.));
#708 = ORIENTED_EDGE('',*,*,#709,.T.);
#709 = EDGE_CURVE('',#702,#710,#712,.T.);
#710 = VERTEX_POINT('',#711);
#711 = CARTESIAN_POINT('',(71.455552,-59.571884,1.585));
#712 = LINE('',#713,#714);
#713 = CARTESIAN_POINT('',(71.383455,-59.611989,1.585));
#714 = VECTOR('',#715,1.);
#715 = DIRECTION('',(0.873894143174,0.486116268527,0.));
#716 = ORIENTED_EDGE('',*,*,#717,.T.);
#717 = EDGE_CURVE('',#710,#718,#720,.T.);
#718 = VERTEX_POINT('',#719);
#719 = CARTESIAN_POINT('',(71.55059,-59.420547,1.585));
#720 = CIRCLE('',#721,0.244882399307);
#721 = AXIS2_PLACEMENT_3D('',#722,#723,#724);
#722 = CARTESIAN_POINT('',(71.309987951846,-59.37496143304,1.585));
#723 = DIRECTION('',(0.,0.,1.));
#724 = DIRECTION('',(0.594424297402,-0.80415157443,0.));
#725 = ORIENTED_EDGE('',*,*,#726,.T.);
#726 = EDGE_CURVE('',#718,#727,#729,.T.);
#727 = VERTEX_POINT('',#728);
#728 = CARTESIAN_POINT('',(71.557493,-59.349226,1.585));
#729 = LINE('',#730,#731);
#730 = CARTESIAN_POINT('',(71.55059,-59.420547,1.585));
#731 = VECTOR('',#732,1.);
#732 = DIRECTION('',(9.633757525004E-02,0.995348718588,0.));
#733 = ORIENTED_EDGE('',*,*,#734,.T.);
#734 = EDGE_CURVE('',#727,#735,#737,.T.);
#735 = VERTEX_POINT('',#736);
#736 = CARTESIAN_POINT('',(71.551167,-59.283495,1.585));
#737 = LINE('',#738,#739);
#738 = CARTESIAN_POINT('',(71.557493,-59.349226,1.585));
#739 = VECTOR('',#740,1.);
#740 = DIRECTION('',(-9.579810691582E-02,0.995400784966,0.));
#741 = ORIENTED_EDGE('',*,*,#742,.T.);
#742 = EDGE_CURVE('',#735,#743,#745,.T.);
#743 = VERTEX_POINT('',#744);
#744 = CARTESIAN_POINT('',(71.462696,-59.138383,1.585));
#745 = CIRCLE('',#746,0.24401999624);
#746 = AXIS2_PLACEMENT_3D('',#747,#748,#749);
#747 = CARTESIAN_POINT('',(71.31162214124,-59.33001401983,1.585));
#748 = DIRECTION('',(0.,0.,1.));
#749 = DIRECTION('',(0.981660775554,0.190636097679,-0.));
#750 = ORIENTED_EDGE('',*,*,#751,.T.);
#751 = EDGE_CURVE('',#743,#752,#754,.T.);
#752 = VERTEX_POINT('',#753);
#753 = CARTESIAN_POINT('',(71.395433,-59.09791,1.585));
#754 = LINE('',#755,#756);
#755 = CARTESIAN_POINT('',(71.462696,-59.138383,1.585));
#756 = VECTOR('',#757,1.);
#757 = DIRECTION('',(-0.856844819858,0.515574392967,0.));
#758 = ORIENTED_EDGE('',*,*,#759,.T.);
#759 = EDGE_CURVE('',#752,#760,#762,.T.);
#760 = VERTEX_POINT('',#761);
#761 = CARTESIAN_POINT('',(71.309194,-59.071804,1.585));
#762 = LINE('',#763,#764);
#763 = CARTESIAN_POINT('',(71.395433,-59.09791,1.585));
#764 = VECTOR('',#765,1.);
#765 = DIRECTION('',(-0.957107625693,0.289732623017,0.));
#766 = ORIENTED_EDGE('',*,*,#767,.T.);
#767 = EDGE_CURVE('',#760,#768,#770,.T.);
#768 = VERTEX_POINT('',#769);
#769 = CARTESIAN_POINT('',(71.198822,-59.062271,1.585));
#770 = LINE('',#771,#772);
#771 = CARTESIAN_POINT('',(71.309194,-59.071804,1.585));
#772 = VECTOR('',#773,1.);
#773 = DIRECTION('',(-0.996290718931,8.605116717614E-02,0.));
#774 = ORIENTED_EDGE('',*,*,#775,.T.);
#775 = EDGE_CURVE('',#768,#776,#778,.T.);
#776 = VERTEX_POINT('',#777);
#777 = CARTESIAN_POINT('',(71.020586,-59.062271,1.585));
#778 = LINE('',#779,#780);
#779 = CARTESIAN_POINT('',(71.198822,-59.062271,1.585));
#780 = VECTOR('',#781,1.);
#781 = DIRECTION('',(-1.,0.,0.));
#782 = ORIENTED_EDGE('',*,*,#783,.T.);
#783 = EDGE_CURVE('',#776,#784,#786,.T.);
#784 = VERTEX_POINT('',#785);
#785 = CARTESIAN_POINT('',(71.020586,-58.892278,1.585));
#786 = LINE('',#787,#788);
#787 = CARTESIAN_POINT('',(71.020586,-59.062271,1.585));
#788 = VECTOR('',#789,1.);
#789 = DIRECTION('',(0.,1.,0.));
#790 = ORIENTED_EDGE('',*,*,#791,.T.);
#791 = EDGE_CURVE('',#784,#792,#794,.T.);
#792 = VERTEX_POINT('',#793);
#793 = CARTESIAN_POINT('',(71.207065,-58.892278,1.585));
#794 = LINE('',#795,#796);
#795 = CARTESIAN_POINT('',(71.020586,-58.892278,1.585));
#796 = VECTOR('',#797,1.);
#797 = DIRECTION('',(1.,0.,0.));
#798 = ORIENTED_EDGE('',*,*,#799,.T.);
#799 = EDGE_CURVE('',#792,#800,#802,.T.);
#800 = VERTEX_POINT('',#801);
#801 = CARTESIAN_POINT('',(71.307357,-58.88443,1.585));
#802 = LINE('',#803,#804);
#803 = CARTESIAN_POINT('',(71.207065,-58.892278,1.585));
#804 = VECTOR('',#805,1.);
#805 = DIRECTION('',(0.996952340113,7.801302162885E-02,0.));
#806 = ORIENTED_EDGE('',*,*,#807,.T.);
#807 = EDGE_CURVE('',#800,#808,#810,.T.);
#808 = VERTEX_POINT('',#809);
#809 = CARTESIAN_POINT('',(71.383428,-58.863298,1.585));
#810 = LINE('',#811,#812);
#811 = CARTESIAN_POINT('',(71.307357,-58.88443,1.585));
#812 = VECTOR('',#813,1.);
#813 = DIRECTION('',(0.963514098849,0.267657582218,0.));
#814 = ORIENTED_EDGE('',*,*,#815,.T.);
#815 = EDGE_CURVE('',#808,#816,#818,.T.);
#816 = VERTEX_POINT('',#817);
#817 = CARTESIAN_POINT('',(71.440622,-58.831278,1.585));
#818 = LINE('',#819,#820);
#819 = CARTESIAN_POINT('',(71.383428,-58.863298,1.585));
#820 = VECTOR('',#821,1.);
#821 = DIRECTION('',(0.872562203482,0.488503020518,0.));
#822 = ORIENTED_EDGE('',*,*,#823,.T.);
#823 = EDGE_CURVE('',#816,#824,#826,.T.);
#824 = VERTEX_POINT('',#825);
#825 = CARTESIAN_POINT('',(71.485105,-58.785364,1.585));
#826 = LINE('',#827,#828);
#827 = CARTESIAN_POINT('',(71.440622,-58.831278,1.585));
#828 = VECTOR('',#829,1.);
#829 = DIRECTION('',(0.695825980114,0.718210418609,0.));
#830 = ORIENTED_EDGE('',*,*,#831,.T.);
#831 = EDGE_CURVE('',#824,#832,#834,.T.);
#832 = VERTEX_POINT('',#833);
#833 = CARTESIAN_POINT('',(71.512041,-58.727993,1.585));
#834 = LINE('',#835,#836);
#835 = CARTESIAN_POINT('',(71.485105,-58.785364,1.585));
#836 = VECTOR('',#837,1.);
#837 = DIRECTION('',(0.424994473718,0.905195944152,0.));
#838 = ORIENTED_EDGE('',*,*,#839,.T.);
#839 = EDGE_CURVE('',#832,#840,#842,.T.);
#840 = VERTEX_POINT('',#841);
#841 = CARTESIAN_POINT('',(71.521589,-58.655515,1.585));
#842 = LINE('',#843,#844);
#843 = CARTESIAN_POINT('',(71.512041,-58.727993,1.585));
#844 = VECTOR('',#845,1.);
#845 = DIRECTION('',(0.130608081992,0.99143407694,0.));
#846 = ORIENTED_EDGE('',*,*,#847,.T.);
#847 = EDGE_CURVE('',#840,#848,#850,.T.);
#848 = VERTEX_POINT('',#849);
#849 = CARTESIAN_POINT('',(71.511756,-58.581086,1.585));
#850 = LINE('',#851,#852);
#851 = CARTESIAN_POINT('',(71.521589,-58.655515,1.585));
#852 = VECTOR('',#853,1.);
#853 = DIRECTION('',(-0.130974432594,0.99138574632,0.));
#854 = ORIENTED_EDGE('',*,*,#855,.T.);
#855 = EDGE_CURVE('',#848,#856,#858,.T.);
#856 = VERTEX_POINT('',#857);
#857 = CARTESIAN_POINT('',(71.483982,-58.522027,1.585));
#858 = LINE('',#859,#860);
#859 = CARTESIAN_POINT('',(71.511756,-58.581086,1.585));
#860 = VECTOR('',#861,1.);
#861 = DIRECTION('',(-0.425565319367,0.904927709241,0.));
#862 = ORIENTED_EDGE('',*,*,#863,.T.);
#863 = EDGE_CURVE('',#856,#864,#866,.T.);
#864 = VERTEX_POINT('',#865);
#865 = CARTESIAN_POINT('',(71.438058,-58.474623,1.585));
#866 = LINE('',#867,#868);
#867 = CARTESIAN_POINT('',(71.483982,-58.522027,1.585));
#868 = VECTOR('',#869,1.);
#869 = DIRECTION('',(-0.695805962832,0.718229811473,0.));
#870 = ORIENTED_EDGE('',*,*,#871,.T.);
#871 = EDGE_CURVE('',#864,#872,#874,.T.);
#872 = VERTEX_POINT('',#873);
#873 = CARTESIAN_POINT('',(71.379011,-58.441478,1.585));
#874 = LINE('',#875,#876);
#875 = CARTESIAN_POINT('',(71.438058,-58.474623,1.585));
#876 = VECTOR('',#877,1.);
#877 = DIRECTION('',(-0.872010216644,0.489487673051,0.));
#878 = ORIENTED_EDGE('',*,*,#879,.T.);
#879 = EDGE_CURVE('',#872,#880,#882,.T.);
#880 = VERTEX_POINT('',#881);
#881 = CARTESIAN_POINT('',(71.30103,-58.41968,1.585));
#882 = LINE('',#883,#884);
#883 = CARTESIAN_POINT('',(71.379011,-58.441478,1.585));
#884 = VECTOR('',#885,1.);
#885 = DIRECTION('',(-0.963081548244,0.269209827889,0.));
#886 = ORIENTED_EDGE('',*,*,#887,.T.);
#887 = EDGE_CURVE('',#880,#888,#890,.T.);
#888 = VERTEX_POINT('',#889);
#889 = CARTESIAN_POINT('',(71.198822,-58.411608,1.585));
#890 = LINE('',#891,#892);
#891 = CARTESIAN_POINT('',(71.30103,-58.41968,1.585));
#892 = VECTOR('',#893,1.);
#893 = DIRECTION('',(-0.996895892766,7.873105477465E-02,0.));
#894 = ORIENTED_EDGE('',*,*,#895,.T.);
#895 = EDGE_CURVE('',#888,#896,#898,.T.);
#896 = VERTEX_POINT('',#897);
#897 = CARTESIAN_POINT('',(71.112518,-58.415724,1.585));
#898 = LINE('',#899,#900);
#899 = CARTESIAN_POINT('',(71.198822,-58.411608,1.585));
#900 = VECTOR('',#901,1.);
#901 = DIRECTION('',(-0.99886467866,-4.763773425752E-02,0.));
#902 = ORIENTED_EDGE('',*,*,#903,.T.);
#903 = EDGE_CURVE('',#896,#904,#906,.T.);
#904 = VERTEX_POINT('',#905);
#905 = CARTESIAN_POINT('',(71.016464,-58.428736,1.585));
#906 = LINE('',#907,#908);
#907 = CARTESIAN_POINT('',(71.112518,-58.415724,1.585));
#908 = VECTOR('',#909,1.);
#909 = DIRECTION('',(-0.990948936135,-0.134239360745,0.));
#910 = ORIENTED_EDGE('',*,*,#911,.T.);
#911 = EDGE_CURVE('',#904,#912,#914,.T.);
#912 = VERTEX_POINT('',#913);
#913 = CARTESIAN_POINT('',(70.917245,-58.449861,1.585));
#914 = LINE('',#915,#916);
#915 = CARTESIAN_POINT('',(71.016464,-58.428736,1.585));
#916 = VECTOR('',#917,1.);
#917 = DIRECTION('',(-0.978076674794,-0.208245091716,0.));
#918 = ORIENTED_EDGE('',*,*,#919,.T.);
#919 = EDGE_CURVE('',#912,#920,#922,.T.);
#920 = VERTEX_POINT('',#921);
#921 = CARTESIAN_POINT('',(70.802324,-58.48195,1.585));
#922 = LINE('',#923,#924);
#923 = CARTESIAN_POINT('',(70.917245,-58.449861,1.585));
#924 = VECTOR('',#925,1.);
#925 = DIRECTION('',(-0.963157182435,-0.26893910449,0.));
#926 = ORIENTED_EDGE('',*,*,#927,.T.);
#927 = EDGE_CURVE('',#920,#928,#930,.T.);
#928 = VERTEX_POINT('',#929);
#929 = CARTESIAN_POINT('',(70.802324,-58.300233,1.585));
#930 = LINE('',#931,#932);
#931 = CARTESIAN_POINT('',(70.802324,-58.48195,1.585));
#932 = VECTOR('',#933,1.);
#933 = DIRECTION('',(0.,1.,0.));
#934 = ORIENTED_EDGE('',*,*,#935,.T.);
#935 = EDGE_CURVE('',#928,#936,#938,.T.);
#936 = VERTEX_POINT('',#937);
#937 = CARTESIAN_POINT('',(70.918797,-58.271515,1.585));
#938 = LINE('',#939,#940);
#939 = CARTESIAN_POINT('',(70.802324,-58.300233,1.585));
#940 = VECTOR('',#941,1.);
#941 = DIRECTION('',(0.970922475788,0.239394122755,0.));
#942 = ORIENTED_EDGE('',*,*,#943,.T.);
#943 = EDGE_CURVE('',#936,#494,#944,.T.);
#944 = LINE('',#945,#946);
#945 = CARTESIAN_POINT('',(70.918797,-58.271515,1.585));
#946 = VECTOR('',#947,1.);
#947 = DIRECTION('',(0.982742623346,0.184978204822,0.));
#948 = PLANE('',#949);
#949 = AXIS2_PLACEMENT_3D('',#950,#951,#952);
#950 = CARTESIAN_POINT('',(0.,0.,1.585));
#951 = DIRECTION('',(0.,0.,1.));
#952 = DIRECTION('',(1.,0.,-0.));
#953 = SHELL_BASED_SURFACE_MODEL('',(#954));
#954 = OPEN_SHELL('',(#955));
#955 = ADVANCED_FACE('',(#956),#1014,.T.);
#956 = FACE_BOUND('',#957,.F.);
#957 = EDGE_LOOP('',(#958,#968,#976,#984,#992,#1000,#1008));
#958 = ORIENTED_EDGE('',*,*,#959,.T.);
#959 = EDGE_CURVE('',#960,#962,#964,.T.);
#960 = VERTEX_POINT('',#961);
#961 = CARTESIAN_POINT('',(65.842851,-59.795,1.585));
#962 = VERTEX_POINT('',#963);
#963 = CARTESIAN_POINT('',(65.412465,-58.646081,1.585));
#964 = LINE('',#965,#966);
#965 = CARTESIAN_POINT('',(65.842851,-59.795,1.585));
#966 = VECTOR('',#967,1.);
#967 = DIRECTION('',(-0.350795694036,0.936452017482,0.));
#968 = ORIENTED_EDGE('',*,*,#969,.T.);
#969 = EDGE_CURVE('',#962,#970,#972,.T.);
#970 = VERTEX_POINT('',#971);
#971 = CARTESIAN_POINT('',(65.612316,-58.646081,1.585));
#972 = LINE('',#973,#974);
#973 = CARTESIAN_POINT('',(65.412465,-58.646081,1.585));
#974 = VECTOR('',#975,1.);
#975 = DIRECTION('',(1.,0.,0.));
#976 = ORIENTED_EDGE('',*,*,#977,.T.);
#977 = EDGE_CURVE('',#970,#978,#980,.T.);
#978 = VERTEX_POINT('',#979);
#979 = CARTESIAN_POINT('',(65.970987,-59.610352,1.585));
#980 = LINE('',#981,#982);
#981 = CARTESIAN_POINT('',(65.612316,-58.646081,1.585));
#982 = VECTOR('',#983,1.);
#983 = DIRECTION('',(0.348624842565,-0.937262353424,0.));
#984 = ORIENTED_EDGE('',*,*,#985,.T.);
#985 = EDGE_CURVE('',#978,#986,#988,.T.);
#986 = VERTEX_POINT('',#987);
#987 = CARTESIAN_POINT('',(66.329566,-58.646081,1.585));
#988 = LINE('',#989,#990);
#989 = CARTESIAN_POINT('',(65.970987,-59.610352,1.585));
#990 = VECTOR('',#991,1.);
#991 = DIRECTION('',(0.34854628418,0.937291570316,0.));
#992 = ORIENTED_EDGE('',*,*,#993,.T.);
#993 = EDGE_CURVE('',#986,#994,#996,.T.);
#994 = VERTEX_POINT('',#995);
#995 = CARTESIAN_POINT('',(66.529418,-58.646081,1.585));
#996 = LINE('',#997,#998);
#997 = CARTESIAN_POINT('',(66.329566,-58.646081,1.585));
#998 = VECTOR('',#999,1.);
#999 = DIRECTION('',(1.,0.,0.));
#1000 = ORIENTED_EDGE('',*,*,#1001,.T.);
#1001 = EDGE_CURVE('',#994,#1002,#1004,.T.);
#1002 = VERTEX_POINT('',#1003);
#1003 = CARTESIAN_POINT('',(66.099031,-59.795,1.585));
#1004 = LINE('',#1005,#1006);
#1005 = CARTESIAN_POINT('',(66.529418,-58.646081,1.585));
#1006 = VECTOR('',#1007,1.);
#1007 = DIRECTION('',(-0.350796408807,-0.936451749728,0.));
#1008 = ORIENTED_EDGE('',*,*,#1009,.T.);
#1009 = EDGE_CURVE('',#1002,#960,#1010,.T.);
#1010 = LINE('',#1011,#1012);
#1011 = CARTESIAN_POINT('',(66.099031,-59.795,1.585));
#1012 = VECTOR('',#1013,1.);
#1013 = DIRECTION('',(-1.,0.,0.));
#1014 = PLANE('',#1015);
#1015 = AXIS2_PLACEMENT_3D('',#1016,#1017,#1018);
#1016 = CARTESIAN_POINT('',(0.,0.,1.585));
#1017 = DIRECTION('',(0.,0.,1.));
#1018 = DIRECTION('',(1.,0.,-0.));
#1019 = SHELL_BASED_SURFACE_MODEL('',(#1020));
#1020 = OPEN_SHELL('',(#1021));
#1021 = ADVANCED_FACE('',(#1022),#1056,.T.);
#1022 = FACE_BOUND('',#1023,.F.);
#1023 = EDGE_LOOP('',(#1024,#1034,#1042,#1050));
#1024 = ORIENTED_EDGE('',*,*,#1025,.T.);
#1025 = EDGE_CURVE('',#1026,#1028,#1030,.T.);
#1026 = VERTEX_POINT('',#1027);
#1027 = CARTESIAN_POINT('',(68.152137,-59.795,1.585));
#1028 = VERTEX_POINT('',#1029);
#1029 = CARTESIAN_POINT('',(68.152137,-59.537079,1.585));
#1030 = LINE('',#1031,#1032);
#1031 = CARTESIAN_POINT('',(68.152137,-59.795,1.585));
#1032 = VECTOR('',#1033,1.);
#1033 = DIRECTION('',(0.,1.,0.));
#1034 = ORIENTED_EDGE('',*,*,#1035,.T.);
#1035 = EDGE_CURVE('',#1028,#1036,#1038,.T.);
#1036 = VERTEX_POINT('',#1037);
#1037 = CARTESIAN_POINT('',(68.368383,-59.537079,1.585));
#1038 = LINE('',#1039,#1040);
#1039 = CARTESIAN_POINT('',(68.152137,-59.537079,1.585));
#1040 = VECTOR('',#1041,1.);
#1041 = DIRECTION('',(1.,0.,0.));
#1042 = ORIENTED_EDGE('',*,*,#1043,.T.);
#1043 = EDGE_CURVE('',#1036,#1044,#1046,.T.);
#1044 = VERTEX_POINT('',#1045);
#1045 = CARTESIAN_POINT('',(68.368383,-59.795,1.585));
#1046 = LINE('',#1047,#1048);
#1047 = CARTESIAN_POINT('',(68.368383,-59.537079,1.585));
#1048 = VECTOR('',#1049,1.);
#1049 = DIRECTION('',(0.,-1.,0.));
#1050 = ORIENTED_EDGE('',*,*,#1051,.T.);
#1051 = EDGE_CURVE('',#1044,#1026,#1052,.T.);
#1052 = LINE('',#1053,#1054);
#1053 = CARTESIAN_POINT('',(68.368383,-59.795,1.585));
#1054 = VECTOR('',#1055,1.);
#1055 = DIRECTION('',(-1.,0.,0.));
#1056 = PLANE('',#1057);
#1057 = AXIS2_PLACEMENT_3D('',#1058,#1059,#1060);
#1058 = CARTESIAN_POINT('',(0.,0.,1.585));
#1059 = DIRECTION('',(0.,0.,1.));
#1060 = DIRECTION('',(1.,0.,-0.));
#1061 = SHELL_BASED_SURFACE_MODEL('',(#1062));
#1062 = OPEN_SHELL('',(#1063));
#1063 = ADVANCED_FACE('',(#1064),#1154,.T.);
#1064 = FACE_BOUND('',#1065,.F.);
#1065 = EDGE_LOOP('',(#1066,#1076,#1084,#1092,#1100,#1108,#1116,#1124,
    #1132,#1140,#1148));
#1066 = ORIENTED_EDGE('',*,*,#1067,.T.);
#1067 = EDGE_CURVE('',#1068,#1070,#1072,.T.);
#1068 = VERTEX_POINT('',#1069);
#1069 = CARTESIAN_POINT('',(68.825056,-58.341266,1.585));
#1070 = VERTEX_POINT('',#1071);
#1071 = CARTESIAN_POINT('',(69.190871,-58.265062,1.585));
#1072 = LINE('',#1073,#1074);
#1073 = CARTESIAN_POINT('',(68.825056,-58.341266,1.585));
#1074 = VECTOR('',#1075,1.);
#1075 = DIRECTION('',(0.978984404867,0.203935124553,0.));
#1076 = ORIENTED_EDGE('',*,*,#1077,.T.);
#1077 = EDGE_CURVE('',#1070,#1078,#1080,.T.);
#1078 = VERTEX_POINT('',#1079);
#1079 = CARTESIAN_POINT('',(69.397867,-58.265062,1.585));
#1080 = LINE('',#1081,#1082);
#1081 = CARTESIAN_POINT('',(69.190871,-58.265062,1.585));
#1082 = VECTOR('',#1083,1.);
#1083 = DIRECTION('',(1.,0.,0.));
#1084 = ORIENTED_EDGE('',*,*,#1085,.T.);
#1085 = EDGE_CURVE('',#1078,#1086,#1088,.T.);
#1086 = VERTEX_POINT('',#1087);
#1087 = CARTESIAN_POINT('',(69.397867,-59.619145,1.585));
#1088 = LINE('',#1089,#1090);
#1089 = CARTESIAN_POINT('',(69.397867,-58.265062,1.585));
#1090 = VECTOR('',#1091,1.);
#1091 = DIRECTION('',(0.,-1.,0.));
#1092 = ORIENTED_EDGE('',*,*,#1093,.T.);
#1093 = EDGE_CURVE('',#1086,#1094,#1096,.T.);
#1094 = VERTEX_POINT('',#1095);
#1095 = CARTESIAN_POINT('',(69.736021,-59.619145,1.585));
#1096 = LINE('',#1097,#1098);
#1097 = CARTESIAN_POINT('',(69.397867,-59.619145,1.585));
#1098 = VECTOR('',#1099,1.);
#1099 = DIRECTION('',(1.,0.,0.));
#1100 = ORIENTED_EDGE('',*,*,#1101,.T.);
#1101 = EDGE_CURVE('',#1094,#1102,#1104,.T.);
#1102 = VERTEX_POINT('',#1103);
#1103 = CARTESIAN_POINT('',(69.736021,-59.795,1.585));
#1104 = LINE('',#1105,#1106);
#1105 = CARTESIAN_POINT('',(69.736021,-59.619145,1.585));
#1106 = VECTOR('',#1107,1.);
#1107 = DIRECTION('',(0.,-1.,0.));
#1108 = ORIENTED_EDGE('',*,*,#1109,.T.);
#1109 = EDGE_CURVE('',#1102,#1110,#1112,.T.);
#1110 = VERTEX_POINT('',#1111);
#1111 = CARTESIAN_POINT('',(68.854823,-59.795,1.585));
#1112 = LINE('',#1113,#1114);
#1113 = CARTESIAN_POINT('',(69.736021,-59.795,1.585));
#1114 = VECTOR('',#1115,1.);
#1115 = DIRECTION('',(-1.,0.,0.));
#1116 = ORIENTED_EDGE('',*,*,#1117,.T.);
#1117 = EDGE_CURVE('',#1110,#1118,#1120,.T.);
#1118 = VERTEX_POINT('',#1119);
#1119 = CARTESIAN_POINT('',(68.854823,-59.619145,1.585));
#1120 = LINE('',#1121,#1122);
#1121 = CARTESIAN_POINT('',(68.854823,-59.795,1.585));
#1122 = VECTOR('',#1123,1.);
#1123 = DIRECTION('',(0.,1.,0.));
#1124 = ORIENTED_EDGE('',*,*,#1125,.T.);
#1125 = EDGE_CURVE('',#1118,#1126,#1128,.T.);
#1126 = VERTEX_POINT('',#1127);
#1127 = CARTESIAN_POINT('',(69.192978,-59.619145,1.585));
#1128 = LINE('',#1129,#1130);
#1129 = CARTESIAN_POINT('',(68.854823,-59.619145,1.585));
#1130 = VECTOR('',#1131,1.);
#1131 = DIRECTION('',(1.,0.,0.));
#1132 = ORIENTED_EDGE('',*,*,#1133,.T.);
#1133 = EDGE_CURVE('',#1126,#1134,#1136,.T.);
#1134 = VERTEX_POINT('',#1135);
#1135 = CARTESIAN_POINT('',(69.192978,-58.452641,1.585));
#1136 = LINE('',#1137,#1138);
#1137 = CARTESIAN_POINT('',(69.192978,-59.619145,1.585));
#1138 = VECTOR('',#1139,1.);
#1139 = DIRECTION('',(0.,1.,0.));
#1140 = ORIENTED_EDGE('',*,*,#1141,.T.);
#1141 = EDGE_CURVE('',#1134,#1142,#1144,.T.);
#1142 = VERTEX_POINT('',#1143);
#1143 = CARTESIAN_POINT('',(68.825056,-58.528845,1.585));
#1144 = LINE('',#1145,#1146);
#1145 = CARTESIAN_POINT('',(69.192978,-58.452641,1.585));
#1146 = VECTOR('',#1147,1.);
#1147 = DIRECTION('',(-0.9792169879,-0.202815410185,0.));
#1148 = ORIENTED_EDGE('',*,*,#1149,.T.);
#1149 = EDGE_CURVE('',#1142,#1068,#1150,.T.);
#1150 = LINE('',#1151,#1152);
#1151 = CARTESIAN_POINT('',(68.825056,-58.528845,1.585));
#1152 = VECTOR('',#1153,1.);
#1153 = DIRECTION('',(0.,1.,0.));
#1154 = PLANE('',#1155);
#1155 = AXIS2_PLACEMENT_3D('',#1156,#1157,#1158);
#1156 = CARTESIAN_POINT('',(0.,0.,1.585));
#1157 = DIRECTION('',(0.,0.,1.));
#1158 = DIRECTION('',(1.,0.,-0.));
#1159 = SHELL_BASED_SURFACE_MODEL('',(#1160));
#1160 = OPEN_SHELL('',(#1161));
#1161 = ADVANCED_FACE('',(#1162),#1196,.T.);
#1162 = FACE_BOUND('',#1163,.F.);
#1163 = EDGE_LOOP('',(#1164,#1174,#1182,#1190));
#1164 = ORIENTED_EDGE('',*,*,#1165,.T.);
#1165 = EDGE_CURVE('',#1166,#1168,#1170,.T.);
#1166 = VERTEX_POINT('',#1167);
#1167 = CARTESIAN_POINT('',(70.153951,-59.795,1.585));
#1168 = VERTEX_POINT('',#1169);
#1169 = CARTESIAN_POINT('',(70.153951,-59.537079,1.585));
#1170 = LINE('',#1171,#1172);
#1171 = CARTESIAN_POINT('',(70.153951,-59.795,1.585));
#1172 = VECTOR('',#1173,1.);
#1173 = DIRECTION('',(0.,1.,0.));
#1174 = ORIENTED_EDGE('',*,*,#1175,.T.);
#1175 = EDGE_CURVE('',#1168,#1176,#1178,.T.);
#1176 = VERTEX_POINT('',#1177);
#1177 = CARTESIAN_POINT('',(70.370198,-59.537079,1.585));
#1178 = LINE('',#1179,#1180);
#1179 = CARTESIAN_POINT('',(70.153951,-59.537079,1.585));
#1180 = VECTOR('',#1181,1.);
#1181 = DIRECTION('',(1.,0.,0.));
#1182 = ORIENTED_EDGE('',*,*,#1183,.T.);
#1183 = EDGE_CURVE('',#1176,#1184,#1186,.T.);
#1184 = VERTEX_POINT('',#1185);
#1185 = CARTESIAN_POINT('',(70.370198,-59.795,1.585));
#1186 = LINE('',#1187,#1188);
#1187 = CARTESIAN_POINT('',(70.370198,-59.537079,1.585));
#1188 = VECTOR('',#1189,1.);
#1189 = DIRECTION('',(0.,-1.,0.));
#1190 = ORIENTED_EDGE('',*,*,#1191,.T.);
#1191 = EDGE_CURVE('',#1184,#1166,#1192,.T.);
#1192 = LINE('',#1193,#1194);
#1193 = CARTESIAN_POINT('',(70.370198,-59.795,1.585));
#1194 = VECTOR('',#1195,1.);
#1195 = DIRECTION('',(-1.,0.,0.));
#1196 = PLANE('',#1197);
#1197 = AXIS2_PLACEMENT_3D('',#1198,#1199,#1200);
#1198 = CARTESIAN_POINT('',(0.,0.,1.585));
#1199 = DIRECTION('',(0.,0.,1.));
#1200 = DIRECTION('',(1.,0.,-0.));
#1201 = SHELL_BASED_SURFACE_MODEL('',(#1202));
#1202 = OPEN_SHELL('',(#1203));
#1203 = ADVANCED_FACE('',(#1204,#1466),#1660,.T.);
#1204 = FACE_BOUND('',#1205,.F.);
#1205 = EDGE_LOOP('',(#1206,#1216,#1224,#1232,#1240,#1248,#1257,#1265,
    #1273,#1281,#1289,#1297,#1305,#1313,#1322,#1330,#1338,#1346,#1354,
    #1362,#1370,#1378,#1387,#1395,#1403,#1411,#1419,#1427,#1435,#1443,
    #1452,#1460));
#1206 = ORIENTED_EDGE('',*,*,#1207,.T.);
#1207 = EDGE_CURVE('',#1208,#1210,#1212,.T.);
#1208 = VERTEX_POINT('',#1209);
#1209 = CARTESIAN_POINT('',(68.036091,-56.088737,1.585));
#1210 = VERTEX_POINT('',#1211);
#1211 = CARTESIAN_POINT('',(68.18954,-56.058558,1.585));
#1212 = LINE('',#1213,#1214);
#1213 = CARTESIAN_POINT('',(68.036091,-56.088737,1.585));
#1214 = VECTOR('',#1215,1.);
#1215 = DIRECTION('',(0.981203766423,0.192974528781,0.));
#1216 = ORIENTED_EDGE('',*,*,#1217,.T.);
#1217 = EDGE_CURVE('',#1210,#1218,#1220,.T.);
#1218 = VERTEX_POINT('',#1219);
#1219 = CARTESIAN_POINT('',(68.366292,-56.047933,1.585));
#1220 = LINE('',#1221,#1222);
#1221 = CARTESIAN_POINT('',(68.18954,-56.058558,1.585));
#1222 = VECTOR('',#1223,1.);
#1223 = DIRECTION('',(0.998198127082,6.000415893594E-02,0.));
#1224 = ORIENTED_EDGE('',*,*,#1225,.T.);
#1225 = EDGE_CURVE('',#1218,#1226,#1228,.T.);
#1226 = VERTEX_POINT('',#1227);
#1227 = CARTESIAN_POINT('',(68.542425,-56.05856,1.585));
#1228 = LINE('',#1229,#1230);
#1229 = CARTESIAN_POINT('',(68.366292,-56.047933,1.585));
#1230 = VECTOR('',#1231,1.);
#1231 = DIRECTION('',(0.99818479305,-6.022556701894E-02,0.));
#1232 = ORIENTED_EDGE('',*,*,#1233,.T.);
#1233 = EDGE_CURVE('',#1226,#1234,#1236,.T.);
#1234 = VERTEX_POINT('',#1235);
#1235 = CARTESIAN_POINT('',(68.695262,-56.088737,1.585));
#1236 = LINE('',#1237,#1238);
#1237 = CARTESIAN_POINT('',(68.542425,-56.05856,1.585));
#1238 = VECTOR('',#1239,1.);
#1239 = DIRECTION('',(0.981059633373,-0.193705951807,0.));
#1240 = ORIENTED_EDGE('',*,*,#1241,.T.);
#1241 = EDGE_CURVE('',#1234,#1242,#1244,.T.);
#1242 = VERTEX_POINT('',#1243);
#1243 = CARTESIAN_POINT('',(68.828157,-56.1366,1.585));
#1244 = LINE('',#1245,#1246);
#1245 = CARTESIAN_POINT('',(68.695262,-56.088737,1.585));
#1246 = VECTOR('',#1247,1.);
#1247 = DIRECTION('',(0.94084047306,-0.338849825517,0.));
#1248 = ORIENTED_EDGE('',*,*,#1249,.T.);
#1249 = EDGE_CURVE('',#1242,#1250,#1252,.T.);
#1250 = VERTEX_POINT('',#1251);
#1251 = CARTESIAN_POINT('',(69.130451,-56.380945,1.585));
#1252 = CIRCLE('',#1253,0.763469009005);
#1253 = AXIS2_PLACEMENT_3D('',#1254,#1255,#1256);
#1254 = CARTESIAN_POINT('',(68.515179421871,-56.83296912862,1.585));
#1255 = DIRECTION('',(0.,0.,-1.));
#1256 = DIRECTION('',(0.40994143107,0.912111847907,0.));
#1257 = ORIENTED_EDGE('',*,*,#1258,.T.);
#1258 = EDGE_CURVE('',#1250,#1259,#1261,.T.);
#1259 = VERTEX_POINT('',#1260);
#1260 = CARTESIAN_POINT('',(69.197716,-56.492723,1.585));
#1261 = LINE('',#1262,#1263);
#1262 = CARTESIAN_POINT('',(69.130451,-56.380945,1.585));
#1263 = VECTOR('',#1264,1.);
#1264 = DIRECTION('',(0.515612436642,-0.856821927346,0.));
#1265 = ORIENTED_EDGE('',*,*,#1266,.T.);
#1266 = EDGE_CURVE('',#1259,#1267,#1269,.T.);
#1267 = VERTEX_POINT('',#1268);
#1268 = CARTESIAN_POINT('',(69.247144,-56.620195,1.585));
#1269 = LINE('',#1270,#1271);
#1270 = CARTESIAN_POINT('',(69.197716,-56.492723,1.585));
#1271 = VECTOR('',#1272,1.);
#1272 = DIRECTION('',(0.361528373532,-0.932361107689,0.));
#1273 = ORIENTED_EDGE('',*,*,#1274,.T.);
#1274 = EDGE_CURVE('',#1267,#1275,#1277,.T.);
#1275 = VERTEX_POINT('',#1276);
#1276 = CARTESIAN_POINT('',(69.278146,-56.76603,1.585));
#1277 = LINE('',#1278,#1279);
#1278 = CARTESIAN_POINT('',(69.247144,-56.620195,1.585));
#1279 = VECTOR('',#1280,1.);
#1280 = DIRECTION('',(0.207936165054,-0.978142398254,0.));
#1281 = ORIENTED_EDGE('',*,*,#1282,.T.);
#1282 = EDGE_CURVE('',#1275,#1283,#1285,.T.);
#1283 = VERTEX_POINT('',#1284);
#1284 = CARTESIAN_POINT('',(69.28903,-56.933459,1.585));
#1285 = LINE('',#1286,#1287);
#1286 = CARTESIAN_POINT('',(69.278146,-56.76603,1.585));
#1287 = VECTOR('',#1288,1.);
#1288 = DIRECTION('',(6.486973863458E-02,-0.99789374034,0.));
#1289 = ORIENTED_EDGE('',*,*,#1290,.T.);
#1290 = EDGE_CURVE('',#1283,#1291,#1293,.T.);
#1291 = VERTEX_POINT('',#1292);
#1292 = CARTESIAN_POINT('',(69.278146,-57.100889,1.585));
#1293 = LINE('',#1294,#1295);
#1294 = CARTESIAN_POINT('',(69.28903,-56.933459,1.585));
#1295 = VECTOR('',#1296,1.);
#1296 = DIRECTION('',(-6.486935282102E-02,-0.99789376542,0.));
#1297 = ORIENTED_EDGE('',*,*,#1298,.T.);
#1298 = EDGE_CURVE('',#1291,#1299,#1301,.T.);
#1299 = VERTEX_POINT('',#1300);
#1300 = CARTESIAN_POINT('',(69.247144,-57.246724,1.585));
#1301 = LINE('',#1302,#1303);
#1302 = CARTESIAN_POINT('',(69.278146,-57.100889,1.585));
#1303 = VECTOR('',#1304,1.);
#1304 = DIRECTION('',(-0.207936165054,-0.978142398254,0.));
#1305 = ORIENTED_EDGE('',*,*,#1306,.T.);
#1306 = EDGE_CURVE('',#1299,#1307,#1309,.T.);
#1307 = VERTEX_POINT('',#1308);
#1308 = CARTESIAN_POINT('',(69.197716,-57.374196,1.585));
#1309 = LINE('',#1310,#1311);
#1310 = CARTESIAN_POINT('',(69.247144,-57.246724,1.585));
#1311 = VECTOR('',#1312,1.);
#1312 = DIRECTION('',(-0.361528373532,-0.932361107689,0.));
#1313 = ORIENTED_EDGE('',*,*,#1314,.T.);
#1314 = EDGE_CURVE('',#1307,#1315,#1317,.T.);
#1315 = VERTEX_POINT('',#1316);
#1316 = CARTESIAN_POINT('',(68.943942,-57.665652,1.585));
#1317 = CIRCLE('',#1318,0.745104463249);
#1318 = AXIS2_PLACEMENT_3D('',#1319,#1320,#1321);
#1319 = CARTESIAN_POINT('',(68.528112692201,-57.0473748389,1.585));
#1320 = DIRECTION('',(0.,0.,-1.));
#1321 = DIRECTION('',(0.898670375533,-0.438624618711,0.));
#1322 = ORIENTED_EDGE('',*,*,#1323,.T.);
#1323 = EDGE_CURVE('',#1315,#1324,#1326,.T.);
#1324 = VERTEX_POINT('',#1325);
#1325 = CARTESIAN_POINT('',(68.828157,-57.730319,1.585));
#1326 = LINE('',#1327,#1328);
#1327 = CARTESIAN_POINT('',(68.943942,-57.665652,1.585));
#1328 = VECTOR('',#1329,1.);
#1329 = DIRECTION('',(-0.873060280454,-0.487612291369,0.));
#1330 = ORIENTED_EDGE('',*,*,#1331,.T.);
#1331 = EDGE_CURVE('',#1324,#1332,#1334,.T.);
#1332 = VERTEX_POINT('',#1333);
#1333 = CARTESIAN_POINT('',(68.695262,-57.778182,1.585));
#1334 = LINE('',#1335,#1336);
#1335 = CARTESIAN_POINT('',(68.828157,-57.730319,1.585));
#1336 = VECTOR('',#1337,1.);
#1337 = DIRECTION('',(-0.94084047306,-0.338849825517,0.));
#1338 = ORIENTED_EDGE('',*,*,#1339,.T.);
#1339 = EDGE_CURVE('',#1332,#1340,#1342,.T.);
#1340 = VERTEX_POINT('',#1341);
#1341 = CARTESIAN_POINT('',(68.542425,-57.808359,1.585));
#1342 = LINE('',#1343,#1344);
#1343 = CARTESIAN_POINT('',(68.695262,-57.778182,1.585));
#1344 = VECTOR('',#1345,1.);
#1345 = DIRECTION('',(-0.981059633373,-0.193705951807,0.));
#1346 = ORIENTED_EDGE('',*,*,#1347,.T.);
#1347 = EDGE_CURVE('',#1340,#1348,#1350,.T.);
#1348 = VERTEX_POINT('',#1349);
#1349 = CARTESIAN_POINT('',(68.366292,-57.818986,1.585));
#1350 = LINE('',#1351,#1352);
#1351 = CARTESIAN_POINT('',(68.542425,-57.808359,1.585));
#1352 = VECTOR('',#1353,1.);
#1353 = DIRECTION('',(-0.99818479305,-6.022556701894E-02,0.));
#1354 = ORIENTED_EDGE('',*,*,#1355,.T.);
#1355 = EDGE_CURVE('',#1348,#1356,#1358,.T.);
#1356 = VERTEX_POINT('',#1357);
#1357 = CARTESIAN_POINT('',(68.18954,-57.80836,1.585));
#1358 = LINE('',#1359,#1360);
#1359 = CARTESIAN_POINT('',(68.366292,-57.818986,1.585));
#1360 = VECTOR('',#1361,1.);
#1361 = DIRECTION('',(-0.998197788807,6.000978604972E-02,0.));
#1362 = ORIENTED_EDGE('',*,*,#1363,.T.);
#1363 = EDGE_CURVE('',#1356,#1364,#1366,.T.);
#1364 = VERTEX_POINT('',#1365);
#1365 = CARTESIAN_POINT('',(68.036091,-57.778182,1.585));
#1366 = LINE('',#1367,#1368);
#1367 = CARTESIAN_POINT('',(68.18954,-57.80836,1.585));
#1368 = VECTOR('',#1369,1.);
#1369 = DIRECTION('',(-0.981204977154,0.192968372557,0.));
#1370 = ORIENTED_EDGE('',*,*,#1371,.T.);
#1371 = EDGE_CURVE('',#1364,#1372,#1374,.T.);
#1372 = VERTEX_POINT('',#1373);
#1373 = CARTESIAN_POINT('',(67.9026,-57.730313,1.585));
#1374 = LINE('',#1375,#1376);
#1375 = CARTESIAN_POINT('',(68.036091,-57.778182,1.585));
#1376 = VECTOR('',#1377,1.);
#1377 = DIRECTION('',(-0.941308631782,0.337547122239,0.));
#1378 = ORIENTED_EDGE('',*,*,#1379,.T.);
#1379 = EDGE_CURVE('',#1372,#1380,#1382,.T.);
#1380 = VERTEX_POINT('',#1381);
#1381 = CARTESIAN_POINT('',(67.598601,-57.485894,1.585));
#1382 = CIRCLE('',#1383,0.768337150362);
#1383 = AXIS2_PLACEMENT_3D('',#1384,#1385,#1386);
#1384 = CARTESIAN_POINT('',(68.216271350314,-57.02891991433,1.585));
#1385 = DIRECTION('',(0.,0.,-1.));
#1386 = DIRECTION('',(-0.408247017818,-0.912871498319,-0.));
#1387 = ORIENTED_EDGE('',*,*,#1388,.T.);
#1388 = EDGE_CURVE('',#1380,#1389,#1391,.T.);
#1389 = VERTEX_POINT('',#1390);
#1390 = CARTESIAN_POINT('',(67.530927,-57.374072,1.585));
#1391 = LINE('',#1392,#1393);
#1392 = CARTESIAN_POINT('',(67.598601,-57.485894,1.585));
#1393 = VECTOR('',#1394,1.);
#1394 = DIRECTION('',(-0.517759356597,0.85552629922,0.));
#1395 = ORIENTED_EDGE('',*,*,#1396,.T.);
#1396 = EDGE_CURVE('',#1389,#1397,#1399,.T.);
#1397 = VERTEX_POINT('',#1398);
#1398 = CARTESIAN_POINT('',(67.481223,-57.246599,1.585));
#1399 = LINE('',#1400,#1401);
#1400 = CARTESIAN_POINT('',(67.530927,-57.374072,1.585));
#1401 = VECTOR('',#1402,1.);
#1402 = DIRECTION('',(-0.363278854588,0.931680456922,0.));
#1403 = ORIENTED_EDGE('',*,*,#1404,.T.);
#1404 = EDGE_CURVE('',#1397,#1405,#1407,.T.);
#1405 = VERTEX_POINT('',#1406);
#1406 = CARTESIAN_POINT('',(67.45006,-57.100806,1.585));
#1407 = LINE('',#1408,#1409);
#1408 = CARTESIAN_POINT('',(67.481223,-57.246599,1.585));
#1409 = VECTOR('',#1410,1.);
#1410 = DIRECTION('',(-0.209026553037,0.977909965245,0.));
#1411 = ORIENTED_EDGE('',*,*,#1412,.T.);
#1412 = EDGE_CURVE('',#1405,#1413,#1415,.T.);
#1413 = VERTEX_POINT('',#1414);
#1414 = CARTESIAN_POINT('',(67.439122,-56.933459,1.585));
#1415 = LINE('',#1416,#1417);
#1416 = CARTESIAN_POINT('',(67.45006,-57.100806,1.585));
#1417 = VECTOR('',#1418,1.);
#1418 = DIRECTION('',(-6.522202702546E-02,0.9978707768,0.));
#1419 = ORIENTED_EDGE('',*,*,#1420,.T.);
#1420 = EDGE_CURVE('',#1413,#1421,#1423,.T.);
#1421 = VERTEX_POINT('',#1422);
#1422 = CARTESIAN_POINT('',(67.45006,-56.766113,1.585));
#1423 = LINE('',#1424,#1425);
#1424 = CARTESIAN_POINT('',(67.439122,-56.933459,1.585));
#1425 = VECTOR('',#1426,1.);
#1426 = DIRECTION('',(6.522241511108E-02,0.997870751434,0.));
#1427 = ORIENTED_EDGE('',*,*,#1428,.T.);
#1428 = EDGE_CURVE('',#1421,#1429,#1431,.T.);
#1429 = VERTEX_POINT('',#1430);
#1430 = CARTESIAN_POINT('',(67.481223,-56.62032,1.585));
#1431 = LINE('',#1432,#1433);
#1432 = CARTESIAN_POINT('',(67.45006,-56.766113,1.585));
#1433 = VECTOR('',#1434,1.);
#1434 = DIRECTION('',(0.209026553037,0.977909965245,0.));
#1435 = ORIENTED_EDGE('',*,*,#1436,.T.);
#1436 = EDGE_CURVE('',#1429,#1437,#1439,.T.);
#1437 = VERTEX_POINT('',#1438);
#1438 = CARTESIAN_POINT('',(67.530927,-56.492847,1.585));
#1439 = LINE('',#1440,#1441);
#1440 = CARTESIAN_POINT('',(67.481223,-56.62032,1.585));
#1441 = VECTOR('',#1442,1.);
#1442 = DIRECTION('',(0.363278854588,0.931680456922,0.));
#1443 = ORIENTED_EDGE('',*,*,#1444,.T.);
#1444 = EDGE_CURVE('',#1437,#1445,#1447,.T.);
#1445 = VERTEX_POINT('',#1446);
#1446 = CARTESIAN_POINT('',(67.78624,-56.201277,1.585));
#1447 = CIRCLE('',#1448,0.746344504258);
#1448 = AXIS2_PLACEMENT_3D('',#1449,#1450,#1451);
#1449 = CARTESIAN_POINT('',(68.200828751785,-56.82187855166,1.585));
#1450 = DIRECTION('',(0.,0.,-1.));
#1451 = DIRECTION('',(-0.897577121508,0.440857472371,0.));
#1452 = ORIENTED_EDGE('',*,*,#1453,.T.);
#1453 = EDGE_CURVE('',#1445,#1454,#1456,.T.);
#1454 = VERTEX_POINT('',#1455);
#1455 = CARTESIAN_POINT('',(67.9026,-56.136606,1.585));
#1456 = LINE('',#1457,#1458);
#1457 = CARTESIAN_POINT('',(67.78624,-56.201277,1.585));
#1458 = VECTOR('',#1459,1.);
#1459 = DIRECTION('',(0.874072577962,0.48579535656,0.));
#1460 = ORIENTED_EDGE('',*,*,#1461,.T.);
#1461 = EDGE_CURVE('',#1454,#1208,#1462,.T.);
#1462 = LINE('',#1463,#1464);
#1463 = CARTESIAN_POINT('',(67.9026,-56.136606,1.585));
#1464 = VECTOR('',#1465,1.);
#1465 = DIRECTION('',(0.941308631782,0.337547122239,0.));
#1466 = FACE_BOUND('',#1467,.F.);
#1467 = EDGE_LOOP('',(#1468,#1478,#1486,#1494,#1502,#1510,#1518,#1526,
    #1534,#1542,#1550,#1558,#1566,#1574,#1582,#1590,#1598,#1606,#1614,
    #1622,#1630,#1638,#1646,#1654));
#1468 = ORIENTED_EDGE('',*,*,#1469,.T.);
#1469 = EDGE_CURVE('',#1470,#1472,#1474,.T.);
#1470 = VERTEX_POINT('',#1471);
#1471 = CARTESIAN_POINT('',(68.56476,-56.492452,1.585));
#1472 = VERTEX_POINT('',#1473);
#1473 = CARTESIAN_POINT('',(68.476976,-56.44986,1.585));
#1474 = LINE('',#1475,#1476);
#1475 = CARTESIAN_POINT('',(68.56476,-56.492452,1.585));
#1476 = VECTOR('',#1477,1.);
#1477 = DIRECTION('',(-0.899693127484,0.436522939098,0.));
#1478 = ORIENTED_EDGE('',*,*,#1479,.T.);
#1479 = EDGE_CURVE('',#1472,#1480,#1482,.T.);
#1480 = VERTEX_POINT('',#1481);
#1481 = CARTESIAN_POINT('',(68.366292,-56.434813,1.585));
#1482 = LINE('',#1483,#1484);
#1483 = CARTESIAN_POINT('',(68.476976,-56.44986,1.585));
#1484 = VECTOR('',#1485,1.);
#1485 = DIRECTION('',(-0.990885542141,0.134706504577,0.));
#1486 = ORIENTED_EDGE('',*,*,#1487,.T.);
#1487 = EDGE_CURVE('',#1480,#1488,#1490,.T.);
#1488 = VERTEX_POINT('',#1489);
#1489 = CARTESIAN_POINT('',(68.253513,-56.449933,1.585));
#1490 = LINE('',#1491,#1492);
#1491 = CARTESIAN_POINT('',(68.366292,-56.434813,1.585));
#1492 = VECTOR('',#1493,1.);
#1493 = DIRECTION('',(-0.991132315052,-0.132878644106,0.));
#1494 = ORIENTED_EDGE('',*,*,#1495,.T.);
#1495 = EDGE_CURVE('',#1488,#1496,#1498,.T.);
#1496 = VERTEX_POINT('',#1497);
#1497 = CARTESIAN_POINT('',(68.164495,-56.492603,1.585));
#1498 = LINE('',#1499,#1500);
#1499 = CARTESIAN_POINT('',(68.253513,-56.449933,1.585));
#1500 = VECTOR('',#1501,1.);
#1501 = DIRECTION('',(-0.901754667362,-0.432248215601,0.));
#1502 = ORIENTED_EDGE('',*,*,#1503,.T.);
#1503 = EDGE_CURVE('',#1496,#1504,#1506,.T.);
#1504 = VERTEX_POINT('',#1505);
#1505 = CARTESIAN_POINT('',(68.093461,-56.563236,1.585));
#1506 = LINE('',#1507,#1508);
#1507 = CARTESIAN_POINT('',(68.164495,-56.492603,1.585));
#1508 = VECTOR('',#1509,1.);
#1509 = DIRECTION('',(-0.709105463874,-0.705102433058,0.));
#1510 = ORIENTED_EDGE('',*,*,#1511,.T.);
#1511 = EDGE_CURVE('',#1504,#1512,#1514,.T.);
#1512 = VERTEX_POINT('',#1513);
#1513 = CARTESIAN_POINT('',(68.044245,-56.653809,1.585));
#1514 = LINE('',#1515,#1516);
#1515 = CARTESIAN_POINT('',(68.093461,-56.563236,1.585));
#1516 = VECTOR('',#1517,1.);
#1517 = DIRECTION('',(-0.477449987651,-0.878658926599,0.));
#1518 = ORIENTED_EDGE('',*,*,#1519,.T.);
#1519 = EDGE_CURVE('',#1512,#1520,#1522,.T.);
#1520 = VERTEX_POINT('',#1521);
#1521 = CARTESIAN_POINT('',(68.011672,-56.774405,1.585));
#1522 = LINE('',#1523,#1524);
#1523 = CARTESIAN_POINT('',(68.044245,-56.653809,1.585));
#1524 = VECTOR('',#1525,1.);
#1525 = DIRECTION('',(-0.260755984235,-0.965404742419,0.));
#1526 = ORIENTED_EDGE('',*,*,#1527,.T.);
#1527 = EDGE_CURVE('',#1520,#1528,#1530,.T.);
#1528 = VERTEX_POINT('',#1529);
#1529 = CARTESIAN_POINT('',(67.999562,-56.933459,1.585));
#1530 = LINE('',#1531,#1532);
#1531 = CARTESIAN_POINT('',(68.011672,-56.774405,1.585));
#1532 = VECTOR('',#1533,1.);
#1533 = DIRECTION('',(-7.591793590909E-02,-0.997114069205,0.));
#1534 = ORIENTED_EDGE('',*,*,#1535,.T.);
#1535 = EDGE_CURVE('',#1528,#1536,#1538,.T.);
#1536 = VERTEX_POINT('',#1537);
#1537 = CARTESIAN_POINT('',(68.011672,-57.092513,1.585));
#1538 = LINE('',#1539,#1540);
#1539 = CARTESIAN_POINT('',(67.999562,-56.933459,1.585));
#1540 = VECTOR('',#1541,1.);
#1541 = DIRECTION('',(7.591793590909E-02,-0.997114069205,0.));
#1542 = ORIENTED_EDGE('',*,*,#1543,.T.);
#1543 = EDGE_CURVE('',#1536,#1544,#1546,.T.);
#1544 = VERTEX_POINT('',#1545);
#1545 = CARTESIAN_POINT('',(68.044245,-57.213109,1.585));
#1546 = LINE('',#1547,#1548);
#1547 = CARTESIAN_POINT('',(68.011672,-57.092513,1.585));
#1548 = VECTOR('',#1549,1.);
#1549 = DIRECTION('',(0.260755984235,-0.965404742419,0.));
#1550 = ORIENTED_EDGE('',*,*,#1551,.T.);
#1551 = EDGE_CURVE('',#1544,#1552,#1554,.T.);
#1552 = VERTEX_POINT('',#1553);
#1553 = CARTESIAN_POINT('',(68.093461,-57.303683,1.585));
#1554 = LINE('',#1555,#1556);
#1555 = CARTESIAN_POINT('',(68.044245,-57.213109,1.585));
#1556 = VECTOR('',#1557,1.);
#1557 = DIRECTION('',(0.477445917911,-0.878661138022,0.));
#1558 = ORIENTED_EDGE('',*,*,#1559,.T.);
#1559 = EDGE_CURVE('',#1552,#1560,#1562,.T.);
#1560 = VERTEX_POINT('',#1561);
#1561 = CARTESIAN_POINT('',(68.164495,-57.374316,1.585));
#1562 = LINE('',#1563,#1564);
#1563 = CARTESIAN_POINT('',(68.093461,-57.303683,1.585));
#1564 = VECTOR('',#1565,1.);
#1565 = DIRECTION('',(0.709105463874,-0.705102433058,0.));
#1566 = ORIENTED_EDGE('',*,*,#1567,.T.);
#1567 = EDGE_CURVE('',#1560,#1568,#1570,.T.);
#1568 = VERTEX_POINT('',#1569);
#1569 = CARTESIAN_POINT('',(68.253513,-57.416986,1.585));
#1570 = LINE('',#1571,#1572);
#1571 = CARTESIAN_POINT('',(68.164495,-57.374316,1.585));
#1572 = VECTOR('',#1573,1.);
#1573 = DIRECTION('',(0.901754667362,-0.432248215601,0.));
#1574 = ORIENTED_EDGE('',*,*,#1575,.T.);
#1575 = EDGE_CURVE('',#1568,#1576,#1578,.T.);
#1576 = VERTEX_POINT('',#1577);
#1577 = CARTESIAN_POINT('',(68.366292,-57.432106,1.585));
#1578 = LINE('',#1579,#1580);
#1579 = CARTESIAN_POINT('',(68.253513,-57.416986,1.585));
#1580 = VECTOR('',#1581,1.);
#1581 = DIRECTION('',(0.991132315052,-0.132878644106,0.));
#1582 = ORIENTED_EDGE('',*,*,#1583,.T.);
#1583 = EDGE_CURVE('',#1576,#1584,#1586,.T.);
#1584 = VERTEX_POINT('',#1585);
#1585 = CARTESIAN_POINT('',(68.476976,-57.417059,1.585));
#1586 = LINE('',#1587,#1588);
#1587 = CARTESIAN_POINT('',(68.366292,-57.432106,1.585));
#1588 = VECTOR('',#1589,1.);
#1589 = DIRECTION('',(0.990885542141,0.134706504577,0.));
#1590 = ORIENTED_EDGE('',*,*,#1591,.T.);
#1591 = EDGE_CURVE('',#1584,#1592,#1594,.T.);
#1592 = VERTEX_POINT('',#1593);
#1593 = CARTESIAN_POINT('',(68.56476,-57.374467,1.585));
#1594 = LINE('',#1595,#1596);
#1595 = CARTESIAN_POINT('',(68.476976,-57.417059,1.585));
#1596 = VECTOR('',#1597,1.);
#1597 = DIRECTION('',(0.899693127484,0.436522939098,0.));
#1598 = ORIENTED_EDGE('',*,*,#1599,.T.);
#1599 = EDGE_CURVE('',#1592,#1600,#1602,.T.);
#1600 = VERTEX_POINT('',#1601);
#1601 = CARTESIAN_POINT('',(68.635228,-57.303683,1.585));
#1602 = LINE('',#1603,#1604);
#1603 = CARTESIAN_POINT('',(68.56476,-57.374467,1.585));
#1604 = VECTOR('',#1605,1.);
#1605 = DIRECTION('',(0.70552312133,0.708686902143,0.));
#1606 = ORIENTED_EDGE('',*,*,#1607,.T.);
#1607 = EDGE_CURVE('',#1600,#1608,#1610,.T.);
#1608 = VERTEX_POINT('',#1609);
#1609 = CARTESIAN_POINT('',(68.684071,-57.213163,1.585));
#1610 = LINE('',#1611,#1612);
#1611 = CARTESIAN_POINT('',(68.635228,-57.303683,1.585));
#1612 = VECTOR('',#1613,1.);
#1613 = DIRECTION('',(0.474864357965,0.880058998894,0.));
#1614 = ORIENTED_EDGE('',*,*,#1615,.T.);
#1615 = EDGE_CURVE('',#1608,#1616,#1618,.T.);
#1616 = VERTEX_POINT('',#1617);
#1617 = CARTESIAN_POINT('',(68.716422,-57.092569,1.585));
#1618 = LINE('',#1619,#1620);
#1619 = CARTESIAN_POINT('',(68.684071,-57.213163,1.585));
#1620 = VECTOR('',#1621,1.);
#1621 = DIRECTION('',(0.259102507517,0.965849828182,0.));
#1622 = ORIENTED_EDGE('',*,*,#1623,.T.);
#1623 = EDGE_CURVE('',#1616,#1624,#1626,.T.);
#1624 = VERTEX_POINT('',#1625);
#1625 = CARTESIAN_POINT('',(68.728456,-56.933459,1.585));
#1626 = LINE('',#1627,#1628);
#1627 = CARTESIAN_POINT('',(68.716422,-57.092569,1.585));
#1628 = VECTOR('',#1629,1.);
#1629 = DIRECTION('',(7.541780798369E-02,0.997152021629,0.));
#1630 = ORIENTED_EDGE('',*,*,#1631,.T.);
#1631 = EDGE_CURVE('',#1624,#1632,#1634,.T.);
#1632 = VERTEX_POINT('',#1633);
#1633 = CARTESIAN_POINT('',(68.716422,-56.77435,1.585));
#1634 = LINE('',#1635,#1636);
#1635 = CARTESIAN_POINT('',(68.728456,-56.933459,1.585));
#1636 = VECTOR('',#1637,1.);
#1637 = DIRECTION('',(-7.541827928851E-02,0.997151985983,0.));
#1638 = ORIENTED_EDGE('',*,*,#1639,.T.);
#1639 = EDGE_CURVE('',#1632,#1640,#1642,.T.);
#1640 = VERTEX_POINT('',#1641);
#1641 = CARTESIAN_POINT('',(68.684071,-56.653756,1.585));
#1642 = LINE('',#1643,#1644);
#1643 = CARTESIAN_POINT('',(68.716422,-56.77435,1.585));
#1644 = VECTOR('',#1645,1.);
#1645 = DIRECTION('',(-0.259102507517,0.965849828182,0.));
#1646 = ORIENTED_EDGE('',*,*,#1647,.T.);
#1647 = EDGE_CURVE('',#1640,#1648,#1650,.T.);
#1648 = VERTEX_POINT('',#1649);
#1649 = CARTESIAN_POINT('',(68.635228,-56.563236,1.585));
#1650 = LINE('',#1651,#1652);
#1651 = CARTESIAN_POINT('',(68.684071,-56.653756,1.585));
#1652 = VECTOR('',#1653,1.);
#1653 = DIRECTION('',(-0.474864357965,0.880058998894,0.));
#1654 = ORIENTED_EDGE('',*,*,#1655,.T.);
#1655 = EDGE_CURVE('',#1648,#1470,#1656,.T.);
#1656 = LINE('',#1657,#1658);
#1657 = CARTESIAN_POINT('',(68.635228,-56.563236,1.585));
#1658 = VECTOR('',#1659,1.);
#1659 = DIRECTION('',(-0.70552312133,0.708686902143,0.));
#1660 = PLANE('',#1661);
#1661 = AXIS2_PLACEMENT_3D('',#1662,#1663,#1664);
#1662 = CARTESIAN_POINT('',(0.,0.,1.585));
#1663 = DIRECTION('',(0.,0.,1.));
#1664 = DIRECTION('',(1.,0.,-0.));
#1665 = SHELL_BASED_SURFACE_MODEL('',(#1666));
#1666 = OPEN_SHELL('',(#1667));
#1667 = ADVANCED_FACE('',(#1668,#1986),#2054,.T.);
#1668 = FACE_BOUND('',#1669,.F.);
#1669 = EDGE_LOOP('',(#1670,#1680,#1688,#1696,#1704,#1713,#1721,#1729,
    #1737,#1745,#1753,#1761,#1769,#1777,#1786,#1794,#1802,#1810,#1818,
    #1826,#1834,#1842,#1850,#1858,#1866,#1874,#1882,#1890,#1898,#1906,
    #1915,#1923,#1931,#1939,#1947,#1955,#1964,#1972,#1980));
#1670 = ORIENTED_EDGE('',*,*,#1671,.T.);
#1671 = EDGE_CURVE('',#1672,#1674,#1676,.T.);
#1672 = VERTEX_POINT('',#1673);
#1673 = CARTESIAN_POINT('',(73.000572,-56.088869,1.585));
#1674 = VERTEX_POINT('',#1675);
#1675 = CARTESIAN_POINT('',(73.154309,-56.058582,1.585));
#1676 = LINE('',#1677,#1678);
#1677 = CARTESIAN_POINT('',(73.000572,-56.088869,1.585));
#1678 = VECTOR('',#1679,1.);
#1679 = DIRECTION('',(0.981141653579,0.193290081516,0.));
#1680 = ORIENTED_EDGE('',*,*,#1681,.T.);
#1681 = EDGE_CURVE('',#1674,#1682,#1684,.T.);
#1682 = VERTEX_POINT('',#1683);
#1683 = CARTESIAN_POINT('',(73.330858,-56.047933,1.585));
#1684 = LINE('',#1685,#1686);
#1685 = CARTESIAN_POINT('',(73.154309,-56.058582,1.585));
#1686 = VECTOR('',#1687,1.);
#1687 = DIRECTION('',(0.998185846351,6.020810697194E-02,0.));
#1688 = ORIENTED_EDGE('',*,*,#1689,.T.);
#1689 = EDGE_CURVE('',#1682,#1690,#1692,.T.);
#1690 = VERTEX_POINT('',#1691);
#1691 = CARTESIAN_POINT('',(73.489945,-56.058385,1.585));
#1692 = LINE('',#1693,#1694);
#1693 = CARTESIAN_POINT('',(73.330858,-56.047933,1.585));
#1694 = VECTOR('',#1695,1.);
#1695 = DIRECTION('',(0.997848723518,-6.555856140484E-02,0.));
#1696 = ORIENTED_EDGE('',*,*,#1697,.T.);
#1697 = EDGE_CURVE('',#1690,#1698,#1700,.T.);
#1698 = VERTEX_POINT('',#1699);
#1699 = CARTESIAN_POINT('',(73.630502,-56.088354,1.585));
#1700 = LINE('',#1701,#1702);
#1701 = CARTESIAN_POINT('',(73.489945,-56.058385,1.585));
#1702 = VECTOR('',#1703,1.);
#1703 = DIRECTION('',(0.978016247309,-0.208528703057,0.));
#1704 = ORIENTED_EDGE('',*,*,#1705,.T.);
#1705 = EDGE_CURVE('',#1698,#1706,#1708,.T.);
#1706 = VERTEX_POINT('',#1707);
#1707 = CARTESIAN_POINT('',(73.965853,-56.286778,1.585));
#1708 = CIRCLE('',#1709,0.78213560823);
#1709 = AXIS2_PLACEMENT_3D('',#1710,#1711,#1712);
#1710 = CARTESIAN_POINT('',(73.412447020853,-56.83947858069,1.585));
#1711 = DIRECTION('',(0.,0.,-1.));
#1712 = DIRECTION('',(0.278794338032,0.960350830208,0.));
#1713 = ORIENTED_EDGE('',*,*,#1714,.T.);
#1714 = EDGE_CURVE('',#1706,#1715,#1717,.T.);
#1715 = VERTEX_POINT('',#1716);
#1716 = CARTESIAN_POINT('',(74.049887,-56.386271,1.585));
#1717 = LINE('',#1718,#1719);
#1718 = CARTESIAN_POINT('',(73.965853,-56.286778,1.585));
#1719 = VECTOR('',#1720,1.);
#1720 = DIRECTION('',(0.645260101183,-0.763962958409,0.));
#1721 = ORIENTED_EDGE('',*,*,#1722,.T.);
#1722 = EDGE_CURVE('',#1715,#1723,#1725,.T.);
#1723 = VERTEX_POINT('',#1724);
#1724 = CARTESIAN_POINT('',(74.115609,-56.497838,1.585));
#1725 = LINE('',#1726,#1727);
#1726 = CARTESIAN_POINT('',(74.049887,-56.386271,1.585));
#1727 = VECTOR('',#1728,1.);
#1728 = DIRECTION('',(0.507561380727,-0.861615601527,0.));
#1729 = ORIENTED_EDGE('',*,*,#1730,.T.);
#1730 = EDGE_CURVE('',#1723,#1731,#1733,.T.);
#1731 = VERTEX_POINT('',#1732);
#1732 = CARTESIAN_POINT('',(74.163638,-56.623186,1.585));
#1733 = LINE('',#1734,#1735);
#1734 = CARTESIAN_POINT('',(74.115609,-56.497838,1.585));
#1735 = VECTOR('',#1736,1.);
#1736 = DIRECTION('',(0.357799175299,-0.933798559731,0.));
#1737 = ORIENTED_EDGE('',*,*,#1738,.T.);
#1738 = EDGE_CURVE('',#1731,#1739,#1741,.T.);
#1739 = VERTEX_POINT('',#1740);
#1740 = CARTESIAN_POINT('',(74.193576,-56.764604,1.585));
#1741 = LINE('',#1742,#1743);
#1742 = CARTESIAN_POINT('',(74.163638,-56.623186,1.585));
#1743 = VECTOR('',#1744,1.);
#1744 = DIRECTION('',(0.207108593536,-0.978317959808,0.));
#1745 = ORIENTED_EDGE('',*,*,#1746,.T.);
#1746 = EDGE_CURVE('',#1739,#1747,#1749,.T.);
#1747 = VERTEX_POINT('',#1748);
#1748 = CARTESIAN_POINT('',(74.204026,-56.924862,1.585));
#1749 = LINE('',#1750,#1751);
#1750 = CARTESIAN_POINT('',(74.193576,-56.764604,1.585));
#1751 = VECTOR('',#1752,1.);
#1752 = DIRECTION('',(6.506916287887E-02,-0.997880756424,0.));
#1753 = ORIENTED_EDGE('',*,*,#1754,.T.);
#1754 = EDGE_CURVE('',#1747,#1755,#1757,.T.);
#1755 = VERTEX_POINT('',#1756);
#1756 = CARTESIAN_POINT('',(74.204026,-57.079614,1.585));
#1757 = LINE('',#1758,#1759);
#1758 = CARTESIAN_POINT('',(74.204026,-56.924862,1.585));
#1759 = VECTOR('',#1760,1.);
#1760 = DIRECTION('',(0.,-1.,0.));
#1761 = ORIENTED_EDGE('',*,*,#1762,.T.);
#1762 = EDGE_CURVE('',#1755,#1763,#1765,.T.);
#1763 = VERTEX_POINT('',#1764);
#1764 = CARTESIAN_POINT('',(72.946127,-57.079614,1.585));
#1765 = LINE('',#1766,#1767);
#1766 = CARTESIAN_POINT('',(74.204026,-57.079614,1.585));
#1767 = VECTOR('',#1768,1.);
#1768 = DIRECTION('',(-1.,0.,0.));
#1769 = ORIENTED_EDGE('',*,*,#1770,.T.);
#1770 = EDGE_CURVE('',#1763,#1771,#1773,.T.);
#1771 = VERTEX_POINT('',#1772);
#1772 = CARTESIAN_POINT('',(72.971613,-57.200057,1.585));
#1773 = LINE('',#1774,#1775);
#1774 = CARTESIAN_POINT('',(72.946127,-57.079614,1.585));
#1775 = VECTOR('',#1776,1.);
#1776 = DIRECTION('',(0.207018248117,-0.978337081453,0.));
#1777 = ORIENTED_EDGE('',*,*,#1778,.T.);
#1778 = EDGE_CURVE('',#1771,#1779,#1781,.T.);
#1779 = VERTEX_POINT('',#1780);
#1780 = CARTESIAN_POINT('',(73.166139,-57.413585,1.585));
#1781 = CIRCLE('',#1782,0.34833982635);
#1782 = AXIS2_PLACEMENT_3D('',#1783,#1784,#1785);
#1783 = CARTESIAN_POINT('',(73.30320494109,-57.09334514861,1.585));
#1784 = DIRECTION('',(0.,0.,1.));
#1785 = DIRECTION('',(-0.951920842828,-0.30634410226,0.));
#1786 = ORIENTED_EDGE('',*,*,#1787,.T.);
#1787 = EDGE_CURVE('',#1779,#1788,#1790,.T.);
#1788 = VERTEX_POINT('',#1789);
#1789 = CARTESIAN_POINT('',(73.273186,-57.446035,1.585));
#1790 = LINE('',#1791,#1792);
#1791 = CARTESIAN_POINT('',(73.166139,-57.413585,1.585));
#1792 = VECTOR('',#1793,1.);
#1793 = DIRECTION('',(0.95699582801,-0.290101680747,0.));
#1794 = ORIENTED_EDGE('',*,*,#1795,.T.);
#1795 = EDGE_CURVE('',#1788,#1796,#1798,.T.);
#1796 = VERTEX_POINT('',#1797);
#1797 = CARTESIAN_POINT('',(73.410518,-57.457898,1.585));
#1798 = LINE('',#1799,#1800);
#1799 = CARTESIAN_POINT('',(73.273186,-57.446035,1.585));
#1800 = VECTOR('',#1801,1.);
#1801 = DIRECTION('',(0.996289833724,-8.606141538366E-02,0.));
#1802 = ORIENTED_EDGE('',*,*,#1803,.T.);
#1803 = EDGE_CURVE('',#1796,#1804,#1806,.T.);
#1804 = VERTEX_POINT('',#1805);
#1805 = CARTESIAN_POINT('',(73.580537,-57.445375,1.585));
#1806 = LINE('',#1807,#1808);
#1807 = CARTESIAN_POINT('',(73.410518,-57.457898,1.585));
#1808 = VECTOR('',#1809,1.);
#1809 = DIRECTION('',(0.997298349884,7.345747966754E-02,0.));
#1810 = ORIENTED_EDGE('',*,*,#1811,.T.);
#1811 = EDGE_CURVE('',#1804,#1812,#1814,.T.);
#1812 = VERTEX_POINT('',#1813);
#1813 = CARTESIAN_POINT('',(73.758442,-57.406717,1.585));
#1814 = LINE('',#1815,#1816);
#1815 = CARTESIAN_POINT('',(73.580537,-57.445375,1.585));
#1816 = VECTOR('',#1817,1.);
#1817 = DIRECTION('',(0.977195743275,0.212340479714,0.));
#1818 = ORIENTED_EDGE('',*,*,#1819,.T.);
#1819 = EDGE_CURVE('',#1812,#1820,#1822,.T.);
#1820 = VERTEX_POINT('',#1821);
#1821 = CARTESIAN_POINT('',(73.935574,-57.34378,1.585));
#1822 = LINE('',#1823,#1824);
#1823 = CARTESIAN_POINT('',(73.758442,-57.406717,1.585));
#1824 = VECTOR('',#1825,1.);
#1825 = DIRECTION('',(0.942287320022,0.334805326311,0.));
#1826 = ORIENTED_EDGE('',*,*,#1827,.T.);
#1827 = EDGE_CURVE('',#1820,#1828,#1830,.T.);
#1828 = VERTEX_POINT('',#1829);
#1829 = CARTESIAN_POINT('',(74.124366,-57.251561,1.585));
#1830 = LINE('',#1831,#1832);
#1831 = CARTESIAN_POINT('',(73.935574,-57.34378,1.585));
#1832 = VECTOR('',#1833,1.);
#1833 = DIRECTION('',(0.898533251932,0.43890545129,0.));
#1834 = ORIENTED_EDGE('',*,*,#1835,.T.);
#1835 = EDGE_CURVE('',#1828,#1836,#1838,.T.);
#1836 = VERTEX_POINT('',#1837);
#1837 = CARTESIAN_POINT('',(74.124366,-57.664234,1.585));
#1838 = LINE('',#1839,#1840);
#1839 = CARTESIAN_POINT('',(74.124366,-57.251561,1.585));
#1840 = VECTOR('',#1841,1.);
#1841 = DIRECTION('',(0.,-1.,0.));
#1842 = ORIENTED_EDGE('',*,*,#1843,.T.);
#1843 = EDGE_CURVE('',#1836,#1844,#1846,.T.);
#1844 = VERTEX_POINT('',#1845);
#1845 = CARTESIAN_POINT('',(73.932227,-57.731813,1.585));
#1846 = LINE('',#1847,#1848);
#1847 = CARTESIAN_POINT('',(74.124366,-57.664234,1.585));
#1848 = VECTOR('',#1849,1.);
#1849 = DIRECTION('',(-0.943351525816,-0.331794964911,0.));
#1850 = ORIENTED_EDGE('',*,*,#1851,.T.);
#1851 = EDGE_CURVE('',#1844,#1852,#1854,.T.);
#1852 = VERTEX_POINT('',#1853);
#1853 = CARTESIAN_POINT('',(73.74259,-57.779895,1.585));
#1854 = LINE('',#1855,#1856);
#1855 = CARTESIAN_POINT('',(73.932227,-57.731813,1.585));
#1856 = VECTOR('',#1857,1.);
#1857 = DIRECTION('',(-0.969327982458,-0.245770751766,0.));
#1858 = ORIENTED_EDGE('',*,*,#1859,.T.);
#1859 = EDGE_CURVE('',#1852,#1860,#1862,.T.);
#1860 = VERTEX_POINT('',#1861);
#1861 = CARTESIAN_POINT('',(73.55135,-57.80926,1.585));
#1862 = LINE('',#1863,#1864);
#1863 = CARTESIAN_POINT('',(73.74259,-57.779895,1.585));
#1864 = VECTOR('',#1865,1.);
#1865 = DIRECTION('',(-0.988415573368,-0.151771717799,0.));
#1866 = ORIENTED_EDGE('',*,*,#1867,.T.);
#1867 = EDGE_CURVE('',#1860,#1868,#1870,.T.);
#1868 = VERTEX_POINT('',#1869);
#1869 = CARTESIAN_POINT('',(73.360949,-57.818986,1.585));
#1870 = LINE('',#1871,#1872);
#1871 = CARTESIAN_POINT('',(73.55135,-57.80926,1.585));
#1872 = VECTOR('',#1873,1.);
#1873 = DIRECTION('',(-0.998697879476,-5.101515000334E-02,0.));
#1874 = ORIENTED_EDGE('',*,*,#1875,.T.);
#1875 = EDGE_CURVE('',#1868,#1876,#1878,.T.);
#1876 = VERTEX_POINT('',#1877);
#1877 = CARTESIAN_POINT('',(73.174688,-57.808325,1.585));
#1878 = LINE('',#1879,#1880);
#1879 = CARTESIAN_POINT('',(73.360949,-57.818986,1.585));
#1880 = VECTOR('',#1881,1.);
#1881 = DIRECTION('',(-0.998365983085,5.714336197953E-02,0.));
#1882 = ORIENTED_EDGE('',*,*,#1883,.T.);
#1883 = EDGE_CURVE('',#1876,#1884,#1886,.T.);
#1884 = VERTEX_POINT('',#1885);
#1885 = CARTESIAN_POINT('',(73.013882,-57.778149,1.585));
#1886 = LINE('',#1887,#1888);
#1887 = CARTESIAN_POINT('',(73.174688,-57.808325,1.585));
#1888 = VECTOR('',#1889,1.);
#1889 = DIRECTION('',(-0.98284463741,0.184435405262,0.));
#1890 = ORIENTED_EDGE('',*,*,#1891,.T.);
#1891 = EDGE_CURVE('',#1884,#1892,#1894,.T.);
#1892 = VERTEX_POINT('',#1893);
#1893 = CARTESIAN_POINT('',(72.874925,-57.73051,1.585));
#1894 = LINE('',#1895,#1896);
#1895 = CARTESIAN_POINT('',(73.013882,-57.778149,1.585));
#1896 = VECTOR('',#1897,1.);
#1897 = DIRECTION('',(-0.945953046628,0.324303613264,0.));
#1898 = ORIENTED_EDGE('',*,*,#1899,.T.);
#1899 = EDGE_CURVE('',#1892,#1900,#1902,.T.);
#1900 = VERTEX_POINT('',#1901);
#1901 = CARTESIAN_POINT('',(72.754735,-57.666527,1.585));
#1902 = LINE('',#1903,#1904);
#1903 = CARTESIAN_POINT('',(72.874925,-57.73051,1.585));
#1904 = VECTOR('',#1905,1.);
#1905 = DIRECTION('',(-0.882713544419,0.469911479429,0.));
#1906 = ORIENTED_EDGE('',*,*,#1907,.T.);
#1907 = EDGE_CURVE('',#1900,#1908,#1910,.T.);
#1908 = VERTEX_POINT('',#1909);
#1909 = CARTESIAN_POINT('',(72.492241,-57.37706,1.585));
#1910 = CIRCLE('',#1911,0.746896206436);
#1911 = AXIS2_PLACEMENT_3D('',#1912,#1913,#1914);
#1912 = CARTESIAN_POINT('',(73.157505990559,-57.03753616353,1.585));
#1913 = DIRECTION('',(0.,0.,-1.));
#1914 = DIRECTION('',(-0.53925965494,-0.84213955171,-0.));
#1915 = ORIENTED_EDGE('',*,*,#1916,.T.);
#1916 = EDGE_CURVE('',#1908,#1917,#1919,.T.);
#1917 = VERTEX_POINT('',#1918);
#1918 = CARTESIAN_POINT('',(72.44105,-57.249262,1.585));
#1919 = LINE('',#1920,#1921);
#1920 = CARTESIAN_POINT('',(72.492241,-57.37706,1.585));
#1921 = VECTOR('',#1922,1.);
#1922 = DIRECTION('',(-0.371840235835,0.928296740818,0.));
#1923 = ORIENTED_EDGE('',*,*,#1924,.T.);
#1924 = EDGE_CURVE('',#1917,#1925,#1927,.T.);
#1925 = VERTEX_POINT('',#1926);
#1926 = CARTESIAN_POINT('',(72.408931,-57.102536,1.585));
#1927 = LINE('',#1928,#1929);
#1928 = CARTESIAN_POINT('',(72.44105,-57.249262,1.585));
#1929 = VECTOR('',#1930,1.);
#1930 = DIRECTION('',(-0.213841026893,0.976868473858,0.));
#1931 = ORIENTED_EDGE('',*,*,#1932,.T.);
#1932 = EDGE_CURVE('',#1925,#1933,#1935,.T.);
#1933 = VERTEX_POINT('',#1934);
#1934 = CARTESIAN_POINT('',(72.397643,-56.933459,1.585));
#1935 = LINE('',#1936,#1937);
#1936 = CARTESIAN_POINT('',(72.408931,-57.102536,1.585));
#1937 = VECTOR('',#1938,1.);
#1938 = DIRECTION('',(-6.661418871666E-02,0.997778808084,0.));
#1939 = ORIENTED_EDGE('',*,*,#1940,.T.);
#1940 = EDGE_CURVE('',#1933,#1941,#1943,.T.);
#1941 = VERTEX_POINT('',#1942);
#1942 = CARTESIAN_POINT('',(72.408642,-56.767668,1.585));
#1943 = LINE('',#1944,#1945);
#1944 = CARTESIAN_POINT('',(72.397643,-56.933459,1.585));
#1945 = VECTOR('',#1946,1.);
#1946 = DIRECTION('',(6.619704605917E-02,0.997806569979,0.));
#1947 = ORIENTED_EDGE('',*,*,#1948,.T.);
#1948 = EDGE_CURVE('',#1941,#1949,#1951,.T.);
#1949 = VERTEX_POINT('',#1950);
#1950 = CARTESIAN_POINT('',(72.440038,-56.622708,1.585));
#1951 = LINE('',#1952,#1953);
#1952 = CARTESIAN_POINT('',(72.408642,-56.767668,1.585));
#1953 = VECTOR('',#1954,1.);
#1954 = DIRECTION('',(0.21167606849,0.977339880506,0.));
#1955 = ORIENTED_EDGE('',*,*,#1956,.T.);
#1956 = EDGE_CURVE('',#1949,#1957,#1959,.T.);
#1957 = VERTEX_POINT('',#1958);
#1958 = CARTESIAN_POINT('',(72.646294,-56.28436,1.585));
#1959 = CIRCLE('',#1960,0.76794877418);
#1960 = AXIS2_PLACEMENT_3D('',#1961,#1962,#1963);
#1961 = CARTESIAN_POINT('',(73.176684974797,-56.83972540549,1.585));
#1962 = DIRECTION('',(0.,0.,-1.));
#1963 = DIRECTION('',(-0.959239729998,0.28259359581,0.));
#1964 = ORIENTED_EDGE('',*,*,#1965,.T.);
#1965 = EDGE_CURVE('',#1957,#1966,#1968,.T.);
#1966 = VERTEX_POINT('',#1967);
#1967 = CARTESIAN_POINT('',(72.749009,-56.202094,1.585));
#1968 = LINE('',#1969,#1970);
#1969 = CARTESIAN_POINT('',(72.646294,-56.28436,1.585));
#1970 = VECTOR('',#1971,1.);
#1971 = DIRECTION('',(0.78052025095,0.625130496662,0.));
#1972 = ORIENTED_EDGE('',*,*,#1973,.T.);
#1973 = EDGE_CURVE('',#1966,#1974,#1976,.T.);
#1974 = VERTEX_POINT('',#1975);
#1975 = CARTESIAN_POINT('',(72.86639,-56.136987,1.585));
#1976 = LINE('',#1977,#1978);
#1977 = CARTESIAN_POINT('',(72.749009,-56.202094,1.585));
#1978 = VECTOR('',#1979,1.);
#1979 = DIRECTION('',(0.87448810593,0.485046959157,0.));
#1980 = ORIENTED_EDGE('',*,*,#1981,.T.);
#1981 = EDGE_CURVE('',#1974,#1672,#1982,.T.);
#1982 = LINE('',#1983,#1984);
#1983 = CARTESIAN_POINT('',(72.86639,-56.136987,1.585));
#1984 = VECTOR('',#1985,1.);
#1985 = DIRECTION('',(0.941305930434,0.337554655323,0.));
#1986 = FACE_BOUND('',#1987,.F.);
#1987 = EDGE_LOOP('',(#1988,#1999,#2007,#2015,#2023,#2032,#2040,#2048));
#1988 = ORIENTED_EDGE('',*,*,#1989,.T.);
#1989 = EDGE_CURVE('',#1990,#1992,#1994,.T.);
#1990 = VERTEX_POINT('',#1991);
#1991 = CARTESIAN_POINT('',(73.640367,-56.64745,1.585));
#1992 = VERTEX_POINT('',#1993);
#1993 = CARTESIAN_POINT('',(73.496855,-56.450615,1.585));
#1994 = CIRCLE('',#1995,0.305800958528);
#1995 = AXIS2_PLACEMENT_3D('',#1996,#1997,#1998);
#1996 = CARTESIAN_POINT('',(73.34195884689,-56.71428412596,1.585));
#1997 = DIRECTION('',(0.,0.,1.));
#1998 = DIRECTION('',(0.975824780102,0.218554337725,-0.));
#1999 = ORIENTED_EDGE('',*,*,#2000,.T.);
#2000 = EDGE_CURVE('',#1992,#2001,#2003,.T.);
#2001 = VERTEX_POINT('',#2002);
#2002 = CARTESIAN_POINT('',(73.420168,-56.419818,1.585));
#2003 = LINE('',#2004,#2005);
#2004 = CARTESIAN_POINT('',(73.496855,-56.450615,1.585));
#2005 = VECTOR('',#2006,1.);
#2006 = DIRECTION('',(-0.927965917601,0.372665071842,0.));
#2007 = ORIENTED_EDGE('',*,*,#2008,.T.);
#2008 = EDGE_CURVE('',#2001,#2009,#2011,.T.);
#2009 = VERTEX_POINT('',#2010);
#2010 = CARTESIAN_POINT('',(73.327903,-56.409021,1.585));
#2011 = LINE('',#2012,#2013);
#2012 = CARTESIAN_POINT('',(73.420168,-56.419818,1.585));
#2013 = VECTOR('',#2014,1.);
#2014 = DIRECTION('',(-0.99322249966,0.116228508414,0.));
#2015 = ORIENTED_EDGE('',*,*,#2016,.T.);
#2016 = EDGE_CURVE('',#2009,#2017,#2019,.T.);
#2017 = VERTEX_POINT('',#2018);
#2018 = CARTESIAN_POINT('',(73.226903,-56.419323,1.585));
#2019 = LINE('',#2020,#2021);
#2020 = CARTESIAN_POINT('',(73.327903,-56.409021,1.585));
#2021 = VECTOR('',#2022,1.);
#2022 = DIRECTION('',(-0.994838242454,-0.10147350073,0.));
#2023 = ORIENTED_EDGE('',*,*,#2024,.T.);
#2024 = EDGE_CURVE('',#2017,#2025,#2027,.T.);
#2025 = VERTEX_POINT('',#2026);
#2026 = CARTESIAN_POINT('',(72.977834,-56.640379,1.585));
#2027 = CIRCLE('',#2028,0.332582991951);
#2028 = AXIS2_PLACEMENT_3D('',#2029,#2030,#2031);
#2029 = CARTESIAN_POINT('',(73.293474957977,-56.74517514583,1.585));
#2030 = DIRECTION('',(0.,0.,1.));
#2031 = DIRECTION('',(-0.200166453452,0.979761905216,0.));
#2032 = ORIENTED_EDGE('',*,*,#2033,.T.);
#2033 = EDGE_CURVE('',#2025,#2034,#2036,.T.);
#2034 = VERTEX_POINT('',#2035);
#2035 = CARTESIAN_POINT('',(72.952172,-56.744318,1.585));
#2036 = LINE('',#2037,#2038);
#2037 = CARTESIAN_POINT('',(72.977834,-56.640379,1.585));
#2038 = VECTOR('',#2039,1.);
#2039 = DIRECTION('',(-0.239697257583,-0.970847683577,0.));
#2040 = ORIENTED_EDGE('',*,*,#2041,.T.);
#2041 = EDGE_CURVE('',#2034,#2042,#2044,.T.);
#2042 = VERTEX_POINT('',#2043);
#2043 = CARTESIAN_POINT('',(73.650975,-56.744318,1.585));
#2044 = LINE('',#2045,#2046);
#2045 = CARTESIAN_POINT('',(72.952172,-56.744318,1.585));
#2046 = VECTOR('',#2047,1.);
#2047 = DIRECTION('',(1.,0.,0.));
#2048 = ORIENTED_EDGE('',*,*,#2049,.T.);
#2049 = EDGE_CURVE('',#2042,#1990,#2050,.T.);
#2050 = LINE('',#2051,#2052);
#2051 = CARTESIAN_POINT('',(73.650975,-56.744318,1.585));
#2052 = VECTOR('',#2053,1.);
#2053 = DIRECTION('',(-0.108859052762,0.994057194849,0.));
#2054 = PLANE('',#2055);
#2055 = AXIS2_PLACEMENT_3D('',#2056,#2057,#2058);
#2056 = CARTESIAN_POINT('',(0.,0.,1.585));
#2057 = DIRECTION('',(0.,0.,1.));
#2058 = DIRECTION('',(1.,0.,-0.));
#2059 = SHELL_BASED_SURFACE_MODEL('',(#2060));
#2060 = OPEN_SHELL('',(#2061));
#2061 = ADVANCED_FACE('',(#2062,#2419),#2566,.T.);
#2062 = FACE_BOUND('',#2063,.F.);
#2063 = EDGE_LOOP('',(#2064,#2075,#2083,#2091,#2099,#2107,#2115,#2123,
    #2131,#2139,#2147,#2155,#2163,#2171,#2179,#2187,#2195,#2203,#2211,
    #2219,#2227,#2236,#2244,#2252,#2260,#2268,#2276,#2284,#2292,#2300,
    #2308,#2316,#2324,#2332,#2340,#2348,#2356,#2364,#2372,#2380,#2389,
    #2397,#2405,#2413));
#2064 = ORIENTED_EDGE('',*,*,#2065,.T.);
#2065 = EDGE_CURVE('',#2066,#2068,#2070,.T.);
#2066 = VERTEX_POINT('',#2067);
#2067 = CARTESIAN_POINT('',(80.458134,-56.096745,1.585));
#2068 = VERTEX_POINT('',#2069);
#2069 = CARTESIAN_POINT('',(80.980483,-56.047933,1.585));
#2070 = CIRCLE('',#2071,2.883400540459);
#2071 = AXIS2_PLACEMENT_3D('',#2072,#2073,#2074);
#2072 = CARTESIAN_POINT('',(80.986472671543,-58.93132731929,1.585));
#2073 = DIRECTION('',(0.,0.,-1.));
#2074 = DIRECTION('',(-0.183234574638,0.983069219667,0.));
#2075 = ORIENTED_EDGE('',*,*,#2076,.T.);
#2076 = EDGE_CURVE('',#2068,#2077,#2079,.T.);
#2077 = VERTEX_POINT('',#2078);
#2078 = CARTESIAN_POINT('',(81.214177,-56.061937,1.585));
#2079 = LINE('',#2080,#2081);
#2080 = CARTESIAN_POINT('',(80.980483,-56.047933,1.585));
#2081 = VECTOR('',#2082,1.);
#2082 = DIRECTION('',(0.998209347315,-5.981721267898E-02,0.));
#2083 = ORIENTED_EDGE('',*,*,#2084,.T.);
#2084 = EDGE_CURVE('',#2077,#2085,#2087,.T.);
#2085 = VERTEX_POINT('',#2086);
#2086 = CARTESIAN_POINT('',(81.395055,-56.099708,1.585));
#2087 = LINE('',#2088,#2089);
#2088 = CARTESIAN_POINT('',(81.214177,-56.061937,1.585));
#2089 = VECTOR('',#2090,1.);
#2090 = DIRECTION('',(0.978885132959,-0.204411096745,0.));
#2091 = ORIENTED_EDGE('',*,*,#2092,.T.);
#2092 = EDGE_CURVE('',#2085,#2093,#2095,.T.);
#2093 = VERTEX_POINT('',#2094);
#2094 = CARTESIAN_POINT('',(81.533456,-56.156309,1.585));
#2095 = LINE('',#2096,#2097);
#2096 = CARTESIAN_POINT('',(81.395055,-56.099708,1.585));
#2097 = VECTOR('',#2098,1.);
#2098 = DIRECTION('',(0.925588177896,-0.378532065932,0.));
#2099 = ORIENTED_EDGE('',*,*,#2100,.T.);
#2100 = EDGE_CURVE('',#2093,#2101,#2103,.T.);
#2101 = VERTEX_POINT('',#2102);
#2102 = CARTESIAN_POINT('',(81.637911,-56.229014,1.585));
#2103 = LINE('',#2104,#2105);
#2104 = CARTESIAN_POINT('',(81.533456,-56.156309,1.585));
#2105 = VECTOR('',#2106,1.);
#2106 = DIRECTION('',(0.820755430585,-0.571279724098,0.));
#2107 = ORIENTED_EDGE('',*,*,#2108,.T.);
#2108 = EDGE_CURVE('',#2101,#2109,#2111,.T.);
#2109 = VERTEX_POINT('',#2110);
#2110 = CARTESIAN_POINT('',(81.721022,-56.325511,1.585));
#2111 = LINE('',#2112,#2113);
#2112 = CARTESIAN_POINT('',(81.637911,-56.229014,1.585));
#2113 = VECTOR('',#2114,1.);
#2114 = DIRECTION('',(0.652596901071,-0.757705275627,0.));
#2115 = ORIENTED_EDGE('',*,*,#2116,.T.);
#2116 = EDGE_CURVE('',#2109,#2117,#2119,.T.);
#2117 = VERTEX_POINT('',#2118);
#2118 = CARTESIAN_POINT('',(81.783865,-56.450831,1.585));
#2119 = LINE('',#2120,#2121);
#2120 = CARTESIAN_POINT('',(81.721022,-56.325511,1.585));
#2121 = VECTOR('',#2122,1.);
#2122 = DIRECTION('',(0.448257558261,-0.893904447613,0.));
#2123 = ORIENTED_EDGE('',*,*,#2124,.T.);
#2124 = EDGE_CURVE('',#2117,#2125,#2127,.T.);
#2125 = VERTEX_POINT('',#2126);
#2126 = CARTESIAN_POINT('',(81.82499,-56.611922,1.585));
#2127 = LINE('',#2128,#2129);
#2128 = CARTESIAN_POINT('',(81.783865,-56.450831,1.585));
#2129 = VECTOR('',#2130,1.);
#2130 = DIRECTION('',(0.247357174382,-0.968924366647,0.));
#2131 = ORIENTED_EDGE('',*,*,#2132,.T.);
#2132 = EDGE_CURVE('',#2125,#2133,#2135,.T.);
#2133 = VERTEX_POINT('',#2134);
#2134 = CARTESIAN_POINT('',(81.840083,-56.817798,1.585));
#2135 = LINE('',#2136,#2137);
#2136 = CARTESIAN_POINT('',(81.82499,-56.611922,1.585));
#2137 = VECTOR('',#2138,1.);
#2138 = DIRECTION('',(7.311490383794E-02,-0.997323523656,0.));
#2139 = ORIENTED_EDGE('',*,*,#2140,.T.);
#2140 = EDGE_CURVE('',#2133,#2141,#2143,.T.);
#2141 = VERTEX_POINT('',#2142);
#2142 = CARTESIAN_POINT('',(81.840083,-57.776,1.585));
#2143 = LINE('',#2144,#2145);
#2144 = CARTESIAN_POINT('',(81.840083,-56.817798,1.585));
#2145 = VECTOR('',#2146,1.);
#2146 = DIRECTION('',(0.,-1.,0.));
#2147 = ORIENTED_EDGE('',*,*,#2148,.T.);
#2148 = EDGE_CURVE('',#2141,#2149,#2151,.T.);
#2149 = VERTEX_POINT('',#2150);
#2150 = CARTESIAN_POINT('',(81.29751,-57.776,1.585));
#2151 = LINE('',#2152,#2153);
#2152 = CARTESIAN_POINT('',(81.840083,-57.776,1.585));
#2153 = VECTOR('',#2154,1.);
#2154 = DIRECTION('',(-1.,0.,0.));
#2155 = ORIENTED_EDGE('',*,*,#2156,.T.);
#2156 = EDGE_CURVE('',#2149,#2157,#2159,.T.);
#2157 = VERTEX_POINT('',#2158);
#2158 = CARTESIAN_POINT('',(81.29751,-57.526676,1.585));
#2159 = LINE('',#2160,#2161);
#2160 = CARTESIAN_POINT('',(81.29751,-57.776,1.585));
#2161 = VECTOR('',#2162,1.);
#2162 = DIRECTION('',(0.,1.,0.));
#2163 = ORIENTED_EDGE('',*,*,#2164,.T.);
#2164 = EDGE_CURVE('',#2157,#2165,#2167,.T.);
#2165 = VERTEX_POINT('',#2166);
#2166 = CARTESIAN_POINT('',(81.219503,-57.622432,1.585));
#2167 = LINE('',#2168,#2169);
#2168 = CARTESIAN_POINT('',(81.29751,-57.526676,1.585));
#2169 = VECTOR('',#2170,1.);
#2170 = DIRECTION('',(-0.631593109657,-0.775300034718,0.));
#2171 = ORIENTED_EDGE('',*,*,#2172,.T.);
#2172 = EDGE_CURVE('',#2165,#2173,#2175,.T.);
#2173 = VERTEX_POINT('',#2174);
#2174 = CARTESIAN_POINT('',(81.138511,-57.695662,1.585));
#2175 = LINE('',#2176,#2177);
#2176 = CARTESIAN_POINT('',(81.219503,-57.622432,1.585));
#2177 = VECTOR('',#2178,1.);
#2178 = DIRECTION('',(-0.741756613813,-0.670669162751,0.));
#2179 = ORIENTED_EDGE('',*,*,#2180,.T.);
#2180 = EDGE_CURVE('',#2173,#2181,#2183,.T.);
#2181 = VERTEX_POINT('',#2182);
#2182 = CARTESIAN_POINT('',(81.054098,-57.749267,1.585));
#2183 = LINE('',#2184,#2185);
#2184 = CARTESIAN_POINT('',(81.138511,-57.695662,1.585));
#2185 = VECTOR('',#2186,1.);
#2186 = DIRECTION('',(-0.844170073958,-0.536075448266,0.));
#2187 = ORIENTED_EDGE('',*,*,#2188,.T.);
#2188 = EDGE_CURVE('',#2181,#2189,#2191,.T.);
#2189 = VERTEX_POINT('',#2190);
#2190 = CARTESIAN_POINT('',(80.961407,-57.786784,1.585));
#2191 = LINE('',#2192,#2193);
#2192 = CARTESIAN_POINT('',(81.054098,-57.749267,1.585));
#2193 = VECTOR('',#2194,1.);
#2194 = DIRECTION('',(-0.926949545902,-0.375186006339,0.));
#2195 = ORIENTED_EDGE('',*,*,#2196,.T.);
#2196 = EDGE_CURVE('',#2189,#2197,#2199,.T.);
#2197 = VERTEX_POINT('',#2198);
#2198 = CARTESIAN_POINT('',(80.852714,-57.810555,1.585));
#2199 = LINE('',#2200,#2201);
#2200 = CARTESIAN_POINT('',(80.961407,-57.786784,1.585));
#2201 = VECTOR('',#2202,1.);
#2202 = DIRECTION('',(-0.976910511752,-0.213648898962,0.));
#2203 = ORIENTED_EDGE('',*,*,#2204,.T.);
#2204 = EDGE_CURVE('',#2197,#2205,#2207,.T.);
#2205 = VERTEX_POINT('',#2206);
#2206 = CARTESIAN_POINT('',(80.72498,-57.818986,1.585));
#2207 = LINE('',#2208,#2209);
#2208 = CARTESIAN_POINT('',(80.852714,-57.810555,1.585));
#2209 = VECTOR('',#2210,1.);
#2210 = DIRECTION('',(-0.997828804368,-6.586104443317E-02,0.));
#2211 = ORIENTED_EDGE('',*,*,#2212,.T.);
#2212 = EDGE_CURVE('',#2205,#2213,#2215,.T.);
#2213 = VERTEX_POINT('',#2214);
#2214 = CARTESIAN_POINT('',(80.595681,-57.808715,1.585));
#2215 = LINE('',#2216,#2217);
#2216 = CARTESIAN_POINT('',(80.72498,-57.818986,1.585));
#2217 = VECTOR('',#2218,1.);
#2218 = DIRECTION('',(-0.996859811453,7.918659172492E-02,0.));
#2219 = ORIENTED_EDGE('',*,*,#2220,.T.);
#2220 = EDGE_CURVE('',#2213,#2221,#2223,.T.);
#2221 = VERTEX_POINT('',#2222);
#2222 = CARTESIAN_POINT('',(80.483689,-57.779388,1.585));
#2223 = LINE('',#2224,#2225);
#2224 = CARTESIAN_POINT('',(80.595681,-57.808715,1.585));
#2225 = VECTOR('',#2226,1.);
#2226 = DIRECTION('',(-0.967381195243,0.25332513316,0.));
#2227 = ORIENTED_EDGE('',*,*,#2228,.T.);
#2228 = EDGE_CURVE('',#2221,#2229,#2231,.T.);
#2229 = VERTEX_POINT('',#2230);
#2230 = CARTESIAN_POINT('',(80.229425,-57.585738,1.585));
#2231 = CIRCLE('',#2232,0.53720404175);
#2232 = AXIS2_PLACEMENT_3D('',#2233,#2234,#2235);
#2233 = CARTESIAN_POINT('',(80.667311092216,-57.2745403896,1.585));
#2234 = DIRECTION('',(0.,0.,-1.));
#2235 = DIRECTION('',(-0.341810704957,-0.939768823689,-0.));
#2236 = ORIENTED_EDGE('',*,*,#2237,.T.);
#2237 = EDGE_CURVE('',#2229,#2238,#2240,.T.);
#2238 = VERTEX_POINT('',#2239);
#2239 = CARTESIAN_POINT('',(80.179052,-57.494377,1.585));
#2240 = LINE('',#2241,#2242);
#2241 = CARTESIAN_POINT('',(80.229425,-57.585738,1.585));
#2242 = VECTOR('',#2243,1.);
#2243 = DIRECTION('',(-0.482834322057,0.875711720513,0.));
#2244 = ORIENTED_EDGE('',*,*,#2245,.T.);
#2245 = EDGE_CURVE('',#2238,#2246,#2248,.T.);
#2246 = VERTEX_POINT('',#2247);
#2247 = CARTESIAN_POINT('',(80.14815,-57.390803,1.585));
#2248 = LINE('',#2249,#2250);
#2249 = CARTESIAN_POINT('',(80.179052,-57.494377,1.585));
#2250 = VECTOR('',#2251,1.);
#2251 = DIRECTION('',(-0.285902900778,0.95825859314,0.));
#2252 = ORIENTED_EDGE('',*,*,#2253,.T.);
#2253 = EDGE_CURVE('',#2246,#2254,#2256,.T.);
#2254 = VERTEX_POINT('',#2255);
#2255 = CARTESIAN_POINT('',(80.137405,-57.272114,1.585));
#2256 = LINE('',#2257,#2258);
#2257 = CARTESIAN_POINT('',(80.14815,-57.390803,1.585));
#2258 = VECTOR('',#2259,1.);
#2259 = DIRECTION('',(-9.016199337855E-02,0.995927113272,0.));
#2260 = ORIENTED_EDGE('',*,*,#2261,.T.);
#2261 = EDGE_CURVE('',#2254,#2262,#2264,.T.);
#2262 = VERTEX_POINT('',#2263);
#2263 = CARTESIAN_POINT('',(80.151497,-57.127731,1.585));
#2264 = LINE('',#2265,#2266);
#2265 = CARTESIAN_POINT('',(80.137405,-57.272114,1.585));
#2266 = VECTOR('',#2267,1.);
#2267 = DIRECTION('',(9.713993460107E-02,0.995270733572,0.));
#2268 = ORIENTED_EDGE('',*,*,#2269,.T.);
#2269 = EDGE_CURVE('',#2262,#2270,#2272,.T.);
#2270 = VERTEX_POINT('',#2271);
#2271 = CARTESIAN_POINT('',(80.190868,-57.010978,1.585));
#2272 = LINE('',#2273,#2274);
#2273 = CARTESIAN_POINT('',(80.151497,-57.127731,1.585));
#2274 = VECTOR('',#2275,1.);
#2275 = DIRECTION('',(0.319537189971,0.947573735508,0.));
#2276 = ORIENTED_EDGE('',*,*,#2277,.T.);
#2277 = EDGE_CURVE('',#2270,#2278,#2280,.T.);
#2278 = VERTEX_POINT('',#2279);
#2279 = CARTESIAN_POINT('',(80.253583,-56.916029,1.585));
#2280 = LINE('',#2281,#2282);
#2281 = CARTESIAN_POINT('',(80.190868,-57.010978,1.585));
#2282 = VECTOR('',#2283,1.);
#2283 = DIRECTION('',(0.551140044915,0.834412758106,0.));
#2284 = ORIENTED_EDGE('',*,*,#2285,.T.);
#2285 = EDGE_CURVE('',#2278,#2286,#2288,.T.);
#2286 = VERTEX_POINT('',#2287);
#2287 = CARTESIAN_POINT('',(80.341055,-56.839157,1.585));
#2288 = LINE('',#2289,#2290);
#2289 = CARTESIAN_POINT('',(80.253583,-56.916029,1.585));
#2290 = VECTOR('',#2291,1.);
#2291 = DIRECTION('',(0.751153543446,0.660127528716,0.));
#2292 = ORIENTED_EDGE('',*,*,#2293,.T.);
#2293 = EDGE_CURVE('',#2286,#2294,#2296,.T.);
#2294 = VERTEX_POINT('',#2295);
#2295 = CARTESIAN_POINT('',(80.443405,-56.784549,1.585));
#2296 = LINE('',#2297,#2298);
#2297 = CARTESIAN_POINT('',(80.341055,-56.839157,1.585));
#2298 = VECTOR('',#2299,1.);
#2299 = DIRECTION('',(0.882276570773,0.470731401825,0.));
#2300 = ORIENTED_EDGE('',*,*,#2301,.T.);
#2301 = EDGE_CURVE('',#2294,#2302,#2304,.T.);
#2302 = VERTEX_POINT('',#2303);
#2303 = CARTESIAN_POINT('',(80.578626,-56.741259,1.585));
#2304 = LINE('',#2305,#2306);
#2305 = CARTESIAN_POINT('',(80.443405,-56.784549,1.585));
#2306 = VECTOR('',#2307,1.);
#2307 = DIRECTION('',(0.952384722006,0.304898903392,0.));
#2308 = ORIENTED_EDGE('',*,*,#2309,.T.);
#2309 = EDGE_CURVE('',#2302,#2310,#2312,.T.);
#2310 = VERTEX_POINT('',#2311);
#2311 = CARTESIAN_POINT('',(80.754612,-56.71214,1.585));
#2312 = LINE('',#2313,#2314);
#2313 = CARTESIAN_POINT('',(80.578626,-56.741259,1.585));
#2314 = VECTOR('',#2315,1.);
#2315 = DIRECTION('',(0.986585972865,0.16324251329,0.));
#2316 = ORIENTED_EDGE('',*,*,#2317,.T.);
#2317 = EDGE_CURVE('',#2310,#2318,#2320,.T.);
#2318 = VERTEX_POINT('',#2319);
#2319 = CARTESIAN_POINT('',(80.980483,-56.701331,1.585));
#2320 = LINE('',#2321,#2322);
#2321 = CARTESIAN_POINT('',(80.754612,-56.71214,1.585));
#2322 = VECTOR('',#2323,1.);
#2323 = DIRECTION('',(0.998856924426,4.780004735495E-02,0.));
#2324 = ORIENTED_EDGE('',*,*,#2325,.T.);
#2325 = EDGE_CURVE('',#2318,#2326,#2328,.T.);
#2326 = VERTEX_POINT('',#2327);
#2327 = CARTESIAN_POINT('',(81.29751,-56.701331,1.585));
#2328 = LINE('',#2329,#2330);
#2329 = CARTESIAN_POINT('',(80.980483,-56.701331,1.585));
#2330 = VECTOR('',#2331,1.);
#2331 = DIRECTION('',(1.,0.,0.));
#2332 = ORIENTED_EDGE('',*,*,#2333,.T.);
#2333 = EDGE_CURVE('',#2326,#2334,#2336,.T.);
#2334 = VERTEX_POINT('',#2335);
#2335 = CARTESIAN_POINT('',(81.29751,-56.657941,1.585));
#2336 = LINE('',#2337,#2338);
#2337 = CARTESIAN_POINT('',(81.29751,-56.701331,1.585));
#2338 = VECTOR('',#2339,1.);
#2339 = DIRECTION('',(0.,1.,0.));
#2340 = ORIENTED_EDGE('',*,*,#2341,.T.);
#2341 = EDGE_CURVE('',#2334,#2342,#2344,.T.);
#2342 = VERTEX_POINT('',#2343);
#2343 = CARTESIAN_POINT('',(81.285685,-56.577683,1.585));
#2344 = LINE('',#2345,#2346);
#2345 = CARTESIAN_POINT('',(81.29751,-56.657941,1.585));
#2346 = VECTOR('',#2347,1.);
#2347 = DIRECTION('',(-0.14576369122,0.989319435937,0.));
#2348 = ORIENTED_EDGE('',*,*,#2349,.T.);
#2349 = EDGE_CURVE('',#2342,#2350,#2352,.T.);
#2350 = VERTEX_POINT('',#2351);
#2351 = CARTESIAN_POINT('',(81.25242,-56.516298,1.585));
#2352 = LINE('',#2353,#2354);
#2353 = CARTESIAN_POINT('',(81.285685,-56.577683,1.585));
#2354 = VECTOR('',#2355,1.);
#2355 = DIRECTION('',(-0.476446938933,0.879203227008,0.));
#2356 = ORIENTED_EDGE('',*,*,#2357,.T.);
#2357 = EDGE_CURVE('',#2350,#2358,#2360,.T.);
#2358 = VERTEX_POINT('',#2359);
#2359 = CARTESIAN_POINT('',(81.19676,-56.469068,1.585));
#2360 = LINE('',#2361,#2362);
#2361 = CARTESIAN_POINT('',(81.25242,-56.516298,1.585));
#2362 = VECTOR('',#2363,1.);
#2363 = DIRECTION('',(-0.762486607983,0.647003997396,0.));
#2364 = ORIENTED_EDGE('',*,*,#2365,.T.);
#2365 = EDGE_CURVE('',#2358,#2366,#2368,.T.);
#2366 = VERTEX_POINT('',#2367);
#2367 = CARTESIAN_POINT('',(81.126567,-56.438548,1.585));
#2368 = LINE('',#2369,#2370);
#2369 = CARTESIAN_POINT('',(81.19676,-56.469068,1.585));
#2370 = VECTOR('',#2371,1.);
#2371 = DIRECTION('',(-0.917063824874,0.39874044328,0.));
#2372 = ORIENTED_EDGE('',*,*,#2373,.T.);
#2373 = EDGE_CURVE('',#2366,#2374,#2376,.T.);
#2374 = VERTEX_POINT('',#2375);
#2375 = CARTESIAN_POINT('',(81.025141,-56.417234,1.585));
#2376 = LINE('',#2377,#2378);
#2377 = CARTESIAN_POINT('',(81.126567,-56.438548,1.585));
#2378 = VECTOR('',#2379,1.);
#2379 = DIRECTION('',(-0.978625270515,0.205651598365,0.));
#2380 = ORIENTED_EDGE('',*,*,#2381,.T.);
#2381 = EDGE_CURVE('',#2374,#2382,#2384,.T.);
#2382 = VERTEX_POINT('',#2383);
#2383 = CARTESIAN_POINT('',(80.561093,-56.443411,1.585));
#2384 = CIRCLE('',#2385,1.422359578922);
#2385 = AXIS2_PLACEMENT_3D('',#2386,#2387,#2388);
#2386 = CARTESIAN_POINT('',(80.872148641515,-57.83134153127,1.585));
#2387 = DIRECTION('',(0.,0.,1.));
#2388 = DIRECTION('',(0.107562363802,0.994198339313,-0.));
#2389 = ORIENTED_EDGE('',*,*,#2390,.T.);
#2390 = EDGE_CURVE('',#2382,#2391,#2393,.T.);
#2391 = VERTEX_POINT('',#2392);
#2392 = CARTESIAN_POINT('',(80.41678,-56.486713,1.585));
#2393 = LINE('',#2394,#2395);
#2394 = CARTESIAN_POINT('',(80.561093,-56.443411,1.585));
#2395 = VECTOR('',#2396,1.);
#2396 = DIRECTION('',(-0.957811487609,-0.287397206326,0.));
#2397 = ORIENTED_EDGE('',*,*,#2398,.T.);
#2398 = EDGE_CURVE('',#2391,#2399,#2401,.T.);
#2399 = VERTEX_POINT('',#2400);
#2400 = CARTESIAN_POINT('',(80.284635,-56.546579,1.585));
#2401 = LINE('',#2402,#2403);
#2402 = CARTESIAN_POINT('',(80.41678,-56.486713,1.585));
#2403 = VECTOR('',#2404,1.);
#2404 = DIRECTION('',(-0.91088486604,-0.412660587917,0.));
#2405 = ORIENTED_EDGE('',*,*,#2406,.T.);
#2406 = EDGE_CURVE('',#2399,#2407,#2409,.T.);
#2407 = VERTEX_POINT('',#2408);
#2408 = CARTESIAN_POINT('',(80.284635,-56.133906,1.585));
#2409 = LINE('',#2410,#2411);
#2410 = CARTESIAN_POINT('',(80.284635,-56.546579,1.585));
#2411 = VECTOR('',#2412,1.);
#2412 = DIRECTION('',(0.,1.,0.));
#2413 = ORIENTED_EDGE('',*,*,#2414,.T.);
#2414 = EDGE_CURVE('',#2407,#2066,#2415,.T.);
#2415 = LINE('',#2416,#2417);
#2416 = CARTESIAN_POINT('',(80.284635,-56.133906,1.585));
#2417 = VECTOR('',#2418,1.);
#2418 = DIRECTION('',(0.977822451403,0.209435559378,0.));
#2419 = FACE_BOUND('',#2420,.F.);
#2420 = EDGE_LOOP('',(#2421,#2431,#2439,#2447,#2455,#2463,#2471,#2479,
    #2487,#2495,#2503,#2511,#2519,#2527,#2535,#2544,#2552,#2560));
#2421 = ORIENTED_EDGE('',*,*,#2422,.T.);
#2422 = EDGE_CURVE('',#2423,#2425,#2427,.T.);
#2423 = VERTEX_POINT('',#2424);
#2424 = CARTESIAN_POINT('',(81.29751,-57.08042,1.585));
#2425 = VERTEX_POINT('',#2426);
#2426 = CARTESIAN_POINT('',(81.29751,-57.019433,1.585));
#2427 = LINE('',#2428,#2429);
#2428 = CARTESIAN_POINT('',(81.29751,-57.08042,1.585));
#2429 = VECTOR('',#2430,1.);
#2430 = DIRECTION('',(0.,1.,0.));
#2431 = ORIENTED_EDGE('',*,*,#2432,.T.);
#2432 = EDGE_CURVE('',#2425,#2433,#2435,.T.);
#2433 = VERTEX_POINT('',#2434);
#2434 = CARTESIAN_POINT('',(81.017962,-57.019433,1.585));
#2435 = LINE('',#2436,#2437);
#2436 = CARTESIAN_POINT('',(81.29751,-57.019433,1.585));
#2437 = VECTOR('',#2438,1.);
#2438 = DIRECTION('',(-1.,0.,0.));
#2439 = ORIENTED_EDGE('',*,*,#2440,.T.);
#2440 = EDGE_CURVE('',#2433,#2441,#2443,.T.);
#2441 = VERTEX_POINT('',#2442);
#2442 = CARTESIAN_POINT('',(80.906471,-57.026927,1.585));
#2443 = LINE('',#2444,#2445);
#2444 = CARTESIAN_POINT('',(81.017962,-57.019433,1.585));
#2445 = VECTOR('',#2446,1.);
#2446 = DIRECTION('',(-0.997748618014,-6.706485853925E-02,0.));
#2447 = ORIENTED_EDGE('',*,*,#2448,.T.);
#2448 = EDGE_CURVE('',#2441,#2449,#2451,.T.);
#2449 = VERTEX_POINT('',#2450);
#2450 = CARTESIAN_POINT('',(80.824282,-57.046753,1.585));
#2451 = LINE('',#2452,#2453);
#2452 = CARTESIAN_POINT('',(80.906471,-57.026927,1.585));
#2453 = VECTOR('',#2454,1.);
#2454 = DIRECTION('',(-0.972116525422,-0.234498317695,0.));
#2455 = ORIENTED_EDGE('',*,*,#2456,.T.);
#2456 = EDGE_CURVE('',#2449,#2457,#2459,.T.);
#2457 = VERTEX_POINT('',#2458);
#2458 = CARTESIAN_POINT('',(80.764743,-57.075987,1.585));
#2459 = LINE('',#2460,#2461);
#2460 = CARTESIAN_POINT('',(80.824282,-57.046753,1.585));
#2461 = VECTOR('',#2462,1.);
#2462 = DIRECTION('',(-0.897633234142,-0.440743209777,0.));
#2463 = ORIENTED_EDGE('',*,*,#2464,.T.);
#2464 = EDGE_CURVE('',#2457,#2465,#2467,.T.);
#2465 = VERTEX_POINT('',#2466);
#2466 = CARTESIAN_POINT('',(80.717742,-57.11934,1.585));
#2467 = LINE('',#2468,#2469);
#2468 = CARTESIAN_POINT('',(80.764743,-57.075987,1.585));
#2469 = VECTOR('',#2470,1.);
#2470 = DIRECTION('',(-0.735057017759,-0.678005295439,0.));
#2471 = ORIENTED_EDGE('',*,*,#2472,.T.);
#2472 = EDGE_CURVE('',#2465,#2473,#2475,.T.);
#2473 = VERTEX_POINT('',#2474);
#2474 = CARTESIAN_POINT('',(80.689717,-57.173624,1.585));
#2475 = LINE('',#2476,#2477);
#2476 = CARTESIAN_POINT('',(80.717742,-57.11934,1.585));
#2477 = VECTOR('',#2478,1.);
#2478 = DIRECTION('',(-0.458739234168,-0.888570939788,0.));
#2479 = ORIENTED_EDGE('',*,*,#2480,.T.);
#2480 = EDGE_CURVE('',#2473,#2481,#2483,.T.);
#2481 = VERTEX_POINT('',#2482);
#2482 = CARTESIAN_POINT('',(80.679844,-57.242427,1.585));
#2483 = LINE('',#2484,#2485);
#2484 = CARTESIAN_POINT('',(80.689717,-57.173624,1.585));
#2485 = VECTOR('',#2486,1.);
#2486 = DIRECTION('',(-0.142041690842,-0.989860676087,0.));
#2487 = ORIENTED_EDGE('',*,*,#2488,.T.);
#2488 = EDGE_CURVE('',#2481,#2489,#2491,.T.);
#2489 = VERTEX_POINT('',#2490);
#2490 = CARTESIAN_POINT('',(80.687891,-57.306581,1.585));
#2491 = LINE('',#2492,#2493);
#2492 = CARTESIAN_POINT('',(80.679844,-57.242427,1.585));
#2493 = VECTOR('',#2494,1.);
#2494 = DIRECTION('',(0.124457310226,-0.992224963368,0.));
#2495 = ORIENTED_EDGE('',*,*,#2496,.T.);
#2496 = EDGE_CURVE('',#2489,#2497,#2499,.T.);
#2497 = VERTEX_POINT('',#2498);
#2498 = CARTESIAN_POINT('',(80.71068,-57.358355,1.585));
#2499 = LINE('',#2500,#2501);
#2500 = CARTESIAN_POINT('',(80.687891,-57.306581,1.585));
#2501 = VECTOR('',#2502,1.);
#2502 = DIRECTION('',(0.402863612352,-0.915260023077,0.));
#2503 = ORIENTED_EDGE('',*,*,#2504,.T.);
#2504 = EDGE_CURVE('',#2497,#2505,#2507,.T.);
#2505 = VERTEX_POINT('',#2506);
#2506 = CARTESIAN_POINT('',(80.74822,-57.400672,1.585));
#2507 = LINE('',#2508,#2509);
#2508 = CARTESIAN_POINT('',(80.71068,-57.358355,1.585));
#2509 = VECTOR('',#2510,1.);
#2510 = DIRECTION('',(0.663621778736,-0.748068268801,0.));
#2511 = ORIENTED_EDGE('',*,*,#2512,.T.);
#2512 = EDGE_CURVE('',#2505,#2513,#2515,.T.);
#2513 = VERTEX_POINT('',#2514);
#2514 = CARTESIAN_POINT('',(80.796913,-57.431195,1.585));
#2515 = LINE('',#2516,#2517);
#2516 = CARTESIAN_POINT('',(80.74822,-57.400672,1.585));
#2517 = VECTOR('',#2518,1.);
#2518 = DIRECTION('',(0.847294685334,-0.531123070676,0.));
#2519 = ORIENTED_EDGE('',*,*,#2520,.T.);
#2520 = EDGE_CURVE('',#2513,#2521,#2523,.T.);
#2521 = VERTEX_POINT('',#2522);
#2522 = CARTESIAN_POINT('',(80.859045,-57.450771,1.585));
#2523 = LINE('',#2524,#2525);
#2524 = CARTESIAN_POINT('',(80.796913,-57.431195,1.585));
#2525 = VECTOR('',#2526,1.);
#2526 = DIRECTION('',(0.953779200008,-0.300508298773,0.));
#2527 = ORIENTED_EDGE('',*,*,#2528,.T.);
#2528 = EDGE_CURVE('',#2521,#2529,#2531,.T.);
#2529 = VERTEX_POINT('',#2530);
#2530 = CARTESIAN_POINT('',(80.938302,-57.457898,1.585));
#2531 = LINE('',#2532,#2533);
#2532 = CARTESIAN_POINT('',(80.859045,-57.450771,1.585));
#2533 = VECTOR('',#2534,1.);
#2534 = DIRECTION('',(0.995981313132,-8.956128567432E-02,0.));
#2535 = ORIENTED_EDGE('',*,*,#2536,.T.);
#2536 = EDGE_CURVE('',#2529,#2537,#2539,.T.);
#2537 = VERTEX_POINT('',#2538);
#2538 = CARTESIAN_POINT('',(81.193804,-57.350162,1.585));
#2539 = CIRCLE('',#2540,0.342967700038);
#2540 = AXIS2_PLACEMENT_3D('',#2541,#2542,#2543);
#2541 = CARTESIAN_POINT('',(80.944171236475,-57.11498052402,1.585));
#2542 = DIRECTION('',(0.,0.,1.));
#2543 = DIRECTION('',(-1.711308812533E-02,-0.999853560385,0.));
#2544 = ORIENTED_EDGE('',*,*,#2545,.T.);
#2545 = EDGE_CURVE('',#2537,#2546,#2548,.T.);
#2546 = VERTEX_POINT('',#2547);
#2547 = CARTESIAN_POINT('',(81.251038,-57.272999,1.585));
#2548 = LINE('',#2549,#2550);
#2549 = CARTESIAN_POINT('',(81.193804,-57.350162,1.585));
#2550 = VECTOR('',#2551,1.);
#2551 = DIRECTION('',(0.595739721754,0.80317755442,0.));
#2552 = ORIENTED_EDGE('',*,*,#2553,.T.);
#2553 = EDGE_CURVE('',#2546,#2554,#2556,.T.);
#2554 = VERTEX_POINT('',#2555);
#2555 = CARTESIAN_POINT('',(81.285541,-57.184232,1.585));
#2556 = LINE('',#2557,#2558);
#2557 = CARTESIAN_POINT('',(81.251038,-57.272999,1.585));
#2558 = VECTOR('',#2559,1.);
#2559 = DIRECTION('',(0.362286642314,0.9320667298,0.));
#2560 = ORIENTED_EDGE('',*,*,#2561,.T.);
#2561 = EDGE_CURVE('',#2554,#2423,#2562,.T.);
#2562 = LINE('',#2563,#2564);
#2563 = CARTESIAN_POINT('',(81.285541,-57.184232,1.585));
#2564 = VECTOR('',#2565,1.);
#2565 = DIRECTION('',(0.11453620871,0.993419074155,0.));
#2566 = PLANE('',#2567);
#2567 = AXIS2_PLACEMENT_3D('',#2568,#2569,#2570);
#2568 = CARTESIAN_POINT('',(0.,0.,1.585));
#2569 = DIRECTION('',(0.,0.,1.));
#2570 = DIRECTION('',(1.,0.,-0.));
#2571 = SHELL_BASED_SURFACE_MODEL('',(#2572));
#2572 = OPEN_SHELL('',(#2573));
#2573 = ADVANCED_FACE('',(#2574,#2836),#3030,.T.);
#2574 = FACE_BOUND('',#2575,.F.);
#2575 = EDGE_LOOP('',(#2576,#2586,#2594,#2602,#2610,#2618,#2627,#2635,
    #2643,#2651,#2659,#2667,#2675,#2683,#2692,#2700,#2708,#2716,#2724,
    #2732,#2740,#2748,#2757,#2765,#2773,#2781,#2789,#2797,#2805,#2813,
    #2822,#2830));
#2576 = ORIENTED_EDGE('',*,*,#2577,.T.);
#2577 = EDGE_CURVE('',#2578,#2580,#2582,.T.);
#2578 = VERTEX_POINT('',#2579);
#2579 = CARTESIAN_POINT('',(87.399468,-56.088737,1.585));
#2580 = VERTEX_POINT('',#2581);
#2581 = CARTESIAN_POINT('',(87.552918,-56.058558,1.585));
#2582 = LINE('',#2583,#2584);
#2583 = CARTESIAN_POINT('',(87.399468,-56.088737,1.585));
#2584 = VECTOR('',#2585,1.);
#2585 = DIRECTION('',(0.98120400454,0.192973318039,0.));
#2586 = ORIENTED_EDGE('',*,*,#2587,.T.);
#2587 = EDGE_CURVE('',#2580,#2588,#2590,.T.);
#2588 = VERTEX_POINT('',#2589);
#2589 = CARTESIAN_POINT('',(87.72967,-56.047933,1.585));
#2590 = LINE('',#2591,#2592);
#2591 = CARTESIAN_POINT('',(87.552918,-56.058558,1.585));
#2592 = VECTOR('',#2593,1.);
#2593 = DIRECTION('',(0.998198127082,6.000415893594E-02,0.));
#2594 = ORIENTED_EDGE('',*,*,#2595,.T.);
#2595 = EDGE_CURVE('',#2588,#2596,#2598,.T.);
#2596 = VERTEX_POINT('',#2597);
#2597 = CARTESIAN_POINT('',(87.905803,-56.05856,1.585));
#2598 = LINE('',#2599,#2600);
#2599 = CARTESIAN_POINT('',(87.72967,-56.047933,1.585));
#2600 = VECTOR('',#2601,1.);
#2601 = DIRECTION('',(0.99818479305,-6.022556701894E-02,0.));
#2602 = ORIENTED_EDGE('',*,*,#2603,.T.);
#2603 = EDGE_CURVE('',#2596,#2604,#2606,.T.);
#2604 = VERTEX_POINT('',#2605);
#2605 = CARTESIAN_POINT('',(88.05864,-56.088737,1.585));
#2606 = LINE('',#2607,#2608);
#2607 = CARTESIAN_POINT('',(87.905803,-56.05856,1.585));
#2608 = VECTOR('',#2609,1.);
#2609 = DIRECTION('',(0.981059633373,-0.193705951807,0.));
#2610 = ORIENTED_EDGE('',*,*,#2611,.T.);
#2611 = EDGE_CURVE('',#2604,#2612,#2614,.T.);
#2612 = VERTEX_POINT('',#2613);
#2613 = CARTESIAN_POINT('',(88.191535,-56.1366,1.585));
#2614 = LINE('',#2615,#2616);
#2615 = CARTESIAN_POINT('',(88.05864,-56.088737,1.585));
#2616 = VECTOR('',#2617,1.);
#2617 = DIRECTION('',(0.94084047306,-0.338849825517,0.));
#2618 = ORIENTED_EDGE('',*,*,#2619,.T.);
#2619 = EDGE_CURVE('',#2612,#2620,#2622,.T.);
#2620 = VERTEX_POINT('',#2621);
#2621 = CARTESIAN_POINT('',(88.493829,-56.380945,1.585));
#2622 = CIRCLE('',#2623,0.763469009005);
#2623 = AXIS2_PLACEMENT_3D('',#2624,#2625,#2626);
#2624 = CARTESIAN_POINT('',(87.878557421871,-56.83296912862,1.585));
#2625 = DIRECTION('',(0.,0.,-1.));
#2626 = DIRECTION('',(0.40994143107,0.912111847907,0.));
#2627 = ORIENTED_EDGE('',*,*,#2628,.T.);
#2628 = EDGE_CURVE('',#2620,#2629,#2631,.T.);
#2629 = VERTEX_POINT('',#2630);
#2630 = CARTESIAN_POINT('',(88.561093,-56.492723,1.585));
#2631 = LINE('',#2632,#2633);
#2632 = CARTESIAN_POINT('',(88.493829,-56.380945,1.585));
#2633 = VECTOR('',#2634,1.);
#2634 = DIRECTION('',(0.51560680911,-0.856825313818,0.));
#2635 = ORIENTED_EDGE('',*,*,#2636,.T.);
#2636 = EDGE_CURVE('',#2629,#2637,#2639,.T.);
#2637 = VERTEX_POINT('',#2638);
#2638 = CARTESIAN_POINT('',(88.610522,-56.620195,1.585));
#2639 = LINE('',#2640,#2641);
#2640 = CARTESIAN_POINT('',(88.561093,-56.492723,1.585));
#2641 = VECTOR('',#2642,1.);
#2642 = DIRECTION('',(0.361534731757,-0.932358642226,0.));
#2643 = ORIENTED_EDGE('',*,*,#2644,.T.);
#2644 = EDGE_CURVE('',#2637,#2645,#2647,.T.);
#2645 = VERTEX_POINT('',#2646);
#2646 = CARTESIAN_POINT('',(88.641524,-56.76603,1.585));
#2647 = LINE('',#2648,#2649);
#2648 = CARTESIAN_POINT('',(88.610522,-56.620195,1.585));
#2649 = VECTOR('',#2650,1.);
#2650 = DIRECTION('',(0.207936165054,-0.978142398254,0.));
#2651 = ORIENTED_EDGE('',*,*,#2652,.T.);
#2652 = EDGE_CURVE('',#2645,#2653,#2655,.T.);
#2653 = VERTEX_POINT('',#2654);
#2654 = CARTESIAN_POINT('',(88.652407,-56.933459,1.585));
#2655 = LINE('',#2656,#2657);
#2656 = CARTESIAN_POINT('',(88.641524,-56.76603,1.585));
#2657 = VECTOR('',#2658,1.);
#2658 = DIRECTION('',(6.486380361081E-02,-0.997894126138,0.));
#2659 = ORIENTED_EDGE('',*,*,#2660,.T.);
#2660 = EDGE_CURVE('',#2653,#2661,#2663,.T.);
#2661 = VERTEX_POINT('',#2662);
#2662 = CARTESIAN_POINT('',(88.641524,-57.100889,1.585));
#2663 = LINE('',#2664,#2665);
#2664 = CARTESIAN_POINT('',(88.652407,-56.933459,1.585));
#2665 = VECTOR('',#2666,1.);
#2666 = DIRECTION('',(-6.486341783226E-02,-0.997894151214,0.));
#2667 = ORIENTED_EDGE('',*,*,#2668,.T.);
#2668 = EDGE_CURVE('',#2661,#2669,#2671,.T.);
#2669 = VERTEX_POINT('',#2670);
#2670 = CARTESIAN_POINT('',(88.610522,-57.246724,1.585));
#2671 = LINE('',#2672,#2673);
#2672 = CARTESIAN_POINT('',(88.641524,-57.100889,1.585));
#2673 = VECTOR('',#2674,1.);
#2674 = DIRECTION('',(-0.207936165054,-0.978142398254,0.));
#2675 = ORIENTED_EDGE('',*,*,#2676,.T.);
#2676 = EDGE_CURVE('',#2669,#2677,#2679,.T.);
#2677 = VERTEX_POINT('',#2678);
#2678 = CARTESIAN_POINT('',(88.561093,-57.374196,1.585));
#2679 = LINE('',#2680,#2681);
#2680 = CARTESIAN_POINT('',(88.610522,-57.246724,1.585));
#2681 = VECTOR('',#2682,1.);
#2682 = DIRECTION('',(-0.361534731757,-0.932358642226,0.));
#2683 = ORIENTED_EDGE('',*,*,#2684,.T.);
#2684 = EDGE_CURVE('',#2677,#2685,#2687,.T.);
#2685 = VERTEX_POINT('',#2686);
#2686 = CARTESIAN_POINT('',(88.30732,-57.665652,1.585));
#2687 = CIRCLE('',#2688,0.745084972398);
#2688 = AXIS2_PLACEMENT_3D('',#2689,#2690,#2691);
#2689 = CARTESIAN_POINT('',(87.891504423819,-57.04738909257,1.585));
#2690 = DIRECTION('',(0.,0.,-1.));
#2691 = DIRECTION('',(0.898674112331,-0.438616962538,0.));
#2692 = ORIENTED_EDGE('',*,*,#2693,.T.);
#2693 = EDGE_CURVE('',#2685,#2694,#2696,.T.);
#2694 = VERTEX_POINT('',#2695);
#2695 = CARTESIAN_POINT('',(88.191535,-57.730319,1.585));
#2696 = LINE('',#2697,#2698);
#2697 = CARTESIAN_POINT('',(88.30732,-57.665652,1.585));
#2698 = VECTOR('',#2699,1.);
#2699 = DIRECTION('',(-0.873060280454,-0.487612291369,0.));
#2700 = ORIENTED_EDGE('',*,*,#2701,.T.);
#2701 = EDGE_CURVE('',#2694,#2702,#2704,.T.);
#2702 = VERTEX_POINT('',#2703);
#2703 = CARTESIAN_POINT('',(88.05864,-57.778182,1.585));
#2704 = LINE('',#2705,#2706);
#2705 = CARTESIAN_POINT('',(88.191535,-57.730319,1.585));
#2706 = VECTOR('',#2707,1.);
#2707 = DIRECTION('',(-0.94084047306,-0.338849825517,0.));
#2708 = ORIENTED_EDGE('',*,*,#2709,.T.);
#2709 = EDGE_CURVE('',#2702,#2710,#2712,.T.);
#2710 = VERTEX_POINT('',#2711);
#2711 = CARTESIAN_POINT('',(87.905803,-57.808359,1.585));
#2712 = LINE('',#2713,#2714);
#2713 = CARTESIAN_POINT('',(88.05864,-57.778182,1.585));
#2714 = VECTOR('',#2715,1.);
#2715 = DIRECTION('',(-0.981059633373,-0.193705951807,0.));
#2716 = ORIENTED_EDGE('',*,*,#2717,.T.);
#2717 = EDGE_CURVE('',#2710,#2718,#2720,.T.);
#2718 = VERTEX_POINT('',#2719);
#2719 = CARTESIAN_POINT('',(87.72967,-57.818986,1.585));
#2720 = LINE('',#2721,#2722);
#2721 = CARTESIAN_POINT('',(87.905803,-57.808359,1.585));
#2722 = VECTOR('',#2723,1.);
#2723 = DIRECTION('',(-0.99818479305,-6.022556701894E-02,0.));
#2724 = ORIENTED_EDGE('',*,*,#2725,.T.);
#2725 = EDGE_CURVE('',#2718,#2726,#2728,.T.);
#2726 = VERTEX_POINT('',#2727);
#2727 = CARTESIAN_POINT('',(87.552918,-57.80836,1.585));
#2728 = LINE('',#2729,#2730);
#2729 = CARTESIAN_POINT('',(87.72967,-57.818986,1.585));
#2730 = VECTOR('',#2731,1.);
#2731 = DIRECTION('',(-0.998197788807,6.000978604972E-02,0.));
#2732 = ORIENTED_EDGE('',*,*,#2733,.T.);
#2733 = EDGE_CURVE('',#2726,#2734,#2736,.T.);
#2734 = VERTEX_POINT('',#2735);
#2735 = CARTESIAN_POINT('',(87.399468,-57.778182,1.585));
#2736 = LINE('',#2737,#2738);
#2737 = CARTESIAN_POINT('',(87.552918,-57.80836,1.585));
#2738 = VECTOR('',#2739,1.);
#2739 = DIRECTION('',(-0.981205215257,0.192967161851,0.));
#2740 = ORIENTED_EDGE('',*,*,#2741,.T.);
#2741 = EDGE_CURVE('',#2734,#2742,#2744,.T.);
#2742 = VERTEX_POINT('',#2743);
#2743 = CARTESIAN_POINT('',(87.265977,-57.730313,1.585));
#2744 = LINE('',#2745,#2746);
#2745 = CARTESIAN_POINT('',(87.399468,-57.778182,1.585));
#2746 = VECTOR('',#2747,1.);
#2747 = DIRECTION('',(-0.941308631782,0.337547122239,0.));
#2748 = ORIENTED_EDGE('',*,*,#2749,.T.);
#2749 = EDGE_CURVE('',#2742,#2750,#2752,.T.);
#2750 = VERTEX_POINT('',#2751);
#2751 = CARTESIAN_POINT('',(86.961979,-57.485894,1.585));
#2752 = CIRCLE('',#2753,0.768346299206);
#2753 = AXIS2_PLACEMENT_3D('',#2754,#2755,#2756);
#2754 = CARTESIAN_POINT('',(87.579655771579,-57.02891321117,1.585));
#2755 = DIRECTION('',(0.,0.,-1.));
#2756 = DIRECTION('',(-0.408251815494,-0.912869352726,-0.));
#2757 = ORIENTED_EDGE('',*,*,#2758,.T.);
#2758 = EDGE_CURVE('',#2750,#2759,#2761,.T.);
#2759 = VERTEX_POINT('',#2760);
#2760 = CARTESIAN_POINT('',(86.894305,-57.374072,1.585));
#2761 = LINE('',#2762,#2763);
#2762 = CARTESIAN_POINT('',(86.961979,-57.485894,1.585));
#2763 = VECTOR('',#2764,1.);
#2764 = DIRECTION('',(-0.517759356597,0.85552629922,0.));
#2765 = ORIENTED_EDGE('',*,*,#2766,.T.);
#2766 = EDGE_CURVE('',#2759,#2767,#2769,.T.);
#2767 = VERTEX_POINT('',#2768);
#2768 = CARTESIAN_POINT('',(86.844601,-57.246599,1.585));
#2769 = LINE('',#2770,#2771);
#2770 = CARTESIAN_POINT('',(86.894305,-57.374072,1.585));
#2771 = VECTOR('',#2772,1.);
#2772 = DIRECTION('',(-0.363278854588,0.931680456922,0.));
#2773 = ORIENTED_EDGE('',*,*,#2774,.T.);
#2774 = EDGE_CURVE('',#2767,#2775,#2777,.T.);
#2775 = VERTEX_POINT('',#2776);
#2776 = CARTESIAN_POINT('',(86.813438,-57.100806,1.585));
#2777 = LINE('',#2778,#2779);
#2778 = CARTESIAN_POINT('',(86.844601,-57.246599,1.585));
#2779 = VECTOR('',#2780,1.);
#2780 = DIRECTION('',(-0.209026553037,0.977909965245,0.));
#2781 = ORIENTED_EDGE('',*,*,#2782,.T.);
#2782 = EDGE_CURVE('',#2775,#2783,#2785,.T.);
#2783 = VERTEX_POINT('',#2784);
#2784 = CARTESIAN_POINT('',(86.8025,-56.933459,1.585));
#2785 = LINE('',#2786,#2787);
#2786 = CARTESIAN_POINT('',(86.813438,-57.100806,1.585));
#2787 = VECTOR('',#2788,1.);
#2788 = DIRECTION('',(-6.522202702555E-02,0.9978707768,0.));
#2789 = ORIENTED_EDGE('',*,*,#2790,.T.);
#2790 = EDGE_CURVE('',#2783,#2791,#2793,.T.);
#2791 = VERTEX_POINT('',#2792);
#2792 = CARTESIAN_POINT('',(86.813438,-56.766113,1.585));
#2793 = LINE('',#2794,#2795);
#2794 = CARTESIAN_POINT('',(86.8025,-56.933459,1.585));
#2795 = VECTOR('',#2796,1.);
#2796 = DIRECTION('',(6.522241511116E-02,0.997870751434,0.));
#2797 = ORIENTED_EDGE('',*,*,#2798,.T.);
#2798 = EDGE_CURVE('',#2791,#2799,#2801,.T.);
#2799 = VERTEX_POINT('',#2800);
#2800 = CARTESIAN_POINT('',(86.844601,-56.62032,1.585));
#2801 = LINE('',#2802,#2803);
#2802 = CARTESIAN_POINT('',(86.813438,-56.766113,1.585));
#2803 = VECTOR('',#2804,1.);
#2804 = DIRECTION('',(0.209026553037,0.977909965245,0.));
#2805 = ORIENTED_EDGE('',*,*,#2806,.T.);
#2806 = EDGE_CURVE('',#2799,#2807,#2809,.T.);
#2807 = VERTEX_POINT('',#2808);
#2808 = CARTESIAN_POINT('',(86.894305,-56.492847,1.585));
#2809 = LINE('',#2810,#2811);
#2810 = CARTESIAN_POINT('',(86.844601,-56.62032,1.585));
#2811 = VECTOR('',#2812,1.);
#2812 = DIRECTION('',(0.363278854588,0.931680456922,0.));
#2813 = ORIENTED_EDGE('',*,*,#2814,.T.);
#2814 = EDGE_CURVE('',#2807,#2815,#2817,.T.);
#2815 = VERTEX_POINT('',#2816);
#2816 = CARTESIAN_POINT('',(87.149618,-56.201277,1.585));
#2817 = CIRCLE('',#2818,0.746344504258);
#2818 = AXIS2_PLACEMENT_3D('',#2819,#2820,#2821);
#2819 = CARTESIAN_POINT('',(87.564206751785,-56.82187855166,1.585));
#2820 = DIRECTION('',(0.,0.,-1.));
#2821 = DIRECTION('',(-0.897577121508,0.440857472371,0.));
#2822 = ORIENTED_EDGE('',*,*,#2823,.T.);
#2823 = EDGE_CURVE('',#2815,#2824,#2826,.T.);
#2824 = VERTEX_POINT('',#2825);
#2825 = CARTESIAN_POINT('',(87.265977,-56.136606,1.585));
#2826 = LINE('',#2827,#2828);
#2827 = CARTESIAN_POINT('',(87.149618,-56.201277,1.585));
#2828 = VECTOR('',#2829,1.);
#2829 = DIRECTION('',(0.874070805182,0.48579854624,0.));
#2830 = ORIENTED_EDGE('',*,*,#2831,.T.);
#2831 = EDGE_CURVE('',#2824,#2578,#2832,.T.);
#2832 = LINE('',#2833,#2834);
#2833 = CARTESIAN_POINT('',(87.265977,-56.136606,1.585));
#2834 = VECTOR('',#2835,1.);
#2835 = DIRECTION('',(0.941308631782,0.337547122239,0.));
#2836 = FACE_BOUND('',#2837,.F.);
#2837 = EDGE_LOOP('',(#2838,#2848,#2856,#2864,#2872,#2880,#2888,#2896,
    #2904,#2912,#2920,#2928,#2936,#2944,#2952,#2960,#2968,#2976,#2984,
    #2992,#3000,#3008,#3016,#3024));
#2838 = ORIENTED_EDGE('',*,*,#2839,.T.);
#2839 = EDGE_CURVE('',#2840,#2842,#2844,.T.);
#2840 = VERTEX_POINT('',#2841);
#2841 = CARTESIAN_POINT('',(87.928138,-56.492452,1.585));
#2842 = VERTEX_POINT('',#2843);
#2843 = CARTESIAN_POINT('',(87.840354,-56.44986,1.585));
#2844 = LINE('',#2845,#2846);
#2845 = CARTESIAN_POINT('',(87.928138,-56.492452,1.585));
#2846 = VECTOR('',#2847,1.);
#2847 = DIRECTION('',(-0.899693127484,0.436522939098,0.));
#2848 = ORIENTED_EDGE('',*,*,#2849,.T.);
#2849 = EDGE_CURVE('',#2842,#2850,#2852,.T.);
#2850 = VERTEX_POINT('',#2851);
#2851 = CARTESIAN_POINT('',(87.72967,-56.434813,1.585));
#2852 = LINE('',#2853,#2854);
#2853 = CARTESIAN_POINT('',(87.840354,-56.44986,1.585));
#2854 = VECTOR('',#2855,1.);
#2855 = DIRECTION('',(-0.990885542141,0.134706504577,0.));
#2856 = ORIENTED_EDGE('',*,*,#2857,.T.);
#2857 = EDGE_CURVE('',#2850,#2858,#2860,.T.);
#2858 = VERTEX_POINT('',#2859);
#2859 = CARTESIAN_POINT('',(87.61689,-56.449933,1.585));
#2860 = LINE('',#2861,#2862);
#2861 = CARTESIAN_POINT('',(87.72967,-56.434813,1.585));
#2862 = VECTOR('',#2863,1.);
#2863 = DIRECTION('',(-0.991132470222,-0.132877486698,0.));
#2864 = ORIENTED_EDGE('',*,*,#2865,.T.);
#2865 = EDGE_CURVE('',#2858,#2866,#2868,.T.);
#2866 = VERTEX_POINT('',#2867);
#2867 = CARTESIAN_POINT('',(87.527873,-56.492603,1.585));
#2868 = LINE('',#2869,#2870);
#2869 = CARTESIAN_POINT('',(87.61689,-56.449933,1.585));
#2870 = VECTOR('',#2871,1.);
#2871 = DIRECTION('',(-0.901752774657,-0.432252164133,0.));
#2872 = ORIENTED_EDGE('',*,*,#2873,.T.);
#2873 = EDGE_CURVE('',#2866,#2874,#2876,.T.);
#2874 = VERTEX_POINT('',#2875);
#2875 = CARTESIAN_POINT('',(87.456838,-56.563236,1.585));
#2876 = LINE('',#2877,#2878);
#2877 = CARTESIAN_POINT('',(87.527873,-56.492603,1.585));
#2878 = VECTOR('',#2879,1.);
#2879 = DIRECTION('',(-0.709110426875,-0.705097441845,0.));
#2880 = ORIENTED_EDGE('',*,*,#2881,.T.);
#2881 = EDGE_CURVE('',#2874,#2882,#2884,.T.);
#2882 = VERTEX_POINT('',#2883);
#2883 = CARTESIAN_POINT('',(87.407623,-56.653809,1.585));
#2884 = LINE('',#2885,#2886);
#2885 = CARTESIAN_POINT('',(87.456838,-56.563236,1.585));
#2886 = VECTOR('',#2887,1.);
#2887 = DIRECTION('',(-0.477442497937,-0.878662996355,0.));
#2888 = ORIENTED_EDGE('',*,*,#2889,.T.);
#2889 = EDGE_CURVE('',#2882,#2890,#2892,.T.);
#2890 = VERTEX_POINT('',#2891);
#2891 = CARTESIAN_POINT('',(87.37505,-56.774405,1.585));
#2892 = LINE('',#2893,#2894);
#2893 = CARTESIAN_POINT('',(87.407623,-56.653809,1.585));
#2894 = VECTOR('',#2895,1.);
#2895 = DIRECTION('',(-0.260755984235,-0.965404742419,0.));
#2896 = ORIENTED_EDGE('',*,*,#2897,.T.);
#2897 = EDGE_CURVE('',#2890,#2898,#2900,.T.);
#2898 = VERTEX_POINT('',#2899);
#2899 = CARTESIAN_POINT('',(87.362939,-56.933459,1.585));
#2900 = LINE('',#2901,#2902);
#2901 = CARTESIAN_POINT('',(87.37505,-56.774405,1.585));
#2902 = VECTOR('',#2903,1.);
#2903 = DIRECTION('',(-7.592416880143E-02,-0.997113594628,0.));
#2904 = ORIENTED_EDGE('',*,*,#2905,.T.);
#2905 = EDGE_CURVE('',#2898,#2906,#2908,.T.);
#2906 = VERTEX_POINT('',#2907);
#2907 = CARTESIAN_POINT('',(87.37505,-57.092513,1.585));
#2908 = LINE('',#2909,#2910);
#2909 = CARTESIAN_POINT('',(87.362939,-56.933459,1.585));
#2910 = VECTOR('',#2911,1.);
#2911 = DIRECTION('',(7.592416880143E-02,-0.997113594628,0.));
#2912 = ORIENTED_EDGE('',*,*,#2913,.T.);
#2913 = EDGE_CURVE('',#2906,#2914,#2916,.T.);
#2914 = VERTEX_POINT('',#2915);
#2915 = CARTESIAN_POINT('',(87.407623,-57.213109,1.585));
#2916 = LINE('',#2917,#2918);
#2917 = CARTESIAN_POINT('',(87.37505,-57.092513,1.585));
#2918 = VECTOR('',#2919,1.);
#2919 = DIRECTION('',(0.260755984235,-0.965404742419,0.));
#2920 = ORIENTED_EDGE('',*,*,#2921,.T.);
#2921 = EDGE_CURVE('',#2914,#2922,#2924,.T.);
#2922 = VERTEX_POINT('',#2923);
#2923 = CARTESIAN_POINT('',(87.456838,-57.303683,1.585));
#2924 = LINE('',#2925,#2926);
#2925 = CARTESIAN_POINT('',(87.407623,-57.213109,1.585));
#2926 = VECTOR('',#2927,1.);
#2927 = DIRECTION('',(0.477438428223,-0.878665207719,0.));
#2928 = ORIENTED_EDGE('',*,*,#2929,.T.);
#2929 = EDGE_CURVE('',#2922,#2930,#2932,.T.);
#2930 = VERTEX_POINT('',#2931);
#2931 = CARTESIAN_POINT('',(87.527873,-57.374316,1.585));
#2932 = LINE('',#2933,#2934);
#2933 = CARTESIAN_POINT('',(87.456838,-57.303683,1.585));
#2934 = VECTOR('',#2935,1.);
#2935 = DIRECTION('',(0.709110426875,-0.705097441845,0.));
#2936 = ORIENTED_EDGE('',*,*,#2937,.T.);
#2937 = EDGE_CURVE('',#2930,#2938,#2940,.T.);
#2938 = VERTEX_POINT('',#2939);
#2939 = CARTESIAN_POINT('',(87.61689,-57.416986,1.585));
#2940 = LINE('',#2941,#2942);
#2941 = CARTESIAN_POINT('',(87.527873,-57.374316,1.585));
#2942 = VECTOR('',#2943,1.);
#2943 = DIRECTION('',(0.901752774657,-0.432252164133,0.));
#2944 = ORIENTED_EDGE('',*,*,#2945,.T.);
#2945 = EDGE_CURVE('',#2938,#2946,#2948,.T.);
#2946 = VERTEX_POINT('',#2947);
#2947 = CARTESIAN_POINT('',(87.72967,-57.432106,1.585));
#2948 = LINE('',#2949,#2950);
#2949 = CARTESIAN_POINT('',(87.61689,-57.416986,1.585));
#2950 = VECTOR('',#2951,1.);
#2951 = DIRECTION('',(0.991132470222,-0.132877486698,0.));
#2952 = ORIENTED_EDGE('',*,*,#2953,.T.);
#2953 = EDGE_CURVE('',#2946,#2954,#2956,.T.);
#2954 = VERTEX_POINT('',#2955);
#2955 = CARTESIAN_POINT('',(87.840354,-57.417059,1.585));
#2956 = LINE('',#2957,#2958);
#2957 = CARTESIAN_POINT('',(87.72967,-57.432106,1.585));
#2958 = VECTOR('',#2959,1.);
#2959 = DIRECTION('',(0.990885542141,0.134706504577,0.));
#2960 = ORIENTED_EDGE('',*,*,#2961,.T.);
#2961 = EDGE_CURVE('',#2954,#2962,#2964,.T.);
#2962 = VERTEX_POINT('',#2963);
#2963 = CARTESIAN_POINT('',(87.928138,-57.374467,1.585));
#2964 = LINE('',#2965,#2966);
#2965 = CARTESIAN_POINT('',(87.840354,-57.417059,1.585));
#2966 = VECTOR('',#2967,1.);
#2967 = DIRECTION('',(0.899693127484,0.436522939098,0.));
#2968 = ORIENTED_EDGE('',*,*,#2969,.T.);
#2969 = EDGE_CURVE('',#2962,#2970,#2972,.T.);
#2970 = VERTEX_POINT('',#2971);
#2971 = CARTESIAN_POINT('',(87.998606,-57.303683,1.585));
#2972 = LINE('',#2973,#2974);
#2973 = CARTESIAN_POINT('',(87.928138,-57.374467,1.585));
#2974 = VECTOR('',#2975,1.);
#2975 = DIRECTION('',(0.70552312133,0.708686902143,0.));
#2976 = ORIENTED_EDGE('',*,*,#2977,.T.);
#2977 = EDGE_CURVE('',#2970,#2978,#2980,.T.);
#2978 = VERTEX_POINT('',#2979);
#2979 = CARTESIAN_POINT('',(88.047448,-57.213163,1.585));
#2980 = LINE('',#2981,#2982);
#2981 = CARTESIAN_POINT('',(87.998606,-57.303683,1.585));
#2982 = VECTOR('',#2983,1.);
#2983 = DIRECTION('',(0.474856827985,0.880063061897,0.));
#2984 = ORIENTED_EDGE('',*,*,#2985,.T.);
#2985 = EDGE_CURVE('',#2978,#2986,#2988,.T.);
#2986 = VERTEX_POINT('',#2987);
#2987 = CARTESIAN_POINT('',(88.0798,-57.092569,1.585));
#2988 = LINE('',#2989,#2990);
#2989 = CARTESIAN_POINT('',(88.047448,-57.213163,1.585));
#2990 = VECTOR('',#2991,1.);
#2991 = DIRECTION('',(0.259109978913,0.965847823846,0.));
#2992 = ORIENTED_EDGE('',*,*,#2993,.T.);
#2993 = EDGE_CURVE('',#2986,#2994,#2996,.T.);
#2994 = VERTEX_POINT('',#2995);
#2995 = CARTESIAN_POINT('',(88.091833,-56.933459,1.585));
#2996 = LINE('',#2997,#2998);
#2997 = CARTESIAN_POINT('',(88.0798,-57.092569,1.585));
#2998 = VECTOR('',#2999,1.);
#2999 = DIRECTION('',(7.541157656461E-02,0.997152492912,0.));
#3000 = ORIENTED_EDGE('',*,*,#3001,.T.);
#3001 = EDGE_CURVE('',#2994,#3002,#3004,.T.);
#3002 = VERTEX_POINT('',#3003);
#3003 = CARTESIAN_POINT('',(88.0798,-56.77435,1.585));
#3004 = LINE('',#3005,#3006);
#3005 = CARTESIAN_POINT('',(88.091833,-56.933459,1.585));
#3006 = VECTOR('',#3007,1.);
#3007 = DIRECTION('',(-7.541204783093E-02,0.997152457271,0.));
#3008 = ORIENTED_EDGE('',*,*,#3009,.T.);
#3009 = EDGE_CURVE('',#3002,#3010,#3012,.T.);
#3010 = VERTEX_POINT('',#3011);
#3011 = CARTESIAN_POINT('',(88.047448,-56.653756,1.585));
#3012 = LINE('',#3013,#3014);
#3013 = CARTESIAN_POINT('',(88.0798,-56.77435,1.585));
#3014 = VECTOR('',#3015,1.);
#3015 = DIRECTION('',(-0.259109978913,0.965847823846,0.));
#3016 = ORIENTED_EDGE('',*,*,#3017,.T.);
#3017 = EDGE_CURVE('',#3010,#3018,#3020,.T.);
#3018 = VERTEX_POINT('',#3019);
#3019 = CARTESIAN_POINT('',(87.998606,-56.563236,1.585));
#3020 = LINE('',#3021,#3022);
#3021 = CARTESIAN_POINT('',(88.047448,-56.653756,1.585));
#3022 = VECTOR('',#3023,1.);
#3023 = DIRECTION('',(-0.474856827985,0.880063061897,0.));
#3024 = ORIENTED_EDGE('',*,*,#3025,.T.);
#3025 = EDGE_CURVE('',#3018,#2840,#3026,.T.);
#3026 = LINE('',#3027,#3028);
#3027 = CARTESIAN_POINT('',(87.998606,-56.563236,1.585));
#3028 = VECTOR('',#3029,1.);
#3029 = DIRECTION('',(-0.70552312133,0.708686902143,0.));
#3030 = PLANE('',#3031);
#3031 = AXIS2_PLACEMENT_3D('',#3032,#3033,#3034);
#3032 = CARTESIAN_POINT('',(0.,0.,1.585));
#3033 = DIRECTION('',(0.,0.,1.));
#3034 = DIRECTION('',(1.,0.,-0.));
#3035 = SHELL_BASED_SURFACE_MODEL('',(#3036));
#3036 = OPEN_SHELL('',(#3037));
#3037 = ADVANCED_FACE('',(#3038,#3289),#3483,.T.);
#3038 = FACE_BOUND('',#3039,.F.);
#3039 = EDGE_LOOP('',(#3040,#3050,#3058,#3066,#3074,#3082,#3090,#3098,
    #3106,#3114,#3122,#3130,#3138,#3146,#3154,#3162,#3170,#3178,#3186,
    #3194,#3202,#3210,#3218,#3226,#3234,#3242,#3250,#3259,#3267,#3275,
    #3283));
#3040 = ORIENTED_EDGE('',*,*,#3041,.T.);
#3041 = EDGE_CURVE('',#3042,#3044,#3046,.T.);
#3042 = VERTEX_POINT('',#3043);
#3043 = CARTESIAN_POINT('',(91.244105,-56.331645,1.585));
#3044 = VERTEX_POINT('',#3045);
#3045 = CARTESIAN_POINT('',(91.244105,-55.437521,1.585));
#3046 = LINE('',#3047,#3048);
#3047 = CARTESIAN_POINT('',(91.244105,-56.331645,1.585));
#3048 = VECTOR('',#3049,1.);
#3049 = DIRECTION('',(0.,1.,0.));
#3050 = ORIENTED_EDGE('',*,*,#3051,.T.);
#3051 = EDGE_CURVE('',#3044,#3052,#3054,.T.);
#3052 = VERTEX_POINT('',#3053);
#3053 = CARTESIAN_POINT('',(91.7852,-55.437521,1.585));
#3054 = LINE('',#3055,#3056);
#3055 = CARTESIAN_POINT('',(91.244105,-55.437521,1.585));
#3056 = VECTOR('',#3057,1.);
#3057 = DIRECTION('',(1.,0.,0.));
#3058 = ORIENTED_EDGE('',*,*,#3059,.T.);
#3059 = EDGE_CURVE('',#3052,#3060,#3062,.T.);
#3060 = VERTEX_POINT('',#3061);
#3061 = CARTESIAN_POINT('',(91.7852,-57.776,1.585));
#3062 = LINE('',#3063,#3064);
#3063 = CARTESIAN_POINT('',(91.7852,-55.437521,1.585));
#3064 = VECTOR('',#3065,1.);
#3065 = DIRECTION('',(0.,-1.,0.));
#3066 = ORIENTED_EDGE('',*,*,#3067,.T.);
#3067 = EDGE_CURVE('',#3060,#3068,#3070,.T.);
#3068 = VERTEX_POINT('',#3069);
#3069 = CARTESIAN_POINT('',(91.244105,-57.776,1.585));
#3070 = LINE('',#3071,#3072);
#3071 = CARTESIAN_POINT('',(91.7852,-57.776,1.585));
#3072 = VECTOR('',#3073,1.);
#3073 = DIRECTION('',(-1.,0.,0.));
#3074 = ORIENTED_EDGE('',*,*,#3075,.T.);
#3075 = EDGE_CURVE('',#3068,#3076,#3078,.T.);
#3076 = VERTEX_POINT('',#3077);
#3077 = CARTESIAN_POINT('',(91.244105,-57.535274,1.585));
#3078 = LINE('',#3079,#3080);
#3079 = CARTESIAN_POINT('',(91.244105,-57.776,1.585));
#3080 = VECTOR('',#3081,1.);
#3081 = DIRECTION('',(0.,1.,0.));
#3082 = ORIENTED_EDGE('',*,*,#3083,.T.);
#3083 = EDGE_CURVE('',#3076,#3084,#3086,.T.);
#3084 = VERTEX_POINT('',#3085);
#3085 = CARTESIAN_POINT('',(91.164562,-57.62751,1.585));
#3086 = LINE('',#3087,#3088);
#3087 = CARTESIAN_POINT('',(91.244105,-57.535274,1.585));
#3088 = VECTOR('',#3089,1.);
#3089 = DIRECTION('',(-0.653077176941,-0.757291358037,0.));
#3090 = ORIENTED_EDGE('',*,*,#3091,.T.);
#3091 = EDGE_CURVE('',#3084,#3092,#3094,.T.);
#3092 = VERTEX_POINT('',#3093);
#3093 = CARTESIAN_POINT('',(91.083032,-57.698455,1.585));
#3094 = LINE('',#3095,#3096);
#3095 = CARTESIAN_POINT('',(91.164562,-57.62751,1.585));
#3096 = VECTOR('',#3097,1.);
#3097 = DIRECTION('',(-0.754379386767,-0.656438680169,0.));
#3098 = ORIENTED_EDGE('',*,*,#3099,.T.);
#3099 = EDGE_CURVE('',#3092,#3100,#3102,.T.);
#3100 = VERTEX_POINT('',#3101);
#3101 = CARTESIAN_POINT('',(90.99908,-57.750745,1.585));
#3102 = LINE('',#3103,#3104);
#3103 = CARTESIAN_POINT('',(91.083032,-57.698455,1.585));
#3104 = VECTOR('',#3105,1.);
#3105 = DIRECTION('',(-0.848815240097,-0.528689595301,0.));
#3106 = ORIENTED_EDGE('',*,*,#3107,.T.);
#3107 = EDGE_CURVE('',#3100,#3108,#3110,.T.);
#3108 = VERTEX_POINT('',#3109);
#3109 = CARTESIAN_POINT('',(90.907672,-57.787916,1.585));
#3110 = LINE('',#3111,#3112);
#3111 = CARTESIAN_POINT('',(90.99908,-57.750745,1.585));
#3112 = VECTOR('',#3113,1.);
#3113 = DIRECTION('',(-0.926337540215,-0.376694520253,0.));
#3114 = ORIENTED_EDGE('',*,*,#3115,.T.);
#3115 = EDGE_CURVE('',#3108,#3116,#3118,.T.);
#3116 = VERTEX_POINT('',#3117);
#3117 = CARTESIAN_POINT('',(90.805178,-57.810967,1.585));
#3118 = LINE('',#3119,#3120);
#3119 = CARTESIAN_POINT('',(90.907672,-57.787916,1.585));
#3120 = VECTOR('',#3121,1.);
#3121 = DIRECTION('',(-0.975630443061,-0.219420232823,0.));
#3122 = ORIENTED_EDGE('',*,*,#3123,.T.);
#3123 = EDGE_CURVE('',#3116,#3124,#3126,.T.);
#3124 = VERTEX_POINT('',#3125);
#3125 = CARTESIAN_POINT('',(90.689576,-57.818986,1.585));
#3126 = LINE('',#3127,#3128);
#3127 = CARTESIAN_POINT('',(90.805178,-57.810967,1.585));
#3128 = VECTOR('',#3129,1.);
#3129 = DIRECTION('',(-0.997602735963,-6.920102022188E-02,0.));
#3130 = ORIENTED_EDGE('',*,*,#3131,.T.);
#3131 = EDGE_CURVE('',#3124,#3132,#3134,.T.);
#3132 = VERTEX_POINT('',#3133);
#3133 = CARTESIAN_POINT('',(90.53981,-57.80325,1.585));
#3134 = LINE('',#3135,#3136);
#3135 = CARTESIAN_POINT('',(90.689576,-57.818986,1.585));
#3136 = VECTOR('',#3137,1.);
#3137 = DIRECTION('',(-0.994525374659,0.104495354724,0.));
#3138 = ORIENTED_EDGE('',*,*,#3139,.T.);
#3139 = EDGE_CURVE('',#3132,#3140,#3142,.T.);
#3140 = VERTEX_POINT('',#3141);
#3141 = CARTESIAN_POINT('',(90.407037,-57.757432,1.585));
#3142 = LINE('',#3143,#3144);
#3143 = CARTESIAN_POINT('',(90.53981,-57.80325,1.585));
#3144 = VECTOR('',#3145,1.);
#3145 = DIRECTION('',(-0.945297901337,0.326208334853,0.));
#3146 = ORIENTED_EDGE('',*,*,#3147,.T.);
#3147 = EDGE_CURVE('',#3140,#3148,#3150,.T.);
#3148 = VERTEX_POINT('',#3149);
#3149 = CARTESIAN_POINT('',(90.287422,-57.681238,1.585));
#3150 = LINE('',#3151,#3152);
#3151 = CARTESIAN_POINT('',(90.407037,-57.757432,1.585));
#3152 = VECTOR('',#3153,1.);
#3153 = DIRECTION('',(-0.84342071061,0.537253669057,0.));
#3154 = ORIENTED_EDGE('',*,*,#3155,.T.);
#3155 = EDGE_CURVE('',#3148,#3156,#3158,.T.);
#3156 = VERTEX_POINT('',#3157);
#3157 = CARTESIAN_POINT('',(90.178571,-57.571275,1.585));
#3158 = LINE('',#3159,#3160);
#3159 = CARTESIAN_POINT('',(90.287422,-57.681238,1.585));
#3160 = VECTOR('',#3161,1.);
#3161 = DIRECTION('',(-0.703504221383,0.710691079511,0.));
#3162 = ORIENTED_EDGE('',*,*,#3163,.T.);
#3163 = EDGE_CURVE('',#3156,#3164,#3166,.T.);
#3164 = VERTEX_POINT('',#3165);
#3165 = CARTESIAN_POINT('',(90.093501,-57.442987,1.585));
#3166 = LINE('',#3167,#3168);
#3167 = CARTESIAN_POINT('',(90.178571,-57.571275,1.585));
#3168 = VECTOR('',#3169,1.);
#3169 = DIRECTION('',(-0.552650643929,0.833413022315,0.));
#3170 = ORIENTED_EDGE('',*,*,#3171,.T.);
#3171 = EDGE_CURVE('',#3164,#3172,#3174,.T.);
#3172 = VERTEX_POINT('',#3173);
#3173 = CARTESIAN_POINT('',(90.031295,-57.296259,1.585));
#3174 = LINE('',#3175,#3176);
#3175 = CARTESIAN_POINT('',(90.093501,-57.442987,1.585));
#3176 = VECTOR('',#3177,1.);
#3177 = DIRECTION('',(-0.390325205152,0.920677052078,0.));
#3178 = ORIENTED_EDGE('',*,*,#3179,.T.);
#3179 = EDGE_CURVE('',#3172,#3180,#3182,.T.);
#3180 = VERTEX_POINT('',#3181);
#3181 = CARTESIAN_POINT('',(89.992357,-57.127789,1.585));
#3182 = LINE('',#3183,#3184);
#3183 = CARTESIAN_POINT('',(90.031295,-57.296259,1.585));
#3184 = VECTOR('',#3185,1.);
#3185 = DIRECTION('',(-0.225190637112,0.974314721718,0.));
#3186 = ORIENTED_EDGE('',*,*,#3187,.T.);
#3187 = EDGE_CURVE('',#3180,#3188,#3190,.T.);
#3188 = VERTEX_POINT('',#3189);
#3189 = CARTESIAN_POINT('',(89.978682,-56.933459,1.585));
#3190 = LINE('',#3191,#3192);
#3191 = CARTESIAN_POINT('',(89.992357,-57.127789,1.585));
#3192 = VECTOR('',#3193,1.);
#3193 = DIRECTION('',(-7.019639981121E-02,0.997533190151,0.));
#3194 = ORIENTED_EDGE('',*,*,#3195,.T.);
#3195 = EDGE_CURVE('',#3188,#3196,#3198,.T.);
#3196 = VERTEX_POINT('',#3197);
#3197 = CARTESIAN_POINT('',(89.992357,-56.73913,1.585));
#3198 = LINE('',#3199,#3200);
#3199 = CARTESIAN_POINT('',(89.978682,-56.933459,1.585));
#3200 = VECTOR('',#3201,1.);
#3201 = DIRECTION('',(7.019675925577E-02,0.997533164857,0.));
#3202 = ORIENTED_EDGE('',*,*,#3203,.T.);
#3203 = EDGE_CURVE('',#3196,#3204,#3206,.T.);
#3204 = VERTEX_POINT('',#3205);
#3205 = CARTESIAN_POINT('',(90.031295,-56.570659,1.585));
#3206 = LINE('',#3207,#3208);
#3207 = CARTESIAN_POINT('',(89.992357,-56.73913,1.585));
#3208 = VECTOR('',#3209,1.);
#3209 = DIRECTION('',(0.225189368222,0.974315014992,0.));
#3210 = ORIENTED_EDGE('',*,*,#3211,.T.);
#3211 = EDGE_CURVE('',#3204,#3212,#3214,.T.);
#3212 = VERTEX_POINT('',#3213);
#3213 = CARTESIAN_POINT('',(90.093501,-56.423931,1.585));
#3214 = LINE('',#3215,#3216);
#3215 = CARTESIAN_POINT('',(90.031295,-56.570659,1.585));
#3216 = VECTOR('',#3217,1.);
#3217 = DIRECTION('',(0.390325205152,0.920677052078,0.));
#3218 = ORIENTED_EDGE('',*,*,#3219,.T.);
#3219 = EDGE_CURVE('',#3212,#3220,#3222,.T.);
#3220 = VERTEX_POINT('',#3221);
#3221 = CARTESIAN_POINT('',(90.178571,-56.295644,1.585));
#3222 = LINE('',#3223,#3224);
#3223 = CARTESIAN_POINT('',(90.093501,-56.423931,1.585));
#3224 = VECTOR('',#3225,1.);
#3225 = DIRECTION('',(0.552653636104,0.833411038144,0.));
#3226 = ORIENTED_EDGE('',*,*,#3227,.T.);
#3227 = EDGE_CURVE('',#3220,#3228,#3230,.T.);
#3228 = VERTEX_POINT('',#3229);
#3229 = CARTESIAN_POINT('',(90.287422,-56.185681,1.585));
#3230 = LINE('',#3231,#3232);
#3231 = CARTESIAN_POINT('',(90.178571,-56.295644,1.585));
#3232 = VECTOR('',#3233,1.);
#3233 = DIRECTION('',(0.703504221383,0.710691079511,0.));
#3234 = ORIENTED_EDGE('',*,*,#3235,.T.);
#3235 = EDGE_CURVE('',#3228,#3236,#3238,.T.);
#3236 = VERTEX_POINT('',#3237);
#3237 = CARTESIAN_POINT('',(90.407037,-56.109487,1.585));
#3238 = LINE('',#3239,#3240);
#3239 = CARTESIAN_POINT('',(90.287422,-56.185681,1.585));
#3240 = VECTOR('',#3241,1.);
#3241 = DIRECTION('',(0.84342071061,0.537253669057,0.));
#3242 = ORIENTED_EDGE('',*,*,#3243,.T.);
#3243 = EDGE_CURVE('',#3236,#3244,#3246,.T.);
#3244 = VERTEX_POINT('',#3245);
#3245 = CARTESIAN_POINT('',(90.53981,-56.063669,1.585));
#3246 = LINE('',#3247,#3248);
#3247 = CARTESIAN_POINT('',(90.407037,-56.109487,1.585));
#3248 = VECTOR('',#3249,1.);
#3249 = DIRECTION('',(0.945297901337,0.326208334853,0.));
#3250 = ORIENTED_EDGE('',*,*,#3251,.T.);
#3251 = EDGE_CURVE('',#3244,#3252,#3254,.T.);
#3252 = VERTEX_POINT('',#3253);
#3253 = CARTESIAN_POINT('',(90.906453,-56.079286,1.585));
#3254 = CIRCLE('',#3255,0.746749085575);
#3255 = AXIS2_PLACEMENT_3D('',#3256,#3257,#3258);
#3256 = CARTESIAN_POINT('',(90.692327129347,-56.79467701778,1.585));
#3257 = DIRECTION('',(0.,0.,-1.));
#3258 = DIRECTION('',(-0.204241467842,0.978920539581,0.));
#3259 = ORIENTED_EDGE('',*,*,#3260,.T.);
#3260 = EDGE_CURVE('',#3252,#3261,#3263,.T.);
#3261 = VERTEX_POINT('',#3262);
#3262 = CARTESIAN_POINT('',(90.998408,-56.11698,1.585));
#3263 = LINE('',#3264,#3265);
#3264 = CARTESIAN_POINT('',(90.906453,-56.079286,1.585));
#3265 = VECTOR('',#3266,1.);
#3266 = DIRECTION('',(0.925278568313,-0.379288242662,0.));
#3267 = ORIENTED_EDGE('',*,*,#3268,.T.);
#3268 = EDGE_CURVE('',#3261,#3269,#3271,.T.);
#3269 = VERTEX_POINT('',#3270);
#3270 = CARTESIAN_POINT('',(91.082903,-56.169612,1.585));
#3271 = LINE('',#3272,#3273);
#3272 = CARTESIAN_POINT('',(90.998408,-56.11698,1.585));
#3273 = VECTOR('',#3274,1.);
#3274 = DIRECTION('',(0.848798157639,-0.528717020331,0.));
#3275 = ORIENTED_EDGE('',*,*,#3276,.T.);
#3276 = EDGE_CURVE('',#3269,#3277,#3279,.T.);
#3277 = VERTEX_POINT('',#3278);
#3278 = CARTESIAN_POINT('',(91.164661,-56.240352,1.585));
#3279 = LINE('',#3280,#3281);
#3280 = CARTESIAN_POINT('',(91.082903,-56.169612,1.585));
#3281 = VECTOR('',#3282,1.);
#3282 = DIRECTION('',(0.756224130063,-0.65431266617,0.));
#3283 = ORIENTED_EDGE('',*,*,#3284,.T.);
#3284 = EDGE_CURVE('',#3277,#3042,#3285,.T.);
#3285 = LINE('',#3286,#3287);
#3286 = CARTESIAN_POINT('',(91.164661,-56.240352,1.585));
#3287 = VECTOR('',#3288,1.);
#3288 = DIRECTION('',(0.656455258534,-0.754364960442,0.));
#3289 = FACE_BOUND('',#3290,.F.);
#3290 = EDGE_LOOP('',(#3291,#3301,#3309,#3317,#3325,#3333,#3341,#3349,
    #3357,#3365,#3373,#3381,#3389,#3397,#3405,#3413,#3421,#3429,#3437,
    #3445,#3453,#3461,#3469,#3477));
#3291 = ORIENTED_EDGE('',*,*,#3292,.T.);
#3292 = EDGE_CURVE('',#3293,#3295,#3297,.T.);
#3293 = VERTEX_POINT('',#3294);
#3294 = CARTESIAN_POINT('',(91.084115,-56.492078,1.585));
#3295 = VERTEX_POINT('',#3296);
#3296 = CARTESIAN_POINT('',(90.998053,-56.449754,1.585));
#3297 = LINE('',#3298,#3299);
#3298 = CARTESIAN_POINT('',(91.084115,-56.492078,1.585));
#3299 = VECTOR('',#3300,1.);
#3300 = DIRECTION('',(-0.897356464478,0.441306441897,0.));
#3301 = ORIENTED_EDGE('',*,*,#3302,.T.);
#3302 = EDGE_CURVE('',#3295,#3303,#3305,.T.);
#3303 = VERTEX_POINT('',#3304);
#3304 = CARTESIAN_POINT('',(90.889464,-56.434813,1.585));
#3305 = LINE('',#3306,#3307);
#3306 = CARTESIAN_POINT('',(90.998053,-56.449754,1.585));
#3307 = VECTOR('',#3308,1.);
#3308 = DIRECTION('',(-0.990666508924,0.13630798985,0.));
#3309 = ORIENTED_EDGE('',*,*,#3310,.T.);
#3310 = EDGE_CURVE('',#3303,#3311,#3313,.T.);
#3311 = VERTEX_POINT('',#3312);
#3312 = CARTESIAN_POINT('',(90.78186,-56.449709,1.585));
#3313 = LINE('',#3314,#3315);
#3314 = CARTESIAN_POINT('',(90.889464,-56.434813,1.585));
#3315 = VECTOR('',#3316,1.);
#3316 = DIRECTION('',(-0.990553637545,-0.137125822319,0.));
#3317 = ORIENTED_EDGE('',*,*,#3318,.T.);
#3318 = EDGE_CURVE('',#3311,#3319,#3321,.T.);
#3319 = VERTEX_POINT('',#3320);
#3320 = CARTESIAN_POINT('',(90.696249,-56.491991,1.585));
#3321 = LINE('',#3322,#3323);
#3322 = CARTESIAN_POINT('',(90.78186,-56.449709,1.585));
#3323 = VECTOR('',#3324,1.);
#3324 = DIRECTION('',(-0.896609496179,-0.442822098999,0.));
#3325 = ORIENTED_EDGE('',*,*,#3326,.T.);
#3326 = EDGE_CURVE('',#3319,#3327,#3329,.T.);
#3327 = VERTEX_POINT('',#3328);
#3328 = CARTESIAN_POINT('',(90.627245,-56.562564,1.585));
#3329 = LINE('',#3330,#3331);
#3330 = CARTESIAN_POINT('',(90.696249,-56.491991,1.585));
#3331 = VECTOR('',#3332,1.);
#3332 = DIRECTION('',(-0.699113948663,-0.715010270405,0.));
#3333 = ORIENTED_EDGE('',*,*,#3334,.T.);
#3334 = EDGE_CURVE('',#3327,#3335,#3337,.T.);
#3335 = VERTEX_POINT('',#3336);
#3336 = CARTESIAN_POINT('',(90.579747,-56.652418,1.585));
#3337 = LINE('',#3338,#3339);
#3338 = CARTESIAN_POINT('',(90.627245,-56.562564,1.585));
#3339 = VECTOR('',#3340,1.);
#3340 = DIRECTION('',(-0.467336109597,-0.884079725289,0.));
#3341 = ORIENTED_EDGE('',*,*,#3342,.T.);
#3342 = EDGE_CURVE('',#3335,#3343,#3345,.T.);
#3343 = VERTEX_POINT('',#3344);
#3344 = CARTESIAN_POINT('',(90.548113,-56.773132,1.585));
#3345 = LINE('',#3346,#3347);
#3346 = CARTESIAN_POINT('',(90.579747,-56.652418,1.585));
#3347 = VECTOR('',#3348,1.);
#3348 = DIRECTION('',(-0.253497586252,-0.967336019057,0.));
#3349 = ORIENTED_EDGE('',*,*,#3350,.T.);
#3350 = EDGE_CURVE('',#3343,#3351,#3353,.T.);
#3351 = VERTEX_POINT('',#3352);
#3352 = CARTESIAN_POINT('',(90.536301,-56.933459,1.585));
#3353 = LINE('',#3354,#3355);
#3354 = CARTESIAN_POINT('',(90.548113,-56.773132,1.585));
#3355 = VECTOR('',#3356,1.);
#3356 = DIRECTION('',(-7.347528870709E-02,-0.997297037973,0.));
#3357 = ORIENTED_EDGE('',*,*,#3358,.T.);
#3358 = EDGE_CURVE('',#3351,#3359,#3361,.T.);
#3359 = VERTEX_POINT('',#3360);
#3360 = CARTESIAN_POINT('',(90.54811,-57.093786,1.585));
#3361 = LINE('',#3362,#3363);
#3362 = CARTESIAN_POINT('',(90.536301,-56.933459,1.585));
#3363 = VECTOR('',#3364,1.);
#3364 = DIRECTION('',(7.345672823279E-02,-0.997298405232,0.));
#3365 = ORIENTED_EDGE('',*,*,#3366,.T.);
#3366 = EDGE_CURVE('',#3359,#3367,#3369,.T.);
#3367 = VERTEX_POINT('',#3368);
#3368 = CARTESIAN_POINT('',(90.579742,-57.214551,1.585));
#3369 = LINE('',#3370,#3371);
#3370 = CARTESIAN_POINT('',(90.54811,-57.093786,1.585));
#3371 = VECTOR('',#3372,1.);
#3372 = DIRECTION('',(0.25338241559,-0.967366193057,0.));
#3373 = ORIENTED_EDGE('',*,*,#3374,.T.);
#3374 = EDGE_CURVE('',#3367,#3375,#3377,.T.);
#3375 = VERTEX_POINT('',#3376);
#3376 = CARTESIAN_POINT('',(90.627245,-57.304489,1.585));
#3377 = LINE('',#3378,#3379);
#3378 = CARTESIAN_POINT('',(90.579742,-57.214551,1.585));
#3379 = VECTOR('',#3380,1.);
#3380 = DIRECTION('',(0.46703329015,-0.884239733269,0.));
#3381 = ORIENTED_EDGE('',*,*,#3382,.T.);
#3382 = EDGE_CURVE('',#3375,#3383,#3385,.T.);
#3383 = VERTEX_POINT('',#3384);
#3384 = CARTESIAN_POINT('',(90.696239,-57.37498,1.585));
#3385 = LINE('',#3386,#3387);
#3386 = CARTESIAN_POINT('',(90.627245,-57.304489,1.585));
#3387 = VECTOR('',#3388,1.);
#3388 = DIRECTION('',(0.699477590228,-0.714654532463,0.));
#3389 = ORIENTED_EDGE('',*,*,#3390,.T.);
#3390 = EDGE_CURVE('',#3383,#3391,#3393,.T.);
#3391 = VERTEX_POINT('',#3392);
#3392 = CARTESIAN_POINT('',(90.781849,-57.417222,1.585));
#3393 = LINE('',#3394,#3395);
#3394 = CARTESIAN_POINT('',(90.696239,-57.37498,1.585));
#3395 = VECTOR('',#3396,1.);
#3396 = DIRECTION('',(0.89677374118,-0.442489386461,0.));
#3397 = ORIENTED_EDGE('',*,*,#3398,.T.);
#3398 = EDGE_CURVE('',#3391,#3399,#3401,.T.);
#3399 = VERTEX_POINT('',#3400);
#3400 = CARTESIAN_POINT('',(90.889464,-57.432106,1.585));
#3401 = LINE('',#3402,#3403);
#3402 = CARTESIAN_POINT('',(90.781849,-57.417222,1.585));
#3403 = VECTOR('',#3404,1.);
#3404 = DIRECTION('',(0.990570537362,-0.137003687944,0.));
#3405 = ORIENTED_EDGE('',*,*,#3406,.T.);
#3406 = EDGE_CURVE('',#3399,#3407,#3409,.T.);
#3407 = VERTEX_POINT('',#3408);
#3408 = CARTESIAN_POINT('',(90.998064,-57.417177,1.585));
#3409 = LINE('',#3410,#3411);
#3410 = CARTESIAN_POINT('',(90.889464,-57.432106,1.585));
#3411 = VECTOR('',#3412,1.);
#3412 = DIRECTION('',(0.990683148002,0.136187004756,0.));
#3413 = ORIENTED_EDGE('',*,*,#3414,.T.);
#3414 = EDGE_CURVE('',#3407,#3415,#3417,.T.);
#3415 = VERTEX_POINT('',#3416);
#3416 = CARTESIAN_POINT('',(91.084126,-57.374893,1.585));
#3417 = LINE('',#3418,#3419);
#3418 = CARTESIAN_POINT('',(90.998064,-57.417177,1.585));
#3419 = VECTOR('',#3420,1.);
#3420 = DIRECTION('',(0.897521597302,0.440970500573,0.));
#3421 = ORIENTED_EDGE('',*,*,#3422,.T.);
#3422 = EDGE_CURVE('',#3415,#3423,#3425,.T.);
#3423 = VERTEX_POINT('',#3424);
#3424 = CARTESIAN_POINT('',(91.153161,-57.304489,1.585));
#3425 = LINE('',#3426,#3427);
#3426 = CARTESIAN_POINT('',(91.084126,-57.374893,1.585));
#3427 = VECTOR('',#3428,1.);
#3428 = DIRECTION('',(0.700130725695,0.714014682579,0.));
#3429 = ORIENTED_EDGE('',*,*,#3430,.T.);
#3430 = EDGE_CURVE('',#3423,#3431,#3433,.T.);
#3431 = VERTEX_POINT('',#3432);
#3432 = CARTESIAN_POINT('',(91.200664,-57.214551,1.585));
#3433 = LINE('',#3434,#3435);
#3434 = CARTESIAN_POINT('',(91.153161,-57.304489,1.585));
#3435 = VECTOR('',#3436,1.);
#3436 = DIRECTION('',(0.46703329015,0.884239733269,0.));
#3437 = ORIENTED_EDGE('',*,*,#3438,.T.);
#3438 = EDGE_CURVE('',#3431,#3439,#3441,.T.);
#3439 = VERTEX_POINT('',#3440);
#3440 = CARTESIAN_POINT('',(91.232296,-57.093786,1.585));
#3441 = LINE('',#3442,#3443);
#3442 = CARTESIAN_POINT('',(91.200664,-57.214551,1.585));
#3443 = VECTOR('',#3444,1.);
#3444 = DIRECTION('',(0.25338241559,0.967366193057,0.));
#3445 = ORIENTED_EDGE('',*,*,#3446,.T.);
#3446 = EDGE_CURVE('',#3439,#3447,#3449,.T.);
#3447 = VERTEX_POINT('',#3448);
#3448 = CARTESIAN_POINT('',(91.244105,-56.933459,1.585));
#3449 = LINE('',#3450,#3451);
#3450 = CARTESIAN_POINT('',(91.232296,-57.093786,1.585));
#3451 = VECTOR('',#3452,1.);
#3452 = DIRECTION('',(7.345672823279E-02,0.997298405232,0.));
#3453 = ORIENTED_EDGE('',*,*,#3454,.T.);
#3454 = EDGE_CURVE('',#3447,#3455,#3457,.T.);
#3455 = VERTEX_POINT('',#3456);
#3456 = CARTESIAN_POINT('',(91.232293,-56.773132,1.585));
#3457 = LINE('',#3458,#3459);
#3458 = CARTESIAN_POINT('',(91.244105,-56.933459,1.585));
#3459 = VECTOR('',#3460,1.);
#3460 = DIRECTION('',(-7.347528870709E-02,0.997297037973,0.));
#3461 = ORIENTED_EDGE('',*,*,#3462,.T.);
#3462 = EDGE_CURVE('',#3455,#3463,#3465,.T.);
#3463 = VERTEX_POINT('',#3464);
#3464 = CARTESIAN_POINT('',(91.200659,-56.652418,1.585));
#3465 = LINE('',#3466,#3467);
#3466 = CARTESIAN_POINT('',(91.232293,-56.773132,1.585));
#3467 = VECTOR('',#3468,1.);
#3468 = DIRECTION('',(-0.253497586252,0.967336019057,0.));
#3469 = ORIENTED_EDGE('',*,*,#3470,.T.);
#3470 = EDGE_CURVE('',#3463,#3471,#3473,.T.);
#3471 = VERTEX_POINT('',#3472);
#3472 = CARTESIAN_POINT('',(91.153161,-56.562564,1.585));
#3473 = LINE('',#3474,#3475);
#3474 = CARTESIAN_POINT('',(91.200659,-56.652418,1.585));
#3475 = VECTOR('',#3476,1.);
#3476 = DIRECTION('',(-0.467336109597,0.884079725289,0.));
#3477 = ORIENTED_EDGE('',*,*,#3478,.T.);
#3478 = EDGE_CURVE('',#3471,#3293,#3479,.T.);
#3479 = LINE('',#3480,#3481);
#3480 = CARTESIAN_POINT('',(91.153161,-56.562564,1.585));
#3481 = VECTOR('',#3482,1.);
#3482 = DIRECTION('',(-0.699772024142,0.714366232565,0.));
#3483 = PLANE('',#3484);
#3484 = AXIS2_PLACEMENT_3D('',#3485,#3486,#3487);
#3485 = CARTESIAN_POINT('',(0.,0.,1.585));
#3486 = DIRECTION('',(0.,0.,1.));
#3487 = DIRECTION('',(1.,0.,-0.));
#3488 = SHELL_BASED_SURFACE_MODEL('',(#3489));
#3489 = OPEN_SHELL('',(#3490));
#3490 = ADVANCED_FACE('',(#3491,#3661),#3753,.T.);
#3491 = FACE_BOUND('',#3492,.F.);
#3492 = EDGE_LOOP('',(#3493,#3503,#3511,#3519,#3527,#3535,#3543,#3551,
    #3559,#3567,#3575,#3583,#3591,#3599,#3607,#3615,#3623,#3631,#3639,
    #3647,#3655));
#3493 = ORIENTED_EDGE('',*,*,#3494,.T.);
#3494 = EDGE_CURVE('',#3495,#3497,#3499,.T.);
#3495 = VERTEX_POINT('',#3496);
#3496 = CARTESIAN_POINT('',(65.332503,-57.776,1.585));
#3497 = VERTEX_POINT('',#3498);
#3498 = CARTESIAN_POINT('',(65.332503,-55.532092,1.585));
#3499 = LINE('',#3500,#3501);
#3500 = CARTESIAN_POINT('',(65.332503,-57.776,1.585));
#3501 = VECTOR('',#3502,1.);
#3502 = DIRECTION('',(0.,1.,0.));
#3503 = ORIENTED_EDGE('',*,*,#3504,.T.);
#3504 = EDGE_CURVE('',#3497,#3505,#3507,.T.);
#3505 = VERTEX_POINT('',#3506);
#3506 = CARTESIAN_POINT('',(66.292854,-55.532092,1.585));
#3507 = LINE('',#3508,#3509);
#3508 = CARTESIAN_POINT('',(65.332503,-55.532092,1.585));
#3509 = VECTOR('',#3510,1.);
#3510 = DIRECTION('',(1.,0.,0.));
#3511 = ORIENTED_EDGE('',*,*,#3512,.T.);
#3512 = EDGE_CURVE('',#3505,#3513,#3515,.T.);
#3513 = VERTEX_POINT('',#3514);
#3514 = CARTESIAN_POINT('',(66.509534,-55.545902,1.585));
#3515 = LINE('',#3516,#3517);
#3516 = CARTESIAN_POINT('',(66.292854,-55.532092,1.585));
#3517 = VECTOR('',#3518,1.);
#3518 = DIRECTION('',(0.997975121091,-6.360548468836E-02,0.));
#3519 = ORIENTED_EDGE('',*,*,#3520,.T.);
#3520 = EDGE_CURVE('',#3513,#3521,#3523,.T.);
#3521 = VERTEX_POINT('',#3522);
#3522 = CARTESIAN_POINT('',(66.687077,-55.584164,1.585));
#3523 = LINE('',#3524,#3525);
#3524 = CARTESIAN_POINT('',(66.509534,-55.545902,1.585));
#3525 = VECTOR('',#3526,1.);
#3526 = DIRECTION('',(0.97755687578,-0.210671674924,0.));
#3527 = ORIENTED_EDGE('',*,*,#3528,.T.);
#3528 = EDGE_CURVE('',#3521,#3529,#3531,.T.);
#3529 = VERTEX_POINT('',#3530);
#3530 = CARTESIAN_POINT('',(66.832196,-55.643356,1.585));
#3531 = LINE('',#3532,#3533);
#3532 = CARTESIAN_POINT('',(66.687077,-55.584164,1.585));
#3533 = VECTOR('',#3534,1.);
#3534 = DIRECTION('',(0.925937459895,-0.377676872953,0.));
#3535 = ORIENTED_EDGE('',*,*,#3536,.T.);
#3536 = EDGE_CURVE('',#3529,#3537,#3539,.T.);
#3537 = VERTEX_POINT('',#3538);
#3538 = CARTESIAN_POINT('',(66.950416,-55.721771,1.585));
#3539 = LINE('',#3540,#3541);
#3540 = CARTESIAN_POINT('',(66.832196,-55.643356,1.585));
#3541 = VECTOR('',#3542,1.);
#3542 = DIRECTION('',(0.83334397248,-0.552754758941,0.));
#3543 = ORIENTED_EDGE('',*,*,#3544,.T.);
#3544 = EDGE_CURVE('',#3537,#3545,#3547,.T.);
#3545 = VERTEX_POINT('',#3546);
#3546 = CARTESIAN_POINT('',(67.048949,-55.824315,1.585));
#3547 = LINE('',#3548,#3549);
#3548 = CARTESIAN_POINT('',(66.950416,-55.721771,1.585));
#3549 = VECTOR('',#3550,1.);
#3550 = DIRECTION('',(0.692863876845,-0.721068407409,0.));
#3551 = ORIENTED_EDGE('',*,*,#3552,.T.);
#3552 = EDGE_CURVE('',#3545,#3553,#3555,.T.);
#3553 = VERTEX_POINT('',#3554);
#3554 = CARTESIAN_POINT('',(67.119765,-55.945731,1.585));
#3555 = LINE('',#3556,#3557);
#3556 = CARTESIAN_POINT('',(67.048949,-55.824315,1.585));
#3557 = VECTOR('',#3558,1.);
#3558 = DIRECTION('',(0.503817942555,-0.863809863778,0.));
#3559 = ORIENTED_EDGE('',*,*,#3560,.T.);
#3560 = EDGE_CURVE('',#3553,#3561,#3563,.T.);
#3561 = VERTEX_POINT('',#3562);
#3562 = CARTESIAN_POINT('',(67.163951,-56.089813,1.585));
#3563 = LINE('',#3564,#3565);
#3564 = CARTESIAN_POINT('',(67.119765,-55.945731,1.585));
#3565 = VECTOR('',#3566,1.);
#3566 = DIRECTION('',(0.293195132717,-0.956052621016,0.));
#3567 = ORIENTED_EDGE('',*,*,#3568,.T.);
#3568 = EDGE_CURVE('',#3561,#3569,#3571,.T.);
#3569 = VERTEX_POINT('',#3570);
#3570 = CARTESIAN_POINT('',(67.17959,-56.26206,1.585));
#3571 = LINE('',#3572,#3573);
#3572 = CARTESIAN_POINT('',(67.163951,-56.089813,1.585));
#3573 = VECTOR('',#3574,1.);
#3574 = DIRECTION('',(9.042209924389E-02,-0.995903531457,0.));
#3575 = ORIENTED_EDGE('',*,*,#3576,.T.);
#3576 = EDGE_CURVE('',#3569,#3577,#3579,.T.);
#3577 = VERTEX_POINT('',#3578);
#3578 = CARTESIAN_POINT('',(67.163926,-56.43518,1.585));
#3579 = LINE('',#3580,#3581);
#3580 = CARTESIAN_POINT('',(67.17959,-56.26206,1.585));
#3581 = VECTOR('',#3582,1.);
#3582 = DIRECTION('',(-9.01124797642E-02,-0.995931594534,0.));
#3583 = ORIENTED_EDGE('',*,*,#3584,.T.);
#3584 = EDGE_CURVE('',#3577,#3585,#3587,.T.);
#3585 = VERTEX_POINT('',#3586);
#3586 = CARTESIAN_POINT('',(67.119698,-56.579805,1.585));
#3587 = LINE('',#3588,#3589);
#3588 = CARTESIAN_POINT('',(67.163926,-56.43518,1.585));
#3589 = VECTOR('',#3590,1.);
#3590 = DIRECTION('',(-0.292442454309,-0.956283122782,0.));
#3591 = ORIENTED_EDGE('',*,*,#3592,.T.);
#3592 = EDGE_CURVE('',#3585,#3593,#3595,.T.);
#3593 = VERTEX_POINT('',#3594);
#3594 = CARTESIAN_POINT('',(67.048874,-56.701496,1.585));
#3595 = LINE('',#3596,#3597);
#3596 = CARTESIAN_POINT('',(67.119698,-56.579805,1.585));
#3597 = VECTOR('',#3598,1.);
#3598 = DIRECTION('',(-0.503010114564,-0.864280524278,0.));
#3599 = ORIENTED_EDGE('',*,*,#3600,.T.);
#3600 = EDGE_CURVE('',#3593,#3601,#3603,.T.);
#3601 = VERTEX_POINT('',#3602);
#3602 = CARTESIAN_POINT('',(66.950416,-56.804096,1.585));
#3603 = LINE('',#3604,#3605);
#3604 = CARTESIAN_POINT('',(67.048874,-56.701496,1.585));
#3605 = VECTOR('',#3606,1.);
#3606 = DIRECTION('',(-0.692392748955,-0.721520811339,0.));
#3607 = ORIENTED_EDGE('',*,*,#3608,.T.);
#3608 = EDGE_CURVE('',#3601,#3609,#3611,.T.);
#3609 = VERTEX_POINT('',#3610);
#3610 = CARTESIAN_POINT('',(66.832205,-56.882451,1.585));
#3611 = LINE('',#3612,#3613);
#3612 = CARTESIAN_POINT('',(66.950416,-56.804096,1.585));
#3613 = VECTOR('',#3614,1.);
#3614 = DIRECTION('',(-0.833519420411,-0.552490159006,0.));
#3615 = ORIENTED_EDGE('',*,*,#3616,.T.);
#3616 = EDGE_CURVE('',#3609,#3617,#3619,.T.);
#3617 = VERTEX_POINT('',#3618);
#3618 = CARTESIAN_POINT('',(66.687089,-56.941602,1.585));
#3619 = LINE('',#3620,#3621);
#3620 = CARTESIAN_POINT('',(66.832205,-56.882451,1.585));
#3621 = VECTOR('',#3622,1.);
#3622 = DIRECTION('',(-0.926026197913,-0.377459243865,0.));
#3623 = ORIENTED_EDGE('',*,*,#3624,.T.);
#3624 = EDGE_CURVE('',#3617,#3625,#3627,.T.);
#3625 = VERTEX_POINT('',#3626);
#3626 = CARTESIAN_POINT('',(66.509544,-56.979839,1.585));
#3627 = LINE('',#3628,#3629);
#3628 = CARTESIAN_POINT('',(66.687089,-56.941602,1.585));
#3629 = VECTOR('',#3630,1.);
#3630 = DIRECTION('',(-0.977585704168,-0.21053786122,0.));
#3631 = ORIENTED_EDGE('',*,*,#3632,.T.);
#3632 = EDGE_CURVE('',#3625,#3633,#3635,.T.);
#3633 = VERTEX_POINT('',#3634);
#3634 = CARTESIAN_POINT('',(66.292854,-56.993641,1.585));
#3635 = LINE('',#3636,#3637);
#3636 = CARTESIAN_POINT('',(66.509544,-56.979839,1.585));
#3637 = VECTOR('',#3638,1.);
#3638 = DIRECTION('',(-0.997977645393,-6.356586580697E-02,0.));
#3639 = ORIENTED_EDGE('',*,*,#3640,.T.);
#3640 = EDGE_CURVE('',#3633,#3641,#3643,.T.);
#3641 = VERTEX_POINT('',#3642);
#3642 = CARTESIAN_POINT('',(65.911078,-56.993641,1.585));
#3643 = LINE('',#3644,#3645);
#3644 = CARTESIAN_POINT('',(66.292854,-56.993641,1.585));
#3645 = VECTOR('',#3646,1.);
#3646 = DIRECTION('',(-1.,0.,0.));
#3647 = ORIENTED_EDGE('',*,*,#3648,.T.);
#3648 = EDGE_CURVE('',#3641,#3649,#3651,.T.);
#3649 = VERTEX_POINT('',#3650);
#3650 = CARTESIAN_POINT('',(65.911078,-57.776,1.585));
#3651 = LINE('',#3652,#3653);
#3652 = CARTESIAN_POINT('',(65.911078,-56.993641,1.585));
#3653 = VECTOR('',#3654,1.);
#3654 = DIRECTION('',(0.,-1.,0.));
#3655 = ORIENTED_EDGE('',*,*,#3656,.T.);
#3656 = EDGE_CURVE('',#3649,#3495,#3657,.T.);
#3657 = LINE('',#3658,#3659);
#3658 = CARTESIAN_POINT('',(65.911078,-57.776,1.585));
#3659 = VECTOR('',#3660,1.);
#3660 = DIRECTION('',(-1.,0.,0.));
#3661 = FACE_BOUND('',#3662,.F.);
#3662 = EDGE_LOOP('',(#3663,#3673,#3681,#3689,#3697,#3705,#3713,#3722,
    #3730,#3738,#3747));
#3663 = ORIENTED_EDGE('',*,*,#3664,.T.);
#3664 = EDGE_CURVE('',#3665,#3667,#3669,.T.);
#3665 = VERTEX_POINT('',#3666);
#3666 = CARTESIAN_POINT('',(66.340697,-55.963401,1.585));
#3667 = VERTEX_POINT('',#3668);
#3668 = CARTESIAN_POINT('',(66.231195,-55.953362,1.585));
#3669 = LINE('',#3670,#3671);
#3670 = CARTESIAN_POINT('',(66.340697,-55.963401,1.585));
#3671 = VECTOR('',#3672,1.);
#3672 = DIRECTION('',(-0.995823816029,9.129582372118E-02,0.));
#3673 = ORIENTED_EDGE('',*,*,#3674,.T.);
#3674 = EDGE_CURVE('',#3667,#3675,#3677,.T.);
#3675 = VERTEX_POINT('',#3676);
#3676 = CARTESIAN_POINT('',(65.911078,-55.953362,1.585));
#3677 = LINE('',#3678,#3679);
#3678 = CARTESIAN_POINT('',(66.231195,-55.953362,1.585));
#3679 = VECTOR('',#3680,1.);
#3680 = DIRECTION('',(-1.,0.,0.));
#3681 = ORIENTED_EDGE('',*,*,#3682,.T.);
#3682 = EDGE_CURVE('',#3675,#3683,#3685,.T.);
#3683 = VERTEX_POINT('',#3684);
#3684 = CARTESIAN_POINT('',(65.911078,-56.572371,1.585));
#3685 = LINE('',#3686,#3687);
#3686 = CARTESIAN_POINT('',(65.911078,-55.953362,1.585));
#3687 = VECTOR('',#3688,1.);
#3688 = DIRECTION('',(0.,-1.,0.));
#3689 = ORIENTED_EDGE('',*,*,#3690,.T.);
#3690 = EDGE_CURVE('',#3683,#3691,#3693,.T.);
#3691 = VERTEX_POINT('',#3692);
#3692 = CARTESIAN_POINT('',(66.231195,-56.572371,1.585));
#3693 = LINE('',#3694,#3695);
#3694 = CARTESIAN_POINT('',(65.911078,-56.572371,1.585));
#3695 = VECTOR('',#3696,1.);
#3696 = DIRECTION('',(1.,0.,0.));
#3697 = ORIENTED_EDGE('',*,*,#3698,.T.);
#3698 = EDGE_CURVE('',#3691,#3699,#3701,.T.);
#3699 = VERTEX_POINT('',#3700);
#3700 = CARTESIAN_POINT('',(66.340642,-56.562259,1.585));
#3701 = LINE('',#3702,#3703);
#3702 = CARTESIAN_POINT('',(66.231195,-56.572371,1.585));
#3703 = VECTOR('',#3704,1.);
#3704 = DIRECTION('',(0.995759014457,9.199991917717E-02,0.));
#3705 = ORIENTED_EDGE('',*,*,#3706,.T.);
#3706 = EDGE_CURVE('',#3699,#3707,#3709,.T.);
#3707 = VERTEX_POINT('',#3708);
#3708 = CARTESIAN_POINT('',(66.42547,-56.534583,1.585));
#3709 = LINE('',#3710,#3711);
#3710 = CARTESIAN_POINT('',(66.340642,-56.562259,1.585));
#3711 = VECTOR('',#3712,1.);
#3712 = DIRECTION('',(0.950681284196,0.310169463165,0.));
#3713 = ORIENTED_EDGE('',*,*,#3714,.T.);
#3714 = EDGE_CURVE('',#3707,#3715,#3717,.T.);
#3715 = VERTEX_POINT('',#3716);
#3716 = CARTESIAN_POINT('',(66.571834,-56.357013,1.585));
#3717 = CIRCLE('',#3718,0.264713381412);
#3718 = AXIS2_PLACEMENT_3D('',#3719,#3720,#3721);
#3719 = CARTESIAN_POINT('',(66.314689502729,-56.29416491473,1.585));
#3720 = DIRECTION('',(0.,0.,1.));
#3721 = DIRECTION('',(0.41849224501,-0.908220370211,0.));
#3722 = ORIENTED_EDGE('',*,*,#3723,.T.);
#3723 = EDGE_CURVE('',#3715,#3724,#3726,.T.);
#3724 = VERTEX_POINT('',#3725);
#3725 = CARTESIAN_POINT('',(66.58288,-56.26206,1.585));
#3726 = LINE('',#3727,#3728);
#3727 = CARTESIAN_POINT('',(66.571834,-56.357013,1.585));
#3728 = VECTOR('',#3729,1.);
#3729 = DIRECTION('',(0.115551985085,0.993301433978,0.));
#3730 = ORIENTED_EDGE('',*,*,#3731,.T.);
#3731 = EDGE_CURVE('',#3724,#3732,#3734,.T.);
#3732 = VERTEX_POINT('',#3733);
#3733 = CARTESIAN_POINT('',(66.571818,-56.167221,1.585));
#3734 = LINE('',#3735,#3736);
#3735 = CARTESIAN_POINT('',(66.58288,-56.26206,1.585));
#3736 = VECTOR('',#3737,1.);
#3737 = DIRECTION('',(-0.115854351528,0.99326621267,0.));
#3738 = ORIENTED_EDGE('',*,*,#3739,.T.);
#3739 = EDGE_CURVE('',#3732,#3740,#3742,.T.);
#3740 = VERTEX_POINT('',#3741);
#3741 = CARTESIAN_POINT('',(66.425524,-55.990861,1.585));
#3742 = CIRCLE('',#3743,0.260184755438);
#3743 = AXIS2_PLACEMENT_3D('',#3744,#3745,#3746);
#3744 = CARTESIAN_POINT('',(66.318876138937,-56.22818428308,1.585));
#3745 = DIRECTION('',(0.,0.,1.));
#3746 = DIRECTION('',(0.972162495214,0.23430766718,-0.));
#3747 = ORIENTED_EDGE('',*,*,#3748,.T.);
#3748 = EDGE_CURVE('',#3740,#3665,#3749,.T.);
#3749 = LINE('',#3750,#3751);
#3750 = CARTESIAN_POINT('',(66.425524,-55.990861,1.585));
#3751 = VECTOR('',#3752,1.);
#3752 = DIRECTION('',(-0.95139204489,0.307982429565,0.));
#3753 = PLANE('',#3754);
#3754 = AXIS2_PLACEMENT_3D('',#3755,#3756,#3757);
#3755 = CARTESIAN_POINT('',(0.,0.,1.585));
#3756 = DIRECTION('',(0.,0.,1.));
#3757 = DIRECTION('',(1.,0.,-0.));
#3758 = SHELL_BASED_SURFACE_MODEL('',(#3759));
#3759 = OPEN_SHELL('',(#3760));
#3760 = ADVANCED_FACE('',(#3761),#3867,.T.);
#3761 = FACE_BOUND('',#3762,.F.);
#3762 = EDGE_LOOP('',(#3763,#3773,#3781,#3789,#3797,#3805,#3813,#3821,
    #3829,#3837,#3845,#3853,#3861));
#3763 = ORIENTED_EDGE('',*,*,#3764,.T.);
#3764 = EDGE_CURVE('',#3765,#3767,#3769,.T.);
#3765 = VERTEX_POINT('',#3766);
#3766 = CARTESIAN_POINT('',(69.973325,-57.776,1.585));
#3767 = VERTEX_POINT('',#3768);
#3768 = CARTESIAN_POINT('',(69.530024,-56.090919,1.585));
#3769 = LINE('',#3770,#3771);
#3770 = CARTESIAN_POINT('',(69.973325,-57.776,1.585));
#3771 = VECTOR('',#3772,1.);
#3772 = DIRECTION('',(-0.254417419699,0.96709450239,0.));
#3773 = ORIENTED_EDGE('',*,*,#3774,.T.);
#3774 = EDGE_CURVE('',#3767,#3775,#3777,.T.);
#3775 = VERTEX_POINT('',#3776);
#3776 = CARTESIAN_POINT('',(70.052984,-56.090919,1.585));
#3777 = LINE('',#3778,#3779);
#3778 = CARTESIAN_POINT('',(69.530024,-56.090919,1.585));
#3779 = VECTOR('',#3780,1.);
#3780 = DIRECTION('',(1.,0.,0.));
#3781 = ORIENTED_EDGE('',*,*,#3782,.T.);
#3782 = EDGE_CURVE('',#3775,#3783,#3785,.T.);
#3783 = VERTEX_POINT('',#3784);
#3784 = CARTESIAN_POINT('',(70.335488,-57.252367,1.585));
#3785 = LINE('',#3786,#3787);
#3786 = CARTESIAN_POINT('',(70.052984,-56.090919,1.585));
#3787 = VECTOR('',#3788,1.);
#3788 = DIRECTION('',(0.236343381594,-0.971669597125,0.));
#3789 = ORIENTED_EDGE('',*,*,#3790,.T.);
#3790 = EDGE_CURVE('',#3783,#3791,#3793,.T.);
#3791 = VERTEX_POINT('',#3792);
#3792 = CARTESIAN_POINT('',(70.619469,-56.090919,1.585));
#3793 = LINE('',#3794,#3795);
#3794 = CARTESIAN_POINT('',(70.335488,-57.252367,1.585));
#3795 = VECTOR('',#3796,1.);
#3796 = DIRECTION('',(0.237509509101,0.971385213541,0.));
#3797 = ORIENTED_EDGE('',*,*,#3798,.T.);
#3798 = EDGE_CURVE('',#3791,#3799,#3801,.T.);
#3799 = VERTEX_POINT('',#3800);
#3800 = CARTESIAN_POINT('',(71.068949,-56.090919,1.585));
#3801 = LINE('',#3802,#3803);
#3802 = CARTESIAN_POINT('',(70.619469,-56.090919,1.585));
#3803 = VECTOR('',#3804,1.);
#3804 = DIRECTION('',(1.,0.,0.));
#3805 = ORIENTED_EDGE('',*,*,#3806,.T.);
#3806 = EDGE_CURVE('',#3799,#3807,#3809,.T.);
#3807 = VERTEX_POINT('',#3808);
#3808 = CARTESIAN_POINT('',(71.351453,-57.240412,1.585));
#3809 = LINE('',#3810,#3811);
#3810 = CARTESIAN_POINT('',(71.068949,-56.090919,1.585));
#3811 = VECTOR('',#3812,1.);
#3812 = DIRECTION('',(0.238662080551,-0.971102678046,0.));
#3813 = ORIENTED_EDGE('',*,*,#3814,.T.);
#3814 = EDGE_CURVE('',#3807,#3815,#3817,.T.);
#3815 = VERTEX_POINT('',#3816);
#3816 = CARTESIAN_POINT('',(71.635434,-56.090919,1.585));
#3817 = LINE('',#3818,#3819);
#3818 = CARTESIAN_POINT('',(71.351453,-57.240412,1.585));
#3819 = VECTOR('',#3820,1.);
#3820 = DIRECTION('',(0.239838264738,0.970812858777,0.));
#3821 = ORIENTED_EDGE('',*,*,#3822,.T.);
#3822 = EDGE_CURVE('',#3815,#3823,#3825,.T.);
#3823 = VERTEX_POINT('',#3824);
#3824 = CARTESIAN_POINT('',(72.158394,-56.090919,1.585));
#3825 = LINE('',#3826,#3827);
#3826 = CARTESIAN_POINT('',(71.635434,-56.090919,1.585));
#3827 = VECTOR('',#3828,1.);
#3828 = DIRECTION('',(1.,0.,0.));
#3829 = ORIENTED_EDGE('',*,*,#3830,.T.);
#3830 = EDGE_CURVE('',#3823,#3831,#3833,.T.);
#3831 = VERTEX_POINT('',#3832);
#3832 = CARTESIAN_POINT('',(71.715094,-57.776,1.585));
#3833 = LINE('',#3834,#3835);
#3834 = CARTESIAN_POINT('',(72.158394,-56.090919,1.585));
#3835 = VECTOR('',#3836,1.);
#3836 = DIRECTION('',(-0.254416882932,-0.9670946436,0.));
#3837 = ORIENTED_EDGE('',*,*,#3838,.T.);
#3838 = EDGE_CURVE('',#3831,#3839,#3841,.T.);
#3839 = VERTEX_POINT('',#3840);
#3840 = CARTESIAN_POINT('',(71.127519,-57.776,1.585));
#3841 = LINE('',#3842,#3843);
#3842 = CARTESIAN_POINT('',(71.715094,-57.776,1.585));
#3843 = VECTOR('',#3844,1.);
#3844 = DIRECTION('',(-1.,0.,0.));
#3845 = ORIENTED_EDGE('',*,*,#3846,.T.);
#3846 = EDGE_CURVE('',#3839,#3847,#3849,.T.);
#3847 = VERTEX_POINT('',#3848);
#3848 = CARTESIAN_POINT('',(70.843403,-56.617507,1.585));
#3849 = LINE('',#3850,#3851);
#3850 = CARTESIAN_POINT('',(71.127519,-57.776,1.585));
#3851 = VECTOR('',#3852,1.);
#3852 = DIRECTION('',(-0.238187793055,0.971219118036,0.));
#3853 = ORIENTED_EDGE('',*,*,#3854,.T.);
#3854 = EDGE_CURVE('',#3847,#3855,#3857,.T.);
#3855 = VERTEX_POINT('',#3856);
#3856 = CARTESIAN_POINT('',(70.5609,-57.776,1.585));
#3857 = LINE('',#3858,#3859);
#3858 = CARTESIAN_POINT('',(70.843403,-56.617507,1.585));
#3859 = VECTOR('',#3860,1.);
#3860 = DIRECTION('',(-0.236911641926,-0.971531200693,0.));
#3861 = ORIENTED_EDGE('',*,*,#3862,.T.);
#3862 = EDGE_CURVE('',#3855,#3765,#3863,.T.);
#3863 = LINE('',#3864,#3865);
#3864 = CARTESIAN_POINT('',(70.5609,-57.776,1.585));
#3865 = VECTOR('',#3866,1.);
#3866 = DIRECTION('',(-1.,0.,0.));
#3867 = PLANE('',#3868);
#3868 = AXIS2_PLACEMENT_3D('',#3869,#3870,#3871);
#3869 = CARTESIAN_POINT('',(0.,0.,1.585));
#3870 = DIRECTION('',(0.,0.,1.));
#3871 = DIRECTION('',(1.,0.,-0.));
#3872 = SHELL_BASED_SURFACE_MODEL('',(#3873));
#3873 = OPEN_SHELL('',(#3874));
#3874 = ADVANCED_FACE('',(#3875),#4039,.T.);
#3875 = FACE_BOUND('',#3876,.F.);
#3876 = EDGE_LOOP('',(#3877,#3888,#3896,#3904,#3912,#3921,#3929,#3937,
    #3945,#3953,#3961,#3969,#3977,#3985,#3993,#4001,#4009,#4017,#4025,
    #4033));
#3877 = ORIENTED_EDGE('',*,*,#3878,.T.);
#3878 = EDGE_CURVE('',#3879,#3881,#3883,.T.);
#3879 = VERTEX_POINT('',#3880);
#3880 = CARTESIAN_POINT('',(75.479563,-56.082811,1.585));
#3881 = VERTEX_POINT('',#3882);
#3882 = CARTESIAN_POINT('',(75.767937,-56.050351,1.585));
#3883 = CIRCLE('',#3884,0.76083421955);
#3884 = AXIS2_PLACEMENT_3D('',#3885,#3886,#3887);
#3885 = CARTESIAN_POINT('',(75.707291764272,-56.80876438663,1.585));
#3886 = DIRECTION('',(0.,0.,-1.));
#3887 = DIRECTION('',(-0.299314566064,0.954154489871,0.));
#3888 = ORIENTED_EDGE('',*,*,#3889,.T.);
#3889 = EDGE_CURVE('',#3881,#3890,#3892,.T.);
#3890 = VERTEX_POINT('',#3891);
#3891 = CARTESIAN_POINT('',(75.859687,-56.060694,1.585));
#3892 = LINE('',#3893,#3894);
#3893 = CARTESIAN_POINT('',(75.767937,-56.050351,1.585));
#3894 = VECTOR('',#3895,1.);
#3895 = DIRECTION('',(0.993705872615,-0.112020706708,0.));
#3896 = ORIENTED_EDGE('',*,*,#3897,.T.);
#3897 = EDGE_CURVE('',#3890,#3898,#3900,.T.);
#3898 = VERTEX_POINT('',#3899);
#3899 = CARTESIAN_POINT('',(75.861165,-56.555176,1.585));
#3900 = LINE('',#3901,#3902);
#3901 = CARTESIAN_POINT('',(75.859687,-56.060694,1.585));
#3902 = VECTOR('',#3903,1.);
#3903 = DIRECTION('',(2.988973102751E-03,-0.99999553301,0.));
#3904 = ORIENTED_EDGE('',*,*,#3905,.T.);
#3905 = EDGE_CURVE('',#3898,#3906,#3908,.T.);
#3906 = VERTEX_POINT('',#3907);
#3907 = CARTESIAN_POINT('',(75.789891,-56.52428,1.585));
#3908 = LINE('',#3909,#3910);
#3909 = CARTESIAN_POINT('',(75.861165,-56.555176,1.585));
#3910 = VECTOR('',#3911,1.);
#3911 = DIRECTION('',(-0.917505836333,0.397722315562,0.));
#3912 = ORIENTED_EDGE('',*,*,#3913,.T.);
#3913 = EDGE_CURVE('',#3906,#3914,#3916,.T.);
#3914 = VERTEX_POINT('',#3915);
#3915 = CARTESIAN_POINT('',(75.478154,-56.495543,1.585));
#3916 = CIRCLE('',#3917,0.599497630843);
#3917 = AXIS2_PLACEMENT_3D('',#3918,#3919,#3920);
#3918 = CARTESIAN_POINT('',(75.580900972016,-57.08617018285,1.585));
#3919 = DIRECTION('',(0.,0.,1.));
#3920 = DIRECTION('',(0.348608596986,0.937268395983,-0.));
#3921 = ORIENTED_EDGE('',*,*,#3922,.T.);
#3922 = EDGE_CURVE('',#3914,#3923,#3925,.T.);
#3923 = VERTEX_POINT('',#3924);
#3924 = CARTESIAN_POINT('',(75.392921,-56.521363,1.585));
#3925 = LINE('',#3926,#3927);
#3926 = CARTESIAN_POINT('',(75.478154,-56.495543,1.585));
#3927 = VECTOR('',#3928,1.);
#3928 = DIRECTION('',(-0.957049898887,-0.289923250258,0.));
#3929 = ORIENTED_EDGE('',*,*,#3930,.T.);
#3930 = EDGE_CURVE('',#3923,#3931,#3933,.T.);
#3931 = VERTEX_POINT('',#3932);
#3932 = CARTESIAN_POINT('',(75.321189,-56.562683,1.585));
#3933 = LINE('',#3934,#3935);
#3934 = CARTESIAN_POINT('',(75.392921,-56.521363,1.585));
#3935 = VECTOR('',#3936,1.);
#3936 = DIRECTION('',(-0.866519233877,-0.499143684044,0.));
#3937 = ORIENTED_EDGE('',*,*,#3938,.T.);
#3938 = EDGE_CURVE('',#3931,#3939,#3941,.T.);
#3939 = VERTEX_POINT('',#3940);
#3940 = CARTESIAN_POINT('',(75.260694,-56.620059,1.585));
#3941 = LINE('',#3942,#3943);
#3942 = CARTESIAN_POINT('',(75.321189,-56.562683,1.585));
#3943 = VECTOR('',#3944,1.);
#3944 = DIRECTION('',(-0.725563654232,-0.688155057859,0.));
#3945 = ORIENTED_EDGE('',*,*,#3946,.T.);
#3946 = EDGE_CURVE('',#3939,#3947,#3949,.T.);
#3947 = VERTEX_POINT('',#3948);
#3948 = CARTESIAN_POINT('',(75.201441,-56.71543,1.585));
#3949 = LINE('',#3950,#3951);
#3950 = CARTESIAN_POINT('',(75.260694,-56.620059,1.585));
#3951 = VECTOR('',#3952,1.);
#3952 = DIRECTION('',(-0.527730619718,-0.849411792367,0.));
#3953 = ORIENTED_EDGE('',*,*,#3954,.T.);
#3954 = EDGE_CURVE('',#3947,#3955,#3957,.T.);
#3955 = VERTEX_POINT('',#3956);
#3956 = CARTESIAN_POINT('',(75.162955,-56.840291,1.585));
#3957 = LINE('',#3958,#3959);
#3958 = CARTESIAN_POINT('',(75.201441,-56.71543,1.585));
#3959 = VECTOR('',#3960,1.);
#3960 = DIRECTION('',(-0.294555867496,-0.955634261066,0.));
#3961 = ORIENTED_EDGE('',*,*,#3962,.T.);
#3962 = EDGE_CURVE('',#3955,#3963,#3965,.T.);
#3963 = VERTEX_POINT('',#3964);
#3964 = CARTESIAN_POINT('',(75.148794,-57.003044,1.585));
#3965 = LINE('',#3966,#3967);
#3966 = CARTESIAN_POINT('',(75.162955,-56.840291,1.585));
#3967 = VECTOR('',#3968,1.);
#3968 = DIRECTION('',(-8.668165179185E-02,-0.996236062007,0.));
#3969 = ORIENTED_EDGE('',*,*,#3970,.T.);
#3970 = EDGE_CURVE('',#3963,#3971,#3973,.T.);
#3971 = VERTEX_POINT('',#3972);
#3972 = CARTESIAN_POINT('',(75.148794,-57.776,1.585));
#3973 = LINE('',#3974,#3975);
#3974 = CARTESIAN_POINT('',(75.148794,-57.003044,1.585));
#3975 = VECTOR('',#3976,1.);
#3976 = DIRECTION('',(0.,-1.,0.));
#3977 = ORIENTED_EDGE('',*,*,#3978,.T.);
#3978 = EDGE_CURVE('',#3971,#3979,#3981,.T.);
#3979 = VERTEX_POINT('',#3980);
#3980 = CARTESIAN_POINT('',(74.610788,-57.776,1.585));
#3981 = LINE('',#3982,#3983);
#3982 = CARTESIAN_POINT('',(75.148794,-57.776,1.585));
#3983 = VECTOR('',#3984,1.);
#3984 = DIRECTION('',(-1.,0.,0.));
#3985 = ORIENTED_EDGE('',*,*,#3986,.T.);
#3986 = EDGE_CURVE('',#3979,#3987,#3989,.T.);
#3987 = VERTEX_POINT('',#3988);
#3988 = CARTESIAN_POINT('',(74.610788,-56.090919,1.585));
#3989 = LINE('',#3990,#3991);
#3990 = CARTESIAN_POINT('',(74.610788,-57.776,1.585));
#3991 = VECTOR('',#3992,1.);
#3992 = DIRECTION('',(0.,1.,0.));
#3993 = ORIENTED_EDGE('',*,*,#3994,.T.);
#3994 = EDGE_CURVE('',#3987,#3995,#3997,.T.);
#3995 = VERTEX_POINT('',#3996);
#3996 = CARTESIAN_POINT('',(75.148794,-56.090919,1.585));
#3997 = LINE('',#3998,#3999);
#3998 = CARTESIAN_POINT('',(74.610788,-56.090919,1.585));
#3999 = VECTOR('',#4000,1.);
#4000 = DIRECTION('',(1.,0.,0.));
#4001 = ORIENTED_EDGE('',*,*,#4002,.T.);
#4002 = EDGE_CURVE('',#3995,#4003,#4005,.T.);
#4003 = VERTEX_POINT('',#4004);
#4004 = CARTESIAN_POINT('',(75.148794,-56.366034,1.585));
#4005 = LINE('',#4006,#4007);
#4006 = CARTESIAN_POINT('',(75.148794,-56.090919,1.585));
#4007 = VECTOR('',#4008,1.);
#4008 = DIRECTION('',(0.,-1.,0.));
#4009 = ORIENTED_EDGE('',*,*,#4010,.T.);
#4010 = EDGE_CURVE('',#4003,#4011,#4013,.T.);
#4011 = VERTEX_POINT('',#4012);
#4012 = CARTESIAN_POINT('',(75.224576,-56.261594,1.585));
#4013 = LINE('',#4014,#4015);
#4014 = CARTESIAN_POINT('',(75.148794,-56.366034,1.585));
#4015 = VECTOR('',#4016,1.);
#4016 = DIRECTION('',(0.587287545871,0.809378365454,0.));
#4017 = ORIENTED_EDGE('',*,*,#4018,.T.);
#4018 = EDGE_CURVE('',#4011,#4019,#4021,.T.);
#4019 = VERTEX_POINT('',#4020);
#4020 = CARTESIAN_POINT('',(75.303862,-56.182128,1.585));
#4021 = LINE('',#4022,#4023);
#4022 = CARTESIAN_POINT('',(75.224576,-56.261594,1.585));
#4023 = VECTOR('',#4024,1.);
#4024 = DIRECTION('',(0.706304578404,0.707908074912,0.));
#4025 = ORIENTED_EDGE('',*,*,#4026,.T.);
#4026 = EDGE_CURVE('',#4019,#4027,#4029,.T.);
#4027 = VERTEX_POINT('',#4028);
#4028 = CARTESIAN_POINT('',(75.386967,-56.1241,1.585));
#4029 = LINE('',#4030,#4031);
#4030 = CARTESIAN_POINT('',(75.303862,-56.182128,1.585));
#4031 = VECTOR('',#4032,1.);
#4032 = DIRECTION('',(0.819905744682,0.572498532608,0.));
#4033 = ORIENTED_EDGE('',*,*,#4034,.T.);
#4034 = EDGE_CURVE('',#4027,#3879,#4035,.T.);
#4035 = LINE('',#4036,#4037);
#4036 = CARTESIAN_POINT('',(75.386967,-56.1241,1.585));
#4037 = VECTOR('',#4038,1.);
#4038 = DIRECTION('',(0.913315867145,0.407251920586,0.));
#4039 = PLANE('',#4040);
#4040 = AXIS2_PLACEMENT_3D('',#4041,#4042,#4043);
#4041 = CARTESIAN_POINT('',(0.,0.,1.585));
#4042 = DIRECTION('',(0.,0.,1.));
#4043 = DIRECTION('',(1.,0.,-0.));
#4044 = SHELL_BASED_SURFACE_MODEL('',(#4045));
#4045 = OPEN_SHELL('',(#4046));
#4046 = ADVANCED_FACE('',(#4047),#4153,.T.);
#4047 = FACE_BOUND('',#4048,.F.);
#4048 = EDGE_LOOP('',(#4049,#4059,#4067,#4075,#4083,#4091,#4099,#4107,
    #4115,#4123,#4131,#4139,#4147));
#4049 = ORIENTED_EDGE('',*,*,#4050,.T.);
#4050 = EDGE_CURVE('',#4051,#4053,#4055,.T.);
#4051 = VERTEX_POINT('',#4052);
#4052 = CARTESIAN_POINT('',(77.222636,-57.776,1.585));
#4053 = VERTEX_POINT('',#4054);
#4054 = CARTESIAN_POINT('',(77.222636,-55.532092,1.585));
#4055 = LINE('',#4056,#4057);
#4056 = CARTESIAN_POINT('',(77.222636,-57.776,1.585));
#4057 = VECTOR('',#4058,1.);
#4058 = DIRECTION('',(0.,1.,0.));
#4059 = ORIENTED_EDGE('',*,*,#4060,.T.);
#4060 = EDGE_CURVE('',#4053,#4061,#4063,.T.);
#4061 = VERTEX_POINT('',#4062);
#4062 = CARTESIAN_POINT('',(77.959052,-55.532092,1.585));
#4063 = LINE('',#4064,#4065);
#4064 = CARTESIAN_POINT('',(77.222636,-55.532092,1.585));
#4065 = VECTOR('',#4066,1.);
#4066 = DIRECTION('',(1.,0.,0.));
#4067 = ORIENTED_EDGE('',*,*,#4068,.T.);
#4068 = EDGE_CURVE('',#4061,#4069,#4071,.T.);
#4069 = VERTEX_POINT('',#4070);
#4070 = CARTESIAN_POINT('',(78.470057,-56.733974,1.585));
#4071 = LINE('',#4072,#4073);
#4072 = CARTESIAN_POINT('',(77.959052,-55.532092,1.585));
#4073 = VECTOR('',#4074,1.);
#4074 = DIRECTION('',(0.391273686306,-0.92027436257,0.));
#4075 = ORIENTED_EDGE('',*,*,#4076,.T.);
#4076 = EDGE_CURVE('',#4069,#4077,#4079,.T.);
#4077 = VERTEX_POINT('',#4078);
#4078 = CARTESIAN_POINT('',(78.984017,-55.532092,1.585));
#4079 = LINE('',#4080,#4081);
#4080 = CARTESIAN_POINT('',(78.470057,-56.733974,1.585));
#4081 = VECTOR('',#4082,1.);
#4082 = DIRECTION('',(0.393187370444,0.919458368673,0.));
#4083 = ORIENTED_EDGE('',*,*,#4084,.T.);
#4084 = EDGE_CURVE('',#4077,#4085,#4087,.T.);
#4085 = VERTEX_POINT('',#4086);
#4086 = CARTESIAN_POINT('',(79.718956,-55.532092,1.585));
#4087 = LINE('',#4088,#4089);
#4088 = CARTESIAN_POINT('',(78.984017,-55.532092,1.585));
#4089 = VECTOR('',#4090,1.);
#4090 = DIRECTION('',(1.,0.,0.));
#4091 = ORIENTED_EDGE('',*,*,#4092,.T.);
#4092 = EDGE_CURVE('',#4085,#4093,#4095,.T.);
#4093 = VERTEX_POINT('',#4094);
#4094 = CARTESIAN_POINT('',(79.718956,-57.776,1.585));
#4095 = LINE('',#4096,#4097);
#4096 = CARTESIAN_POINT('',(79.718956,-55.532092,1.585));
#4097 = VECTOR('',#4098,1.);
#4098 = DIRECTION('',(0.,-1.,0.));
#4099 = ORIENTED_EDGE('',*,*,#4100,.T.);
#4100 = EDGE_CURVE('',#4093,#4101,#4103,.T.);
#4101 = VERTEX_POINT('',#4102);
#4102 = CARTESIAN_POINT('',(79.171816,-57.776,1.585));
#4103 = LINE('',#4104,#4105);
#4104 = CARTESIAN_POINT('',(79.718956,-57.776,1.585));
#4105 = VECTOR('',#4106,1.);
#4106 = DIRECTION('',(-1.,0.,0.));
#4107 = ORIENTED_EDGE('',*,*,#4108,.T.);
#4108 = EDGE_CURVE('',#4101,#4109,#4111,.T.);
#4109 = VERTEX_POINT('',#4110);
#4110 = CARTESIAN_POINT('',(79.171816,-56.135249,1.585));
#4111 = LINE('',#4112,#4113);
#4112 = CARTESIAN_POINT('',(79.171816,-57.776,1.585));
#4113 = VECTOR('',#4114,1.);
#4114 = DIRECTION('',(0.,1.,0.));
#4115 = ORIENTED_EDGE('',*,*,#4116,.T.);
#4116 = EDGE_CURVE('',#4109,#4117,#4119,.T.);
#4117 = VERTEX_POINT('',#4118);
#4118 = CARTESIAN_POINT('',(78.6549,-57.346132,1.585));
#4119 = LINE('',#4120,#4121);
#4120 = CARTESIAN_POINT('',(79.171816,-56.135249,1.585));
#4121 = VECTOR('',#4122,1.);
#4122 = DIRECTION('',(-0.392613830465,-0.919703419656,0.));
#4123 = ORIENTED_EDGE('',*,*,#4124,.T.);
#4124 = EDGE_CURVE('',#4117,#4125,#4127,.T.);
#4125 = VERTEX_POINT('',#4126);
#4126 = CARTESIAN_POINT('',(78.288169,-57.346132,1.585));
#4127 = LINE('',#4128,#4129);
#4128 = CARTESIAN_POINT('',(78.6549,-57.346132,1.585));
#4129 = VECTOR('',#4130,1.);
#4130 = DIRECTION('',(-1.,0.,0.));
#4131 = ORIENTED_EDGE('',*,*,#4132,.T.);
#4132 = EDGE_CURVE('',#4125,#4133,#4135,.T.);
#4133 = VERTEX_POINT('',#4134);
#4134 = CARTESIAN_POINT('',(77.771254,-56.135249,1.585));
#4135 = LINE('',#4136,#4137);
#4136 = CARTESIAN_POINT('',(78.288169,-57.346132,1.585));
#4137 = VECTOR('',#4138,1.);
#4138 = DIRECTION('',(-0.392613188012,0.919703693914,0.));
#4139 = ORIENTED_EDGE('',*,*,#4140,.T.);
#4140 = EDGE_CURVE('',#4133,#4141,#4143,.T.);
#4141 = VERTEX_POINT('',#4142);
#4142 = CARTESIAN_POINT('',(77.771254,-57.776,1.585));
#4143 = LINE('',#4144,#4145);
#4144 = CARTESIAN_POINT('',(77.771254,-56.135249,1.585));
#4145 = VECTOR('',#4146,1.);
#4146 = DIRECTION('',(0.,-1.,0.));
#4147 = ORIENTED_EDGE('',*,*,#4148,.T.);
#4148 = EDGE_CURVE('',#4141,#4051,#4149,.T.);
#4149 = LINE('',#4150,#4151);
#4150 = CARTESIAN_POINT('',(77.771254,-57.776,1.585));
#4151 = VECTOR('',#4152,1.);
#4152 = DIRECTION('',(-1.,0.,0.));
#4153 = PLANE('',#4154);
#4154 = AXIS2_PLACEMENT_3D('',#4155,#4156,#4157);
#4155 = CARTESIAN_POINT('',(0.,0.,1.585));
#4156 = DIRECTION('',(0.,0.,1.));
#4157 = DIRECTION('',(1.,0.,-0.));
#4158 = SHELL_BASED_SURFACE_MODEL('',(#4159));
#4159 = OPEN_SHELL('',(#4160));
#4160 = ADVANCED_FACE('',(#4161),#4405,.T.);
#4161 = FACE_BOUND('',#4162,.F.);
#4162 = EDGE_LOOP('',(#4163,#4174,#4182,#4190,#4198,#4206,#4214,#4222,
    #4230,#4238,#4246,#4254,#4262,#4270,#4278,#4286,#4295,#4303,#4311,
    #4319,#4327,#4335,#4343,#4351,#4359,#4367,#4375,#4383,#4391,#4399));
#4163 = ORIENTED_EDGE('',*,*,#4164,.T.);
#4164 = EDGE_CURVE('',#4165,#4167,#4169,.T.);
#4165 = VERTEX_POINT('',#4166);
#4166 = CARTESIAN_POINT('',(83.051958,-56.169351,1.585));
#4167 = VERTEX_POINT('',#4168);
#4168 = CARTESIAN_POINT('',(83.440533,-56.047933,1.585));
#4169 = CIRCLE('',#4170,0.650029139892);
#4170 = AXIS2_PLACEMENT_3D('',#4171,#4172,#4173);
#4171 = CARTESIAN_POINT('',(83.430365469577,-56.69788261653,1.585));
#4172 = DIRECTION('',(0.,0.,-1.));
#4173 = DIRECTION('',(-0.582139240158,0.813089112625,0.));
#4174 = ORIENTED_EDGE('',*,*,#4175,.T.);
#4175 = EDGE_CURVE('',#4167,#4176,#4178,.T.);
#4176 = VERTEX_POINT('',#4177);
#4177 = CARTESIAN_POINT('',(83.584593,-56.060383,1.585));
#4178 = LINE('',#4179,#4180);
#4179 = CARTESIAN_POINT('',(83.440533,-56.047933,1.585));
#4180 = VECTOR('',#4181,1.);
#4181 = DIRECTION('',(0.996286380318,-8.610138438815E-02,0.));
#4182 = ORIENTED_EDGE('',*,*,#4183,.T.);
#4183 = EDGE_CURVE('',#4176,#4184,#4186,.T.);
#4184 = VERTEX_POINT('',#4185);
#4185 = CARTESIAN_POINT('',(83.703327,-56.095275,1.585));
#4186 = LINE('',#4187,#4188);
#4187 = CARTESIAN_POINT('',(83.584593,-56.060383,1.585));
#4188 = VECTOR('',#4189,1.);
#4189 = DIRECTION('',(0.959430583279,-0.28194495184,0.));
#4190 = ORIENTED_EDGE('',*,*,#4191,.T.);
#4191 = EDGE_CURVE('',#4184,#4192,#4194,.T.);
#4192 = VERTEX_POINT('',#4193);
#4193 = CARTESIAN_POINT('',(83.80164,-56.150605,1.585));
#4194 = LINE('',#4195,#4196);
#4195 = CARTESIAN_POINT('',(83.703327,-56.095275,1.585));
#4196 = VECTOR('',#4197,1.);
#4197 = DIRECTION('',(0.871465909665,-0.49045608192,0.));
#4198 = ORIENTED_EDGE('',*,*,#4199,.T.);
#4199 = EDGE_CURVE('',#4192,#4200,#4202,.T.);
#4200 = VERTEX_POINT('',#4201);
#4201 = CARTESIAN_POINT('',(83.883028,-56.22673,1.585));
#4202 = LINE('',#4203,#4204);
#4203 = CARTESIAN_POINT('',(83.80164,-56.150605,1.585));
#4204 = VECTOR('',#4205,1.);
#4205 = DIRECTION('',(0.730325854051,-0.683098929076,0.));
#4206 = ORIENTED_EDGE('',*,*,#4207,.T.);
#4207 = EDGE_CURVE('',#4200,#4208,#4210,.T.);
#4208 = VERTEX_POINT('',#4209);
#4209 = CARTESIAN_POINT('',(83.945377,-56.319039,1.585));
#4210 = LINE('',#4211,#4212);
#4211 = CARTESIAN_POINT('',(83.883028,-56.22673,1.585));
#4212 = VECTOR('',#4213,1.);
#4213 = DIRECTION('',(0.559722141884,-0.82868035085,0.));
#4214 = ORIENTED_EDGE('',*,*,#4215,.T.);
#4215 = EDGE_CURVE('',#4208,#4216,#4218,.T.);
#4216 = VERTEX_POINT('',#4217);
#4217 = CARTESIAN_POINT('',(83.992534,-56.433185,1.585));
#4218 = LINE('',#4219,#4220);
#4219 = CARTESIAN_POINT('',(83.945377,-56.319039,1.585));
#4220 = VECTOR('',#4221,1.);
#4221 = DIRECTION('',(0.381827517875,-0.92423359958,0.));
#4222 = ORIENTED_EDGE('',*,*,#4223,.T.);
#4223 = EDGE_CURVE('',#4216,#4224,#4226,.T.);
#4224 = VERTEX_POINT('',#4225);
#4225 = CARTESIAN_POINT('',(84.023095,-56.573753,1.585));
#4226 = LINE('',#4227,#4228);
#4227 = CARTESIAN_POINT('',(83.992534,-56.433185,1.585));
#4228 = VECTOR('',#4229,1.);
#4229 = DIRECTION('',(0.212447826365,-0.97717241113,0.));
#4230 = ORIENTED_EDGE('',*,*,#4231,.T.);
#4231 = EDGE_CURVE('',#4224,#4232,#4234,.T.);
#4232 = VERTEX_POINT('',#4233);
#4233 = CARTESIAN_POINT('',(84.034153,-56.746333,1.585));
#4234 = LINE('',#4235,#4236);
#4235 = CARTESIAN_POINT('',(84.023095,-56.573753,1.585));
#4236 = VECTOR('',#4237,1.);
#4237 = DIRECTION('',(6.394350460617E-02,-0.997953520069,0.));
#4238 = ORIENTED_EDGE('',*,*,#4239,.T.);
#4239 = EDGE_CURVE('',#4232,#4240,#4242,.T.);
#4240 = VERTEX_POINT('',#4241);
#4241 = CARTESIAN_POINT('',(84.034153,-57.776,1.585));
#4242 = LINE('',#4243,#4244);
#4243 = CARTESIAN_POINT('',(84.034153,-56.746333,1.585));
#4244 = VECTOR('',#4245,1.);
#4245 = DIRECTION('',(0.,-1.,0.));
#4246 = ORIENTED_EDGE('',*,*,#4247,.T.);
#4247 = EDGE_CURVE('',#4240,#4248,#4250,.T.);
#4248 = VERTEX_POINT('',#4249);
#4249 = CARTESIAN_POINT('',(83.493192,-57.776,1.585));
#4250 = LINE('',#4251,#4252);
#4251 = CARTESIAN_POINT('',(84.034153,-57.776,1.585));
#4252 = VECTOR('',#4253,1.);
#4253 = DIRECTION('',(-1.,0.,0.));
#4254 = ORIENTED_EDGE('',*,*,#4255,.T.);
#4255 = EDGE_CURVE('',#4248,#4256,#4258,.T.);
#4256 = VERTEX_POINT('',#4257);
#4257 = CARTESIAN_POINT('',(83.493192,-56.987999,1.585));
#4258 = LINE('',#4259,#4260);
#4259 = CARTESIAN_POINT('',(83.493192,-57.776,1.585));
#4260 = VECTOR('',#4261,1.);
#4261 = DIRECTION('',(0.,1.,0.));
#4262 = ORIENTED_EDGE('',*,*,#4263,.T.);
#4263 = EDGE_CURVE('',#4256,#4264,#4266,.T.);
#4264 = VERTEX_POINT('',#4265);
#4265 = CARTESIAN_POINT('',(83.483386,-56.686017,1.585));
#4266 = LINE('',#4267,#4268);
#4267 = CARTESIAN_POINT('',(83.493192,-56.987999,1.585));
#4268 = VECTOR('',#4269,1.);
#4269 = DIRECTION('',(-3.245502767747E-02,0.999473196828,0.));
#4270 = ORIENTED_EDGE('',*,*,#4271,.T.);
#4271 = EDGE_CURVE('',#4264,#4272,#4274,.T.);
#4272 = VERTEX_POINT('',#4273);
#4273 = CARTESIAN_POINT('',(83.46876,-56.609165,1.585));
#4274 = LINE('',#4275,#4276);
#4275 = CARTESIAN_POINT('',(83.483386,-56.686017,1.585));
#4276 = VECTOR('',#4277,1.);
#4277 = DIRECTION('',(-0.186958211001,0.982367867624,0.));
#4278 = ORIENTED_EDGE('',*,*,#4279,.T.);
#4279 = EDGE_CURVE('',#4272,#4280,#4282,.T.);
#4280 = VERTEX_POINT('',#4281);
#4281 = CARTESIAN_POINT('',(83.449668,-56.563773,1.585));
#4282 = LINE('',#4283,#4284);
#4283 = CARTESIAN_POINT('',(83.46876,-56.609165,1.585));
#4284 = VECTOR('',#4285,1.);
#4285 = DIRECTION('',(-0.387704725719,0.921783621928,0.));
#4286 = ORIENTED_EDGE('',*,*,#4287,.T.);
#4287 = EDGE_CURVE('',#4280,#4288,#4290,.T.);
#4288 = VERTEX_POINT('',#4289);
#4289 = CARTESIAN_POINT('',(83.30695,-56.459575,1.585));
#4290 = CIRCLE('',#4291,0.224117749514);
#4291 = AXIS2_PLACEMENT_3D('',#4292,#4293,#4294);
#4292 = CARTESIAN_POINT('',(83.256858023551,-56.67802307058,1.585));
#4293 = DIRECTION('',(0.,0.,1.));
#4294 = DIRECTION('',(0.860306588244,0.509776984793,-0.));
#4295 = ORIENTED_EDGE('',*,*,#4296,.T.);
#4296 = EDGE_CURVE('',#4288,#4297,#4299,.T.);
#4297 = VERTEX_POINT('',#4298);
#4298 = CARTESIAN_POINT('',(83.240645,-56.452008,1.585));
#4299 = LINE('',#4300,#4301);
#4300 = CARTESIAN_POINT('',(83.30695,-56.459575,1.585));
#4301 = VECTOR('',#4302,1.);
#4302 = DIRECTION('',(-0.993550771886,0.113388110864,0.));
#4303 = ORIENTED_EDGE('',*,*,#4304,.T.);
#4304 = EDGE_CURVE('',#4297,#4305,#4307,.T.);
#4305 = VERTEX_POINT('',#4306);
#4306 = CARTESIAN_POINT('',(83.13501,-56.466953,1.585));
#4307 = LINE('',#4308,#4309);
#4308 = CARTESIAN_POINT('',(83.240645,-56.452008,1.585));
#4309 = VECTOR('',#4310,1.);
#4310 = DIRECTION('',(-0.990139802413,-0.140082731548,0.));
#4311 = ORIENTED_EDGE('',*,*,#4312,.T.);
#4312 = EDGE_CURVE('',#4305,#4313,#4315,.T.);
#4313 = VERTEX_POINT('',#4314);
#4314 = CARTESIAN_POINT('',(83.048421,-56.509938,1.585));
#4315 = LINE('',#4316,#4317);
#4316 = CARTESIAN_POINT('',(83.13501,-56.466953,1.585));
#4317 = VECTOR('',#4318,1.);
#4318 = DIRECTION('',(-0.895704150398,-0.444650508781,0.));
#4319 = ORIENTED_EDGE('',*,*,#4320,.T.);
#4320 = EDGE_CURVE('',#4313,#4321,#4323,.T.);
#4321 = VERTEX_POINT('',#4322);
#4322 = CARTESIAN_POINT('',(82.976142,-56.58258,1.585));
#4323 = LINE('',#4324,#4325);
#4324 = CARTESIAN_POINT('',(83.048421,-56.509938,1.585));
#4325 = VECTOR('',#4326,1.);
#4326 = DIRECTION('',(-0.705333398294,-0.70887572765,0.));
#4327 = ORIENTED_EDGE('',*,*,#4328,.T.);
#4328 = EDGE_CURVE('',#4321,#4329,#4331,.T.);
#4329 = VERTEX_POINT('',#4330);
#4330 = CARTESIAN_POINT('',(82.925204,-56.674531,1.585));
#4331 = LINE('',#4332,#4333);
#4332 = CARTESIAN_POINT('',(82.976142,-56.58258,1.585));
#4333 = VECTOR('',#4334,1.);
#4334 = DIRECTION('',(-0.484582034416,-0.874745821323,0.));
#4335 = ORIENTED_EDGE('',*,*,#4336,.T.);
#4336 = EDGE_CURVE('',#4329,#4337,#4339,.T.);
#4337 = VERTEX_POINT('',#4338);
#4338 = CARTESIAN_POINT('',(82.892092,-56.792758,1.585));
#4339 = LINE('',#4340,#4341);
#4340 = CARTESIAN_POINT('',(82.925204,-56.674531,1.585));
#4341 = VECTOR('',#4342,1.);
#4342 = DIRECTION('',(-0.269693670191,-0.962946168931,0.));
#4343 = ORIENTED_EDGE('',*,*,#4344,.T.);
#4344 = EDGE_CURVE('',#4337,#4345,#4347,.T.);
#4345 = VERTEX_POINT('',#4346);
#4346 = CARTESIAN_POINT('',(82.879959,-56.944206,1.585));
#4347 = LINE('',#4348,#4349);
#4348 = CARTESIAN_POINT('',(82.892092,-56.792758,1.585));
#4349 = VECTOR('',#4350,1.);
#4350 = DIRECTION('',(-7.985744788105E-02,-0.99680629413,0.));
#4351 = ORIENTED_EDGE('',*,*,#4352,.T.);
#4352 = EDGE_CURVE('',#4345,#4353,#4355,.T.);
#4353 = VERTEX_POINT('',#4354);
#4354 = CARTESIAN_POINT('',(82.879959,-57.776,1.585));
#4355 = LINE('',#4356,#4357);
#4356 = CARTESIAN_POINT('',(82.879959,-56.944206,1.585));
#4357 = VECTOR('',#4358,1.);
#4358 = DIRECTION('',(0.,-1.,0.));
#4359 = ORIENTED_EDGE('',*,*,#4360,.T.);
#4360 = EDGE_CURVE('',#4353,#4361,#4363,.T.);
#4361 = VERTEX_POINT('',#4362);
#4362 = CARTESIAN_POINT('',(82.341953,-57.776,1.585));
#4363 = LINE('',#4364,#4365);
#4364 = CARTESIAN_POINT('',(82.879959,-57.776,1.585));
#4365 = VECTOR('',#4366,1.);
#4366 = DIRECTION('',(-1.,0.,0.));
#4367 = ORIENTED_EDGE('',*,*,#4368,.T.);
#4368 = EDGE_CURVE('',#4361,#4369,#4371,.T.);
#4369 = VERTEX_POINT('',#4370);
#4370 = CARTESIAN_POINT('',(82.341953,-56.090919,1.585));
#4371 = LINE('',#4372,#4373);
#4372 = CARTESIAN_POINT('',(82.341953,-57.776,1.585));
#4373 = VECTOR('',#4374,1.);
#4374 = DIRECTION('',(0.,1.,0.));
#4375 = ORIENTED_EDGE('',*,*,#4376,.T.);
#4376 = EDGE_CURVE('',#4369,#4377,#4379,.T.);
#4377 = VERTEX_POINT('',#4378);
#4378 = CARTESIAN_POINT('',(82.879959,-56.090919,1.585));
#4379 = LINE('',#4380,#4381);
#4380 = CARTESIAN_POINT('',(82.341953,-56.090919,1.585));
#4381 = VECTOR('',#4382,1.);
#4382 = DIRECTION('',(1.,0.,0.));
#4383 = ORIENTED_EDGE('',*,*,#4384,.T.);
#4384 = EDGE_CURVE('',#4377,#4385,#4387,.T.);
#4385 = VERTEX_POINT('',#4386);
#4386 = CARTESIAN_POINT('',(82.879959,-56.331645,1.585));
#4387 = LINE('',#4388,#4389);
#4388 = CARTESIAN_POINT('',(82.879959,-56.090919,1.585));
#4389 = VECTOR('',#4390,1.);
#4390 = DIRECTION('',(0.,-1.,0.));
#4391 = ORIENTED_EDGE('',*,*,#4392,.T.);
#4392 = EDGE_CURVE('',#4385,#4393,#4395,.T.);
#4393 = VERTEX_POINT('',#4394);
#4394 = CARTESIAN_POINT('',(82.965961,-56.240063,1.585));
#4395 = LINE('',#4396,#4397);
#4396 = CARTESIAN_POINT('',(82.879959,-56.331645,1.585));
#4397 = VECTOR('',#4398,1.);
#4398 = DIRECTION('',(0.684550394941,0.728965538819,0.));
#4399 = ORIENTED_EDGE('',*,*,#4400,.T.);
#4400 = EDGE_CURVE('',#4393,#4165,#4401,.T.);
#4401 = LINE('',#4402,#4403);
#4402 = CARTESIAN_POINT('',(82.965961,-56.240063,1.585));
#4403 = VECTOR('',#4404,1.);
#4404 = DIRECTION('',(0.772410700425,0.635123381611,0.));
#4405 = PLANE('',#4406);
#4406 = AXIS2_PLACEMENT_3D('',#4407,#4408,#4409);
#4407 = CARTESIAN_POINT('',(0.,0.,1.585));
#4408 = DIRECTION('',(0.,0.,1.));
#4409 = DIRECTION('',(1.,0.,-0.));
#4410 = SHELL_BASED_SURFACE_MODEL('',(#4411));
#4411 = OPEN_SHELL('',(#4412));
#4412 = ADVANCED_FACE('',(#4413),#4447,.T.);
#4413 = FACE_BOUND('',#4414,.F.);
#4414 = EDGE_LOOP('',(#4415,#4425,#4433,#4441));
#4415 = ORIENTED_EDGE('',*,*,#4416,.T.);
#4416 = EDGE_CURVE('',#4417,#4419,#4421,.T.);
#4417 = VERTEX_POINT('',#4418);
#4418 = CARTESIAN_POINT('',(84.534277,-57.776,1.585));
#4419 = VERTEX_POINT('',#4420);
#4420 = CARTESIAN_POINT('',(84.534277,-56.090919,1.585));
#4421 = LINE('',#4422,#4423);
#4422 = CARTESIAN_POINT('',(84.534277,-57.776,1.585));
#4423 = VECTOR('',#4424,1.);
#4424 = DIRECTION('',(0.,1.,0.));
#4425 = ORIENTED_EDGE('',*,*,#4426,.T.);
#4426 = EDGE_CURVE('',#4419,#4427,#4429,.T.);
#4427 = VERTEX_POINT('',#4428);
#4428 = CARTESIAN_POINT('',(85.072283,-56.090919,1.585));
#4429 = LINE('',#4430,#4431);
#4430 = CARTESIAN_POINT('',(84.534277,-56.090919,1.585));
#4431 = VECTOR('',#4432,1.);
#4432 = DIRECTION('',(1.,0.,0.));
#4433 = ORIENTED_EDGE('',*,*,#4434,.T.);
#4434 = EDGE_CURVE('',#4427,#4435,#4437,.T.);
#4435 = VERTEX_POINT('',#4436);
#4436 = CARTESIAN_POINT('',(85.072283,-57.776,1.585));
#4437 = LINE('',#4438,#4439);
#4438 = CARTESIAN_POINT('',(85.072283,-56.090919,1.585));
#4439 = VECTOR('',#4440,1.);
#4440 = DIRECTION('',(0.,-1.,0.));
#4441 = ORIENTED_EDGE('',*,*,#4442,.T.);
#4442 = EDGE_CURVE('',#4435,#4417,#4443,.T.);
#4443 = LINE('',#4444,#4445);
#4444 = CARTESIAN_POINT('',(85.072283,-57.776,1.585));
#4445 = VECTOR('',#4446,1.);
#4446 = DIRECTION('',(-1.,0.,0.));
#4447 = PLANE('',#4448);
#4448 = AXIS2_PLACEMENT_3D('',#4449,#4450,#4451);
#4449 = CARTESIAN_POINT('',(0.,0.,1.585));
#4450 = DIRECTION('',(0.,0.,1.));
#4451 = DIRECTION('',(1.,0.,-0.));
#4452 = SHELL_BASED_SURFACE_MODEL('',(#4453));
#4453 = OPEN_SHELL('',(#4454));
#4454 = ADVANCED_FACE('',(#4455),#4650,.T.);
#4455 = FACE_BOUND('',#4456,.F.);
#4456 = EDGE_LOOP('',(#4457,#4467,#4475,#4483,#4491,#4499,#4507,#4515,
    #4523,#4531,#4539,#4547,#4555,#4563,#4571,#4579,#4587,#4595,#4603,
    #4611,#4619,#4627,#4636,#4644));
#4457 = ORIENTED_EDGE('',*,*,#4458,.T.);
#4458 = EDGE_CURVE('',#4459,#4461,#4463,.T.);
#4459 = VERTEX_POINT('',#4460);
#4460 = CARTESIAN_POINT('',(86.121176,-55.447463,1.585));
#4461 = VERTEX_POINT('',#4462);
#4462 = CARTESIAN_POINT('',(86.28545,-55.437521,1.585));
#4463 = LINE('',#4464,#4465);
#4464 = CARTESIAN_POINT('',(86.121176,-55.447463,1.585));
#4465 = VECTOR('',#4466,1.);
#4466 = DIRECTION('',(0.99817362979,6.041030368396E-02,0.));
#4467 = ORIENTED_EDGE('',*,*,#4468,.T.);
#4468 = EDGE_CURVE('',#4461,#4469,#4471,.T.);
#4469 = VERTEX_POINT('',#4470);
#4470 = CARTESIAN_POINT('',(86.697182,-55.437521,1.585));
#4471 = LINE('',#4472,#4473);
#4472 = CARTESIAN_POINT('',(86.28545,-55.437521,1.585));
#4473 = VECTOR('',#4474,1.);
#4474 = DIRECTION('',(1.,0.,0.));
#4475 = ORIENTED_EDGE('',*,*,#4476,.T.);
#4476 = EDGE_CURVE('',#4469,#4477,#4479,.T.);
#4477 = VERTEX_POINT('',#4478);
#4478 = CARTESIAN_POINT('',(86.697182,-55.790012,1.585));
#4479 = LINE('',#4480,#4481);
#4480 = CARTESIAN_POINT('',(86.697182,-55.437521,1.585));
#4481 = VECTOR('',#4482,1.);
#4482 = DIRECTION('',(0.,-1.,0.));
#4483 = ORIENTED_EDGE('',*,*,#4484,.T.);
#4484 = EDGE_CURVE('',#4477,#4485,#4487,.T.);
#4485 = VERTEX_POINT('',#4486);
#4486 = CARTESIAN_POINT('',(86.399633,-55.790012,1.585));
#4487 = LINE('',#4488,#4489);
#4488 = CARTESIAN_POINT('',(86.697182,-55.790012,1.585));
#4489 = VECTOR('',#4490,1.);
#4490 = DIRECTION('',(-1.,0.,0.));
#4491 = ORIENTED_EDGE('',*,*,#4492,.T.);
#4492 = EDGE_CURVE('',#4485,#4493,#4495,.T.);
#4493 = VERTEX_POINT('',#4494);
#4494 = CARTESIAN_POINT('',(86.296112,-55.802136,1.585));
#4495 = LINE('',#4496,#4497);
#4496 = CARTESIAN_POINT('',(86.399633,-55.790012,1.585));
#4497 = VECTOR('',#4498,1.);
#4498 = DIRECTION('',(-0.993211635991,-0.116321305578,0.));
#4499 = ORIENTED_EDGE('',*,*,#4500,.T.);
#4500 = EDGE_CURVE('',#4493,#4501,#4503,.T.);
#4501 = VERTEX_POINT('',#4502);
#4502 = CARTESIAN_POINT('',(86.240314,-55.831252,1.585));
#4503 = LINE('',#4504,#4505);
#4504 = CARTESIAN_POINT('',(86.296112,-55.802136,1.585));
#4505 = VECTOR('',#4506,1.);
#4506 = DIRECTION('',(-0.886558780647,-0.462615962173,0.));
#4507 = ORIENTED_EDGE('',*,*,#4508,.T.);
#4508 = EDGE_CURVE('',#4501,#4509,#4511,.T.);
#4509 = VERTEX_POINT('',#4510);
#4510 = CARTESIAN_POINT('',(86.20818,-55.882646,1.585));
#4511 = LINE('',#4512,#4513);
#4512 = CARTESIAN_POINT('',(86.240314,-55.831252,1.585));
#4513 = VECTOR('',#4514,1.);
#4514 = DIRECTION('',(-0.530150195121,-0.847903750795,0.));
#4515 = ORIENTED_EDGE('',*,*,#4516,.T.);
#4516 = EDGE_CURVE('',#4509,#4517,#4519,.T.);
#4517 = VERTEX_POINT('',#4518);
#4518 = CARTESIAN_POINT('',(86.195312,-55.974183,1.585));
#4519 = LINE('',#4520,#4521);
#4520 = CARTESIAN_POINT('',(86.20818,-55.882646,1.585));
#4521 = VECTOR('',#4522,1.);
#4522 = DIRECTION('',(-0.13920825379,-0.990263127697,0.));
#4523 = ORIENTED_EDGE('',*,*,#4524,.T.);
#4524 = EDGE_CURVE('',#4517,#4525,#4527,.T.);
#4525 = VERTEX_POINT('',#4526);
#4526 = CARTESIAN_POINT('',(86.195312,-56.090919,1.585));
#4527 = LINE('',#4528,#4529);
#4528 = CARTESIAN_POINT('',(86.195312,-55.974183,1.585));
#4529 = VECTOR('',#4530,1.);
#4530 = DIRECTION('',(0.,-1.,0.));
#4531 = ORIENTED_EDGE('',*,*,#4532,.T.);
#4532 = EDGE_CURVE('',#4525,#4533,#4535,.T.);
#4533 = VERTEX_POINT('',#4534);
#4534 = CARTESIAN_POINT('',(86.655136,-56.090919,1.585));
#4535 = LINE('',#4536,#4537);
#4536 = CARTESIAN_POINT('',(86.195312,-56.090919,1.585));
#4537 = VECTOR('',#4538,1.);
#4538 = DIRECTION('',(1.,0.,0.));
#4539 = ORIENTED_EDGE('',*,*,#4540,.T.);
#4540 = EDGE_CURVE('',#4533,#4541,#4543,.T.);
#4541 = VERTEX_POINT('',#4542);
#4542 = CARTESIAN_POINT('',(86.655136,-56.4778,1.585));
#4543 = LINE('',#4544,#4545);
#4544 = CARTESIAN_POINT('',(86.655136,-56.090919,1.585));
#4545 = VECTOR('',#4546,1.);
#4546 = DIRECTION('',(0.,-1.,0.));
#4547 = ORIENTED_EDGE('',*,*,#4548,.T.);
#4548 = EDGE_CURVE('',#4541,#4549,#4551,.T.);
#4549 = VERTEX_POINT('',#4550);
#4550 = CARTESIAN_POINT('',(86.195312,-56.4778,1.585));
#4551 = LINE('',#4552,#4553);
#4552 = CARTESIAN_POINT('',(86.655136,-56.4778,1.585));
#4553 = VECTOR('',#4554,1.);
#4554 = DIRECTION('',(-1.,0.,0.));
#4555 = ORIENTED_EDGE('',*,*,#4556,.T.);
#4556 = EDGE_CURVE('',#4549,#4557,#4559,.T.);
#4557 = VERTEX_POINT('',#4558);
#4558 = CARTESIAN_POINT('',(86.195312,-57.776,1.585));
#4559 = LINE('',#4560,#4561);
#4560 = CARTESIAN_POINT('',(86.195312,-56.4778,1.585));
#4561 = VECTOR('',#4562,1.);
#4562 = DIRECTION('',(0.,-1.,0.));
#4563 = ORIENTED_EDGE('',*,*,#4564,.T.);
#4564 = EDGE_CURVE('',#4557,#4565,#4567,.T.);
#4565 = VERTEX_POINT('',#4566);
#4566 = CARTESIAN_POINT('',(85.657306,-57.776,1.585));
#4567 = LINE('',#4568,#4569);
#4568 = CARTESIAN_POINT('',(86.195312,-57.776,1.585));
#4569 = VECTOR('',#4570,1.);
#4570 = DIRECTION('',(-1.,0.,0.));
#4571 = ORIENTED_EDGE('',*,*,#4572,.T.);
#4572 = EDGE_CURVE('',#4565,#4573,#4575,.T.);
#4573 = VERTEX_POINT('',#4574);
#4574 = CARTESIAN_POINT('',(85.657306,-56.4778,1.585));
#4575 = LINE('',#4576,#4577);
#4576 = CARTESIAN_POINT('',(85.657306,-57.776,1.585));
#4577 = VECTOR('',#4578,1.);
#4578 = DIRECTION('',(0.,1.,0.));
#4579 = ORIENTED_EDGE('',*,*,#4580,.T.);
#4580 = EDGE_CURVE('',#4573,#4581,#4583,.T.);
#4581 = VERTEX_POINT('',#4582);
#4582 = CARTESIAN_POINT('',(85.389713,-56.4778,1.585));
#4583 = LINE('',#4584,#4585);
#4584 = CARTESIAN_POINT('',(85.657306,-56.4778,1.585));
#4585 = VECTOR('',#4586,1.);
#4586 = DIRECTION('',(-1.,0.,0.));
#4587 = ORIENTED_EDGE('',*,*,#4588,.T.);
#4588 = EDGE_CURVE('',#4581,#4589,#4591,.T.);
#4589 = VERTEX_POINT('',#4590);
#4590 = CARTESIAN_POINT('',(85.389713,-56.090919,1.585));
#4591 = LINE('',#4592,#4593);
#4592 = CARTESIAN_POINT('',(85.389713,-56.4778,1.585));
#4593 = VECTOR('',#4594,1.);
#4594 = DIRECTION('',(0.,1.,0.));
#4595 = ORIENTED_EDGE('',*,*,#4596,.T.);
#4596 = EDGE_CURVE('',#4589,#4597,#4599,.T.);
#4597 = VERTEX_POINT('',#4598);
#4598 = CARTESIAN_POINT('',(85.657306,-56.090919,1.585));
#4599 = LINE('',#4600,#4601);
#4600 = CARTESIAN_POINT('',(85.389713,-56.090919,1.585));
#4601 = VECTOR('',#4602,1.);
#4602 = DIRECTION('',(1.,0.,0.));
#4603 = ORIENTED_EDGE('',*,*,#4604,.T.);
#4604 = EDGE_CURVE('',#4597,#4605,#4607,.T.);
#4605 = VERTEX_POINT('',#4606);
#4606 = CARTESIAN_POINT('',(85.657306,-55.974183,1.585));
#4607 = LINE('',#4608,#4609);
#4608 = CARTESIAN_POINT('',(85.657306,-56.090919,1.585));
#4609 = VECTOR('',#4610,1.);
#4610 = DIRECTION('',(0.,1.,0.));
#4611 = ORIENTED_EDGE('',*,*,#4612,.T.);
#4612 = EDGE_CURVE('',#4605,#4613,#4615,.T.);
#4613 = VERTEX_POINT('',#4614);
#4614 = CARTESIAN_POINT('',(85.668339,-55.837298,1.585));
#4615 = LINE('',#4616,#4617);
#4616 = CARTESIAN_POINT('',(85.657306,-55.974183,1.585));
#4617 = VECTOR('',#4618,1.);
#4618 = DIRECTION('',(8.033996460227E-02,0.996767520582,0.));
#4619 = ORIENTED_EDGE('',*,*,#4620,.T.);
#4620 = EDGE_CURVE('',#4613,#4621,#4623,.T.);
#4621 = VERTEX_POINT('',#4622);
#4622 = CARTESIAN_POINT('',(85.698836,-55.727411,1.585));
#4623 = LINE('',#4624,#4625);
#4624 = CARTESIAN_POINT('',(85.668339,-55.837298,1.585));
#4625 = VECTOR('',#4626,1.);
#4626 = DIRECTION('',(0.267422701569,0.96357931624,0.));
#4627 = ORIENTED_EDGE('',*,*,#4628,.T.);
#4628 = EDGE_CURVE('',#4621,#4629,#4631,.T.);
#4629 = VERTEX_POINT('',#4630);
#4630 = CARTESIAN_POINT('',(85.889593,-55.515545,1.585));
#4631 = CIRCLE('',#4632,0.399953784497);
#4632 = AXIS2_PLACEMENT_3D('',#4633,#4634,#4635);
#4633 = CARTESIAN_POINT('',(86.071925461449,-55.87151958228,1.585));
#4634 = DIRECTION('',(0.,0.,-1.));
#4635 = DIRECTION('',(-0.932831431807,0.360313085848,0.));
#4636 = ORIENTED_EDGE('',*,*,#4637,.T.);
#4637 = EDGE_CURVE('',#4629,#4638,#4640,.T.);
#4638 = VERTEX_POINT('',#4639);
#4639 = CARTESIAN_POINT('',(85.991358,-55.474532,1.585));
#4640 = LINE('',#4641,#4642);
#4641 = CARTESIAN_POINT('',(85.889593,-55.515545,1.585));
#4642 = VECTOR('',#4643,1.);
#4643 = DIRECTION('',(0.927508707303,0.37380154879,0.));
#4644 = ORIENTED_EDGE('',*,*,#4645,.T.);
#4645 = EDGE_CURVE('',#4638,#4459,#4646,.T.);
#4646 = LINE('',#4647,#4648);
#4647 = CARTESIAN_POINT('',(85.991358,-55.474532,1.585));
#4648 = VECTOR('',#4649,1.);
#4649 = DIRECTION('',(0.978944896158,0.204124692986,0.));
#4650 = PLANE('',#4651);
#4651 = AXIS2_PLACEMENT_3D('',#4652,#4653,#4654);
#4652 = CARTESIAN_POINT('',(0.,0.,1.585));
#4653 = DIRECTION('',(0.,0.,1.));
#4654 = DIRECTION('',(1.,0.,-0.));
#4655 = SHELL_BASED_SURFACE_MODEL('',(#4656));
#4656 = OPEN_SHELL('',(#4657));
#4657 = ADVANCED_FACE('',(#4658),#4692,.T.);
#4658 = FACE_BOUND('',#4659,.F.);
#4659 = EDGE_LOOP('',(#4660,#4670,#4678,#4686));
#4660 = ORIENTED_EDGE('',*,*,#4661,.T.);
#4661 = EDGE_CURVE('',#4662,#4664,#4666,.T.);
#4662 = VERTEX_POINT('',#4663);
#4663 = CARTESIAN_POINT('',(89.043586,-57.776,1.585));
#4664 = VERTEX_POINT('',#4665);
#4665 = CARTESIAN_POINT('',(89.043586,-55.437521,1.585));
#4666 = LINE('',#4667,#4668);
#4667 = CARTESIAN_POINT('',(89.043586,-57.776,1.585));
#4668 = VECTOR('',#4669,1.);
#4669 = DIRECTION('',(0.,1.,0.));
#4670 = ORIENTED_EDGE('',*,*,#4671,.T.);
#4671 = EDGE_CURVE('',#4664,#4672,#4674,.T.);
#4672 = VERTEX_POINT('',#4673);
#4673 = CARTESIAN_POINT('',(89.581592,-55.437521,1.585));
#4674 = LINE('',#4675,#4676);
#4675 = CARTESIAN_POINT('',(89.043586,-55.437521,1.585));
#4676 = VECTOR('',#4677,1.);
#4677 = DIRECTION('',(1.,0.,0.));
#4678 = ORIENTED_EDGE('',*,*,#4679,.T.);
#4679 = EDGE_CURVE('',#4672,#4680,#4682,.T.);
#4680 = VERTEX_POINT('',#4681);
#4681 = CARTESIAN_POINT('',(89.581592,-57.776,1.585));
#4682 = LINE('',#4683,#4684);
#4683 = CARTESIAN_POINT('',(89.581592,-55.437521,1.585));
#4684 = VECTOR('',#4685,1.);
#4685 = DIRECTION('',(0.,-1.,0.));
#4686 = ORIENTED_EDGE('',*,*,#4687,.T.);
#4687 = EDGE_CURVE('',#4680,#4662,#4688,.T.);
#4688 = LINE('',#4689,#4690);
#4689 = CARTESIAN_POINT('',(89.581592,-57.776,1.585));
#4690 = VECTOR('',#4691,1.);
#4691 = DIRECTION('',(-1.,0.,0.));
#4692 = PLANE('',#4693);
#4693 = AXIS2_PLACEMENT_3D('',#4694,#4695,#4696);
#4694 = CARTESIAN_POINT('',(0.,0.,1.585));
#4695 = DIRECTION('',(0.,0.,1.));
#4696 = DIRECTION('',(1.,0.,-0.));
#4697 = SHELL_BASED_SURFACE_MODEL('',(#4698));
#4698 = OPEN_SHELL('',(#4699));
#4699 = ADVANCED_FACE('',(#4700),#4734,.T.);
#4700 = FACE_BOUND('',#4701,.F.);
#4701 = EDGE_LOOP('',(#4702,#4712,#4720,#4728));
#4702 = ORIENTED_EDGE('',*,*,#4703,.T.);
#4703 = EDGE_CURVE('',#4704,#4706,#4708,.T.);
#4704 = VERTEX_POINT('',#4705);
#4705 = CARTESIAN_POINT('',(84.534277,-55.875986,1.585));
#4706 = VERTEX_POINT('',#4707);
#4707 = CARTESIAN_POINT('',(84.534277,-55.437521,1.585));
#4708 = LINE('',#4709,#4710);
#4709 = CARTESIAN_POINT('',(84.534277,-55.875986,1.585));
#4710 = VECTOR('',#4711,1.);
#4711 = DIRECTION('',(0.,1.,0.));
#4712 = ORIENTED_EDGE('',*,*,#4713,.T.);
#4713 = EDGE_CURVE('',#4706,#4714,#4716,.T.);
#4714 = VERTEX_POINT('',#4715);
#4715 = CARTESIAN_POINT('',(85.072283,-55.437521,1.585));
#4716 = LINE('',#4717,#4718);
#4717 = CARTESIAN_POINT('',(84.534277,-55.437521,1.585));
#4718 = VECTOR('',#4719,1.);
#4719 = DIRECTION('',(1.,0.,0.));
#4720 = ORIENTED_EDGE('',*,*,#4721,.T.);
#4721 = EDGE_CURVE('',#4714,#4722,#4724,.T.);
#4722 = VERTEX_POINT('',#4723);
#4723 = CARTESIAN_POINT('',(85.072283,-55.875986,1.585));
#4724 = LINE('',#4725,#4726);
#4725 = CARTESIAN_POINT('',(85.072283,-55.437521,1.585));
#4726 = VECTOR('',#4727,1.);
#4727 = DIRECTION('',(0.,-1.,0.));
#4728 = ORIENTED_EDGE('',*,*,#4729,.T.);
#4729 = EDGE_CURVE('',#4722,#4704,#4730,.T.);
#4730 = LINE('',#4731,#4732);
#4731 = CARTESIAN_POINT('',(85.072283,-55.875986,1.585));
#4732 = VECTOR('',#4733,1.);
#4733 = DIRECTION('',(-1.,0.,0.));
#4734 = PLANE('',#4735);
#4735 = AXIS2_PLACEMENT_3D('',#4736,#4737,#4738);
#4736 = CARTESIAN_POINT('',(0.,0.,1.585));
#4737 = DIRECTION('',(0.,0.,1.));
#4738 = DIRECTION('',(1.,0.,-0.));
#4739 = ( GEOMETRIC_REPRESENTATION_CONTEXT(3) 
GLOBAL_UNCERTAINTY_ASSIGNED_CONTEXT((#4743)) 
GLOBAL_UNIT_ASSIGNED_CONTEXT((#4740,#4741,#4742)) REPRESENTATION_CONTEXT
('Context #1','3D Context with UNIT and UNCERTAINTY') );
#4740 = ( LENGTH_UNIT() NAMED_UNIT(*) SI_UNIT(.MILLI.,.METRE.) );
#4741 = ( NAMED_UNIT(*) PLANE_ANGLE_UNIT() SI_UNIT($,.RADIAN.) );
#4742 = ( NAMED_UNIT(*) SI_UNIT($,.STERADIAN.) SOLID_ANGLE_UNIT() );
#4743 = UNCERTAINTY_MEASURE_WITH_UNIT(LENGTH_MEASURE(1.E-07),#4740,
  'distance_accuracy_value','confusion accuracy');
#4744 = CONTEXT_DEPENDENT_SHAPE_REPRESENTATION(#4745,#4747);
#4745 = ( REPRESENTATION_RELATIONSHIP('','',#36,#10) 
REPRESENTATION_RELATIONSHIP_WITH_TRANSFORMATION(#4746) 
SHAPE_REPRESENTATION_RELATIONSHIP() );
#4746 = ITEM_DEFINED_TRANSFORMATION('','',#11,#15);
#4747 = PRODUCT_DEFINITION_SHAPE('Placement','Placement of an item',
  #4748);
#4748 = NEXT_ASSEMBLY_USAGE_OCCURRENCE('1','=>[0:1:1:2]','',#5,#31,$);
#4749 = PRODUCT_RELATED_PRODUCT_CATEGORY('part',$,(#33));
#4750 = SHAPE_DEFINITION_REPRESENTATION(#4751,#4757);
#4751 = PRODUCT_DEFINITION_SHAPE('','',#4752);
#4752 = PRODUCT_DEFINITION('design','',#4753,#4756);
#4753 = PRODUCT_DEFINITION_FORMATION('','',#4754);
#4754 = PRODUCT('backplane-backer_PCB','backplane-backer_PCB','',(#4755)
  );
#4755 = PRODUCT_CONTEXT('',#2,'mechanical');
#4756 = PRODUCT_DEFINITION_CONTEXT('part definition',#2,'design');
#4757 = ADVANCED_BREP_SHAPE_REPRESENTATION('',(#11,#4758),#5087);
#4758 = MANIFOLD_SOLID_BREP('',#4759);
#4759 = CLOSED_SHELL('',(#4760,#4800,#4831,#4862,#4884,#4917,#4959,#4990
    ,#5023,#5045,#5066));
#4760 = ADVANCED_FACE('',(#4761),#4795,.T.);
#4761 = FACE_BOUND('',#4762,.T.);
#4762 = EDGE_LOOP('',(#4763,#4773,#4781,#4789));
#4763 = ORIENTED_EDGE('',*,*,#4764,.T.);
#4764 = EDGE_CURVE('',#4765,#4767,#4769,.T.);
#4765 = VERTEX_POINT('',#4766);
#4766 = CARTESIAN_POINT('',(238.9,-83.7,0.));
#4767 = VERTEX_POINT('',#4768);
#4768 = CARTESIAN_POINT('',(238.9,-83.7,1.51));
#4769 = LINE('',#4770,#4771);
#4770 = CARTESIAN_POINT('',(238.9,-83.7,0.));
#4771 = VECTOR('',#4772,1.);
#4772 = DIRECTION('',(0.,0.,1.));
#4773 = ORIENTED_EDGE('',*,*,#4774,.T.);
#4774 = EDGE_CURVE('',#4767,#4775,#4777,.T.);
#4775 = VERTEX_POINT('',#4776);
#4776 = CARTESIAN_POINT('',(43.9,-83.7,1.51));
#4777 = LINE('',#4778,#4779);
#4778 = CARTESIAN_POINT('',(238.9,-83.7,1.51));
#4779 = VECTOR('',#4780,1.);
#4780 = DIRECTION('',(-1.,0.,0.));
#4781 = ORIENTED_EDGE('',*,*,#4782,.F.);
#4782 = EDGE_CURVE('',#4783,#4775,#4785,.T.);
#4783 = VERTEX_POINT('',#4784);
#4784 = CARTESIAN_POINT('',(43.9,-83.7,0.));
#4785 = LINE('',#4786,#4787);
#4786 = CARTESIAN_POINT('',(43.9,-83.7,0.));
#4787 = VECTOR('',#4788,1.);
#4788 = DIRECTION('',(0.,0.,1.));
#4789 = ORIENTED_EDGE('',*,*,#4790,.F.);
#4790 = EDGE_CURVE('',#4765,#4783,#4791,.T.);
#4791 = LINE('',#4792,#4793);
#4792 = CARTESIAN_POINT('',(238.9,-83.7,0.));
#4793 = VECTOR('',#4794,1.);
#4794 = DIRECTION('',(-1.,0.,0.));
#4795 = PLANE('',#4796);
#4796 = AXIS2_PLACEMENT_3D('',#4797,#4798,#4799);
#4797 = CARTESIAN_POINT('',(238.9,-83.7,0.));
#4798 = DIRECTION('',(0.,-1.,0.));
#4799 = DIRECTION('',(-1.,0.,0.));
#4800 = ADVANCED_FACE('',(#4801),#4826,.T.);
#4801 = FACE_BOUND('',#4802,.T.);
#4802 = EDGE_LOOP('',(#4803,#4804,#4812,#4820));
#4803 = ORIENTED_EDGE('',*,*,#4782,.T.);
#4804 = ORIENTED_EDGE('',*,*,#4805,.T.);
#4805 = EDGE_CURVE('',#4775,#4806,#4808,.T.);
#4806 = VERTEX_POINT('',#4807);
#4807 = CARTESIAN_POINT('',(43.9,-49.2,1.51));
#4808 = LINE('',#4809,#4810);
#4809 = CARTESIAN_POINT('',(43.9,-83.7,1.51));
#4810 = VECTOR('',#4811,1.);
#4811 = DIRECTION('',(0.,1.,0.));
#4812 = ORIENTED_EDGE('',*,*,#4813,.F.);
#4813 = EDGE_CURVE('',#4814,#4806,#4816,.T.);
#4814 = VERTEX_POINT('',#4815);
#4815 = CARTESIAN_POINT('',(43.9,-49.2,0.));
#4816 = LINE('',#4817,#4818);
#4817 = CARTESIAN_POINT('',(43.9,-49.2,0.));
#4818 = VECTOR('',#4819,1.);
#4819 = DIRECTION('',(0.,0.,1.));
#4820 = ORIENTED_EDGE('',*,*,#4821,.F.);
#4821 = EDGE_CURVE('',#4783,#4814,#4822,.T.);
#4822 = LINE('',#4823,#4824);
#4823 = CARTESIAN_POINT('',(43.9,-83.7,0.));
#4824 = VECTOR('',#4825,1.);
#4825 = DIRECTION('',(0.,1.,0.));
#4826 = PLANE('',#4827);
#4827 = AXIS2_PLACEMENT_3D('',#4828,#4829,#4830);
#4828 = CARTESIAN_POINT('',(43.9,-83.7,0.));
#4829 = DIRECTION('',(-1.,0.,0.));
#4830 = DIRECTION('',(0.,1.,0.));
#4831 = ADVANCED_FACE('',(#4832),#4857,.T.);
#4832 = FACE_BOUND('',#4833,.T.);
#4833 = EDGE_LOOP('',(#4834,#4835,#4843,#4851));
#4834 = ORIENTED_EDGE('',*,*,#4813,.T.);
#4835 = ORIENTED_EDGE('',*,*,#4836,.T.);
#4836 = EDGE_CURVE('',#4806,#4837,#4839,.T.);
#4837 = VERTEX_POINT('',#4838);
#4838 = CARTESIAN_POINT('',(238.9,-49.2,1.51));
#4839 = LINE('',#4840,#4841);
#4840 = CARTESIAN_POINT('',(43.9,-49.2,1.51));
#4841 = VECTOR('',#4842,1.);
#4842 = DIRECTION('',(1.,0.,0.));
#4843 = ORIENTED_EDGE('',*,*,#4844,.F.);
#4844 = EDGE_CURVE('',#4845,#4837,#4847,.T.);
#4845 = VERTEX_POINT('',#4846);
#4846 = CARTESIAN_POINT('',(238.9,-49.2,0.));
#4847 = LINE('',#4848,#4849);
#4848 = CARTESIAN_POINT('',(238.9,-49.2,0.));
#4849 = VECTOR('',#4850,1.);
#4850 = DIRECTION('',(0.,0.,1.));
#4851 = ORIENTED_EDGE('',*,*,#4852,.F.);
#4852 = EDGE_CURVE('',#4814,#4845,#4853,.T.);
#4853 = LINE('',#4854,#4855);
#4854 = CARTESIAN_POINT('',(43.9,-49.2,0.));
#4855 = VECTOR('',#4856,1.);
#4856 = DIRECTION('',(1.,0.,0.));
#4857 = PLANE('',#4858);
#4858 = AXIS2_PLACEMENT_3D('',#4859,#4860,#4861);
#4859 = CARTESIAN_POINT('',(43.9,-49.2,0.));
#4860 = DIRECTION('',(0.,1.,0.));
#4861 = DIRECTION('',(1.,0.,0.));
#4862 = ADVANCED_FACE('',(#4863),#4879,.T.);
#4863 = FACE_BOUND('',#4864,.T.);
#4864 = EDGE_LOOP('',(#4865,#4866,#4872,#4873));
#4865 = ORIENTED_EDGE('',*,*,#4844,.T.);
#4866 = ORIENTED_EDGE('',*,*,#4867,.T.);
#4867 = EDGE_CURVE('',#4837,#4767,#4868,.T.);
#4868 = LINE('',#4869,#4870);
#4869 = CARTESIAN_POINT('',(238.9,-49.2,1.51));
#4870 = VECTOR('',#4871,1.);
#4871 = DIRECTION('',(0.,-1.,0.));
#4872 = ORIENTED_EDGE('',*,*,#4764,.F.);
#4873 = ORIENTED_EDGE('',*,*,#4874,.F.);
#4874 = EDGE_CURVE('',#4845,#4765,#4875,.T.);
#4875 = LINE('',#4876,#4877);
#4876 = CARTESIAN_POINT('',(238.9,-49.2,0.));
#4877 = VECTOR('',#4878,1.);
#4878 = DIRECTION('',(0.,-1.,0.));
#4879 = PLANE('',#4880);
#4880 = AXIS2_PLACEMENT_3D('',#4881,#4882,#4883);
#4881 = CARTESIAN_POINT('',(238.9,-49.2,0.));
#4882 = DIRECTION('',(1.,0.,-0.));
#4883 = DIRECTION('',(0.,-1.,0.));
#4884 = ADVANCED_FACE('',(#4885),#4912,.F.);
#4885 = FACE_BOUND('',#4886,.T.);
#4886 = EDGE_LOOP('',(#4887,#4897,#4904,#4905));
#4887 = ORIENTED_EDGE('',*,*,#4888,.T.);
#4888 = EDGE_CURVE('',#4889,#4891,#4893,.T.);
#4889 = VERTEX_POINT('',#4890);
#4890 = CARTESIAN_POINT('',(228.5,-72.7,0.));
#4891 = VERTEX_POINT('',#4892);
#4892 = CARTESIAN_POINT('',(228.5,-72.7,1.51));
#4893 = LINE('',#4894,#4895);
#4894 = CARTESIAN_POINT('',(228.5,-72.7,0.));
#4895 = VECTOR('',#4896,1.);
#4896 = DIRECTION('',(0.,0.,1.));
#4897 = ORIENTED_EDGE('',*,*,#4898,.T.);
#4898 = EDGE_CURVE('',#4891,#4891,#4899,.T.);
#4899 = CIRCLE('',#4900,3.1);
#4900 = AXIS2_PLACEMENT_3D('',#4901,#4902,#4903);
#4901 = CARTESIAN_POINT('',(225.4,-72.7,1.51));
#4902 = DIRECTION('',(0.,0.,1.));
#4903 = DIRECTION('',(1.,0.,-0.));
#4904 = ORIENTED_EDGE('',*,*,#4888,.F.);
#4905 = ORIENTED_EDGE('',*,*,#4906,.F.);
#4906 = EDGE_CURVE('',#4889,#4889,#4907,.T.);
#4907 = CIRCLE('',#4908,3.1);
#4908 = AXIS2_PLACEMENT_3D('',#4909,#4910,#4911);
#4909 = CARTESIAN_POINT('',(225.4,-72.7,0.));
#4910 = DIRECTION('',(0.,0.,1.));
#4911 = DIRECTION('',(1.,0.,-0.));
#4912 = CYLINDRICAL_SURFACE('',#4913,3.1);
#4913 = AXIS2_PLACEMENT_3D('',#4914,#4915,#4916);
#4914 = CARTESIAN_POINT('',(225.4,-72.7,0.));
#4915 = DIRECTION('',(-0.,-0.,-1.));
#4916 = DIRECTION('',(1.,0.,-0.));
#4917 = ADVANCED_FACE('',(#4918),#4954,.F.);
#4918 = FACE_BOUND('',#4919,.T.);
#4919 = EDGE_LOOP('',(#4920,#4930,#4939,#4947));
#4920 = ORIENTED_EDGE('',*,*,#4921,.T.);
#4921 = EDGE_CURVE('',#4922,#4924,#4926,.T.);
#4922 = VERTEX_POINT('',#4923);
#4923 = CARTESIAN_POINT('',(75.1,-69.6,0.));
#4924 = VERTEX_POINT('',#4925);
#4925 = CARTESIAN_POINT('',(75.1,-69.6,1.51));
#4926 = LINE('',#4927,#4928);
#4927 = CARTESIAN_POINT('',(75.1,-69.6,0.));
#4928 = VECTOR('',#4929,1.);
#4929 = DIRECTION('',(0.,0.,1.));
#4930 = ORIENTED_EDGE('',*,*,#4931,.T.);
#4931 = EDGE_CURVE('',#4924,#4932,#4934,.T.);
#4932 = VERTEX_POINT('',#4933);
#4933 = CARTESIAN_POINT('',(75.1,-75.8,1.51));
#4934 = CIRCLE('',#4935,3.1);
#4935 = AXIS2_PLACEMENT_3D('',#4936,#4937,#4938);
#4936 = CARTESIAN_POINT('',(75.1,-72.7,1.51));
#4937 = DIRECTION('',(0.,-0.,1.));
#4938 = DIRECTION('',(0.,1.,0.));
#4939 = ORIENTED_EDGE('',*,*,#4940,.F.);
#4940 = EDGE_CURVE('',#4941,#4932,#4943,.T.);
#4941 = VERTEX_POINT('',#4942);
#4942 = CARTESIAN_POINT('',(75.1,-75.8,0.));
#4943 = LINE('',#4944,#4945);
#4944 = CARTESIAN_POINT('',(75.1,-75.8,0.));
#4945 = VECTOR('',#4946,1.);
#4946 = DIRECTION('',(0.,0.,1.));
#4947 = ORIENTED_EDGE('',*,*,#4948,.F.);
#4948 = EDGE_CURVE('',#4922,#4941,#4949,.T.);
#4949 = CIRCLE('',#4950,3.1);
#4950 = AXIS2_PLACEMENT_3D('',#4951,#4952,#4953);
#4951 = CARTESIAN_POINT('',(75.1,-72.7,0.));
#4952 = DIRECTION('',(0.,-0.,1.));
#4953 = DIRECTION('',(0.,1.,0.));
#4954 = CYLINDRICAL_SURFACE('',#4955,3.1);
#4955 = AXIS2_PLACEMENT_3D('',#4956,#4957,#4958);
#4956 = CARTESIAN_POINT('',(75.1,-72.7,0.));
#4957 = DIRECTION('',(-0.,0.,-1.));
#4958 = DIRECTION('',(0.,1.,0.));
#4959 = ADVANCED_FACE('',(#4960),#4985,.T.);
#4960 = FACE_BOUND('',#4961,.T.);
#4961 = EDGE_LOOP('',(#4962,#4963,#4971,#4979));
#4962 = ORIENTED_EDGE('',*,*,#4940,.T.);
#4963 = ORIENTED_EDGE('',*,*,#4964,.T.);
#4964 = EDGE_CURVE('',#4932,#4965,#4967,.T.);
#4965 = VERTEX_POINT('',#4966);
#4966 = CARTESIAN_POINT('',(75.7,-75.8,1.51));
#4967 = LINE('',#4968,#4969);
#4968 = CARTESIAN_POINT('',(75.1,-75.8,1.51));
#4969 = VECTOR('',#4970,1.);
#4970 = DIRECTION('',(1.,0.,0.));
#4971 = ORIENTED_EDGE('',*,*,#4972,.F.);
#4972 = EDGE_CURVE('',#4973,#4965,#4975,.T.);
#4973 = VERTEX_POINT('',#4974);
#4974 = CARTESIAN_POINT('',(75.7,-75.8,0.));
#4975 = LINE('',#4976,#4977);
#4976 = CARTESIAN_POINT('',(75.7,-75.8,0.));
#4977 = VECTOR('',#4978,1.);
#4978 = DIRECTION('',(0.,0.,1.));
#4979 = ORIENTED_EDGE('',*,*,#4980,.F.);
#4980 = EDGE_CURVE('',#4941,#4973,#4981,.T.);
#4981 = LINE('',#4982,#4983);
#4982 = CARTESIAN_POINT('',(75.1,-75.8,0.));
#4983 = VECTOR('',#4984,1.);
#4984 = DIRECTION('',(1.,0.,0.));
#4985 = PLANE('',#4986);
#4986 = AXIS2_PLACEMENT_3D('',#4987,#4988,#4989);
#4987 = CARTESIAN_POINT('',(75.1,-75.8,0.));
#4988 = DIRECTION('',(0.,1.,0.));
#4989 = DIRECTION('',(1.,0.,0.));
#4990 = ADVANCED_FACE('',(#4991),#5018,.F.);
#4991 = FACE_BOUND('',#4992,.T.);
#4992 = EDGE_LOOP('',(#4993,#4994,#5003,#5011));
#4993 = ORIENTED_EDGE('',*,*,#4972,.T.);
#4994 = ORIENTED_EDGE('',*,*,#4995,.T.);
#4995 = EDGE_CURVE('',#4965,#4996,#4998,.T.);
#4996 = VERTEX_POINT('',#4997);
#4997 = CARTESIAN_POINT('',(75.7,-69.6,1.51));
#4998 = CIRCLE('',#4999,3.1);
#4999 = AXIS2_PLACEMENT_3D('',#5000,#5001,#5002);
#5000 = CARTESIAN_POINT('',(75.7,-72.7,1.51));
#5001 = DIRECTION('',(0.,0.,1.));
#5002 = DIRECTION('',(-0.,-1.,0.));
#5003 = ORIENTED_EDGE('',*,*,#5004,.F.);
#5004 = EDGE_CURVE('',#5005,#4996,#5007,.T.);
#5005 = VERTEX_POINT('',#5006);
#5006 = CARTESIAN_POINT('',(75.7,-69.6,0.));
#5007 = LINE('',#5008,#5009);
#5008 = CARTESIAN_POINT('',(75.7,-69.6,0.));
#5009 = VECTOR('',#5010,1.);
#5010 = DIRECTION('',(0.,0.,1.));
#5011 = ORIENTED_EDGE('',*,*,#5012,.F.);
#5012 = EDGE_CURVE('',#4973,#5005,#5013,.T.);
#5013 = CIRCLE('',#5014,3.1);
#5014 = AXIS2_PLACEMENT_3D('',#5015,#5016,#5017);
#5015 = CARTESIAN_POINT('',(75.7,-72.7,0.));
#5016 = DIRECTION('',(0.,0.,1.));
#5017 = DIRECTION('',(-0.,-1.,0.));
#5018 = CYLINDRICAL_SURFACE('',#5019,3.1);
#5019 = AXIS2_PLACEMENT_3D('',#5020,#5021,#5022);
#5020 = CARTESIAN_POINT('',(75.7,-72.7,0.));
#5021 = DIRECTION('',(-0.,-0.,-1.));
#5022 = DIRECTION('',(-0.,-1.,0.));
#5023 = ADVANCED_FACE('',(#5024),#5040,.T.);
#5024 = FACE_BOUND('',#5025,.T.);
#5025 = EDGE_LOOP('',(#5026,#5027,#5033,#5034));
#5026 = ORIENTED_EDGE('',*,*,#5004,.T.);
#5027 = ORIENTED_EDGE('',*,*,#5028,.T.);
#5028 = EDGE_CURVE('',#4996,#4924,#5029,.T.);
#5029 = LINE('',#5030,#5031);
#5030 = CARTESIAN_POINT('',(75.7,-69.6,1.51));
#5031 = VECTOR('',#5032,1.);
#5032 = DIRECTION('',(-1.,0.,0.));
#5033 = ORIENTED_EDGE('',*,*,#4921,.F.);
#5034 = ORIENTED_EDGE('',*,*,#5035,.F.);
#5035 = EDGE_CURVE('',#5005,#4922,#5036,.T.);
#5036 = LINE('',#5037,#5038);
#5037 = CARTESIAN_POINT('',(75.7,-69.6,0.));
#5038 = VECTOR('',#5039,1.);
#5039 = DIRECTION('',(-1.,0.,0.));
#5040 = PLANE('',#5041);
#5041 = AXIS2_PLACEMENT_3D('',#5042,#5043,#5044);
#5042 = CARTESIAN_POINT('',(75.7,-69.6,0.));
#5043 = DIRECTION('',(0.,-1.,0.));
#5044 = DIRECTION('',(-1.,0.,0.));
#5045 = ADVANCED_FACE('',(#5046,#5052,#5055),#5061,.F.);
#5046 = FACE_BOUND('',#5047,.T.);
#5047 = EDGE_LOOP('',(#5048,#5049,#5050,#5051));
#5048 = ORIENTED_EDGE('',*,*,#4790,.T.);
#5049 = ORIENTED_EDGE('',*,*,#4821,.T.);
#5050 = ORIENTED_EDGE('',*,*,#4852,.T.);
#5051 = ORIENTED_EDGE('',*,*,#4874,.T.);
#5052 = FACE_BOUND('',#5053,.T.);
#5053 = EDGE_LOOP('',(#5054));
#5054 = ORIENTED_EDGE('',*,*,#4906,.T.);
#5055 = FACE_BOUND('',#5056,.T.);
#5056 = EDGE_LOOP('',(#5057,#5058,#5059,#5060));
#5057 = ORIENTED_EDGE('',*,*,#4948,.T.);
#5058 = ORIENTED_EDGE('',*,*,#4980,.T.);
#5059 = ORIENTED_EDGE('',*,*,#5012,.T.);
#5060 = ORIENTED_EDGE('',*,*,#5035,.T.);
#5061 = PLANE('',#5062);
#5062 = AXIS2_PLACEMENT_3D('',#5063,#5064,#5065);
#5063 = CARTESIAN_POINT('',(0.,0.,0.));
#5064 = DIRECTION('',(0.,0.,1.));
#5065 = DIRECTION('',(1.,0.,-0.));
#5066 = ADVANCED_FACE('',(#5067,#5073,#5076),#5082,.T.);
#5067 = FACE_BOUND('',#5068,.F.);
#5068 = EDGE_LOOP('',(#5069,#5070,#5071,#5072));
#5069 = ORIENTED_EDGE('',*,*,#4774,.T.);
#5070 = ORIENTED_EDGE('',*,*,#4805,.T.);
#5071 = ORIENTED_EDGE('',*,*,#4836,.T.);
#5072 = ORIENTED_EDGE('',*,*,#4867,.T.);
#5073 = FACE_BOUND('',#5074,.F.);
#5074 = EDGE_LOOP('',(#5075));
#5075 = ORIENTED_EDGE('',*,*,#4898,.T.);
#5076 = FACE_BOUND('',#5077,.F.);
#5077 = EDGE_LOOP('',(#5078,#5079,#5080,#5081));
#5078 = ORIENTED_EDGE('',*,*,#4931,.T.);
#5079 = ORIENTED_EDGE('',*,*,#4964,.T.);
#5080 = ORIENTED_EDGE('',*,*,#4995,.T.);
#5081 = ORIENTED_EDGE('',*,*,#5028,.T.);
#5082 = PLANE('',#5083);
#5083 = AXIS2_PLACEMENT_3D('',#5084,#5085,#5086);
#5084 = CARTESIAN_POINT('',(0.,0.,1.51));
#5085 = DIRECTION('',(0.,0.,1.));
#5086 = DIRECTION('',(1.,0.,-0.));
#5087 = ( GEOMETRIC_REPRESENTATION_CONTEXT(3) 
GLOBAL_UNCERTAINTY_ASSIGNED_CONTEXT((#5091)) 
GLOBAL_UNIT_ASSIGNED_CONTEXT((#5088,#5089,#5090)) REPRESENTATION_CONTEXT
('Context #1','3D Context with UNIT and UNCERTAINTY') );
#5088 = ( LENGTH_UNIT() NAMED_UNIT(*) SI_UNIT(.MILLI.,.METRE.) );
#5089 = ( NAMED_UNIT(*) PLANE_ANGLE_UNIT() SI_UNIT($,.RADIAN.) );
#5090 = ( NAMED_UNIT(*) SI_UNIT($,.STERADIAN.) SOLID_ANGLE_UNIT() );
#5091 = UNCERTAINTY_MEASURE_WITH_UNIT(LENGTH_MEASURE(1.E-07),#5088,
  'distance_accuracy_value','confusion accuracy');
#5092 = CONTEXT_DEPENDENT_SHAPE_REPRESENTATION(#5093,#5095);
#5093 = ( REPRESENTATION_RELATIONSHIP('','',#4757,#10) 
REPRESENTATION_RELATIONSHIP_WITH_TRANSFORMATION(#5094) 
SHAPE_REPRESENTATION_RELATIONSHIP() );
#5094 = ITEM_DEFINED_TRANSFORMATION('','',#11,#19);
#5095 = PRODUCT_DEFINITION_SHAPE('Placement','Placement of an item',
  #5096);
#5096 = NEXT_ASSEMBLY_USAGE_OCCURRENCE('2','=>[0:1:1:3]','',#5,#4752,$);
#5097 = PRODUCT_RELATED_PRODUCT_CATEGORY('part',$,(#4754));
#5098 = MECHANICAL_DESIGN_GEOMETRIC_PRESENTATION_REPRESENTATION('',(
    #5099,#5109,#5118,#5127,#5136,#5145,#5154,#5163,#5172,#5181,#5190,
    #5199,#5208,#5217,#5226,#5235,#5244,#5253,#5262,#5271),#4739);
#5099 = STYLED_ITEM('color',(#5100),#39);
#5100 = PRESENTATION_STYLE_ASSIGNMENT((#5101));
#5101 = SURFACE_STYLE_USAGE(.BOTH.,#5102);
#5102 = SURFACE_SIDE_STYLE('',(#5103,#5107));
#5103 = SURFACE_STYLE_FILL_AREA(#5104);
#5104 = FILL_AREA_STYLE('',(#5105));
#5105 = FILL_AREA_STYLE_COLOUR('',#5106);
#5106 = DRAUGHTING_PRE_DEFINED_COLOUR('white');
#5107 = SURFACE_STYLE_RENDERING_WITH_PROPERTIES(.NORMAL_SHADING.,#5106,(
    #5108));
#5108 = SURFACE_STYLE_TRANSPARENT(0.100000023842);
#5109 = STYLED_ITEM('color',(#5110),#489);
#5110 = PRESENTATION_STYLE_ASSIGNMENT((#5111));
#5111 = SURFACE_STYLE_USAGE(.BOTH.,#5112);
#5112 = SURFACE_SIDE_STYLE('',(#5113,#5116));
#5113 = SURFACE_STYLE_FILL_AREA(#5114);
#5114 = FILL_AREA_STYLE('',(#5115));
#5115 = FILL_AREA_STYLE_COLOUR('',#5106);
#5116 = SURFACE_STYLE_RENDERING_WITH_PROPERTIES(.NORMAL_SHADING.,#5106,(
    #5117));
#5117 = SURFACE_STYLE_TRANSPARENT(0.100000023842);
#5118 = STYLED_ITEM('color',(#5119),#955);
#5119 = PRESENTATION_STYLE_ASSIGNMENT((#5120));
#5120 = SURFACE_STYLE_USAGE(.BOTH.,#5121);
#5121 = SURFACE_SIDE_STYLE('',(#5122,#5125));
#5122 = SURFACE_STYLE_FILL_AREA(#5123);
#5123 = FILL_AREA_STYLE('',(#5124));
#5124 = FILL_AREA_STYLE_COLOUR('',#5106);
#5125 = SURFACE_STYLE_RENDERING_WITH_PROPERTIES(.NORMAL_SHADING.,#5106,(
    #5126));
#5126 = SURFACE_STYLE_TRANSPARENT(0.100000023842);
#5127 = STYLED_ITEM('color',(#5128),#1021);
#5128 = PRESENTATION_STYLE_ASSIGNMENT((#5129));
#5129 = SURFACE_STYLE_USAGE(.BOTH.,#5130);
#5130 = SURFACE_SIDE_STYLE('',(#5131,#5134));
#5131 = SURFACE_STYLE_FILL_AREA(#5132);
#5132 = FILL_AREA_STYLE('',(#5133));
#5133 = FILL_AREA_STYLE_COLOUR('',#5106);
#5134 = SURFACE_STYLE_RENDERING_WITH_PROPERTIES(.NORMAL_SHADING.,#5106,(
    #5135));
#5135 = SURFACE_STYLE_TRANSPARENT(0.100000023842);
#5136 = STYLED_ITEM('color',(#5137),#1063);
#5137 = PRESENTATION_STYLE_ASSIGNMENT((#5138));
#5138 = SURFACE_STYLE_USAGE(.BOTH.,#5139);
#5139 = SURFACE_SIDE_STYLE('',(#5140,#5143));
#5140 = SURFACE_STYLE_FILL_AREA(#5141);
#5141 = FILL_AREA_STYLE('',(#5142));
#5142 = FILL_AREA_STYLE_COLOUR('',#5106);
#5143 = SURFACE_STYLE_RENDERING_WITH_PROPERTIES(.NORMAL_SHADING.,#5106,(
    #5144));
#5144 = SURFACE_STYLE_TRANSPARENT(0.100000023842);
#5145 = STYLED_ITEM('color',(#5146),#1161);
#5146 = PRESENTATION_STYLE_ASSIGNMENT((#5147));
#5147 = SURFACE_STYLE_USAGE(.BOTH.,#5148);
#5148 = SURFACE_SIDE_STYLE('',(#5149,#5152));
#5149 = SURFACE_STYLE_FILL_AREA(#5150);
#5150 = FILL_AREA_STYLE('',(#5151));
#5151 = FILL_AREA_STYLE_COLOUR('',#5106);
#5152 = SURFACE_STYLE_RENDERING_WITH_PROPERTIES(.NORMAL_SHADING.,#5106,(
    #5153));
#5153 = SURFACE_STYLE_TRANSPARENT(0.100000023842);
#5154 = STYLED_ITEM('color',(#5155),#1203);
#5155 = PRESENTATION_STYLE_ASSIGNMENT((#5156));
#5156 = SURFACE_STYLE_USAGE(.BOTH.,#5157);
#5157 = SURFACE_SIDE_STYLE('',(#5158,#5161));
#5158 = SURFACE_STYLE_FILL_AREA(#5159);
#5159 = FILL_AREA_STYLE('',(#5160));
#5160 = FILL_AREA_STYLE_COLOUR('',#5106);
#5161 = SURFACE_STYLE_RENDERING_WITH_PROPERTIES(.NORMAL_SHADING.,#5106,(
    #5162));
#5162 = SURFACE_STYLE_TRANSPARENT(0.100000023842);
#5163 = STYLED_ITEM('color',(#5164),#1667);
#5164 = PRESENTATION_STYLE_ASSIGNMENT((#5165));
#5165 = SURFACE_STYLE_USAGE(.BOTH.,#5166);
#5166 = SURFACE_SIDE_STYLE('',(#5167,#5170));
#5167 = SURFACE_STYLE_FILL_AREA(#5168);
#5168 = FILL_AREA_STYLE('',(#5169));
#5169 = FILL_AREA_STYLE_COLOUR('',#5106);
#5170 = SURFACE_STYLE_RENDERING_WITH_PROPERTIES(.NORMAL_SHADING.,#5106,(
    #5171));
#5171 = SURFACE_STYLE_TRANSPARENT(0.100000023842);
#5172 = STYLED_ITEM('color',(#5173),#2061);
#5173 = PRESENTATION_STYLE_ASSIGNMENT((#5174));
#5174 = SURFACE_STYLE_USAGE(.BOTH.,#5175);
#5175 = SURFACE_SIDE_STYLE('',(#5176,#5179));
#5176 = SURFACE_STYLE_FILL_AREA(#5177);
#5177 = FILL_AREA_STYLE('',(#5178));
#5178 = FILL_AREA_STYLE_COLOUR('',#5106);
#5179 = SURFACE_STYLE_RENDERING_WITH_PROPERTIES(.NORMAL_SHADING.,#5106,(
    #5180));
#5180 = SURFACE_STYLE_TRANSPARENT(0.100000023842);
#5181 = STYLED_ITEM('color',(#5182),#2573);
#5182 = PRESENTATION_STYLE_ASSIGNMENT((#5183));
#5183 = SURFACE_STYLE_USAGE(.BOTH.,#5184);
#5184 = SURFACE_SIDE_STYLE('',(#5185,#5188));
#5185 = SURFACE_STYLE_FILL_AREA(#5186);
#5186 = FILL_AREA_STYLE('',(#5187));
#5187 = FILL_AREA_STYLE_COLOUR('',#5106);
#5188 = SURFACE_STYLE_RENDERING_WITH_PROPERTIES(.NORMAL_SHADING.,#5106,(
    #5189));
#5189 = SURFACE_STYLE_TRANSPARENT(0.100000023842);
#5190 = STYLED_ITEM('color',(#5191),#3037);
#5191 = PRESENTATION_STYLE_ASSIGNMENT((#5192));
#5192 = SURFACE_STYLE_USAGE(.BOTH.,#5193);
#5193 = SURFACE_SIDE_STYLE('',(#5194,#5197));
#5194 = SURFACE_STYLE_FILL_AREA(#5195);
#5195 = FILL_AREA_STYLE('',(#5196));
#5196 = FILL_AREA_STYLE_COLOUR('',#5106);
#5197 = SURFACE_STYLE_RENDERING_WITH_PROPERTIES(.NORMAL_SHADING.,#5106,(
    #5198));
#5198 = SURFACE_STYLE_TRANSPARENT(0.100000023842);
#5199 = STYLED_ITEM('color',(#5200),#3490);
#5200 = PRESENTATION_STYLE_ASSIGNMENT((#5201));
#5201 = SURFACE_STYLE_USAGE(.BOTH.,#5202);
#5202 = SURFACE_SIDE_STYLE('',(#5203,#5206));
#5203 = SURFACE_STYLE_FILL_AREA(#5204);
#5204 = FILL_AREA_STYLE('',(#5205));
#5205 = FILL_AREA_STYLE_COLOUR('',#5106);
#5206 = SURFACE_STYLE_RENDERING_WITH_PROPERTIES(.NORMAL_SHADING.,#5106,(
    #5207));
#5207 = SURFACE_STYLE_TRANSPARENT(0.100000023842);
#5208 = STYLED_ITEM('color',(#5209),#3760);
#5209 = PRESENTATION_STYLE_ASSIGNMENT((#5210));
#5210 = SURFACE_STYLE_USAGE(.BOTH.,#5211);
#5211 = SURFACE_SIDE_STYLE('',(#5212,#5215));
#5212 = SURFACE_STYLE_FILL_AREA(#5213);
#5213 = FILL_AREA_STYLE('',(#5214));
#5214 = FILL_AREA_STYLE_COLOUR('',#5106);
#5215 = SURFACE_STYLE_RENDERING_WITH_PROPERTIES(.NORMAL_SHADING.,#5106,(
    #5216));
#5216 = SURFACE_STYLE_TRANSPARENT(0.100000023842);
#5217 = STYLED_ITEM('color',(#5218),#3874);
#5218 = PRESENTATION_STYLE_ASSIGNMENT((#5219));
#5219 = SURFACE_STYLE_USAGE(.BOTH.,#5220);
#5220 = SURFACE_SIDE_STYLE('',(#5221,#5224));
#5221 = SURFACE_STYLE_FILL_AREA(#5222);
#5222 = FILL_AREA_STYLE('',(#5223));
#5223 = FILL_AREA_STYLE_COLOUR('',#5106);
#5224 = SURFACE_STYLE_RENDERING_WITH_PROPERTIES(.NORMAL_SHADING.,#5106,(
    #5225));
#5225 = SURFACE_STYLE_TRANSPARENT(0.100000023842);
#5226 = STYLED_ITEM('color',(#5227),#4046);
#5227 = PRESENTATION_STYLE_ASSIGNMENT((#5228));
#5228 = SURFACE_STYLE_USAGE(.BOTH.,#5229);
#5229 = SURFACE_SIDE_STYLE('',(#5230,#5233));
#5230 = SURFACE_STYLE_FILL_AREA(#5231);
#5231 = FILL_AREA_STYLE('',(#5232));
#5232 = FILL_AREA_STYLE_COLOUR('',#5106);
#5233 = SURFACE_STYLE_RENDERING_WITH_PROPERTIES(.NORMAL_SHADING.,#5106,(
    #5234));
#5234 = SURFACE_STYLE_TRANSPARENT(0.100000023842);
#5235 = STYLED_ITEM('color',(#5236),#4160);
#5236 = PRESENTATION_STYLE_ASSIGNMENT((#5237));
#5237 = SURFACE_STYLE_USAGE(.BOTH.,#5238);
#5238 = SURFACE_SIDE_STYLE('',(#5239,#5242));
#5239 = SURFACE_STYLE_FILL_AREA(#5240);
#5240 = FILL_AREA_STYLE('',(#5241));
#5241 = FILL_AREA_STYLE_COLOUR('',#5106);
#5242 = SURFACE_STYLE_RENDERING_WITH_PROPERTIES(.NORMAL_SHADING.,#5106,(
    #5243));
#5243 = SURFACE_STYLE_TRANSPARENT(0.100000023842);
#5244 = STYLED_ITEM('color',(#5245),#4412);
#5245 = PRESENTATION_STYLE_ASSIGNMENT((#5246));
#5246 = SURFACE_STYLE_USAGE(.BOTH.,#5247);
#5247 = SURFACE_SIDE_STYLE('',(#5248,#5251));
#5248 = SURFACE_STYLE_FILL_AREA(#5249);
#5249 = FILL_AREA_STYLE('',(#5250));
#5250 = FILL_AREA_STYLE_COLOUR('',#5106);
#5251 = SURFACE_STYLE_RENDERING_WITH_PROPERTIES(.NORMAL_SHADING.,#5106,(
    #5252));
#5252 = SURFACE_STYLE_TRANSPARENT(0.100000023842);
#5253 = STYLED_ITEM('color',(#5254),#4454);
#5254 = PRESENTATION_STYLE_ASSIGNMENT((#5255));
#5255 = SURFACE_STYLE_USAGE(.BOTH.,#5256);
#5256 = SURFACE_SIDE_STYLE('',(#5257,#5260));
#5257 = SURFACE_STYLE_FILL_AREA(#5258);
#5258 = FILL_AREA_STYLE('',(#5259));
#5259 = FILL_AREA_STYLE_COLOUR('',#5106);
#5260 = SURFACE_STYLE_RENDERING_WITH_PROPERTIES(.NORMAL_SHADING.,#5106,(
    #5261));
#5261 = SURFACE_STYLE_TRANSPARENT(0.100000023842);
#5262 = STYLED_ITEM('color',(#5263),#4657);
#5263 = PRESENTATION_STYLE_ASSIGNMENT((#5264));
#5264 = SURFACE_STYLE_USAGE(.BOTH.,#5265);
#5265 = SURFACE_SIDE_STYLE('',(#5266,#5269));
#5266 = SURFACE_STYLE_FILL_AREA(#5267);
#5267 = FILL_AREA_STYLE('',(#5268));
#5268 = FILL_AREA_STYLE_COLOUR('',#5106);
#5269 = SURFACE_STYLE_RENDERING_WITH_PROPERTIES(.NORMAL_SHADING.,#5106,(
    #5270));
#5270 = SURFACE_STYLE_TRANSPARENT(0.100000023842);
#5271 = STYLED_ITEM('color',(#5272),#4699);
#5272 = PRESENTATION_STYLE_ASSIGNMENT((#5273));
#5273 = SURFACE_STYLE_USAGE(.BOTH.,#5274);
#5274 = SURFACE_SIDE_STYLE('',(#5275,#5278));
#5275 = SURFACE_STYLE_FILL_AREA(#5276);
#5276 = FILL_AREA_STYLE('',(#5277));
#5277 = FILL_AREA_STYLE_COLOUR('',#5106);
#5278 = SURFACE_STYLE_RENDERING_WITH_PROPERTIES(.NORMAL_SHADING.,#5106,(
    #5279));
#5279 = SURFACE_STYLE_TRANSPARENT(0.100000023842);
#5280 = MECHANICAL_DESIGN_GEOMETRIC_PRESENTATION_REPRESENTATION('',(
    #5281),#5087);
#5281 = STYLED_ITEM('color',(#5282),#4758);
#5282 = PRESENTATION_STYLE_ASSIGNMENT((#5283));
#5283 = SURFACE_STYLE_USAGE(.BOTH.,#5284);
#5284 = SURFACE_SIDE_STYLE('',(#5285));
#5285 = SURFACE_STYLE_FILL_AREA(#5286);
#5286 = FILL_AREA_STYLE('',(#5287));
#5287 = FILL_AREA_STYLE_COLOUR('',#5288);
#5288 = COLOUR_RGB('',0.313304153717,0.484529207832,0.410020903123);
ENDSEC;
END-ISO-10303-21;
