ISO-10303-21;
HEADER;
FILE_DESCRIPTION(('KiCad electronic assembly'),'2;1');
FILE_NAME('left-side-plate.step','2026-09-29T13:05:59',('Pcbnew'),(
    'Kicad'),'Open CASCADE STEP processor 7.8','KiCad to STEP converter'
  ,'Unknown');
FILE_SCHEMA(('AUTOMOTIVE_DESIGN { 1 0 10303 214 1 1 1 1 }'));
ENDSEC;
DATA;
#1 = APPLICATION_PROTOCOL_DEFINITION('international standard',
  'automotive_design',2000,#2);
#2 = APPLICATION_CONTEXT(
  'core data for automotive mechanical design processes');
#3 = SHAPE_DEFINITION_REPRESENTATION(#4,#10);
#4 = PRODUCT_DEFINITION_SHAPE('','',#5);
#5 = PRODUCT_DEFINITION('design','',#6,#9);
#6 = PRODUCT_DEFINITION_FORMATION('','',#7);
#7 = PRODUCT('left-side-plate 1','left-side-plate 1','',(#8));
#8 = PRODUCT_CONTEXT('',#2,'mechanical');
#9 = PRODUCT_DEFINITION_CONTEXT('part definition',#2,'design');
#10 = SHAPE_REPRESENTATION('',(#11,#15,#19),#23);
#11 = AXIS2_PLACEMENT_3D('',#12,#13,#14);
#12 = CARTESIAN_POINT('',(0.,0.,0.));
#13 = DIRECTION('',(0.,0.,1.));
#14 = DIRECTION('',(1.,0.,-0.));
#15 = AXIS2_PLACEMENT_3D('',#16,#17,#18);
#16 = CARTESIAN_POINT('',(0.,0.,0.));
#17 = DIRECTION('',(0.,0.,1.));
#18 = DIRECTION('',(1.,0.,-0.));
#19 = AXIS2_PLACEMENT_3D('',#20,#21,#22);
#20 = CARTESIAN_POINT('',(0.,0.,0.));
#21 = DIRECTION('',(0.,0.,1.));
#22 = DIRECTION('',(1.,0.,-0.));
#23 = ( GEOMETRIC_REPRESENTATION_CONTEXT(3) 
GLOBAL_UNCERTAINTY_ASSIGNED_CONTEXT((#27)) GLOBAL_UNIT_ASSIGNED_CONTEXT(
(#24,#25,#26)) REPRESENTATION_CONTEXT('Context #1',
  '3D Context with UNIT and UNCERTAINTY') );
#24 = ( LENGTH_UNIT() NAMED_UNIT(*) SI_UNIT(.MILLI.,.METRE.) );
#25 = ( NAMED_UNIT(*) PLANE_ANGLE_UNIT() SI_UNIT($,.RADIAN.) );
#26 = ( NAMED_UNIT(*) SI_UNIT($,.STERADIAN.) SOLID_ANGLE_UNIT() );
#27 = UNCERTAINTY_MEASURE_WITH_UNIT(LENGTH_MEASURE(1.E-07),#24,
  'distance_accuracy_value','confusion accuracy');
#28 = PRODUCT_RELATED_PRODUCT_CATEGORY('part',$,(#7));
#29 = SHAPE_DEFINITION_REPRESENTATION(#30,#36);
#30 = PRODUCT_DEFINITION_SHAPE('','',#31);
#31 = PRODUCT_DEFINITION('design','',#32,#35);
#32 = PRODUCT_DEFINITION_FORMATION('','',#33);
#33 = PRODUCT('left-side-plate_silkscreen','left-side-plate_silkscreen',
  '',(#34));
#34 = PRODUCT_CONTEXT('',#2,'mechanical');
#35 = PRODUCT_DEFINITION_CONTEXT('part definition',#2,'design');
#36 = SHAPE_REPRESENTATION('',(#11,#37,#869,#1333,#1845,#2232,#2696,
    #2738,#2941,#2983,#3243,#3357,#3536,#3650,#3920,#4370,#4412,#4510,
    #4552),#4594);
#37 = SHELL_BASED_SURFACE_MODEL('',(#38));
#38 = OPEN_SHELL('',(#39));
#39 = ADVANCED_FACE('',(#40,#472,#700,#814),#864,.T.);
#40 = FACE_BOUND('',#41,.T.);
#41 = EDGE_LOOP('',(#42,#52,#60,#68,#76,#84,#93,#101,#109,#117,#125,#133
    ,#141,#149,#157,#165,#173,#181,#189,#197,#205,#213,#221,#230,#238,
    #246,#254,#262,#270,#278,#286,#294,#303,#311,#319,#327,#335,#343,
    #352,#360,#368,#376,#384,#392,#400,#408,#416,#424,#433,#441,#449,
    #458,#466));
#42 = ORIENTED_EDGE('',*,*,#43,.T.);
#43 = EDGE_CURVE('',#44,#46,#48,.T.);
#44 = VERTEX_POINT('',#45);
#45 = CARTESIAN_POINT('',(86.214799,-46.722593,-0.11));
#46 = VERTEX_POINT('',#47);
#47 = CARTESIAN_POINT('',(86.214799,-45.587521,-0.11));
#48 = LINE('',#49,#50);
#49 = CARTESIAN_POINT('',(86.214799,-46.722593,-0.11));
#50 = VECTOR('',#51,1.);
#51 = DIRECTION('',(0.,1.,0.));
#52 = ORIENTED_EDGE('',*,*,#53,.T.);
#53 = EDGE_CURVE('',#46,#54,#56,.T.);
#54 = VERTEX_POINT('',#55);
#55 = CARTESIAN_POINT('',(86.755894,-45.587521,-0.11));
#56 = LINE('',#57,#58);
#57 = CARTESIAN_POINT('',(86.214799,-45.587521,-0.11));
#58 = VECTOR('',#59,1.);
#59 = DIRECTION('',(1.,0.,0.));
#60 = ORIENTED_EDGE('',*,*,#61,.T.);
#61 = EDGE_CURVE('',#54,#62,#64,.T.);
#62 = VERTEX_POINT('',#63);
#63 = CARTESIAN_POINT('',(86.755894,-46.481645,-0.11));
#64 = LINE('',#65,#66);
#65 = CARTESIAN_POINT('',(86.755894,-45.587521,-0.11));
#66 = VECTOR('',#67,1.);
#67 = DIRECTION('',(0.,-1.,0.));
#68 = ORIENTED_EDGE('',*,*,#69,.T.);
#69 = EDGE_CURVE('',#62,#70,#72,.T.);
#70 = VERTEX_POINT('',#71);
#71 = CARTESIAN_POINT('',(86.835338,-46.390352,-0.11));
#72 = LINE('',#73,#74);
#73 = CARTESIAN_POINT('',(86.755894,-46.481645,-0.11));
#74 = VECTOR('',#75,1.);
#75 = DIRECTION('',(0.656455258534,0.754364960442,0.));
#76 = ORIENTED_EDGE('',*,*,#77,.T.);
#77 = EDGE_CURVE('',#70,#78,#80,.T.);
#78 = VERTEX_POINT('',#79);
#79 = CARTESIAN_POINT('',(86.917096,-46.319612,-0.11));
#80 = LINE('',#81,#82);
#81 = CARTESIAN_POINT('',(86.835338,-46.390352,-0.11));
#82 = VECTOR('',#83,1.);
#83 = DIRECTION('',(0.756224130063,0.654312666169,0.));
#84 = ORIENTED_EDGE('',*,*,#85,.T.);
#85 = EDGE_CURVE('',#78,#86,#88,.T.);
#86 = VERTEX_POINT('',#87);
#87 = CARTESIAN_POINT('',(87.195852,-46.206005,-0.11));
#88 = CIRCLE('',#89,0.601417970969);
#89 = AXIS2_PLACEMENT_3D('',#90,#91,#92);
#90 = CARTESIAN_POINT('',(87.276232591215,-46.80202726163,-0.11));
#91 = DIRECTION('',(0.,0.,-1.));
#92 = DIRECTION('',(-0.597149750341,0.802129774829,0.));
#93 = ORIENTED_EDGE('',*,*,#94,.T.);
#94 = EDGE_CURVE('',#86,#95,#97,.T.);
#95 = VERTEX_POINT('',#96);
#96 = CARTESIAN_POINT('',(87.310423,-46.197933,-0.11));
#97 = LINE('',#98,#99);
#98 = CARTESIAN_POINT('',(87.195852,-46.206005,-0.11));
#99 = VECTOR('',#100,1.);
#100 = DIRECTION('',(0.99752730949,7.027991762491E-02,0.));
#101 = ORIENTED_EDGE('',*,*,#102,.T.);
#102 = EDGE_CURVE('',#95,#103,#105,.T.);
#103 = VERTEX_POINT('',#104);
#104 = CARTESIAN_POINT('',(87.460189,-46.213669,-0.11));
#105 = LINE('',#106,#107);
#106 = CARTESIAN_POINT('',(87.310423,-46.197933,-0.11));
#107 = VECTOR('',#108,1.);
#108 = DIRECTION('',(0.994525374659,-0.104495354724,0.));
#109 = ORIENTED_EDGE('',*,*,#110,.T.);
#110 = EDGE_CURVE('',#103,#111,#113,.T.);
#111 = VERTEX_POINT('',#112);
#112 = CARTESIAN_POINT('',(87.592962,-46.259487,-0.11));
#113 = LINE('',#114,#115);
#114 = CARTESIAN_POINT('',(87.460189,-46.213669,-0.11));
#115 = VECTOR('',#116,1.);
#116 = DIRECTION('',(0.945297901337,-0.326208334853,0.));
#117 = ORIENTED_EDGE('',*,*,#118,.T.);
#118 = EDGE_CURVE('',#111,#119,#121,.T.);
#119 = VERTEX_POINT('',#120);
#120 = CARTESIAN_POINT('',(87.712577,-46.335681,-0.11));
#121 = LINE('',#122,#123);
#122 = CARTESIAN_POINT('',(87.592962,-46.259487,-0.11));
#123 = VECTOR('',#124,1.);
#124 = DIRECTION('',(0.84342071061,-0.537253669057,0.));
#125 = ORIENTED_EDGE('',*,*,#126,.T.);
#126 = EDGE_CURVE('',#119,#127,#129,.T.);
#127 = VERTEX_POINT('',#128);
#128 = CARTESIAN_POINT('',(87.821428,-46.445644,-0.11));
#129 = LINE('',#130,#131);
#130 = CARTESIAN_POINT('',(87.712577,-46.335681,-0.11));
#131 = VECTOR('',#132,1.);
#132 = DIRECTION('',(0.703504221383,-0.710691079511,0.));
#133 = ORIENTED_EDGE('',*,*,#134,.T.);
#134 = EDGE_CURVE('',#127,#135,#137,.T.);
#135 = VERTEX_POINT('',#136);
#136 = CARTESIAN_POINT('',(87.906498,-46.573931,-0.11));
#137 = LINE('',#138,#139);
#138 = CARTESIAN_POINT('',(87.821428,-46.445644,-0.11));
#139 = VECTOR('',#140,1.);
#140 = DIRECTION('',(0.552653636104,-0.833411038144,0.));
#141 = ORIENTED_EDGE('',*,*,#142,.T.);
#142 = EDGE_CURVE('',#135,#143,#145,.T.);
#143 = VERTEX_POINT('',#144);
#144 = CARTESIAN_POINT('',(87.968704,-46.720659,-0.11));
#145 = LINE('',#146,#147);
#146 = CARTESIAN_POINT('',(87.906498,-46.573931,-0.11));
#147 = VECTOR('',#148,1.);
#148 = DIRECTION('',(0.390325205152,-0.920677052078,0.));
#149 = ORIENTED_EDGE('',*,*,#150,.T.);
#150 = EDGE_CURVE('',#143,#151,#153,.T.);
#151 = VERTEX_POINT('',#152);
#152 = CARTESIAN_POINT('',(88.007642,-46.88913,-0.11));
#153 = LINE('',#154,#155);
#154 = CARTESIAN_POINT('',(87.968704,-46.720659,-0.11));
#155 = VECTOR('',#156,1.);
#156 = DIRECTION('',(0.225189368222,-0.974315014992,0.));
#157 = ORIENTED_EDGE('',*,*,#158,.T.);
#158 = EDGE_CURVE('',#151,#159,#161,.T.);
#159 = VERTEX_POINT('',#160);
#160 = CARTESIAN_POINT('',(88.021317,-47.083459,-0.11));
#161 = LINE('',#162,#163);
#162 = CARTESIAN_POINT('',(88.007642,-46.88913,-0.11));
#163 = VECTOR('',#164,1.);
#164 = DIRECTION('',(7.019675925577E-02,-0.997533164857,0.));
#165 = ORIENTED_EDGE('',*,*,#166,.T.);
#166 = EDGE_CURVE('',#159,#167,#169,.T.);
#167 = VERTEX_POINT('',#168);
#168 = CARTESIAN_POINT('',(88.007642,-47.277789,-0.11));
#169 = LINE('',#170,#171);
#170 = CARTESIAN_POINT('',(88.021317,-47.083459,-0.11));
#171 = VECTOR('',#172,1.);
#172 = DIRECTION('',(-7.019639981121E-02,-0.997533190151,0.));
#173 = ORIENTED_EDGE('',*,*,#174,.T.);
#174 = EDGE_CURVE('',#167,#175,#177,.T.);
#175 = VERTEX_POINT('',#176);
#176 = CARTESIAN_POINT('',(87.968704,-47.446259,-0.11));
#177 = LINE('',#178,#179);
#178 = CARTESIAN_POINT('',(88.007642,-47.277789,-0.11));
#179 = VECTOR('',#180,1.);
#180 = DIRECTION('',(-0.225190637112,-0.974314721718,0.));
#181 = ORIENTED_EDGE('',*,*,#182,.T.);
#182 = EDGE_CURVE('',#175,#183,#185,.T.);
#183 = VERTEX_POINT('',#184);
#184 = CARTESIAN_POINT('',(87.906498,-47.592987,-0.11));
#185 = LINE('',#186,#187);
#186 = CARTESIAN_POINT('',(87.968704,-47.446259,-0.11));
#187 = VECTOR('',#188,1.);
#188 = DIRECTION('',(-0.390325205152,-0.920677052078,0.));
#189 = ORIENTED_EDGE('',*,*,#190,.T.);
#190 = EDGE_CURVE('',#183,#191,#193,.T.);
#191 = VERTEX_POINT('',#192);
#192 = CARTESIAN_POINT('',(87.821428,-47.721275,-0.11));
#193 = LINE('',#194,#195);
#194 = CARTESIAN_POINT('',(87.906498,-47.592987,-0.11));
#195 = VECTOR('',#196,1.);
#196 = DIRECTION('',(-0.552650643929,-0.833413022315,0.));
#197 = ORIENTED_EDGE('',*,*,#198,.T.);
#198 = EDGE_CURVE('',#191,#199,#201,.T.);
#199 = VERTEX_POINT('',#200);
#200 = CARTESIAN_POINT('',(87.712577,-47.831238,-0.11));
#201 = LINE('',#202,#203);
#202 = CARTESIAN_POINT('',(87.821428,-47.721275,-0.11));
#203 = VECTOR('',#204,1.);
#204 = DIRECTION('',(-0.703504221383,-0.710691079511,0.));
#205 = ORIENTED_EDGE('',*,*,#206,.T.);
#206 = EDGE_CURVE('',#199,#207,#209,.T.);
#207 = VERTEX_POINT('',#208);
#208 = CARTESIAN_POINT('',(87.592962,-47.907432,-0.11));
#209 = LINE('',#210,#211);
#210 = CARTESIAN_POINT('',(87.712577,-47.831238,-0.11));
#211 = VECTOR('',#212,1.);
#212 = DIRECTION('',(-0.84342071061,-0.537253669057,0.));
#213 = ORIENTED_EDGE('',*,*,#214,.T.);
#214 = EDGE_CURVE('',#207,#215,#217,.T.);
#215 = VERTEX_POINT('',#216);
#216 = CARTESIAN_POINT('',(87.460189,-47.95325,-0.11));
#217 = LINE('',#218,#219);
#218 = CARTESIAN_POINT('',(87.592962,-47.907432,-0.11));
#219 = VECTOR('',#220,1.);
#220 = DIRECTION('',(-0.945297901337,-0.326208334853,0.));
#221 = ORIENTED_EDGE('',*,*,#222,.T.);
#222 = EDGE_CURVE('',#215,#223,#225,.T.);
#223 = VERTEX_POINT('',#224);
#224 = CARTESIAN_POINT('',(87.092327,-47.937916,-0.11));
#225 = CIRCLE('',#226,0.75535254544);
#226 = AXIS2_PLACEMENT_3D('',#227,#228,#229);
#227 = CARTESIAN_POINT('',(87.306768296671,-47.21364229608,-0.11));
#228 = DIRECTION('',(-0.,0.,-1.));
#229 = DIRECTION('',(0.2031113872,-0.979155638491,-0.));
#230 = ORIENTED_EDGE('',*,*,#231,.T.);
#231 = EDGE_CURVE('',#223,#232,#234,.T.);
#232 = VERTEX_POINT('',#233);
#233 = CARTESIAN_POINT('',(86.991695,-47.895,-0.11));
#234 = LINE('',#235,#236);
#235 = CARTESIAN_POINT('',(87.092327,-47.937916,-0.11));
#236 = VECTOR('',#237,1.);
#237 = DIRECTION('',(-0.919845198247,0.39228154591,0.));
#238 = ORIENTED_EDGE('',*,*,#239,.T.);
#239 = EDGE_CURVE('',#232,#240,#242,.T.);
#240 = VERTEX_POINT('',#241);
#241 = CARTESIAN_POINT('',(86.900968,-47.895,-0.11));
#242 = LINE('',#243,#244);
#243 = CARTESIAN_POINT('',(86.991695,-47.895,-0.11));
#244 = VECTOR('',#245,1.);
#245 = DIRECTION('',(-1.,0.,0.));
#246 = ORIENTED_EDGE('',*,*,#247,.T.);
#247 = EDGE_CURVE('',#240,#248,#250,.T.);
#248 = VERTEX_POINT('',#249);
#249 = CARTESIAN_POINT('',(86.867362,-47.80529,-0.11));
#250 = LINE('',#251,#252);
#251 = CARTESIAN_POINT('',(86.900968,-47.895,-0.11));
#252 = VECTOR('',#253,1.);
#253 = DIRECTION('',(-0.350800823977,0.936450095786,0.));
#254 = ORIENTED_EDGE('',*,*,#255,.T.);
#255 = EDGE_CURVE('',#248,#256,#258,.T.);
#256 = VERTEX_POINT('',#257);
#257 = CARTESIAN_POINT('',(86.835437,-47.77751,-0.11));
#258 = LINE('',#259,#260);
#259 = CARTESIAN_POINT('',(86.867362,-47.80529,-0.11));
#260 = VECTOR('',#261,1.);
#261 = DIRECTION('',(-0.754381643689,0.656436086505,0.));
#262 = ORIENTED_EDGE('',*,*,#263,.T.);
#263 = EDGE_CURVE('',#256,#264,#266,.T.);
#264 = VERTEX_POINT('',#265);
#265 = CARTESIAN_POINT('',(86.755894,-47.685274,-0.11));
#266 = LINE('',#267,#268);
#267 = CARTESIAN_POINT('',(86.835437,-47.77751,-0.11));
#268 = VECTOR('',#269,1.);
#269 = DIRECTION('',(-0.653077176941,0.757291358037,0.));
#270 = ORIENTED_EDGE('',*,*,#271,.T.);
#271 = EDGE_CURVE('',#264,#272,#274,.T.);
#272 = VERTEX_POINT('',#273);
#273 = CARTESIAN_POINT('',(86.755894,-47.926,-0.11));
#274 = LINE('',#275,#276);
#275 = CARTESIAN_POINT('',(86.755894,-47.685274,-0.11));
#276 = VECTOR('',#277,1.);
#277 = DIRECTION('',(0.,-1.,0.));
#278 = ORIENTED_EDGE('',*,*,#279,.T.);
#279 = EDGE_CURVE('',#272,#280,#282,.T.);
#280 = VERTEX_POINT('',#281);
#281 = CARTESIAN_POINT('',(86.214799,-47.926,-0.11));
#282 = LINE('',#283,#284);
#283 = CARTESIAN_POINT('',(86.755894,-47.926,-0.11));
#284 = VECTOR('',#285,1.);
#285 = DIRECTION('',(-1.,0.,0.));
#286 = ORIENTED_EDGE('',*,*,#287,.T.);
#287 = EDGE_CURVE('',#280,#288,#290,.T.);
#288 = VERTEX_POINT('',#289);
#289 = CARTESIAN_POINT('',(86.214799,-47.537665,-0.11));
#290 = LINE('',#291,#292);
#291 = CARTESIAN_POINT('',(86.214799,-47.926,-0.11));
#292 = VECTOR('',#293,1.);
#293 = DIRECTION('',(0.,1.,0.));
#294 = ORIENTED_EDGE('',*,*,#295,.T.);
#295 = EDGE_CURVE('',#288,#296,#298,.T.);
#296 = VERTEX_POINT('',#297);
#297 = CARTESIAN_POINT('',(86.073468,-47.794665,-0.11));
#298 = CIRCLE('',#299,0.576038418222);
#299 = AXIS2_PLACEMENT_3D('',#300,#301,#302);
#300 = CARTESIAN_POINT('',(85.65601456678,-47.39773567334,-0.11));
#301 = DIRECTION('',(0.,0.,-1.));
#302 = DIRECTION('',(0.97004716273,-0.242916656651,0.));
#303 = ORIENTED_EDGE('',*,*,#304,.T.);
#304 = EDGE_CURVE('',#296,#305,#307,.T.);
#305 = VERTEX_POINT('',#306);
#306 = CARTESIAN_POINT('',(86.00562,-47.850745,-0.11));
#307 = LINE('',#308,#309);
#308 = CARTESIAN_POINT('',(86.073468,-47.794665,-0.11));
#309 = VECTOR('',#310,1.);
#310 = DIRECTION('',(-0.770785162429,-0.637095152532,0.));
#311 = ORIENTED_EDGE('',*,*,#312,.T.);
#312 = EDGE_CURVE('',#305,#313,#315,.T.);
#313 = VERTEX_POINT('',#314);
#314 = CARTESIAN_POINT('',(85.92875,-47.890887,-0.11));
#315 = LINE('',#316,#317);
#316 = CARTESIAN_POINT('',(86.00562,-47.850745,-0.11));
#317 = VECTOR('',#318,1.);
#318 = DIRECTION('',(-0.88641495171,-0.46289149202,0.));
#319 = ORIENTED_EDGE('',*,*,#320,.T.);
#320 = EDGE_CURVE('',#313,#321,#323,.T.);
#321 = VERTEX_POINT('',#322);
#322 = CARTESIAN_POINT('',(85.841097,-47.915663,-0.11));
#323 = LINE('',#324,#325);
#324 = CARTESIAN_POINT('',(85.92875,-47.890887,-0.11));
#325 = VECTOR('',#326,1.);
#326 = DIRECTION('',(-0.962296472881,-0.27200275418,0.));
#327 = ORIENTED_EDGE('',*,*,#328,.T.);
#328 = EDGE_CURVE('',#321,#329,#331,.T.);
#329 = VERTEX_POINT('',#330);
#330 = CARTESIAN_POINT('',(85.740234,-47.924309,-0.11));
#331 = LINE('',#332,#333);
#332 = CARTESIAN_POINT('',(85.841097,-47.915663,-0.11));
#333 = VECTOR('',#334,1.);
#334 = DIRECTION('',(-0.996346144707,-8.540702504523E-02,0.));
#335 = ORIENTED_EDGE('',*,*,#336,.T.);
#336 = EDGE_CURVE('',#329,#337,#339,.T.);
#337 = VERTEX_POINT('',#338);
#338 = CARTESIAN_POINT('',(85.63937,-47.915662,-0.11));
#339 = LINE('',#340,#341);
#340 = CARTESIAN_POINT('',(85.740234,-47.924309,-0.11));
#341 = VECTOR('',#342,1.);
#342 = DIRECTION('',(-0.996345376144,8.541599051716E-02,0.));
#343 = ORIENTED_EDGE('',*,*,#344,.T.);
#344 = EDGE_CURVE('',#337,#345,#347,.T.);
#345 = VERTEX_POINT('',#346);
#346 = CARTESIAN_POINT('',(85.347308,-47.720793,-0.11));
#347 = CIRCLE('',#348,0.431746749078);
#348 = AXIS2_PLACEMENT_3D('',#349,#350,#351);
#349 = CARTESIAN_POINT('',(85.712262826801,-47.4901130708,-0.11));
#350 = DIRECTION('',(0.,0.,-1.));
#351 = DIRECTION('',(-0.168832369801,-0.985644779273,-0.));
#352 = ORIENTED_EDGE('',*,*,#353,.T.);
#353 = EDGE_CURVE('',#345,#354,#356,.T.);
#354 = VERTEX_POINT('',#355);
#355 = CARTESIAN_POINT('',(85.292247,-47.618005,-0.11));
#356 = LINE('',#357,#358);
#357 = CARTESIAN_POINT('',(85.347308,-47.720793,-0.11));
#358 = VECTOR('',#359,1.);
#359 = DIRECTION('',(-0.472194758326,0.88149424854,0.));
#360 = ORIENTED_EDGE('',*,*,#361,.T.);
#361 = EDGE_CURVE('',#354,#362,#364,.T.);
#362 = VERTEX_POINT('',#363);
#363 = CARTESIAN_POINT('',(85.24967,-47.489125,-0.11));
#364 = LINE('',#365,#366);
#365 = CARTESIAN_POINT('',(85.292247,-47.618005,-0.11));
#366 = VECTOR('',#367,1.);
#367 = DIRECTION('',(-0.313687047608,0.949526427312,0.));
#368 = ORIENTED_EDGE('',*,*,#369,.T.);
#369 = EDGE_CURVE('',#362,#370,#372,.T.);
#370 = VERTEX_POINT('',#371);
#371 = CARTESIAN_POINT('',(85.22168,-47.328738,-0.11));
#372 = LINE('',#373,#374);
#373 = CARTESIAN_POINT('',(85.24967,-47.489125,-0.11));
#374 = VECTOR('',#375,1.);
#375 = DIRECTION('',(-0.171917104484,0.985111419681,0.));
#376 = ORIENTED_EDGE('',*,*,#377,.T.);
#377 = EDGE_CURVE('',#370,#378,#380,.T.);
#378 = VERTEX_POINT('',#379);
#379 = CARTESIAN_POINT('',(85.211479,-47.13058,-0.11));
#380 = LINE('',#381,#382);
#381 = CARTESIAN_POINT('',(85.22168,-47.328738,-0.11));
#382 = VECTOR('',#383,1.);
#383 = DIRECTION('',(-5.141104558536E-02,0.998677577796,0.));
#384 = ORIENTED_EDGE('',*,*,#385,.T.);
#385 = EDGE_CURVE('',#378,#386,#388,.T.);
#386 = VERTEX_POINT('',#387);
#387 = CARTESIAN_POINT('',(85.221693,-46.931799,-0.11));
#388 = LINE('',#389,#390);
#389 = CARTESIAN_POINT('',(85.211479,-47.13058,-0.11));
#390 = VECTOR('',#391,1.);
#391 = DIRECTION('',(5.131548276976E-02,0.998682492701,0.));
#392 = ORIENTED_EDGE('',*,*,#393,.T.);
#393 = EDGE_CURVE('',#386,#394,#396,.T.);
#394 = VERTEX_POINT('',#395);
#395 = CARTESIAN_POINT('',(85.249701,-46.771078,-0.11));
#396 = LINE('',#397,#398);
#397 = CARTESIAN_POINT('',(85.221693,-46.931799,-0.11));
#398 = VECTOR('',#399,1.);
#399 = DIRECTION('',(0.171677448486,0.985153213303,0.));
#400 = ORIENTED_EDGE('',*,*,#401,.T.);
#401 = EDGE_CURVE('',#394,#402,#404,.T.);
#402 = VERTEX_POINT('',#403);
#403 = CARTESIAN_POINT('',(85.292281,-46.642089,-0.11));
#404 = LINE('',#405,#406);
#405 = CARTESIAN_POINT('',(85.249701,-46.771078,-0.11));
#406 = VECTOR('',#407,1.);
#407 = DIRECTION('',(0.313467940772,0.949598783755,0.));
#408 = ORIENTED_EDGE('',*,*,#409,.T.);
#409 = EDGE_CURVE('',#402,#410,#412,.T.);
#410 = VERTEX_POINT('',#411);
#411 = CARTESIAN_POINT('',(85.347308,-46.53936,-0.11));
#412 = LINE('',#413,#414);
#413 = CARTESIAN_POINT('',(85.292281,-46.642089,-0.11));
#414 = VECTOR('',#415,1.);
#415 = DIRECTION('',(0.472178788324,0.881502803091,0.));
#416 = ORIENTED_EDGE('',*,*,#417,.T.);
#417 = EDGE_CURVE('',#410,#418,#420,.T.);
#418 = VERTEX_POINT('',#419);
#419 = CARTESIAN_POINT('',(85.407062,-46.465452,-0.11));
#420 = LINE('',#421,#422);
#421 = CARTESIAN_POINT('',(85.347308,-46.53936,-0.11));
#422 = VECTOR('',#423,1.);
#423 = DIRECTION('',(0.628713214747,0.777637250653,0.));
#424 = ORIENTED_EDGE('',*,*,#425,.T.);
#425 = EDGE_CURVE('',#418,#426,#428,.T.);
#426 = VERTEX_POINT('',#427);
#427 = CARTESIAN_POINT('',(85.639375,-46.344403,-0.11));
#428 = CIRCLE('',#429,0.422664784717);
#429 = AXIS2_PLACEMENT_3D('',#430,#431,#432);
#430 = CARTESIAN_POINT('',(85.708914136337,-46.76130805964,-0.11));
#431 = DIRECTION('',(0.,0.,-1.));
#432 = DIRECTION('',(-0.714164385707,0.699978021218,0.));
#433 = ORIENTED_EDGE('',*,*,#434,.T.);
#434 = EDGE_CURVE('',#426,#435,#437,.T.);
#435 = VERTEX_POINT('',#436);
#436 = CARTESIAN_POINT('',(85.740234,-46.335753,-0.11));
#437 = LINE('',#438,#439);
#438 = CARTESIAN_POINT('',(85.639375,-46.344403,-0.11));
#439 = VECTOR('',#440,1.);
#440 = DIRECTION('',(0.9963424931,8.544961347346E-02,0.));
#441 = ORIENTED_EDGE('',*,*,#442,.T.);
#442 = EDGE_CURVE('',#435,#443,#445,.T.);
#443 = VERTEX_POINT('',#444);
#444 = CARTESIAN_POINT('',(85.841092,-46.344402,-0.11));
#445 = LINE('',#446,#447);
#446 = CARTESIAN_POINT('',(85.740234,-46.335753,-0.11));
#447 = VECTOR('',#448,1.);
#448 = DIRECTION('',(0.996343261971,-8.544064796834E-02,0.));
#449 = ORIENTED_EDGE('',*,*,#450,.T.);
#450 = EDGE_CURVE('',#443,#451,#453,.T.);
#451 = VERTEX_POINT('',#452);
#452 = CARTESIAN_POINT('',(86.133251,-46.53936,-0.11));
#453 = CIRCLE('',#454,0.431989526782);
#454 = AXIS2_PLACEMENT_3D('',#455,#456,#457);
#455 = CARTESIAN_POINT('',(85.768097373793,-46.77017980096,-0.11));
#456 = DIRECTION('',(0.,0.,-1.));
#457 = DIRECTION('',(0.168973138656,0.985620656446,0.));
#458 = ORIENTED_EDGE('',*,*,#459,.T.);
#459 = EDGE_CURVE('',#451,#460,#462,.T.);
#460 = VERTEX_POINT('',#461);
#461 = CARTESIAN_POINT('',(86.188239,-46.642083,-0.11));
#462 = LINE('',#463,#464);
#463 = CARTESIAN_POINT('',(86.133251,-46.53936,-0.11));
#464 = VECTOR('',#465,1.);
#465 = DIRECTION('',(0.471940110498,-0.881630609781,0.));
#466 = ORIENTED_EDGE('',*,*,#467,.T.);
#467 = EDGE_CURVE('',#460,#44,#468,.T.);
#468 = LINE('',#469,#470);
#469 = CARTESIAN_POINT('',(86.188239,-46.642083,-0.11));
#470 = VECTOR('',#471,1.);
#471 = DIRECTION('',(0.313289164578,-0.949657780128,0.));
#472 = FACE_BOUND('',#473,.T.);
#473 = EDGE_LOOP('',(#474,#484,#492,#501,#509,#517,#525,#533,#541,#549,
    #557,#565,#573,#581,#589,#597,#605,#614,#622,#630,#638,#646,#654,
    #662,#670,#678,#686,#694));
#474 = ORIENTED_EDGE('',*,*,#475,.T.);
#475 = EDGE_CURVE('',#476,#478,#480,.T.);
#476 = VERTEX_POINT('',#477);
#477 = CARTESIAN_POINT('',(85.87853,-46.538141,-0.11));
#478 = VERTEX_POINT('',#479);
#479 = CARTESIAN_POINT('',(85.815126,-46.509707,-0.11));
#480 = LINE('',#481,#482);
#481 = CARTESIAN_POINT('',(85.87853,-46.538141,-0.11));
#482 = VECTOR('',#483,1.);
#483 = DIRECTION('',(-0.912447446994,0.409193910602,0.));
#484 = ORIENTED_EDGE('',*,*,#485,.T.);
#485 = EDGE_CURVE('',#478,#486,#488,.T.);
#486 = VERTEX_POINT('',#487);
#487 = CARTESIAN_POINT('',(85.740234,-46.499884,-0.11));
#488 = LINE('',#489,#490);
#489 = CARTESIAN_POINT('',(85.815126,-46.509707,-0.11));
#490 = VECTOR('',#491,1.);
#491 = DIRECTION('',(-0.991507655678,0.130048332288,0.));
#492 = ORIENTED_EDGE('',*,*,#493,.T.);
#493 = EDGE_CURVE('',#486,#494,#496,.T.);
#494 = VERTEX_POINT('',#495);
#495 = CARTESIAN_POINT('',(85.546213,-46.586128,-0.11));
#496 = CIRCLE('',#497,0.247981482066);
#497 = AXIS2_PLACEMENT_3D('',#498,#499,#500);
#498 = CARTESIAN_POINT('',(85.734253235068,-46.74779335016,-0.11));
#499 = DIRECTION('',(0.,0.,1.));
#500 = DIRECTION('',(2.411778848419E-02,0.999709123835,-0.));
#501 = ORIENTED_EDGE('',*,*,#502,.T.);
#502 = EDGE_CURVE('',#494,#503,#505,.T.);
#503 = VERTEX_POINT('',#504);
#504 = CARTESIAN_POINT('',(85.498983,-46.657329,-0.11));
#505 = LINE('',#506,#507);
#506 = CARTESIAN_POINT('',(85.546213,-46.586128,-0.11));
#507 = VECTOR('',#508,1.);
#508 = DIRECTION('',(-0.552775672252,-0.83333010036,0.));
#509 = ORIENTED_EDGE('',*,*,#510,.T.);
#510 = EDGE_CURVE('',#503,#511,#513,.T.);
#511 = VERTEX_POINT('',#512);
#512 = CARTESIAN_POINT('',(85.467201,-46.735021,-0.11));
#513 = LINE('',#514,#515);
#514 = CARTESIAN_POINT('',(85.498983,-46.657329,-0.11));
#515 = VECTOR('',#516,1.);
#516 = DIRECTION('',(-0.378621712756,-0.925551510522,0.));
#517 = ORIENTED_EDGE('',*,*,#518,.T.);
#518 = EDGE_CURVE('',#511,#519,#521,.T.);
#519 = VERTEX_POINT('',#520);
#520 = CARTESIAN_POINT('',(85.441836,-46.836253,-0.11));
#521 = LINE('',#522,#523);
#522 = CARTESIAN_POINT('',(85.467201,-46.735021,-0.11));
#523 = VECTOR('',#524,1.);
#524 = DIRECTION('',(-0.243049641784,-0.970013851256,0.));
#525 = ORIENTED_EDGE('',*,*,#526,.T.);
#526 = EDGE_CURVE('',#519,#527,#529,.T.);
#527 = VERTEX_POINT('',#528);
#528 = CARTESIAN_POINT('',(85.424781,-46.96618,-0.11));
#529 = LINE('',#530,#531);
#530 = CARTESIAN_POINT('',(85.441836,-46.836253,-0.11));
#531 = VECTOR('',#532,1.);
#532 = DIRECTION('',(-0.130149519538,-0.991494378483,0.));
#533 = ORIENTED_EDGE('',*,*,#534,.T.);
#534 = EDGE_CURVE('',#527,#535,#537,.T.);
#535 = VERTEX_POINT('',#536);
#536 = CARTESIAN_POINT('',(85.418475,-47.13058,-0.11));
#537 = LINE('',#538,#539);
#538 = CARTESIAN_POINT('',(85.424781,-46.96618,-0.11));
#539 = VECTOR('',#540,1.);
#540 = DIRECTION('',(-3.832947731825E-02,-0.999265155586,0.));
#541 = ORIENTED_EDGE('',*,*,#542,.T.);
#542 = EDGE_CURVE('',#535,#543,#545,.T.);
#543 = VERTEX_POINT('',#544);
#544 = CARTESIAN_POINT('',(85.424772,-47.294352,-0.11));
#545 = LINE('',#546,#547);
#546 = CARTESIAN_POINT('',(85.418475,-47.13058,-0.11));
#547 = VECTOR('',#548,1.);
#548 = DIRECTION('',(3.842140569723E-02,-0.999261625193,0.));
#549 = ORIENTED_EDGE('',*,*,#550,.T.);
#550 = EDGE_CURVE('',#543,#551,#553,.T.);
#551 = VERTEX_POINT('',#552);
#552 = CARTESIAN_POINT('',(85.441813,-47.423948,-0.11));
#553 = LINE('',#554,#555);
#554 = CARTESIAN_POINT('',(85.424772,-47.294352,-0.11));
#555 = VECTOR('',#556,1.);
#556 = DIRECTION('',(0.130370997939,-0.991465280732,0.));
#557 = ORIENTED_EDGE('',*,*,#558,.T.);
#558 = EDGE_CURVE('',#551,#559,#561,.T.);
#559 = VERTEX_POINT('',#560);
#560 = CARTESIAN_POINT('',(85.467176,-47.525075,-0.11));
#561 = LINE('',#562,#563);
#562 = CARTESIAN_POINT('',(85.441813,-47.423948,-0.11));
#563 = VECTOR('',#564,1.);
#564 = DIRECTION('',(0.243269022789,-0.969958856113,0.));
#565 = ORIENTED_EDGE('',*,*,#566,.T.);
#566 = EDGE_CURVE('',#559,#567,#569,.T.);
#567 = VERTEX_POINT('',#568);
#568 = CARTESIAN_POINT('',(85.498983,-47.602824,-0.11));
#569 = LINE('',#570,#571);
#570 = CARTESIAN_POINT('',(85.467176,-47.525075,-0.11));
#571 = VECTOR('',#572,1.);
#572 = DIRECTION('',(0.378638871587,-0.925544491056,0.));
#573 = ORIENTED_EDGE('',*,*,#574,.T.);
#574 = EDGE_CURVE('',#567,#575,#577,.T.);
#575 = VERTEX_POINT('',#576);
#576 = CARTESIAN_POINT('',(85.546207,-47.673977,-0.11));
#577 = LINE('',#578,#579);
#578 = CARTESIAN_POINT('',(85.498983,-47.602824,-0.11));
#579 = VECTOR('',#580,1.);
#580 = DIRECTION('',(0.552985779753,-0.833190690893,0.));
#581 = ORIENTED_EDGE('',*,*,#582,.T.);
#582 = EDGE_CURVE('',#575,#583,#585,.T.);
#583 = VERTEX_POINT('',#584);
#584 = CARTESIAN_POINT('',(85.601094,-47.721867,-0.11));
#585 = LINE('',#586,#587);
#586 = CARTESIAN_POINT('',(85.546207,-47.673977,-0.11));
#587 = VECTOR('',#588,1.);
#588 = DIRECTION('',(0.753502060127,-0.657445545566,0.));
#589 = ORIENTED_EDGE('',*,*,#590,.T.);
#590 = EDGE_CURVE('',#583,#591,#593,.T.);
#591 = VERTEX_POINT('',#592);
#592 = CARTESIAN_POINT('',(85.664806,-47.750332,-0.11));
#593 = LINE('',#594,#595);
#594 = CARTESIAN_POINT('',(85.601094,-47.721867,-0.11));
#595 = VECTOR('',#596,1.);
#596 = DIRECTION('',(0.913019725779,-0.407915408311,0.));
#597 = ORIENTED_EDGE('',*,*,#598,.T.);
#598 = EDGE_CURVE('',#591,#599,#601,.T.);
#599 = VERTEX_POINT('',#600);
#600 = CARTESIAN_POINT('',(85.740234,-47.760177,-0.11));
#601 = LINE('',#602,#603);
#602 = CARTESIAN_POINT('',(85.664806,-47.750332,-0.11));
#603 = VECTOR('',#604,1.);
#604 = DIRECTION('',(0.991589338382,-0.129424047255,0.));
#605 = ORIENTED_EDGE('',*,*,#606,.T.);
#606 = EDGE_CURVE('',#599,#607,#609,.T.);
#607 = VERTEX_POINT('',#608);
#608 = CARTESIAN_POINT('',(85.933304,-47.674055,-0.11));
#609 = CIRCLE('',#610,0.246592064399);
#610 = AXIS2_PLACEMENT_3D('',#611,#612,#613);
#611 = CARTESIAN_POINT('',(85.746010860772,-47.51365261154,-0.11));
#612 = DIRECTION('',(0.,0.,1.));
#613 = DIRECTION('',(-2.342679107093E-02,-0.99972555507,0.));
#614 = ORIENTED_EDGE('',*,*,#615,.T.);
#615 = EDGE_CURVE('',#607,#616,#618,.T.);
#616 = VERTEX_POINT('',#617);
#617 = CARTESIAN_POINT('',(85.980569,-47.602824,-0.11));
#618 = LINE('',#619,#620);
#619 = CARTESIAN_POINT('',(85.933304,-47.674055,-0.11));
#620 = VECTOR('',#621,1.);
#621 = DIRECTION('',(0.552898330133,0.833248724293,0.));
#622 = ORIENTED_EDGE('',*,*,#623,.T.);
#623 = EDGE_CURVE('',#616,#624,#626,.T.);
#624 = VERTEX_POINT('',#625);
#625 = CARTESIAN_POINT('',(86.012338,-47.52508,-0.11));
#626 = LINE('',#627,#628);
#627 = CARTESIAN_POINT('',(85.980569,-47.602824,-0.11));
#628 = VECTOR('',#629,1.);
#629 = DIRECTION('',(0.378272109936,0.925694447885,0.));
#630 = ORIENTED_EDGE('',*,*,#631,.T.);
#631 = EDGE_CURVE('',#624,#632,#634,.T.);
#632 = VERTEX_POINT('',#633);
#633 = CARTESIAN_POINT('',(86.037673,-47.423955,-0.11));
#634 = LINE('',#635,#636);
#635 = CARTESIAN_POINT('',(86.012338,-47.52508,-0.11));
#636 = VECTOR('',#637,1.);
#637 = DIRECTION('',(0.243020852089,0.970021064436,0.));
#638 = ORIENTED_EDGE('',*,*,#639,.T.);
#639 = EDGE_CURVE('',#632,#640,#642,.T.);
#640 = VERTEX_POINT('',#641);
#641 = CARTESIAN_POINT('',(86.054696,-47.294357,-0.11));
#642 = LINE('',#643,#644);
#643 = CARTESIAN_POINT('',(86.037673,-47.423955,-0.11));
#644 = VECTOR('',#645,1.);
#645 = DIRECTION('',(0.130233651346,0.991483331205,0.));
#646 = ORIENTED_EDGE('',*,*,#647,.T.);
#647 = EDGE_CURVE('',#640,#648,#650,.T.);
#648 = VERTEX_POINT('',#649);
#649 = CARTESIAN_POINT('',(86.060986,-47.13058,-0.11));
#650 = LINE('',#651,#652);
#651 = CARTESIAN_POINT('',(86.054696,-47.294357,-0.11));
#652 = VECTOR('',#653,1.);
#653 = DIRECTION('',(3.837758790128E-02,0.999263309017,0.));
#654 = ORIENTED_EDGE('',*,*,#655,.T.);
#655 = EDGE_CURVE('',#648,#656,#658,.T.);
#656 = VERTEX_POINT('',#657);
#657 = CARTESIAN_POINT('',(86.054687,-46.966175,-0.11));
#658 = LINE('',#659,#660);
#659 = CARTESIAN_POINT('',(86.060986,-47.13058,-0.11));
#660 = VECTOR('',#661,1.);
#661 = DIRECTION('',(-3.8285829233E-02,0.99926682887,0.));
#662 = ORIENTED_EDGE('',*,*,#663,.T.);
#663 = EDGE_CURVE('',#656,#664,#666,.T.);
#664 = VERTEX_POINT('',#665);
#665 = CARTESIAN_POINT('',(86.03765,-46.836246,-0.11));
#666 = LINE('',#667,#668);
#667 = CARTESIAN_POINT('',(86.054687,-46.966175,-0.11));
#668 = VECTOR('',#669,1.);
#669 = DIRECTION('',(-0.130012514204,0.991512352999,0.));
#670 = ORIENTED_EDGE('',*,*,#671,.T.);
#671 = EDGE_CURVE('',#664,#672,#674,.T.);
#672 = VERTEX_POINT('',#673);
#673 = CARTESIAN_POINT('',(86.012313,-46.735016,-0.11));
#674 = LINE('',#675,#676);
#675 = CARTESIAN_POINT('',(86.03765,-46.836246,-0.11));
#676 = VECTOR('',#677,1.);
#677 = DIRECTION('',(-0.242801682035,0.97007594713,0.));
#678 = ORIENTED_EDGE('',*,*,#679,.T.);
#679 = EDGE_CURVE('',#672,#680,#682,.T.);
#680 = VERTEX_POINT('',#681);
#681 = CARTESIAN_POINT('',(85.980569,-46.657329,-0.11));
#682 = LINE('',#683,#684);
#683 = CARTESIAN_POINT('',(86.012313,-46.735016,-0.11));
#684 = VECTOR('',#685,1.);
#685 = DIRECTION('',(-0.378254672489,0.925701573262,0.));
#686 = ORIENTED_EDGE('',*,*,#687,.T.);
#687 = EDGE_CURVE('',#680,#688,#690,.T.);
#688 = VERTEX_POINT('',#689);
#689 = CARTESIAN_POINT('',(85.933299,-46.586051,-0.11));
#690 = LINE('',#691,#692);
#691 = CARTESIAN_POINT('',(85.980569,-46.657329,-0.11));
#692 = VECTOR('',#693,1.);
#693 = DIRECTION('',(-0.552685732525,0.833389753394,0.));
#694 = ORIENTED_EDGE('',*,*,#695,.T.);
#695 = EDGE_CURVE('',#688,#476,#696,.T.);
#696 = LINE('',#697,#698);
#697 = CARTESIAN_POINT('',(85.933299,-46.586051,-0.11));
#698 = VECTOR('',#699,1.);
#699 = DIRECTION('',(-0.752664372644,0.658404391049,0.));
#700 = FACE_BOUND('',#701,.T.);
#701 = EDGE_LOOP('',(#702,#712,#720,#728,#736,#744,#752,#760,#768,#776,
    #784,#792,#800,#808));
#702 = ORIENTED_EDGE('',*,*,#703,.T.);
#703 = EDGE_CURVE('',#704,#706,#708,.T.);
#704 = VERTEX_POINT('',#705);
#705 = CARTESIAN_POINT('',(87.30375,-46.641991,-0.11));
#706 = VERTEX_POINT('',#707);
#707 = CARTESIAN_POINT('',(87.218139,-46.599709,-0.11));
#708 = LINE('',#709,#710);
#709 = CARTESIAN_POINT('',(87.30375,-46.641991,-0.11));
#710 = VECTOR('',#711,1.);
#711 = DIRECTION('',(-0.896609496179,0.442822098999,0.));
#712 = ORIENTED_EDGE('',*,*,#713,.T.);
#713 = EDGE_CURVE('',#706,#714,#716,.T.);
#714 = VERTEX_POINT('',#715);
#715 = CARTESIAN_POINT('',(87.110535,-46.584813,-0.11));
#716 = LINE('',#717,#718);
#717 = CARTESIAN_POINT('',(87.218139,-46.599709,-0.11));
#718 = VECTOR('',#719,1.);
#719 = DIRECTION('',(-0.990553637545,0.13712582232,0.));
#720 = ORIENTED_EDGE('',*,*,#721,.T.);
#721 = EDGE_CURVE('',#714,#722,#724,.T.);
#722 = VERTEX_POINT('',#723);
#723 = CARTESIAN_POINT('',(87.001946,-46.599754,-0.11));
#724 = LINE('',#725,#726);
#725 = CARTESIAN_POINT('',(87.110535,-46.584813,-0.11));
#726 = VECTOR('',#727,1.);
#727 = DIRECTION('',(-0.990666508924,-0.13630798985,0.));
#728 = ORIENTED_EDGE('',*,*,#729,.T.);
#729 = EDGE_CURVE('',#722,#730,#732,.T.);
#730 = VERTEX_POINT('',#731);
#731 = CARTESIAN_POINT('',(86.915884,-46.642078,-0.11));
#732 = LINE('',#733,#734);
#733 = CARTESIAN_POINT('',(87.001946,-46.599754,-0.11));
#734 = VECTOR('',#735,1.);
#735 = DIRECTION('',(-0.897356464478,-0.441306441897,0.));
#736 = ORIENTED_EDGE('',*,*,#737,.T.);
#737 = EDGE_CURVE('',#730,#738,#740,.T.);
#738 = VERTEX_POINT('',#739);
#739 = CARTESIAN_POINT('',(86.846838,-46.712564,-0.11));
#740 = LINE('',#741,#742);
#741 = CARTESIAN_POINT('',(86.915884,-46.642078,-0.11));
#742 = VECTOR('',#743,1.);
#743 = DIRECTION('',(-0.699772024142,-0.714366232565,0.));
#744 = ORIENTED_EDGE('',*,*,#745,.T.);
#745 = EDGE_CURVE('',#738,#746,#748,.T.);
#746 = VERTEX_POINT('',#747);
#747 = CARTESIAN_POINT('',(86.79934,-46.802418,-0.11));
#748 = LINE('',#749,#750);
#749 = CARTESIAN_POINT('',(86.846838,-46.712564,-0.11));
#750 = VECTOR('',#751,1.);
#751 = DIRECTION('',(-0.467336109597,-0.884079725289,0.));
#752 = ORIENTED_EDGE('',*,*,#753,.T.);
#753 = EDGE_CURVE('',#746,#754,#756,.T.);
#754 = VERTEX_POINT('',#755);
#755 = CARTESIAN_POINT('',(86.767706,-46.923132,-0.11));
#756 = LINE('',#757,#758);
#757 = CARTESIAN_POINT('',(86.79934,-46.802418,-0.11));
#758 = VECTOR('',#759,1.);
#759 = DIRECTION('',(-0.253497586252,-0.967336019057,0.));
#760 = ORIENTED_EDGE('',*,*,#761,.T.);
#761 = EDGE_CURVE('',#754,#762,#764,.T.);
#762 = VERTEX_POINT('',#763);
#763 = CARTESIAN_POINT('',(86.762508,-46.993684,-0.11));
#764 = LINE('',#765,#766);
#765 = CARTESIAN_POINT('',(86.767706,-46.923132,-0.11));
#766 = VECTOR('',#767,1.);
#767 = DIRECTION('',(-7.347700062066E-02,-0.997296911847,0.));
#768 = ORIENTED_EDGE('',*,*,#769,.T.);
#769 = EDGE_CURVE('',#762,#770,#772,.T.);
#770 = VERTEX_POINT('',#771);
#771 = CARTESIAN_POINT('',(86.969921,-47.551447,-0.11));
#772 = LINE('',#773,#774);
#773 = CARTESIAN_POINT('',(86.762508,-46.993684,-0.11));
#774 = VECTOR('',#775,1.);
#775 = DIRECTION('',(0.348546654905,-0.937291432455,0.));
#776 = ORIENTED_EDGE('',*,*,#777,.T.);
#777 = EDGE_CURVE('',#770,#778,#780,.T.);
#778 = VERTEX_POINT('',#779);
#779 = CARTESIAN_POINT('',(87.001935,-47.567177,-0.11));
#780 = LINE('',#781,#782);
#781 = CARTESIAN_POINT('',(86.969921,-47.551447,-0.11));
#782 = VECTOR('',#783,1.);
#783 = DIRECTION('',(0.897511890958,-0.440990255662,0.));
#784 = ORIENTED_EDGE('',*,*,#785,.T.);
#785 = EDGE_CURVE('',#778,#786,#788,.T.);
#786 = VERTEX_POINT('',#787);
#787 = CARTESIAN_POINT('',(87.078359,-47.577682,-0.11));
#788 = LINE('',#789,#790);
#789 = CARTESIAN_POINT('',(87.001935,-47.567177,-0.11));
#790 = VECTOR('',#791,1.);
#791 = DIRECTION('',(0.990684611776,-0.136176356206,0.));
#792 = ORIENTED_EDGE('',*,*,#793,.T.);
#793 = EDGE_CURVE('',#786,#794,#796,.T.);
#794 = VERTEX_POINT('',#795);
#795 = CARTESIAN_POINT('',(87.390472,-46.746081,-0.11));
#796 = LINE('',#797,#798);
#797 = CARTESIAN_POINT('',(87.078359,-47.577682,-0.11));
#798 = VECTOR('',#799,1.);
#799 = DIRECTION('',(0.351382644027,0.936231935728,0.));
#800 = ORIENTED_EDGE('',*,*,#801,.T.);
#801 = EDGE_CURVE('',#794,#802,#804,.T.);
#802 = VERTEX_POINT('',#803);
#803 = CARTESIAN_POINT('',(87.372754,-46.712564,-0.11));
#804 = LINE('',#805,#806);
#805 = CARTESIAN_POINT('',(87.390472,-46.746081,-0.11));
#806 = VECTOR('',#807,1.);
#807 = DIRECTION('',(-0.467345908035,0.884074545637,0.));
#808 = ORIENTED_EDGE('',*,*,#809,.T.);
#809 = EDGE_CURVE('',#802,#704,#810,.T.);
#810 = LINE('',#811,#812);
#811 = CARTESIAN_POINT('',(87.372754,-46.712564,-0.11));
#812 = VECTOR('',#813,1.);
#813 = DIRECTION('',(-0.699113948663,0.715010270405,0.));
#814 = FACE_BOUND('',#815,.T.);
#815 = EDGE_LOOP('',(#816,#826,#834,#842,#850,#858));
#816 = ORIENTED_EDGE('',*,*,#817,.T.);
#817 = EDGE_CURVE('',#818,#820,#822,.T.);
#818 = VERTEX_POINT('',#819);
#819 = CARTESIAN_POINT('',(87.420257,-47.364551,-0.11));
#820 = VERTEX_POINT('',#821);
#821 = CARTESIAN_POINT('',(87.451889,-47.243786,-0.11));
#822 = LINE('',#823,#824);
#823 = CARTESIAN_POINT('',(87.420257,-47.364551,-0.11));
#824 = VECTOR('',#825,1.);
#825 = DIRECTION('',(0.25338241559,0.967366193057,0.));
#826 = ORIENTED_EDGE('',*,*,#827,.T.);
#827 = EDGE_CURVE('',#820,#828,#830,.T.);
#828 = VERTEX_POINT('',#829);
#829 = CARTESIAN_POINT('',(87.463279,-47.077779,-0.11));
#830 = LINE('',#831,#832);
#831 = CARTESIAN_POINT('',(87.451889,-47.243786,-0.11));
#832 = VECTOR('',#833,1.);
#833 = DIRECTION('',(6.845063645733E-02,0.99765450451,0.));
#834 = ORIENTED_EDGE('',*,*,#835,.T.);
#835 = EDGE_CURVE('',#828,#836,#838,.T.);
#836 = VERTEX_POINT('',#837);
#837 = CARTESIAN_POINT('',(87.293943,-47.529823,-0.11));
#838 = LINE('',#839,#840);
#839 = CARTESIAN_POINT('',(87.463279,-47.077779,-0.11));
#840 = VECTOR('',#841,1.);
#841 = DIRECTION('',(-0.350795597266,-0.936452053732,0.));
#842 = ORIENTED_EDGE('',*,*,#843,.T.);
#843 = EDGE_CURVE('',#836,#844,#846,.T.);
#844 = VERTEX_POINT('',#845);
#845 = CARTESIAN_POINT('',(87.30376,-47.52498,-0.11));
#846 = LINE('',#847,#848);
#847 = CARTESIAN_POINT('',(87.293943,-47.529823,-0.11));
#848 = VECTOR('',#849,1.);
#849 = DIRECTION('',(0.896807817877,0.442420318018,0.));
#850 = ORIENTED_EDGE('',*,*,#851,.T.);
#851 = EDGE_CURVE('',#844,#852,#854,.T.);
#852 = VERTEX_POINT('',#853);
#853 = CARTESIAN_POINT('',(87.372754,-47.454489,-0.11));
#854 = LINE('',#855,#856);
#855 = CARTESIAN_POINT('',(87.30376,-47.52498,-0.11));
#856 = VECTOR('',#857,1.);
#857 = DIRECTION('',(0.699477590228,0.714654532463,0.));
#858 = ORIENTED_EDGE('',*,*,#859,.T.);
#859 = EDGE_CURVE('',#852,#818,#860,.T.);
#860 = LINE('',#861,#862);
#861 = CARTESIAN_POINT('',(87.372754,-47.454489,-0.11));
#862 = VECTOR('',#863,1.);
#863 = DIRECTION('',(0.46703329015,0.884239733269,0.));
#864 = PLANE('',#865);
#865 = AXIS2_PLACEMENT_3D('',#866,#867,#868);
#866 = CARTESIAN_POINT('',(0.,0.,-0.11));
#867 = DIRECTION('',(-0.,-0.,-1.));
#868 = DIRECTION('',(-1.,0.,0.));
#869 = SHELL_BASED_SURFACE_MODEL('',(#870));
#870 = OPEN_SHELL('',(#871));
#871 = ADVANCED_FACE('',(#872,#1134),#1328,.T.);
#872 = FACE_BOUND('',#873,.T.);
#873 = EDGE_LOOP('',(#874,#884,#892,#900,#908,#916,#925,#933,#941,#949,
    #957,#965,#973,#981,#990,#998,#1006,#1014,#1022,#1030,#1038,#1046,
    #1055,#1063,#1071,#1079,#1087,#1095,#1103,#1111,#1120,#1128));
#874 = ORIENTED_EDGE('',*,*,#875,.T.);
#875 = EDGE_CURVE('',#876,#878,#880,.T.);
#876 = VERTEX_POINT('',#877);
#877 = CARTESIAN_POINT('',(89.941359,-46.238737,-0.11));
#878 = VERTEX_POINT('',#879);
#879 = CARTESIAN_POINT('',(90.094196,-46.20856,-0.11));
#880 = LINE('',#881,#882);
#881 = CARTESIAN_POINT('',(89.941359,-46.238737,-0.11));
#882 = VECTOR('',#883,1.);
#883 = DIRECTION('',(0.981059633373,0.193705951807,0.));
#884 = ORIENTED_EDGE('',*,*,#885,.T.);
#885 = EDGE_CURVE('',#878,#886,#888,.T.);
#886 = VERTEX_POINT('',#887);
#887 = CARTESIAN_POINT('',(90.270329,-46.197933,-0.11));
#888 = LINE('',#889,#890);
#889 = CARTESIAN_POINT('',(90.094196,-46.20856,-0.11));
#890 = VECTOR('',#891,1.);
#891 = DIRECTION('',(0.99818479305,6.022556701894E-02,0.));
#892 = ORIENTED_EDGE('',*,*,#893,.T.);
#893 = EDGE_CURVE('',#886,#894,#896,.T.);
#894 = VERTEX_POINT('',#895);
#895 = CARTESIAN_POINT('',(90.447081,-46.208558,-0.11));
#896 = LINE('',#897,#898);
#897 = CARTESIAN_POINT('',(90.270329,-46.197933,-0.11));
#898 = VECTOR('',#899,1.);
#899 = DIRECTION('',(0.998198127082,-6.000415893594E-02,0.));
#900 = ORIENTED_EDGE('',*,*,#901,.T.);
#901 = EDGE_CURVE('',#894,#902,#904,.T.);
#902 = VERTEX_POINT('',#903);
#903 = CARTESIAN_POINT('',(90.600531,-46.238737,-0.11));
#904 = LINE('',#905,#906);
#905 = CARTESIAN_POINT('',(90.447081,-46.208558,-0.11));
#906 = VECTOR('',#907,1.);
#907 = DIRECTION('',(0.98120400454,-0.192973318039,0.));
#908 = ORIENTED_EDGE('',*,*,#909,.T.);
#909 = EDGE_CURVE('',#902,#910,#912,.T.);
#910 = VERTEX_POINT('',#911);
#911 = CARTESIAN_POINT('',(90.734022,-46.286606,-0.11));
#912 = LINE('',#913,#914);
#913 = CARTESIAN_POINT('',(90.600531,-46.238737,-0.11));
#914 = VECTOR('',#915,1.);
#915 = DIRECTION('',(0.941308631782,-0.337547122239,0.));
#916 = ORIENTED_EDGE('',*,*,#917,.T.);
#917 = EDGE_CURVE('',#910,#918,#920,.T.);
#918 = VERTEX_POINT('',#919);
#919 = CARTESIAN_POINT('',(91.03802,-46.531025,-0.11));
#920 = CIRCLE('',#921,0.768346299206);
#921 = AXIS2_PLACEMENT_3D('',#922,#923,#924);
#922 = CARTESIAN_POINT('',(90.420343228421,-46.98800578882,-0.11));
#923 = DIRECTION('',(0.,0.,-1.));
#924 = DIRECTION('',(0.408251815494,0.912869352726,0.));
#925 = ORIENTED_EDGE('',*,*,#926,.T.);
#926 = EDGE_CURVE('',#918,#927,#929,.T.);
#927 = VERTEX_POINT('',#928);
#928 = CARTESIAN_POINT('',(91.105694,-46.642847,-0.11));
#929 = LINE('',#930,#931);
#930 = CARTESIAN_POINT('',(91.03802,-46.531025,-0.11));
#931 = VECTOR('',#932,1.);
#932 = DIRECTION('',(0.517759356597,-0.85552629922,0.));
#933 = ORIENTED_EDGE('',*,*,#934,.T.);
#934 = EDGE_CURVE('',#927,#935,#937,.T.);
#935 = VERTEX_POINT('',#936);
#936 = CARTESIAN_POINT('',(91.155398,-46.77032,-0.11));
#937 = LINE('',#938,#939);
#938 = CARTESIAN_POINT('',(91.105694,-46.642847,-0.11));
#939 = VECTOR('',#940,1.);
#940 = DIRECTION('',(0.363278854588,-0.931680456922,0.));
#941 = ORIENTED_EDGE('',*,*,#942,.T.);
#942 = EDGE_CURVE('',#935,#943,#945,.T.);
#943 = VERTEX_POINT('',#944);
#944 = CARTESIAN_POINT('',(91.186561,-46.916113,-0.11));
#945 = LINE('',#946,#947);
#946 = CARTESIAN_POINT('',(91.155398,-46.77032,-0.11));
#947 = VECTOR('',#948,1.);
#948 = DIRECTION('',(0.209026553037,-0.977909965245,0.));
#949 = ORIENTED_EDGE('',*,*,#950,.T.);
#950 = EDGE_CURVE('',#943,#951,#953,.T.);
#951 = VERTEX_POINT('',#952);
#952 = CARTESIAN_POINT('',(91.1975,-47.083459,-0.11));
#953 = LINE('',#954,#955);
#954 = CARTESIAN_POINT('',(91.186561,-46.916113,-0.11));
#955 = VECTOR('',#956,1.);
#956 = DIRECTION('',(6.522835266129E-02,-0.997870363328,0.));
#957 = ORIENTED_EDGE('',*,*,#958,.T.);
#958 = EDGE_CURVE('',#951,#959,#961,.T.);
#959 = VERTEX_POINT('',#960);
#960 = CARTESIAN_POINT('',(91.186561,-47.250806,-0.11));
#961 = LINE('',#962,#963);
#962 = CARTESIAN_POINT('',(91.1975,-47.083459,-0.11));
#963 = VECTOR('',#964,1.);
#964 = DIRECTION('',(-6.522796454065E-02,-0.997870388699,0.));
#965 = ORIENTED_EDGE('',*,*,#966,.T.);
#966 = EDGE_CURVE('',#959,#967,#969,.T.);
#967 = VERTEX_POINT('',#968);
#968 = CARTESIAN_POINT('',(91.155398,-47.396599,-0.11));
#969 = LINE('',#970,#971);
#970 = CARTESIAN_POINT('',(91.186561,-47.250806,-0.11));
#971 = VECTOR('',#972,1.);
#972 = DIRECTION('',(-0.209026553037,-0.977909965245,0.));
#973 = ORIENTED_EDGE('',*,*,#974,.T.);
#974 = EDGE_CURVE('',#967,#975,#977,.T.);
#975 = VERTEX_POINT('',#976);
#976 = CARTESIAN_POINT('',(91.105694,-47.524072,-0.11));
#977 = LINE('',#978,#979);
#978 = CARTESIAN_POINT('',(91.155398,-47.396599,-0.11));
#979 = VECTOR('',#980,1.);
#980 = DIRECTION('',(-0.363278854588,-0.931680456922,0.));
#981 = ORIENTED_EDGE('',*,*,#982,.T.);
#982 = EDGE_CURVE('',#975,#983,#985,.T.);
#983 = VERTEX_POINT('',#984);
#984 = CARTESIAN_POINT('',(90.850381,-47.815642,-0.11));
#985 = CIRCLE('',#986,0.746344504258);
#986 = AXIS2_PLACEMENT_3D('',#987,#988,#989);
#987 = CARTESIAN_POINT('',(90.435792248215,-47.19504044833,-0.11));
#988 = DIRECTION('',(0.,0.,-1.));
#989 = DIRECTION('',(0.897577121508,-0.440857472371,0.));
#990 = ORIENTED_EDGE('',*,*,#991,.T.);
#991 = EDGE_CURVE('',#983,#992,#994,.T.);
#992 = VERTEX_POINT('',#993);
#993 = CARTESIAN_POINT('',(90.734022,-47.880313,-0.11));
#994 = LINE('',#995,#996);
#995 = CARTESIAN_POINT('',(90.850381,-47.815642,-0.11));
#996 = VECTOR('',#997,1.);
#997 = DIRECTION('',(-0.874070805182,-0.48579854624,0.));
#998 = ORIENTED_EDGE('',*,*,#999,.T.);
#999 = EDGE_CURVE('',#992,#1000,#1002,.T.);
#1000 = VERTEX_POINT('',#1001);
#1001 = CARTESIAN_POINT('',(90.600531,-47.928182,-0.11));
#1002 = LINE('',#1003,#1004);
#1003 = CARTESIAN_POINT('',(90.734022,-47.880313,-0.11));
#1004 = VECTOR('',#1005,1.);
#1005 = DIRECTION('',(-0.941308631782,-0.337547122239,0.));
#1006 = ORIENTED_EDGE('',*,*,#1007,.T.);
#1007 = EDGE_CURVE('',#1000,#1008,#1010,.T.);
#1008 = VERTEX_POINT('',#1009);
#1009 = CARTESIAN_POINT('',(90.447081,-47.95836,-0.11));
#1010 = LINE('',#1011,#1012);
#1011 = CARTESIAN_POINT('',(90.600531,-47.928182,-0.11));
#1012 = VECTOR('',#1013,1.);
#1013 = DIRECTION('',(-0.981205215257,-0.192967161851,0.));
#1014 = ORIENTED_EDGE('',*,*,#1015,.T.);
#1015 = EDGE_CURVE('',#1008,#1016,#1018,.T.);
#1016 = VERTEX_POINT('',#1017);
#1017 = CARTESIAN_POINT('',(90.270329,-47.968986,-0.11));
#1018 = LINE('',#1019,#1020);
#1019 = CARTESIAN_POINT('',(90.447081,-47.95836,-0.11));
#1020 = VECTOR('',#1021,1.);
#1021 = DIRECTION('',(-0.998197788807,-6.000978604972E-02,0.));
#1022 = ORIENTED_EDGE('',*,*,#1023,.T.);
#1023 = EDGE_CURVE('',#1016,#1024,#1026,.T.);
#1024 = VERTEX_POINT('',#1025);
#1025 = CARTESIAN_POINT('',(90.094196,-47.958359,-0.11));
#1026 = LINE('',#1027,#1028);
#1027 = CARTESIAN_POINT('',(90.270329,-47.968986,-0.11));
#1028 = VECTOR('',#1029,1.);
#1029 = DIRECTION('',(-0.99818479305,6.022556701894E-02,0.));
#1030 = ORIENTED_EDGE('',*,*,#1031,.T.);
#1031 = EDGE_CURVE('',#1024,#1032,#1034,.T.);
#1032 = VERTEX_POINT('',#1033);
#1033 = CARTESIAN_POINT('',(89.941359,-47.928182,-0.11));
#1034 = LINE('',#1035,#1036);
#1035 = CARTESIAN_POINT('',(90.094196,-47.958359,-0.11));
#1036 = VECTOR('',#1037,1.);
#1037 = DIRECTION('',(-0.981059633373,0.193705951807,0.));
#1038 = ORIENTED_EDGE('',*,*,#1039,.T.);
#1039 = EDGE_CURVE('',#1032,#1040,#1042,.T.);
#1040 = VERTEX_POINT('',#1041);
#1041 = CARTESIAN_POINT('',(89.808464,-47.880319,-0.11));
#1042 = LINE('',#1043,#1044);
#1043 = CARTESIAN_POINT('',(89.941359,-47.928182,-0.11));
#1044 = VECTOR('',#1045,1.);
#1045 = DIRECTION('',(-0.94084047306,0.338849825517,0.));
#1046 = ORIENTED_EDGE('',*,*,#1047,.T.);
#1047 = EDGE_CURVE('',#1040,#1048,#1050,.T.);
#1048 = VERTEX_POINT('',#1049);
#1049 = CARTESIAN_POINT('',(89.50617,-47.635974,-0.11));
#1050 = CIRCLE('',#1051,0.763469009005);
#1051 = AXIS2_PLACEMENT_3D('',#1052,#1053,#1054);
#1052 = CARTESIAN_POINT('',(90.121441578129,-47.18394987137,-0.11));
#1053 = DIRECTION('',(0.,0.,-1.));
#1054 = DIRECTION('',(-0.40994143107,-0.912111847907,-0.));
#1055 = ORIENTED_EDGE('',*,*,#1056,.T.);
#1056 = EDGE_CURVE('',#1048,#1057,#1059,.T.);
#1057 = VERTEX_POINT('',#1058);
#1058 = CARTESIAN_POINT('',(89.438906,-47.524196,-0.11));
#1059 = LINE('',#1060,#1061);
#1060 = CARTESIAN_POINT('',(89.50617,-47.635974,-0.11));
#1061 = VECTOR('',#1062,1.);
#1062 = DIRECTION('',(-0.51560680911,0.856825313818,0.));
#1063 = ORIENTED_EDGE('',*,*,#1064,.T.);
#1064 = EDGE_CURVE('',#1057,#1065,#1067,.T.);
#1065 = VERTEX_POINT('',#1066);
#1066 = CARTESIAN_POINT('',(89.389477,-47.396724,-0.11));
#1067 = LINE('',#1068,#1069);
#1068 = CARTESIAN_POINT('',(89.438906,-47.524196,-0.11));
#1069 = VECTOR('',#1070,1.);
#1070 = DIRECTION('',(-0.361534731757,0.932358642226,0.));
#1071 = ORIENTED_EDGE('',*,*,#1072,.T.);
#1072 = EDGE_CURVE('',#1065,#1073,#1075,.T.);
#1073 = VERTEX_POINT('',#1074);
#1074 = CARTESIAN_POINT('',(89.358475,-47.250889,-0.11));
#1075 = LINE('',#1076,#1077);
#1076 = CARTESIAN_POINT('',(89.389477,-47.396724,-0.11));
#1077 = VECTOR('',#1078,1.);
#1078 = DIRECTION('',(-0.207936165054,0.978142398254,0.));
#1079 = ORIENTED_EDGE('',*,*,#1080,.T.);
#1080 = EDGE_CURVE('',#1073,#1081,#1083,.T.);
#1081 = VERTEX_POINT('',#1082);
#1082 = CARTESIAN_POINT('',(89.347592,-47.083459,-0.11));
#1083 = LINE('',#1084,#1085);
#1084 = CARTESIAN_POINT('',(89.358475,-47.250889,-0.11));
#1085 = VECTOR('',#1086,1.);
#1086 = DIRECTION('',(-6.486341783226E-02,0.997894151214,0.));
#1087 = ORIENTED_EDGE('',*,*,#1088,.T.);
#1088 = EDGE_CURVE('',#1081,#1089,#1091,.T.);
#1089 = VERTEX_POINT('',#1090);
#1090 = CARTESIAN_POINT('',(89.358475,-46.91603,-0.11));
#1091 = LINE('',#1092,#1093);
#1092 = CARTESIAN_POINT('',(89.347592,-47.083459,-0.11));
#1093 = VECTOR('',#1094,1.);
#1094 = DIRECTION('',(6.486380361081E-02,0.997894126138,0.));
#1095 = ORIENTED_EDGE('',*,*,#1096,.T.);
#1096 = EDGE_CURVE('',#1089,#1097,#1099,.T.);
#1097 = VERTEX_POINT('',#1098);
#1098 = CARTESIAN_POINT('',(89.389477,-46.770195,-0.11));
#1099 = LINE('',#1100,#1101);
#1100 = CARTESIAN_POINT('',(89.358475,-46.91603,-0.11));
#1101 = VECTOR('',#1102,1.);
#1102 = DIRECTION('',(0.207936165054,0.978142398254,0.));
#1103 = ORIENTED_EDGE('',*,*,#1104,.T.);
#1104 = EDGE_CURVE('',#1097,#1105,#1107,.T.);
#1105 = VERTEX_POINT('',#1106);
#1106 = CARTESIAN_POINT('',(89.438906,-46.642723,-0.11));
#1107 = LINE('',#1108,#1109);
#1108 = CARTESIAN_POINT('',(89.389477,-46.770195,-0.11));
#1109 = VECTOR('',#1110,1.);
#1110 = DIRECTION('',(0.361534731757,0.932358642226,0.));
#1111 = ORIENTED_EDGE('',*,*,#1112,.T.);
#1112 = EDGE_CURVE('',#1105,#1113,#1115,.T.);
#1113 = VERTEX_POINT('',#1114);
#1114 = CARTESIAN_POINT('',(89.692679,-46.351267,-0.11));
#1115 = CIRCLE('',#1116,0.745084972398);
#1116 = AXIS2_PLACEMENT_3D('',#1117,#1118,#1119);
#1117 = CARTESIAN_POINT('',(90.108494576181,-46.96952990742,-0.11));
#1118 = DIRECTION('',(0.,0.,-1.));
#1119 = DIRECTION('',(-0.898674112331,0.438616962538,0.));
#1120 = ORIENTED_EDGE('',*,*,#1121,.T.);
#1121 = EDGE_CURVE('',#1113,#1122,#1124,.T.);
#1122 = VERTEX_POINT('',#1123);
#1123 = CARTESIAN_POINT('',(89.808464,-46.2866,-0.11));
#1124 = LINE('',#1125,#1126);
#1125 = CARTESIAN_POINT('',(89.692679,-46.351267,-0.11));
#1126 = VECTOR('',#1127,1.);
#1127 = DIRECTION('',(0.873060280454,0.487612291369,0.));
#1128 = ORIENTED_EDGE('',*,*,#1129,.T.);
#1129 = EDGE_CURVE('',#1122,#876,#1130,.T.);
#1130 = LINE('',#1131,#1132);
#1131 = CARTESIAN_POINT('',(89.808464,-46.2866,-0.11));
#1132 = VECTOR('',#1133,1.);
#1133 = DIRECTION('',(0.94084047306,0.338849825517,0.));
#1134 = FACE_BOUND('',#1135,.T.);
#1135 = EDGE_LOOP('',(#1136,#1146,#1154,#1162,#1170,#1178,#1186,#1194,
    #1202,#1210,#1218,#1226,#1234,#1242,#1250,#1258,#1266,#1274,#1282,
    #1290,#1298,#1306,#1314,#1322));
#1136 = ORIENTED_EDGE('',*,*,#1137,.T.);
#1137 = EDGE_CURVE('',#1138,#1140,#1142,.T.);
#1138 = VERTEX_POINT('',#1139);
#1139 = CARTESIAN_POINT('',(90.472126,-46.642603,-0.11));
#1140 = VERTEX_POINT('',#1141);
#1141 = CARTESIAN_POINT('',(90.383109,-46.599933,-0.11));
#1142 = LINE('',#1143,#1144);
#1143 = CARTESIAN_POINT('',(90.472126,-46.642603,-0.11));
#1144 = VECTOR('',#1145,1.);
#1145 = DIRECTION('',(-0.901752774657,0.432252164133,0.));
#1146 = ORIENTED_EDGE('',*,*,#1147,.T.);
#1147 = EDGE_CURVE('',#1140,#1148,#1150,.T.);
#1148 = VERTEX_POINT('',#1149);
#1149 = CARTESIAN_POINT('',(90.270329,-46.584813,-0.11));
#1150 = LINE('',#1151,#1152);
#1151 = CARTESIAN_POINT('',(90.383109,-46.599933,-0.11));
#1152 = VECTOR('',#1153,1.);
#1153 = DIRECTION('',(-0.991132470222,0.132877486698,0.));
#1154 = ORIENTED_EDGE('',*,*,#1155,.T.);
#1155 = EDGE_CURVE('',#1148,#1156,#1158,.T.);
#1156 = VERTEX_POINT('',#1157);
#1157 = CARTESIAN_POINT('',(90.159645,-46.59986,-0.11));
#1158 = LINE('',#1159,#1160);
#1159 = CARTESIAN_POINT('',(90.270329,-46.584813,-0.11));
#1160 = VECTOR('',#1161,1.);
#1161 = DIRECTION('',(-0.990885542141,-0.134706504577,0.));
#1162 = ORIENTED_EDGE('',*,*,#1163,.T.);
#1163 = EDGE_CURVE('',#1156,#1164,#1166,.T.);
#1164 = VERTEX_POINT('',#1165);
#1165 = CARTESIAN_POINT('',(90.071861,-46.642452,-0.11));
#1166 = LINE('',#1167,#1168);
#1167 = CARTESIAN_POINT('',(90.159645,-46.59986,-0.11));
#1168 = VECTOR('',#1169,1.);
#1169 = DIRECTION('',(-0.899693127484,-0.436522939098,0.));
#1170 = ORIENTED_EDGE('',*,*,#1171,.T.);
#1171 = EDGE_CURVE('',#1164,#1172,#1174,.T.);
#1172 = VERTEX_POINT('',#1173);
#1173 = CARTESIAN_POINT('',(90.001393,-46.713236,-0.11));
#1174 = LINE('',#1175,#1176);
#1175 = CARTESIAN_POINT('',(90.071861,-46.642452,-0.11));
#1176 = VECTOR('',#1177,1.);
#1177 = DIRECTION('',(-0.70552312133,-0.708686902143,0.));
#1178 = ORIENTED_EDGE('',*,*,#1179,.T.);
#1179 = EDGE_CURVE('',#1172,#1180,#1182,.T.);
#1180 = VERTEX_POINT('',#1181);
#1181 = CARTESIAN_POINT('',(89.952551,-46.803756,-0.11));
#1182 = LINE('',#1183,#1184);
#1183 = CARTESIAN_POINT('',(90.001393,-46.713236,-0.11));
#1184 = VECTOR('',#1185,1.);
#1185 = DIRECTION('',(-0.474856827985,-0.880063061897,0.));
#1186 = ORIENTED_EDGE('',*,*,#1187,.T.);
#1187 = EDGE_CURVE('',#1180,#1188,#1190,.T.);
#1188 = VERTEX_POINT('',#1189);
#1189 = CARTESIAN_POINT('',(89.920199,-46.92435,-0.11));
#1190 = LINE('',#1191,#1192);
#1191 = CARTESIAN_POINT('',(89.952551,-46.803756,-0.11));
#1192 = VECTOR('',#1193,1.);
#1193 = DIRECTION('',(-0.259109978913,-0.965847823846,0.));
#1194 = ORIENTED_EDGE('',*,*,#1195,.T.);
#1195 = EDGE_CURVE('',#1188,#1196,#1198,.T.);
#1196 = VERTEX_POINT('',#1197);
#1197 = CARTESIAN_POINT('',(89.908166,-47.083459,-0.11));
#1198 = LINE('',#1199,#1200);
#1199 = CARTESIAN_POINT('',(89.920199,-46.92435,-0.11));
#1200 = VECTOR('',#1201,1.);
#1201 = DIRECTION('',(-7.541204783102E-02,-0.997152457271,0.));
#1202 = ORIENTED_EDGE('',*,*,#1203,.T.);
#1203 = EDGE_CURVE('',#1196,#1204,#1206,.T.);
#1204 = VERTEX_POINT('',#1205);
#1205 = CARTESIAN_POINT('',(89.920199,-47.242569,-0.11));
#1206 = LINE('',#1207,#1208);
#1207 = CARTESIAN_POINT('',(89.908166,-47.083459,-0.11));
#1208 = VECTOR('',#1209,1.);
#1209 = DIRECTION('',(7.541157656469E-02,-0.997152492912,0.));
#1210 = ORIENTED_EDGE('',*,*,#1211,.T.);
#1211 = EDGE_CURVE('',#1204,#1212,#1214,.T.);
#1212 = VERTEX_POINT('',#1213);
#1213 = CARTESIAN_POINT('',(89.952551,-47.363163,-0.11));
#1214 = LINE('',#1215,#1216);
#1215 = CARTESIAN_POINT('',(89.920199,-47.242569,-0.11));
#1216 = VECTOR('',#1217,1.);
#1217 = DIRECTION('',(0.259109978913,-0.965847823846,0.));
#1218 = ORIENTED_EDGE('',*,*,#1219,.T.);
#1219 = EDGE_CURVE('',#1212,#1220,#1222,.T.);
#1220 = VERTEX_POINT('',#1221);
#1221 = CARTESIAN_POINT('',(90.001393,-47.453683,-0.11));
#1222 = LINE('',#1223,#1224);
#1223 = CARTESIAN_POINT('',(89.952551,-47.363163,-0.11));
#1224 = VECTOR('',#1225,1.);
#1225 = DIRECTION('',(0.474856827985,-0.880063061897,0.));
#1226 = ORIENTED_EDGE('',*,*,#1227,.T.);
#1227 = EDGE_CURVE('',#1220,#1228,#1230,.T.);
#1228 = VERTEX_POINT('',#1229);
#1229 = CARTESIAN_POINT('',(90.071861,-47.524467,-0.11));
#1230 = LINE('',#1231,#1232);
#1231 = CARTESIAN_POINT('',(90.001393,-47.453683,-0.11));
#1232 = VECTOR('',#1233,1.);
#1233 = DIRECTION('',(0.70552312133,-0.708686902143,0.));
#1234 = ORIENTED_EDGE('',*,*,#1235,.T.);
#1235 = EDGE_CURVE('',#1228,#1236,#1238,.T.);
#1236 = VERTEX_POINT('',#1237);
#1237 = CARTESIAN_POINT('',(90.159645,-47.567059,-0.11));
#1238 = LINE('',#1239,#1240);
#1239 = CARTESIAN_POINT('',(90.071861,-47.524467,-0.11));
#1240 = VECTOR('',#1241,1.);
#1241 = DIRECTION('',(0.899693127484,-0.436522939098,0.));
#1242 = ORIENTED_EDGE('',*,*,#1243,.T.);
#1243 = EDGE_CURVE('',#1236,#1244,#1246,.T.);
#1244 = VERTEX_POINT('',#1245);
#1245 = CARTESIAN_POINT('',(90.270329,-47.582106,-0.11));
#1246 = LINE('',#1247,#1248);
#1247 = CARTESIAN_POINT('',(90.159645,-47.567059,-0.11));
#1248 = VECTOR('',#1249,1.);
#1249 = DIRECTION('',(0.990885542141,-0.134706504577,0.));
#1250 = ORIENTED_EDGE('',*,*,#1251,.T.);
#1251 = EDGE_CURVE('',#1244,#1252,#1254,.T.);
#1252 = VERTEX_POINT('',#1253);
#1253 = CARTESIAN_POINT('',(90.383109,-47.566986,-0.11));
#1254 = LINE('',#1255,#1256);
#1255 = CARTESIAN_POINT('',(90.270329,-47.582106,-0.11));
#1256 = VECTOR('',#1257,1.);
#1257 = DIRECTION('',(0.991132470222,0.132877486698,0.));
#1258 = ORIENTED_EDGE('',*,*,#1259,.T.);
#1259 = EDGE_CURVE('',#1252,#1260,#1262,.T.);
#1260 = VERTEX_POINT('',#1261);
#1261 = CARTESIAN_POINT('',(90.472126,-47.524316,-0.11));
#1262 = LINE('',#1263,#1264);
#1263 = CARTESIAN_POINT('',(90.383109,-47.566986,-0.11));
#1264 = VECTOR('',#1265,1.);
#1265 = DIRECTION('',(0.901752774657,0.432252164133,0.));
#1266 = ORIENTED_EDGE('',*,*,#1267,.T.);
#1267 = EDGE_CURVE('',#1260,#1268,#1270,.T.);
#1268 = VERTEX_POINT('',#1269);
#1269 = CARTESIAN_POINT('',(90.543161,-47.453683,-0.11));
#1270 = LINE('',#1271,#1272);
#1271 = CARTESIAN_POINT('',(90.472126,-47.524316,-0.11));
#1272 = VECTOR('',#1273,1.);
#1273 = DIRECTION('',(0.709110426875,0.705097441845,0.));
#1274 = ORIENTED_EDGE('',*,*,#1275,.T.);
#1275 = EDGE_CURVE('',#1268,#1276,#1278,.T.);
#1276 = VERTEX_POINT('',#1277);
#1277 = CARTESIAN_POINT('',(90.592376,-47.363109,-0.11));
#1278 = LINE('',#1279,#1280);
#1279 = CARTESIAN_POINT('',(90.543161,-47.453683,-0.11));
#1280 = VECTOR('',#1281,1.);
#1281 = DIRECTION('',(0.477438428223,0.878665207719,0.));
#1282 = ORIENTED_EDGE('',*,*,#1283,.T.);
#1283 = EDGE_CURVE('',#1276,#1284,#1286,.T.);
#1284 = VERTEX_POINT('',#1285);
#1285 = CARTESIAN_POINT('',(90.624949,-47.242513,-0.11));
#1286 = LINE('',#1287,#1288);
#1287 = CARTESIAN_POINT('',(90.592376,-47.363109,-0.11));
#1288 = VECTOR('',#1289,1.);
#1289 = DIRECTION('',(0.260755984235,0.965404742419,0.));
#1290 = ORIENTED_EDGE('',*,*,#1291,.T.);
#1291 = EDGE_CURVE('',#1284,#1292,#1294,.T.);
#1292 = VERTEX_POINT('',#1293);
#1293 = CARTESIAN_POINT('',(90.63706,-47.083459,-0.11));
#1294 = LINE('',#1295,#1296);
#1295 = CARTESIAN_POINT('',(90.624949,-47.242513,-0.11));
#1296 = VECTOR('',#1297,1.);
#1297 = DIRECTION('',(7.592416880143E-02,0.997113594628,0.));
#1298 = ORIENTED_EDGE('',*,*,#1299,.T.);
#1299 = EDGE_CURVE('',#1292,#1300,#1302,.T.);
#1300 = VERTEX_POINT('',#1301);
#1301 = CARTESIAN_POINT('',(90.624949,-46.924405,-0.11));
#1302 = LINE('',#1303,#1304);
#1303 = CARTESIAN_POINT('',(90.63706,-47.083459,-0.11));
#1304 = VECTOR('',#1305,1.);
#1305 = DIRECTION('',(-7.592416880143E-02,0.997113594628,0.));
#1306 = ORIENTED_EDGE('',*,*,#1307,.T.);
#1307 = EDGE_CURVE('',#1300,#1308,#1310,.T.);
#1308 = VERTEX_POINT('',#1309);
#1309 = CARTESIAN_POINT('',(90.592376,-46.803809,-0.11));
#1310 = LINE('',#1311,#1312);
#1311 = CARTESIAN_POINT('',(90.624949,-46.924405,-0.11));
#1312 = VECTOR('',#1313,1.);
#1313 = DIRECTION('',(-0.260755984235,0.965404742419,0.));
#1314 = ORIENTED_EDGE('',*,*,#1315,.T.);
#1315 = EDGE_CURVE('',#1308,#1316,#1318,.T.);
#1316 = VERTEX_POINT('',#1317);
#1317 = CARTESIAN_POINT('',(90.543161,-46.713236,-0.11));
#1318 = LINE('',#1319,#1320);
#1319 = CARTESIAN_POINT('',(90.592376,-46.803809,-0.11));
#1320 = VECTOR('',#1321,1.);
#1321 = DIRECTION('',(-0.477442497937,0.878662996355,0.));
#1322 = ORIENTED_EDGE('',*,*,#1323,.T.);
#1323 = EDGE_CURVE('',#1316,#1138,#1324,.T.);
#1324 = LINE('',#1325,#1326);
#1325 = CARTESIAN_POINT('',(90.543161,-46.713236,-0.11));
#1326 = VECTOR('',#1327,1.);
#1327 = DIRECTION('',(-0.709110426875,0.705097441845,0.));
#1328 = PLANE('',#1329);
#1329 = AXIS2_PLACEMENT_3D('',#1330,#1331,#1332);
#1330 = CARTESIAN_POINT('',(0.,0.,-0.11));
#1331 = DIRECTION('',(-0.,-0.,-1.));
#1332 = DIRECTION('',(-1.,0.,0.));
#1333 = SHELL_BASED_SURFACE_MODEL('',(#1334));
#1334 = OPEN_SHELL('',(#1335));
#1335 = ADVANCED_FACE('',(#1336,#1693),#1840,.T.);
#1336 = FACE_BOUND('',#1337,.T.);
#1337 = EDGE_LOOP('',(#1338,#1348,#1356,#1365,#1373,#1381,#1389,#1397,
    #1406,#1414,#1422,#1430,#1438,#1446,#1454,#1462,#1470,#1478,#1486,
    #1494,#1502,#1510,#1518,#1526,#1534,#1543,#1551,#1559,#1567,#1575,
    #1583,#1591,#1599,#1607,#1615,#1623,#1631,#1639,#1647,#1655,#1663,
    #1671,#1679,#1687));
#1338 = ORIENTED_EDGE('',*,*,#1339,.T.);
#1339 = EDGE_CURVE('',#1340,#1342,#1344,.T.);
#1340 = VERTEX_POINT('',#1341);
#1341 = CARTESIAN_POINT('',(96.604944,-46.249708,-0.11));
#1342 = VERTEX_POINT('',#1343);
#1343 = CARTESIAN_POINT('',(96.785822,-46.211937,-0.11));
#1344 = LINE('',#1345,#1346);
#1345 = CARTESIAN_POINT('',(96.604944,-46.249708,-0.11));
#1346 = VECTOR('',#1347,1.);
#1347 = DIRECTION('',(0.978885132959,0.204411096745,0.));
#1348 = ORIENTED_EDGE('',*,*,#1349,.T.);
#1349 = EDGE_CURVE('',#1342,#1350,#1352,.T.);
#1350 = VERTEX_POINT('',#1351);
#1351 = CARTESIAN_POINT('',(97.019516,-46.197933,-0.11));
#1352 = LINE('',#1353,#1354);
#1353 = CARTESIAN_POINT('',(96.785822,-46.211937,-0.11));
#1354 = VECTOR('',#1355,1.);
#1355 = DIRECTION('',(0.998209347315,5.981721267898E-02,0.));
#1356 = ORIENTED_EDGE('',*,*,#1357,.T.);
#1357 = EDGE_CURVE('',#1350,#1358,#1360,.T.);
#1358 = VERTEX_POINT('',#1359);
#1359 = CARTESIAN_POINT('',(97.541865,-46.246745,-0.11));
#1360 = CIRCLE('',#1361,2.839042960768);
#1361 = AXIS2_PLACEMENT_3D('',#1362,#1363,#1364);
#1362 = CARTESIAN_POINT('',(97.017670890385,-49.03697536119,-0.11));
#1363 = DIRECTION('',(0.,0.,-1.));
#1364 = DIRECTION('',(6.499054928483E-04,0.999999788811,0.));
#1365 = ORIENTED_EDGE('',*,*,#1366,.T.);
#1366 = EDGE_CURVE('',#1358,#1367,#1369,.T.);
#1367 = VERTEX_POINT('',#1368);
#1368 = CARTESIAN_POINT('',(97.715364,-46.283906,-0.11));
#1369 = LINE('',#1370,#1371);
#1370 = CARTESIAN_POINT('',(97.541865,-46.246745,-0.11));
#1371 = VECTOR('',#1372,1.);
#1372 = DIRECTION('',(0.977822451403,-0.209435559378,0.));
#1373 = ORIENTED_EDGE('',*,*,#1374,.T.);
#1374 = EDGE_CURVE('',#1367,#1375,#1377,.T.);
#1375 = VERTEX_POINT('',#1376);
#1376 = CARTESIAN_POINT('',(97.715364,-46.696579,-0.11));
#1377 = LINE('',#1378,#1379);
#1378 = CARTESIAN_POINT('',(97.715364,-46.283906,-0.11));
#1379 = VECTOR('',#1380,1.);
#1380 = DIRECTION('',(0.,-1.,0.));
#1381 = ORIENTED_EDGE('',*,*,#1382,.T.);
#1382 = EDGE_CURVE('',#1375,#1383,#1385,.T.);
#1383 = VERTEX_POINT('',#1384);
#1384 = CARTESIAN_POINT('',(97.583219,-46.636713,-0.11));
#1385 = LINE('',#1386,#1387);
#1386 = CARTESIAN_POINT('',(97.715364,-46.696579,-0.11));
#1387 = VECTOR('',#1388,1.);
#1388 = DIRECTION('',(-0.91088486604,0.412660587917,0.));
#1389 = ORIENTED_EDGE('',*,*,#1390,.T.);
#1390 = EDGE_CURVE('',#1383,#1391,#1393,.T.);
#1391 = VERTEX_POINT('',#1392);
#1392 = CARTESIAN_POINT('',(97.438906,-46.593411,-0.11));
#1393 = LINE('',#1394,#1395);
#1394 = CARTESIAN_POINT('',(97.583219,-46.636713,-0.11));
#1395 = VECTOR('',#1396,1.);
#1396 = DIRECTION('',(-0.957811487609,0.287397206326,0.));
#1397 = ORIENTED_EDGE('',*,*,#1398,.T.);
#1398 = EDGE_CURVE('',#1391,#1399,#1401,.T.);
#1399 = VERTEX_POINT('',#1400);
#1400 = CARTESIAN_POINT('',(96.974858,-46.567234,-0.11));
#1401 = CIRCLE('',#1402,1.424052592294);
#1402 = AXIS2_PLACEMENT_3D('',#1403,#1404,#1405);
#1403 = CARTESIAN_POINT('',(97.127753709818,-47.98305485291,-0.11));
#1404 = DIRECTION('',(0.,0.,1.));
#1405 = DIRECTION('',(0.218497752025,0.975837451813,-0.));
#1406 = ORIENTED_EDGE('',*,*,#1407,.T.);
#1407 = EDGE_CURVE('',#1399,#1408,#1410,.T.);
#1408 = VERTEX_POINT('',#1409);
#1409 = CARTESIAN_POINT('',(96.873432,-46.588548,-0.11));
#1410 = LINE('',#1411,#1412);
#1411 = CARTESIAN_POINT('',(96.974858,-46.567234,-0.11));
#1412 = VECTOR('',#1413,1.);
#1413 = DIRECTION('',(-0.978625270515,-0.205651598365,0.));
#1414 = ORIENTED_EDGE('',*,*,#1415,.T.);
#1415 = EDGE_CURVE('',#1408,#1416,#1418,.T.);
#1416 = VERTEX_POINT('',#1417);
#1417 = CARTESIAN_POINT('',(96.803239,-46.619068,-0.11));
#1418 = LINE('',#1419,#1420);
#1419 = CARTESIAN_POINT('',(96.873432,-46.588548,-0.11));
#1420 = VECTOR('',#1421,1.);
#1421 = DIRECTION('',(-0.917063824874,-0.39874044328,0.));
#1422 = ORIENTED_EDGE('',*,*,#1423,.T.);
#1423 = EDGE_CURVE('',#1416,#1424,#1426,.T.);
#1424 = VERTEX_POINT('',#1425);
#1425 = CARTESIAN_POINT('',(96.747579,-46.666298,-0.11));
#1426 = LINE('',#1427,#1428);
#1427 = CARTESIAN_POINT('',(96.803239,-46.619068,-0.11));
#1428 = VECTOR('',#1429,1.);
#1429 = DIRECTION('',(-0.762486607983,-0.647003997396,0.));
#1430 = ORIENTED_EDGE('',*,*,#1431,.T.);
#1431 = EDGE_CURVE('',#1424,#1432,#1434,.T.);
#1432 = VERTEX_POINT('',#1433);
#1433 = CARTESIAN_POINT('',(96.714314,-46.727683,-0.11));
#1434 = LINE('',#1435,#1436);
#1435 = CARTESIAN_POINT('',(96.747579,-46.666298,-0.11));
#1436 = VECTOR('',#1437,1.);
#1437 = DIRECTION('',(-0.476446938933,-0.879203227008,0.));
#1438 = ORIENTED_EDGE('',*,*,#1439,.T.);
#1439 = EDGE_CURVE('',#1432,#1440,#1442,.T.);
#1440 = VERTEX_POINT('',#1441);
#1441 = CARTESIAN_POINT('',(96.702489,-46.807941,-0.11));
#1442 = LINE('',#1443,#1444);
#1443 = CARTESIAN_POINT('',(96.714314,-46.727683,-0.11));
#1444 = VECTOR('',#1445,1.);
#1445 = DIRECTION('',(-0.14576369122,-0.989319435937,0.));
#1446 = ORIENTED_EDGE('',*,*,#1447,.T.);
#1447 = EDGE_CURVE('',#1440,#1448,#1450,.T.);
#1448 = VERTEX_POINT('',#1449);
#1449 = CARTESIAN_POINT('',(96.702489,-46.851331,-0.11));
#1450 = LINE('',#1451,#1452);
#1451 = CARTESIAN_POINT('',(96.702489,-46.807941,-0.11));
#1452 = VECTOR('',#1453,1.);
#1453 = DIRECTION('',(0.,-1.,0.));
#1454 = ORIENTED_EDGE('',*,*,#1455,.T.);
#1455 = EDGE_CURVE('',#1448,#1456,#1458,.T.);
#1456 = VERTEX_POINT('',#1457);
#1457 = CARTESIAN_POINT('',(97.019516,-46.851331,-0.11));
#1458 = LINE('',#1459,#1460);
#1459 = CARTESIAN_POINT('',(96.702489,-46.851331,-0.11));
#1460 = VECTOR('',#1461,1.);
#1461 = DIRECTION('',(1.,0.,0.));
#1462 = ORIENTED_EDGE('',*,*,#1463,.T.);
#1463 = EDGE_CURVE('',#1456,#1464,#1466,.T.);
#1464 = VERTEX_POINT('',#1465);
#1465 = CARTESIAN_POINT('',(97.245387,-46.86214,-0.11));
#1466 = LINE('',#1467,#1468);
#1467 = CARTESIAN_POINT('',(97.019516,-46.851331,-0.11));
#1468 = VECTOR('',#1469,1.);
#1469 = DIRECTION('',(0.998856924426,-4.780004735495E-02,0.));
#1470 = ORIENTED_EDGE('',*,*,#1471,.T.);
#1471 = EDGE_CURVE('',#1464,#1472,#1474,.T.);
#1472 = VERTEX_POINT('',#1473);
#1473 = CARTESIAN_POINT('',(97.421373,-46.891259,-0.11));
#1474 = LINE('',#1475,#1476);
#1475 = CARTESIAN_POINT('',(97.245387,-46.86214,-0.11));
#1476 = VECTOR('',#1477,1.);
#1477 = DIRECTION('',(0.986585972865,-0.16324251329,0.));
#1478 = ORIENTED_EDGE('',*,*,#1479,.T.);
#1479 = EDGE_CURVE('',#1472,#1480,#1482,.T.);
#1480 = VERTEX_POINT('',#1481);
#1481 = CARTESIAN_POINT('',(97.556594,-46.934549,-0.11));
#1482 = LINE('',#1483,#1484);
#1483 = CARTESIAN_POINT('',(97.421373,-46.891259,-0.11));
#1484 = VECTOR('',#1485,1.);
#1485 = DIRECTION('',(0.952384722006,-0.304898903392,0.));
#1486 = ORIENTED_EDGE('',*,*,#1487,.T.);
#1487 = EDGE_CURVE('',#1480,#1488,#1490,.T.);
#1488 = VERTEX_POINT('',#1489);
#1489 = CARTESIAN_POINT('',(97.658944,-46.989157,-0.11));
#1490 = LINE('',#1491,#1492);
#1491 = CARTESIAN_POINT('',(97.556594,-46.934549,-0.11));
#1492 = VECTOR('',#1493,1.);
#1493 = DIRECTION('',(0.882276570773,-0.470731401825,0.));
#1494 = ORIENTED_EDGE('',*,*,#1495,.T.);
#1495 = EDGE_CURVE('',#1488,#1496,#1498,.T.);
#1496 = VERTEX_POINT('',#1497);
#1497 = CARTESIAN_POINT('',(97.746416,-47.066029,-0.11));
#1498 = LINE('',#1499,#1500);
#1499 = CARTESIAN_POINT('',(97.658944,-46.989157,-0.11));
#1500 = VECTOR('',#1501,1.);
#1501 = DIRECTION('',(0.751153543446,-0.660127528716,0.));
#1502 = ORIENTED_EDGE('',*,*,#1503,.T.);
#1503 = EDGE_CURVE('',#1496,#1504,#1506,.T.);
#1504 = VERTEX_POINT('',#1505);
#1505 = CARTESIAN_POINT('',(97.809131,-47.160978,-0.11));
#1506 = LINE('',#1507,#1508);
#1507 = CARTESIAN_POINT('',(97.746416,-47.066029,-0.11));
#1508 = VECTOR('',#1509,1.);
#1509 = DIRECTION('',(0.551140044915,-0.834412758107,0.));
#1510 = ORIENTED_EDGE('',*,*,#1511,.T.);
#1511 = EDGE_CURVE('',#1504,#1512,#1514,.T.);
#1512 = VERTEX_POINT('',#1513);
#1513 = CARTESIAN_POINT('',(97.848502,-47.277731,-0.11));
#1514 = LINE('',#1515,#1516);
#1515 = CARTESIAN_POINT('',(97.809131,-47.160978,-0.11));
#1516 = VECTOR('',#1517,1.);
#1517 = DIRECTION('',(0.319537189971,-0.947573735508,0.));
#1518 = ORIENTED_EDGE('',*,*,#1519,.T.);
#1519 = EDGE_CURVE('',#1512,#1520,#1522,.T.);
#1520 = VERTEX_POINT('',#1521);
#1521 = CARTESIAN_POINT('',(97.862594,-47.422114,-0.11));
#1522 = LINE('',#1523,#1524);
#1523 = CARTESIAN_POINT('',(97.848502,-47.277731,-0.11));
#1524 = VECTOR('',#1525,1.);
#1525 = DIRECTION('',(9.713993460108E-02,-0.995270733572,0.));
#1526 = ORIENTED_EDGE('',*,*,#1527,.T.);
#1527 = EDGE_CURVE('',#1520,#1528,#1530,.T.);
#1528 = VERTEX_POINT('',#1529);
#1529 = CARTESIAN_POINT('',(97.851849,-47.540803,-0.11));
#1530 = LINE('',#1531,#1532);
#1531 = CARTESIAN_POINT('',(97.862594,-47.422114,-0.11));
#1532 = VECTOR('',#1533,1.);
#1533 = DIRECTION('',(-9.016199337855E-02,-0.995927113272,0.));
#1534 = ORIENTED_EDGE('',*,*,#1535,.T.);
#1535 = EDGE_CURVE('',#1528,#1536,#1538,.T.);
#1536 = VERTEX_POINT('',#1537);
#1537 = CARTESIAN_POINT('',(97.699647,-47.816921,-0.11));
#1538 = CIRCLE('',#1539,0.496958754245);
#1539 = AXIS2_PLACEMENT_3D('',#1540,#1541,#1542);
#1540 = CARTESIAN_POINT('',(97.363007220934,-47.45135067493,-0.11));
#1541 = DIRECTION('',(0.,0.,-1.));
#1542 = DIRECTION('',(0.983666702499,-0.179999495541,0.));
#1543 = ORIENTED_EDGE('',*,*,#1544,.T.);
#1544 = EDGE_CURVE('',#1536,#1545,#1547,.T.);
#1545 = VERTEX_POINT('',#1546);
#1546 = CARTESIAN_POINT('',(97.613994,-47.882203,-0.11));
#1547 = LINE('',#1548,#1549);
#1548 = CARTESIAN_POINT('',(97.699647,-47.816921,-0.11));
#1549 = VECTOR('',#1550,1.);
#1550 = DIRECTION('',(-0.795330674245,-0.606175814929,0.));
#1551 = ORIENTED_EDGE('',*,*,#1552,.T.);
#1552 = EDGE_CURVE('',#1545,#1553,#1555,.T.);
#1553 = VERTEX_POINT('',#1554);
#1554 = CARTESIAN_POINT('',(97.51631,-47.929388,-0.11));
#1555 = LINE('',#1556,#1557);
#1556 = CARTESIAN_POINT('',(97.613994,-47.882203,-0.11));
#1557 = VECTOR('',#1558,1.);
#1558 = DIRECTION('',(-0.90045342411,-0.434952446835,0.));
#1559 = ORIENTED_EDGE('',*,*,#1560,.T.);
#1560 = EDGE_CURVE('',#1553,#1561,#1563,.T.);
#1561 = VERTEX_POINT('',#1562);
#1562 = CARTESIAN_POINT('',(97.404318,-47.958715,-0.11));
#1563 = LINE('',#1564,#1565);
#1564 = CARTESIAN_POINT('',(97.51631,-47.929388,-0.11));
#1565 = VECTOR('',#1566,1.);
#1566 = DIRECTION('',(-0.967381195243,-0.25332513316,0.));
#1567 = ORIENTED_EDGE('',*,*,#1568,.T.);
#1568 = EDGE_CURVE('',#1561,#1569,#1571,.T.);
#1569 = VERTEX_POINT('',#1570);
#1570 = CARTESIAN_POINT('',(97.275019,-47.968986,-0.11));
#1571 = LINE('',#1572,#1573);
#1572 = CARTESIAN_POINT('',(97.404318,-47.958715,-0.11));
#1573 = VECTOR('',#1574,1.);
#1574 = DIRECTION('',(-0.996859811453,-7.918659172492E-02,0.));
#1575 = ORIENTED_EDGE('',*,*,#1576,.T.);
#1576 = EDGE_CURVE('',#1569,#1577,#1579,.T.);
#1577 = VERTEX_POINT('',#1578);
#1578 = CARTESIAN_POINT('',(97.147285,-47.960555,-0.11));
#1579 = LINE('',#1580,#1581);
#1580 = CARTESIAN_POINT('',(97.275019,-47.968986,-0.11));
#1581 = VECTOR('',#1582,1.);
#1582 = DIRECTION('',(-0.997828804368,6.586104443317E-02,0.));
#1583 = ORIENTED_EDGE('',*,*,#1584,.T.);
#1584 = EDGE_CURVE('',#1577,#1585,#1587,.T.);
#1585 = VERTEX_POINT('',#1586);
#1586 = CARTESIAN_POINT('',(97.038592,-47.936784,-0.11));
#1587 = LINE('',#1588,#1589);
#1588 = CARTESIAN_POINT('',(97.147285,-47.960555,-0.11));
#1589 = VECTOR('',#1590,1.);
#1590 = DIRECTION('',(-0.976910511752,0.213648898962,0.));
#1591 = ORIENTED_EDGE('',*,*,#1592,.T.);
#1592 = EDGE_CURVE('',#1585,#1593,#1595,.T.);
#1593 = VERTEX_POINT('',#1594);
#1594 = CARTESIAN_POINT('',(96.945901,-47.899267,-0.11));
#1595 = LINE('',#1596,#1597);
#1596 = CARTESIAN_POINT('',(97.038592,-47.936784,-0.11));
#1597 = VECTOR('',#1598,1.);
#1598 = DIRECTION('',(-0.926949545902,0.375186006339,0.));
#1599 = ORIENTED_EDGE('',*,*,#1600,.T.);
#1600 = EDGE_CURVE('',#1593,#1601,#1603,.T.);
#1601 = VERTEX_POINT('',#1602);
#1602 = CARTESIAN_POINT('',(96.861488,-47.845662,-0.11));
#1603 = LINE('',#1604,#1605);
#1604 = CARTESIAN_POINT('',(96.945901,-47.899267,-0.11));
#1605 = VECTOR('',#1606,1.);
#1606 = DIRECTION('',(-0.844170073958,0.536075448266,0.));
#1607 = ORIENTED_EDGE('',*,*,#1608,.T.);
#1608 = EDGE_CURVE('',#1601,#1609,#1611,.T.);
#1609 = VERTEX_POINT('',#1610);
#1610 = CARTESIAN_POINT('',(96.780496,-47.772432,-0.11));
#1611 = LINE('',#1612,#1613);
#1612 = CARTESIAN_POINT('',(96.861488,-47.845662,-0.11));
#1613 = VECTOR('',#1614,1.);
#1614 = DIRECTION('',(-0.741756613813,0.670669162751,0.));
#1615 = ORIENTED_EDGE('',*,*,#1616,.T.);
#1616 = EDGE_CURVE('',#1609,#1617,#1619,.T.);
#1617 = VERTEX_POINT('',#1618);
#1618 = CARTESIAN_POINT('',(96.702489,-47.676676,-0.11));
#1619 = LINE('',#1620,#1621);
#1620 = CARTESIAN_POINT('',(96.780496,-47.772432,-0.11));
#1621 = VECTOR('',#1622,1.);
#1622 = DIRECTION('',(-0.631593109657,0.775300034718,0.));
#1623 = ORIENTED_EDGE('',*,*,#1624,.T.);
#1624 = EDGE_CURVE('',#1617,#1625,#1627,.T.);
#1625 = VERTEX_POINT('',#1626);
#1626 = CARTESIAN_POINT('',(96.702489,-47.926,-0.11));
#1627 = LINE('',#1628,#1629);
#1628 = CARTESIAN_POINT('',(96.702489,-47.676676,-0.11));
#1629 = VECTOR('',#1630,1.);
#1630 = DIRECTION('',(0.,-1.,0.));
#1631 = ORIENTED_EDGE('',*,*,#1632,.T.);
#1632 = EDGE_CURVE('',#1625,#1633,#1635,.T.);
#1633 = VERTEX_POINT('',#1634);
#1634 = CARTESIAN_POINT('',(96.159916,-47.926,-0.11));
#1635 = LINE('',#1636,#1637);
#1636 = CARTESIAN_POINT('',(96.702489,-47.926,-0.11));
#1637 = VECTOR('',#1638,1.);
#1638 = DIRECTION('',(-1.,0.,0.));
#1639 = ORIENTED_EDGE('',*,*,#1640,.T.);
#1640 = EDGE_CURVE('',#1633,#1641,#1643,.T.);
#1641 = VERTEX_POINT('',#1642);
#1642 = CARTESIAN_POINT('',(96.159916,-46.967798,-0.11));
#1643 = LINE('',#1644,#1645);
#1644 = CARTESIAN_POINT('',(96.159916,-47.926,-0.11));
#1645 = VECTOR('',#1646,1.);
#1646 = DIRECTION('',(0.,1.,0.));
#1647 = ORIENTED_EDGE('',*,*,#1648,.T.);
#1648 = EDGE_CURVE('',#1641,#1649,#1651,.T.);
#1649 = VERTEX_POINT('',#1650);
#1650 = CARTESIAN_POINT('',(96.175009,-46.761922,-0.11));
#1651 = LINE('',#1652,#1653);
#1652 = CARTESIAN_POINT('',(96.159916,-46.967798,-0.11));
#1653 = VECTOR('',#1654,1.);
#1654 = DIRECTION('',(7.311490383794E-02,0.997323523656,0.));
#1655 = ORIENTED_EDGE('',*,*,#1656,.T.);
#1656 = EDGE_CURVE('',#1649,#1657,#1659,.T.);
#1657 = VERTEX_POINT('',#1658);
#1658 = CARTESIAN_POINT('',(96.216134,-46.600831,-0.11));
#1659 = LINE('',#1660,#1661);
#1660 = CARTESIAN_POINT('',(96.175009,-46.761922,-0.11));
#1661 = VECTOR('',#1662,1.);
#1662 = DIRECTION('',(0.247357174382,0.968924366647,0.));
#1663 = ORIENTED_EDGE('',*,*,#1664,.T.);
#1664 = EDGE_CURVE('',#1657,#1665,#1667,.T.);
#1665 = VERTEX_POINT('',#1666);
#1666 = CARTESIAN_POINT('',(96.278977,-46.475511,-0.11));
#1667 = LINE('',#1668,#1669);
#1668 = CARTESIAN_POINT('',(96.216134,-46.600831,-0.11));
#1669 = VECTOR('',#1670,1.);
#1670 = DIRECTION('',(0.448257558261,0.893904447613,0.));
#1671 = ORIENTED_EDGE('',*,*,#1672,.T.);
#1672 = EDGE_CURVE('',#1665,#1673,#1675,.T.);
#1673 = VERTEX_POINT('',#1674);
#1674 = CARTESIAN_POINT('',(96.362088,-46.379014,-0.11));
#1675 = LINE('',#1676,#1677);
#1676 = CARTESIAN_POINT('',(96.278977,-46.475511,-0.11));
#1677 = VECTOR('',#1678,1.);
#1678 = DIRECTION('',(0.652596901071,0.757705275627,0.));
#1679 = ORIENTED_EDGE('',*,*,#1680,.T.);
#1680 = EDGE_CURVE('',#1673,#1681,#1683,.T.);
#1681 = VERTEX_POINT('',#1682);
#1682 = CARTESIAN_POINT('',(96.466543,-46.306309,-0.11));
#1683 = LINE('',#1684,#1685);
#1684 = CARTESIAN_POINT('',(96.362088,-46.379014,-0.11));
#1685 = VECTOR('',#1686,1.);
#1686 = DIRECTION('',(0.820755430585,0.571279724098,0.));
#1687 = ORIENTED_EDGE('',*,*,#1688,.T.);
#1688 = EDGE_CURVE('',#1681,#1340,#1689,.T.);
#1689 = LINE('',#1690,#1691);
#1690 = CARTESIAN_POINT('',(96.466543,-46.306309,-0.11));
#1691 = VECTOR('',#1692,1.);
#1692 = DIRECTION('',(0.925588177896,0.378532065932,0.));
#1693 = FACE_BOUND('',#1694,.T.);
#1694 = EDGE_LOOP('',(#1695,#1705,#1713,#1721,#1729,#1737,#1745,#1754,
    #1762,#1770,#1778,#1786,#1794,#1802,#1810,#1818,#1826,#1834));
#1695 = ORIENTED_EDGE('',*,*,#1696,.T.);
#1696 = EDGE_CURVE('',#1697,#1699,#1701,.T.);
#1697 = VERTEX_POINT('',#1698);
#1698 = CARTESIAN_POINT('',(97.093528,-47.176927,-0.11));
#1699 = VERTEX_POINT('',#1700);
#1700 = CARTESIAN_POINT('',(96.982037,-47.169433,-0.11));
#1701 = LINE('',#1702,#1703);
#1702 = CARTESIAN_POINT('',(97.093528,-47.176927,-0.11));
#1703 = VECTOR('',#1704,1.);
#1704 = DIRECTION('',(-0.997748618014,6.706485853925E-02,0.));
#1705 = ORIENTED_EDGE('',*,*,#1706,.T.);
#1706 = EDGE_CURVE('',#1699,#1707,#1709,.T.);
#1707 = VERTEX_POINT('',#1708);
#1708 = CARTESIAN_POINT('',(96.702489,-47.169433,-0.11));
#1709 = LINE('',#1710,#1711);
#1710 = CARTESIAN_POINT('',(96.982037,-47.169433,-0.11));
#1711 = VECTOR('',#1712,1.);
#1712 = DIRECTION('',(-1.,0.,0.));
#1713 = ORIENTED_EDGE('',*,*,#1714,.T.);
#1714 = EDGE_CURVE('',#1707,#1715,#1717,.T.);
#1715 = VERTEX_POINT('',#1716);
#1716 = CARTESIAN_POINT('',(96.702489,-47.23042,-0.11));
#1717 = LINE('',#1718,#1719);
#1718 = CARTESIAN_POINT('',(96.702489,-47.169433,-0.11));
#1719 = VECTOR('',#1720,1.);
#1720 = DIRECTION('',(0.,-1.,0.));
#1721 = ORIENTED_EDGE('',*,*,#1722,.T.);
#1722 = EDGE_CURVE('',#1715,#1723,#1725,.T.);
#1723 = VERTEX_POINT('',#1724);
#1724 = CARTESIAN_POINT('',(96.714458,-47.334232,-0.11));
#1725 = LINE('',#1726,#1727);
#1726 = CARTESIAN_POINT('',(96.702489,-47.23042,-0.11));
#1727 = VECTOR('',#1728,1.);
#1728 = DIRECTION('',(0.11453620871,-0.993419074155,0.));
#1729 = ORIENTED_EDGE('',*,*,#1730,.T.);
#1730 = EDGE_CURVE('',#1723,#1731,#1733,.T.);
#1731 = VERTEX_POINT('',#1732);
#1732 = CARTESIAN_POINT('',(96.748961,-47.422999,-0.11));
#1733 = LINE('',#1734,#1735);
#1734 = CARTESIAN_POINT('',(96.714458,-47.334232,-0.11));
#1735 = VECTOR('',#1736,1.);
#1736 = DIRECTION('',(0.362286642314,-0.9320667298,0.));
#1737 = ORIENTED_EDGE('',*,*,#1738,.T.);
#1738 = EDGE_CURVE('',#1731,#1739,#1741,.T.);
#1739 = VERTEX_POINT('',#1740);
#1740 = CARTESIAN_POINT('',(96.806195,-47.500162,-0.11));
#1741 = LINE('',#1742,#1743);
#1742 = CARTESIAN_POINT('',(96.748961,-47.422999,-0.11));
#1743 = VECTOR('',#1744,1.);
#1744 = DIRECTION('',(0.595739721754,-0.80317755442,0.));
#1745 = ORIENTED_EDGE('',*,*,#1746,.T.);
#1746 = EDGE_CURVE('',#1739,#1747,#1749,.T.);
#1747 = VERTEX_POINT('',#1748);
#1748 = CARTESIAN_POINT('',(97.061697,-47.607898,-0.11));
#1749 = CIRCLE('',#1750,0.341255452393);
#1750 = AXIS2_PLACEMENT_3D('',#1751,#1752,#1753);
#1751 = CARTESIAN_POINT('',(97.055100058476,-47.26670631758,-0.11));
#1752 = DIRECTION('',(0.,0.,1.));
#1753 = DIRECTION('',(-0.729380458924,-0.684108285391,0.));
#1754 = ORIENTED_EDGE('',*,*,#1755,.T.);
#1755 = EDGE_CURVE('',#1747,#1756,#1758,.T.);
#1756 = VERTEX_POINT('',#1757);
#1757 = CARTESIAN_POINT('',(97.140954,-47.600771,-0.11));
#1758 = LINE('',#1759,#1760);
#1759 = CARTESIAN_POINT('',(97.061697,-47.607898,-0.11));
#1760 = VECTOR('',#1761,1.);
#1761 = DIRECTION('',(0.995981313132,8.956128567432E-02,0.));
#1762 = ORIENTED_EDGE('',*,*,#1763,.T.);
#1763 = EDGE_CURVE('',#1756,#1764,#1766,.T.);
#1764 = VERTEX_POINT('',#1765);
#1765 = CARTESIAN_POINT('',(97.203086,-47.581195,-0.11));
#1766 = LINE('',#1767,#1768);
#1767 = CARTESIAN_POINT('',(97.140954,-47.600771,-0.11));
#1768 = VECTOR('',#1769,1.);
#1769 = DIRECTION('',(0.953779200008,0.300508298773,0.));
#1770 = ORIENTED_EDGE('',*,*,#1771,.T.);
#1771 = EDGE_CURVE('',#1764,#1772,#1774,.T.);
#1772 = VERTEX_POINT('',#1773);
#1773 = CARTESIAN_POINT('',(97.251779,-47.550672,-0.11));
#1774 = LINE('',#1775,#1776);
#1775 = CARTESIAN_POINT('',(97.203086,-47.581195,-0.11));
#1776 = VECTOR('',#1777,1.);
#1777 = DIRECTION('',(0.847294685334,0.531123070676,0.));
#1778 = ORIENTED_EDGE('',*,*,#1779,.T.);
#1779 = EDGE_CURVE('',#1772,#1780,#1782,.T.);
#1780 = VERTEX_POINT('',#1781);
#1781 = CARTESIAN_POINT('',(97.289319,-47.508355,-0.11));
#1782 = LINE('',#1783,#1784);
#1783 = CARTESIAN_POINT('',(97.251779,-47.550672,-0.11));
#1784 = VECTOR('',#1785,1.);
#1785 = DIRECTION('',(0.663621778736,0.748068268801,0.));
#1786 = ORIENTED_EDGE('',*,*,#1787,.T.);
#1787 = EDGE_CURVE('',#1780,#1788,#1790,.T.);
#1788 = VERTEX_POINT('',#1789);
#1789 = CARTESIAN_POINT('',(97.312108,-47.456581,-0.11));
#1790 = LINE('',#1791,#1792);
#1791 = CARTESIAN_POINT('',(97.289319,-47.508355,-0.11));
#1792 = VECTOR('',#1793,1.);
#1793 = DIRECTION('',(0.402863612352,0.915260023077,0.));
#1794 = ORIENTED_EDGE('',*,*,#1795,.T.);
#1795 = EDGE_CURVE('',#1788,#1796,#1798,.T.);
#1796 = VERTEX_POINT('',#1797);
#1797 = CARTESIAN_POINT('',(97.320155,-47.392427,-0.11));
#1798 = LINE('',#1799,#1800);
#1799 = CARTESIAN_POINT('',(97.312108,-47.456581,-0.11));
#1800 = VECTOR('',#1801,1.);
#1801 = DIRECTION('',(0.124457310226,0.992224963368,0.));
#1802 = ORIENTED_EDGE('',*,*,#1803,.T.);
#1803 = EDGE_CURVE('',#1796,#1804,#1806,.T.);
#1804 = VERTEX_POINT('',#1805);
#1805 = CARTESIAN_POINT('',(97.310282,-47.323624,-0.11));
#1806 = LINE('',#1807,#1808);
#1807 = CARTESIAN_POINT('',(97.320155,-47.392427,-0.11));
#1808 = VECTOR('',#1809,1.);
#1809 = DIRECTION('',(-0.142041690842,0.989860676087,0.));
#1810 = ORIENTED_EDGE('',*,*,#1811,.T.);
#1811 = EDGE_CURVE('',#1804,#1812,#1814,.T.);
#1812 = VERTEX_POINT('',#1813);
#1813 = CARTESIAN_POINT('',(97.282257,-47.26934,-0.11));
#1814 = LINE('',#1815,#1816);
#1815 = CARTESIAN_POINT('',(97.310282,-47.323624,-0.11));
#1816 = VECTOR('',#1817,1.);
#1817 = DIRECTION('',(-0.458739234168,0.888570939788,0.));
#1818 = ORIENTED_EDGE('',*,*,#1819,.T.);
#1819 = EDGE_CURVE('',#1812,#1820,#1822,.T.);
#1820 = VERTEX_POINT('',#1821);
#1821 = CARTESIAN_POINT('',(97.235256,-47.225987,-0.11));
#1822 = LINE('',#1823,#1824);
#1823 = CARTESIAN_POINT('',(97.282257,-47.26934,-0.11));
#1824 = VECTOR('',#1825,1.);
#1825 = DIRECTION('',(-0.735057017759,0.678005295439,0.));
#1826 = ORIENTED_EDGE('',*,*,#1827,.T.);
#1827 = EDGE_CURVE('',#1820,#1828,#1830,.T.);
#1828 = VERTEX_POINT('',#1829);
#1829 = CARTESIAN_POINT('',(97.175717,-47.196753,-0.11));
#1830 = LINE('',#1831,#1832);
#1831 = CARTESIAN_POINT('',(97.235256,-47.225987,-0.11));
#1832 = VECTOR('',#1833,1.);
#1833 = DIRECTION('',(-0.897633234142,0.440743209777,0.));
#1834 = ORIENTED_EDGE('',*,*,#1835,.T.);
#1835 = EDGE_CURVE('',#1828,#1697,#1836,.T.);
#1836 = LINE('',#1837,#1838);
#1837 = CARTESIAN_POINT('',(97.175717,-47.196753,-0.11));
#1838 = VECTOR('',#1839,1.);
#1839 = DIRECTION('',(-0.972116525422,0.234498317695,0.));
#1840 = PLANE('',#1841);
#1841 = AXIS2_PLACEMENT_3D('',#1842,#1843,#1844);
#1842 = CARTESIAN_POINT('',(0.,0.,-0.11));
#1843 = DIRECTION('',(-0.,-0.,-1.));
#1844 = DIRECTION('',(-1.,0.,0.));
#1845 = SHELL_BASED_SURFACE_MODEL('',(#1846));
#1846 = OPEN_SHELL('',(#1847));
#1847 = ADVANCED_FACE('',(#1848,#2151),#2227,.T.);
#1848 = FACE_BOUND('',#1849,.T.);
#1849 = EDGE_LOOP('',(#1850,#1861,#1869,#1877,#1885,#1893,#1901,#1910,
    #1918,#1926,#1934,#1942,#1950,#1958,#1967,#1975,#1983,#1991,#1999,
    #2007,#2015,#2023,#2031,#2039,#2047,#2055,#2063,#2071,#2079,#2087,
    #2095,#2104,#2112,#2120,#2128,#2136,#2145));
#1850 = ORIENTED_EDGE('',*,*,#1851,.T.);
#1851 = EDGE_CURVE('',#1852,#1854,#1856,.T.);
#1852 = VERTEX_POINT('',#1853);
#1853 = CARTESIAN_POINT('',(104.034146,-46.436778,-0.11));
#1854 = VERTEX_POINT('',#1855);
#1855 = CARTESIAN_POINT('',(104.369497,-46.238354,-0.11));
#1856 = CIRCLE('',#1857,0.775636668072);
#1857 = AXIS2_PLACEMENT_3D('',#1858,#1859,#1860);
#1858 = CARTESIAN_POINT('',(104.58413387678,-46.98370173896,-0.11));
#1859 = DIRECTION('',(0.,0.,-1.));
#1860 = DIRECTION('',(-0.709079262789,0.705128781914,0.));
#1861 = ORIENTED_EDGE('',*,*,#1862,.T.);
#1862 = EDGE_CURVE('',#1854,#1863,#1865,.T.);
#1863 = VERTEX_POINT('',#1864);
#1864 = CARTESIAN_POINT('',(104.510054,-46.208385,-0.11));
#1865 = LINE('',#1866,#1867);
#1866 = CARTESIAN_POINT('',(104.369497,-46.238354,-0.11));
#1867 = VECTOR('',#1868,1.);
#1868 = DIRECTION('',(0.978016247309,0.208528703057,0.));
#1869 = ORIENTED_EDGE('',*,*,#1870,.T.);
#1870 = EDGE_CURVE('',#1863,#1871,#1873,.T.);
#1871 = VERTEX_POINT('',#1872);
#1872 = CARTESIAN_POINT('',(104.669141,-46.197933,-0.11));
#1873 = LINE('',#1874,#1875);
#1874 = CARTESIAN_POINT('',(104.510054,-46.208385,-0.11));
#1875 = VECTOR('',#1876,1.);
#1876 = DIRECTION('',(0.997848723518,6.555856140484E-02,0.));
#1877 = ORIENTED_EDGE('',*,*,#1878,.T.);
#1878 = EDGE_CURVE('',#1871,#1879,#1881,.T.);
#1879 = VERTEX_POINT('',#1880);
#1880 = CARTESIAN_POINT('',(104.84569,-46.208582,-0.11));
#1881 = LINE('',#1882,#1883);
#1882 = CARTESIAN_POINT('',(104.669141,-46.197933,-0.11));
#1883 = VECTOR('',#1884,1.);
#1884 = DIRECTION('',(0.998185846351,-6.020810697194E-02,0.));
#1885 = ORIENTED_EDGE('',*,*,#1886,.T.);
#1886 = EDGE_CURVE('',#1879,#1887,#1889,.T.);
#1887 = VERTEX_POINT('',#1888);
#1888 = CARTESIAN_POINT('',(104.999427,-46.238869,-0.11));
#1889 = LINE('',#1890,#1891);
#1890 = CARTESIAN_POINT('',(104.84569,-46.208582,-0.11));
#1891 = VECTOR('',#1892,1.);
#1892 = DIRECTION('',(0.981141653579,-0.193290081516,0.));
#1893 = ORIENTED_EDGE('',*,*,#1894,.T.);
#1894 = EDGE_CURVE('',#1887,#1895,#1897,.T.);
#1895 = VERTEX_POINT('',#1896);
#1896 = CARTESIAN_POINT('',(105.133609,-46.286987,-0.11));
#1897 = LINE('',#1898,#1899);
#1898 = CARTESIAN_POINT('',(104.999427,-46.238869,-0.11));
#1899 = VECTOR('',#1900,1.);
#1900 = DIRECTION('',(0.941305930434,-0.337554655323,0.));
#1901 = ORIENTED_EDGE('',*,*,#1902,.T.);
#1902 = EDGE_CURVE('',#1895,#1903,#1905,.T.);
#1903 = VERTEX_POINT('',#1904);
#1904 = CARTESIAN_POINT('',(105.441239,-46.533288,-0.11));
#1905 = CIRCLE('',#1906,0.782323284791);
#1906 = AXIS2_PLACEMENT_3D('',#1907,#1908,#1909);
#1907 = CARTESIAN_POINT('',(104.81423490166,-47.0011507818,-0.11));
#1908 = DIRECTION('',(0.,0.,-1.));
#1909 = DIRECTION('',(0.408238006646,0.912875528169,0.));
#1910 = ORIENTED_EDGE('',*,*,#1911,.T.);
#1911 = EDGE_CURVE('',#1903,#1912,#1914,.T.);
#1912 = VERTEX_POINT('',#1913);
#1913 = CARTESIAN_POINT('',(105.509764,-46.645441,-0.11));
#1914 = LINE('',#1915,#1916);
#1915 = CARTESIAN_POINT('',(105.441239,-46.533288,-0.11));
#1916 = VECTOR('',#1917,1.);
#1917 = DIRECTION('',(0.521378298835,-0.85332565267,0.));
#1918 = ORIENTED_EDGE('',*,*,#1919,.T.);
#1919 = EDGE_CURVE('',#1912,#1920,#1922,.T.);
#1920 = VERTEX_POINT('',#1921);
#1921 = CARTESIAN_POINT('',(105.559961,-46.772708,-0.11));
#1922 = LINE('',#1923,#1924);
#1923 = CARTESIAN_POINT('',(105.509764,-46.645441,-0.11));
#1924 = VECTOR('',#1925,1.);
#1925 = DIRECTION('',(0.366913724576,-0.93025497511,0.));
#1926 = ORIENTED_EDGE('',*,*,#1927,.T.);
#1927 = EDGE_CURVE('',#1920,#1928,#1930,.T.);
#1928 = VERTEX_POINT('',#1929);
#1929 = CARTESIAN_POINT('',(105.591357,-46.917668,-0.11));
#1930 = LINE('',#1931,#1932);
#1931 = CARTESIAN_POINT('',(105.559961,-46.772708,-0.11));
#1932 = VECTOR('',#1933,1.);
#1933 = DIRECTION('',(0.21167606849,-0.977339880506,0.));
#1934 = ORIENTED_EDGE('',*,*,#1935,.T.);
#1935 = EDGE_CURVE('',#1928,#1936,#1938,.T.);
#1936 = VERTEX_POINT('',#1937);
#1937 = CARTESIAN_POINT('',(105.602356,-47.083459,-0.11));
#1938 = LINE('',#1939,#1940);
#1939 = CARTESIAN_POINT('',(105.591357,-46.917668,-0.11));
#1940 = VECTOR('',#1941,1.);
#1941 = DIRECTION('',(6.619704605917E-02,-0.997806569979,0.));
#1942 = ORIENTED_EDGE('',*,*,#1943,.T.);
#1943 = EDGE_CURVE('',#1936,#1944,#1946,.T.);
#1944 = VERTEX_POINT('',#1945);
#1945 = CARTESIAN_POINT('',(105.591068,-47.252536,-0.11));
#1946 = LINE('',#1947,#1948);
#1947 = CARTESIAN_POINT('',(105.602356,-47.083459,-0.11));
#1948 = VECTOR('',#1949,1.);
#1949 = DIRECTION('',(-6.661418871666E-02,-0.997778808084,0.));
#1950 = ORIENTED_EDGE('',*,*,#1951,.T.);
#1951 = EDGE_CURVE('',#1944,#1952,#1954,.T.);
#1952 = VERTEX_POINT('',#1953);
#1953 = CARTESIAN_POINT('',(105.558949,-47.399262,-0.11));
#1954 = LINE('',#1955,#1956);
#1955 = CARTESIAN_POINT('',(105.591068,-47.252536,-0.11));
#1956 = VECTOR('',#1957,1.);
#1957 = DIRECTION('',(-0.213841026893,-0.976868473858,0.));
#1958 = ORIENTED_EDGE('',*,*,#1959,.T.);
#1959 = EDGE_CURVE('',#1952,#1960,#1962,.T.);
#1960 = VERTEX_POINT('',#1961);
#1961 = CARTESIAN_POINT('',(105.349138,-47.736321,-0.11));
#1962 = CIRCLE('',#1963,0.750723947311);
#1963 = AXIS2_PLACEMENT_3D('',#1964,#1965,#1966);
#1964 = CARTESIAN_POINT('',(104.83939457303,-47.18518754634,-0.11));
#1965 = DIRECTION('',(0.,0.,-1.));
#1966 = DIRECTION('',(0.958480716565,-0.285157353007,0.));
#1967 = ORIENTED_EDGE('',*,*,#1968,.T.);
#1968 = EDGE_CURVE('',#1960,#1969,#1971,.T.);
#1969 = VERTEX_POINT('',#1970);
#1970 = CARTESIAN_POINT('',(105.245264,-47.816527,-0.11));
#1971 = LINE('',#1972,#1973);
#1972 = CARTESIAN_POINT('',(105.349138,-47.736321,-0.11));
#1973 = VECTOR('',#1974,1.);
#1974 = DIRECTION('',(-0.79150715778,-0.611159896576,0.));
#1975 = ORIENTED_EDGE('',*,*,#1976,.T.);
#1976 = EDGE_CURVE('',#1969,#1977,#1979,.T.);
#1977 = VERTEX_POINT('',#1978);
#1978 = CARTESIAN_POINT('',(105.125074,-47.88051,-0.11));
#1979 = LINE('',#1980,#1981);
#1980 = CARTESIAN_POINT('',(105.245264,-47.816527,-0.11));
#1981 = VECTOR('',#1982,1.);
#1982 = DIRECTION('',(-0.882713544419,-0.469911479429,0.));
#1983 = ORIENTED_EDGE('',*,*,#1984,.T.);
#1984 = EDGE_CURVE('',#1977,#1985,#1987,.T.);
#1985 = VERTEX_POINT('',#1986);
#1986 = CARTESIAN_POINT('',(104.986117,-47.928149,-0.11));
#1987 = LINE('',#1988,#1989);
#1988 = CARTESIAN_POINT('',(105.125074,-47.88051,-0.11));
#1989 = VECTOR('',#1990,1.);
#1990 = DIRECTION('',(-0.945953046628,-0.324303613264,0.));
#1991 = ORIENTED_EDGE('',*,*,#1992,.T.);
#1992 = EDGE_CURVE('',#1985,#1993,#1995,.T.);
#1993 = VERTEX_POINT('',#1994);
#1994 = CARTESIAN_POINT('',(104.825311,-47.958325,-0.11));
#1995 = LINE('',#1996,#1997);
#1996 = CARTESIAN_POINT('',(104.986117,-47.928149,-0.11));
#1997 = VECTOR('',#1998,1.);
#1998 = DIRECTION('',(-0.98284463741,-0.184435405262,0.));
#1999 = ORIENTED_EDGE('',*,*,#2000,.T.);
#2000 = EDGE_CURVE('',#1993,#2001,#2003,.T.);
#2001 = VERTEX_POINT('',#2002);
#2002 = CARTESIAN_POINT('',(104.63905,-47.968986,-0.11));
#2003 = LINE('',#2004,#2005);
#2004 = CARTESIAN_POINT('',(104.825311,-47.958325,-0.11));
#2005 = VECTOR('',#2006,1.);
#2006 = DIRECTION('',(-0.998365983085,-5.714336197953E-02,0.));
#2007 = ORIENTED_EDGE('',*,*,#2008,.T.);
#2008 = EDGE_CURVE('',#2001,#2009,#2011,.T.);
#2009 = VERTEX_POINT('',#2010);
#2010 = CARTESIAN_POINT('',(104.448649,-47.95926,-0.11));
#2011 = LINE('',#2012,#2013);
#2012 = CARTESIAN_POINT('',(104.63905,-47.968986,-0.11));
#2013 = VECTOR('',#2014,1.);
#2014 = DIRECTION('',(-0.998697879476,5.101515000334E-02,0.));
#2015 = ORIENTED_EDGE('',*,*,#2016,.T.);
#2016 = EDGE_CURVE('',#2009,#2017,#2019,.T.);
#2017 = VERTEX_POINT('',#2018);
#2018 = CARTESIAN_POINT('',(104.257409,-47.929895,-0.11));
#2019 = LINE('',#2020,#2021);
#2020 = CARTESIAN_POINT('',(104.448649,-47.95926,-0.11));
#2021 = VECTOR('',#2022,1.);
#2022 = DIRECTION('',(-0.988415573368,0.151771717799,0.));
#2023 = ORIENTED_EDGE('',*,*,#2024,.T.);
#2024 = EDGE_CURVE('',#2017,#2025,#2027,.T.);
#2025 = VERTEX_POINT('',#2026);
#2026 = CARTESIAN_POINT('',(104.067772,-47.881813,-0.11));
#2027 = LINE('',#2028,#2029);
#2028 = CARTESIAN_POINT('',(104.257409,-47.929895,-0.11));
#2029 = VECTOR('',#2030,1.);
#2030 = DIRECTION('',(-0.969327982458,0.245770751766,0.));
#2031 = ORIENTED_EDGE('',*,*,#2032,.T.);
#2032 = EDGE_CURVE('',#2025,#2033,#2035,.T.);
#2033 = VERTEX_POINT('',#2034);
#2034 = CARTESIAN_POINT('',(103.875633,-47.814234,-0.11));
#2035 = LINE('',#2036,#2037);
#2036 = CARTESIAN_POINT('',(104.067772,-47.881813,-0.11));
#2037 = VECTOR('',#2038,1.);
#2038 = DIRECTION('',(-0.943351525816,0.331794964911,0.));
#2039 = ORIENTED_EDGE('',*,*,#2040,.T.);
#2040 = EDGE_CURVE('',#2033,#2041,#2043,.T.);
#2041 = VERTEX_POINT('',#2042);
#2042 = CARTESIAN_POINT('',(103.875633,-47.401561,-0.11));
#2043 = LINE('',#2044,#2045);
#2044 = CARTESIAN_POINT('',(103.875633,-47.814234,-0.11));
#2045 = VECTOR('',#2046,1.);
#2046 = DIRECTION('',(0.,1.,0.));
#2047 = ORIENTED_EDGE('',*,*,#2048,.T.);
#2048 = EDGE_CURVE('',#2041,#2049,#2051,.T.);
#2049 = VERTEX_POINT('',#2050);
#2050 = CARTESIAN_POINT('',(104.064425,-47.49378,-0.11));
#2051 = LINE('',#2052,#2053);
#2052 = CARTESIAN_POINT('',(103.875633,-47.401561,-0.11));
#2053 = VECTOR('',#2054,1.);
#2054 = DIRECTION('',(0.898533251932,-0.43890545129,0.));
#2055 = ORIENTED_EDGE('',*,*,#2056,.T.);
#2056 = EDGE_CURVE('',#2049,#2057,#2059,.T.);
#2057 = VERTEX_POINT('',#2058);
#2058 = CARTESIAN_POINT('',(104.241557,-47.556717,-0.11));
#2059 = LINE('',#2060,#2061);
#2060 = CARTESIAN_POINT('',(104.064425,-47.49378,-0.11));
#2061 = VECTOR('',#2062,1.);
#2062 = DIRECTION('',(0.942287320022,-0.334805326311,0.));
#2063 = ORIENTED_EDGE('',*,*,#2064,.T.);
#2064 = EDGE_CURVE('',#2057,#2065,#2067,.T.);
#2065 = VERTEX_POINT('',#2066);
#2066 = CARTESIAN_POINT('',(104.419462,-47.595375,-0.11));
#2067 = LINE('',#2068,#2069);
#2068 = CARTESIAN_POINT('',(104.241557,-47.556717,-0.11));
#2069 = VECTOR('',#2070,1.);
#2070 = DIRECTION('',(0.977195743275,-0.212340479714,0.));
#2071 = ORIENTED_EDGE('',*,*,#2072,.T.);
#2072 = EDGE_CURVE('',#2065,#2073,#2075,.T.);
#2073 = VERTEX_POINT('',#2074);
#2074 = CARTESIAN_POINT('',(104.589481,-47.607898,-0.11));
#2075 = LINE('',#2076,#2077);
#2076 = CARTESIAN_POINT('',(104.419462,-47.595375,-0.11));
#2077 = VECTOR('',#2078,1.);
#2078 = DIRECTION('',(0.997298349884,-7.345747966754E-02,0.));
#2079 = ORIENTED_EDGE('',*,*,#2080,.T.);
#2080 = EDGE_CURVE('',#2073,#2081,#2083,.T.);
#2081 = VERTEX_POINT('',#2082);
#2082 = CARTESIAN_POINT('',(104.726813,-47.596035,-0.11));
#2083 = LINE('',#2084,#2085);
#2084 = CARTESIAN_POINT('',(104.589481,-47.607898,-0.11));
#2085 = VECTOR('',#2086,1.);
#2086 = DIRECTION('',(0.996289833724,8.606141538366E-02,0.));
#2087 = ORIENTED_EDGE('',*,*,#2088,.T.);
#2088 = EDGE_CURVE('',#2081,#2089,#2091,.T.);
#2089 = VERTEX_POINT('',#2090);
#2090 = CARTESIAN_POINT('',(104.83386,-47.563585,-0.11));
#2091 = LINE('',#2092,#2093);
#2092 = CARTESIAN_POINT('',(104.726813,-47.596035,-0.11));
#2093 = VECTOR('',#2094,1.);
#2094 = DIRECTION('',(0.95699582801,0.290101680747,0.));
#2095 = ORIENTED_EDGE('',*,*,#2096,.T.);
#2096 = EDGE_CURVE('',#2089,#2097,#2099,.T.);
#2097 = VERTEX_POINT('',#2098);
#2098 = CARTESIAN_POINT('',(105.028386,-47.350057,-0.11));
#2099 = CIRCLE('',#2100,0.346804444314);
#2100 = AXIS2_PLACEMENT_3D('',#2101,#2102,#2103);
#2101 = CARTESIAN_POINT('',(104.69804189339,-47.24448193747,-0.11));
#2102 = DIRECTION('',(0.,0.,1.));
#2103 = DIRECTION('',(0.3916273532,-0.920123913517,0.));
#2104 = ORIENTED_EDGE('',*,*,#2105,.T.);
#2105 = EDGE_CURVE('',#2097,#2106,#2108,.T.);
#2106 = VERTEX_POINT('',#2107);
#2107 = CARTESIAN_POINT('',(105.053872,-47.229614,-0.11));
#2108 = LINE('',#2109,#2110);
#2109 = CARTESIAN_POINT('',(105.028386,-47.350057,-0.11));
#2110 = VECTOR('',#2111,1.);
#2111 = DIRECTION('',(0.207018248117,0.978337081453,0.));
#2112 = ORIENTED_EDGE('',*,*,#2113,.T.);
#2113 = EDGE_CURVE('',#2106,#2114,#2116,.T.);
#2114 = VERTEX_POINT('',#2115);
#2115 = CARTESIAN_POINT('',(103.795973,-47.229614,-0.11));
#2116 = LINE('',#2117,#2118);
#2117 = CARTESIAN_POINT('',(105.053872,-47.229614,-0.11));
#2118 = VECTOR('',#2119,1.);
#2119 = DIRECTION('',(-1.,0.,0.));
#2120 = ORIENTED_EDGE('',*,*,#2121,.T.);
#2121 = EDGE_CURVE('',#2114,#2122,#2124,.T.);
#2122 = VERTEX_POINT('',#2123);
#2123 = CARTESIAN_POINT('',(103.795973,-47.074862,-0.11));
#2124 = LINE('',#2125,#2126);
#2125 = CARTESIAN_POINT('',(103.795973,-47.229614,-0.11));
#2126 = VECTOR('',#2127,1.);
#2127 = DIRECTION('',(0.,1.,0.));
#2128 = ORIENTED_EDGE('',*,*,#2129,.T.);
#2129 = EDGE_CURVE('',#2122,#2130,#2132,.T.);
#2130 = VERTEX_POINT('',#2131);
#2131 = CARTESIAN_POINT('',(103.810718,-46.894318,-0.11));
#2132 = LINE('',#2133,#2134);
#2133 = CARTESIAN_POINT('',(103.795973,-47.074862,-0.11));
#2134 = VECTOR('',#2135,1.);
#2135 = DIRECTION('',(8.139882981714E-02,0.996681609394,0.));
#2136 = ORIENTED_EDGE('',*,*,#2137,.T.);
#2137 = EDGE_CURVE('',#2130,#2138,#2140,.T.);
#2138 = VERTEX_POINT('',#2139);
#2139 = CARTESIAN_POINT('',(103.950112,-46.536271,-0.11));
#2140 = CIRCLE('',#2141,0.811472691252);
#2141 = AXIS2_PLACEMENT_3D('',#2142,#2143,#2144);
#2142 = CARTESIAN_POINT('',(104.61510474784,-47.00132215198,-0.11));
#2143 = DIRECTION('',(0.,0.,-1.));
#2144 = DIRECTION('',(-0.99126779806,0.131864144216,0.));
#2145 = ORIENTED_EDGE('',*,*,#2146,.T.);
#2146 = EDGE_CURVE('',#2138,#1852,#2147,.T.);
#2147 = LINE('',#2148,#2149);
#2148 = CARTESIAN_POINT('',(103.950112,-46.536271,-0.11));
#2149 = VECTOR('',#2150,1.);
#2150 = DIRECTION('',(0.645260101183,0.763962958409,0.));
#2151 = FACE_BOUND('',#2152,.T.);
#2152 = EDGE_LOOP('',(#2153,#2164,#2172,#2180,#2189,#2197,#2205,#2213,
    #2221));
#2153 = ORIENTED_EDGE('',*,*,#2154,.T.);
#2154 = EDGE_CURVE('',#2155,#2157,#2159,.T.);
#2155 = VERTEX_POINT('',#2156);
#2156 = CARTESIAN_POINT('',(104.98133,-46.708843,-0.11));
#2157 = VERTEX_POINT('',#2158);
#2158 = CARTESIAN_POINT('',(104.773096,-46.569323,-0.11));
#2159 = CIRCLE('',#2160,0.326987941616);
#2160 = AXIS2_PLACEMENT_3D('',#2161,#2162,#2163);
#2161 = CARTESIAN_POINT('',(104.70910282704,-46.8899879151,-0.11));
#2162 = DIRECTION('',(0.,0.,1.));
#2163 = DIRECTION('',(0.832529700054,0.553980413488,-0.));
#2164 = ORIENTED_EDGE('',*,*,#2165,.T.);
#2165 = EDGE_CURVE('',#2157,#2166,#2168,.T.);
#2166 = VERTEX_POINT('',#2167);
#2167 = CARTESIAN_POINT('',(104.672096,-46.559021,-0.11));
#2168 = LINE('',#2169,#2170);
#2169 = CARTESIAN_POINT('',(104.773096,-46.569323,-0.11));
#2170 = VECTOR('',#2171,1.);
#2171 = DIRECTION('',(-0.994838242454,0.10147350073,0.));
#2172 = ORIENTED_EDGE('',*,*,#2173,.T.);
#2173 = EDGE_CURVE('',#2166,#2174,#2176,.T.);
#2174 = VERTEX_POINT('',#2175);
#2175 = CARTESIAN_POINT('',(104.579831,-46.569818,-0.11));
#2176 = LINE('',#2177,#2178);
#2177 = CARTESIAN_POINT('',(104.672096,-46.559021,-0.11));
#2178 = VECTOR('',#2179,1.);
#2179 = DIRECTION('',(-0.99322249966,-0.116228508414,0.));
#2180 = ORIENTED_EDGE('',*,*,#2181,.T.);
#2181 = EDGE_CURVE('',#2174,#2182,#2184,.T.);
#2182 = VERTEX_POINT('',#2183);
#2183 = CARTESIAN_POINT('',(104.38966,-46.717702,-0.11));
#2184 = CIRCLE('',#2185,0.295966224345);
#2185 = AXIS2_PLACEMENT_3D('',#2186,#2187,#2188);
#2186 = CARTESIAN_POINT('',(104.65070358999,-46.85717332349,-0.11));
#2187 = DIRECTION('',(0.,0.,1.));
#2188 = DIRECTION('',(-0.239461749895,0.9709057989,0.));
#2189 = ORIENTED_EDGE('',*,*,#2190,.T.);
#2190 = EDGE_CURVE('',#2182,#2191,#2193,.T.);
#2191 = VERTEX_POINT('',#2192);
#2192 = CARTESIAN_POINT('',(104.359632,-46.79745,-0.11));
#2193 = LINE('',#2194,#2195);
#2194 = CARTESIAN_POINT('',(104.38966,-46.717702,-0.11));
#2195 = VECTOR('',#2196,1.);
#2196 = DIRECTION('',(-0.352383447767,-0.935855707756,0.));
#2197 = ORIENTED_EDGE('',*,*,#2198,.T.);
#2198 = EDGE_CURVE('',#2191,#2199,#2201,.T.);
#2199 = VERTEX_POINT('',#2200);
#2200 = CARTESIAN_POINT('',(104.349024,-46.894318,-0.11));
#2201 = LINE('',#2202,#2203);
#2202 = CARTESIAN_POINT('',(104.359632,-46.79745,-0.11));
#2203 = VECTOR('',#2204,1.);
#2204 = DIRECTION('',(-0.108859052762,-0.994057194849,0.));
#2205 = ORIENTED_EDGE('',*,*,#2206,.T.);
#2206 = EDGE_CURVE('',#2199,#2207,#2209,.T.);
#2207 = VERTEX_POINT('',#2208);
#2208 = CARTESIAN_POINT('',(105.047827,-46.894318,-0.11));
#2209 = LINE('',#2210,#2211);
#2210 = CARTESIAN_POINT('',(104.349024,-46.894318,-0.11));
#2211 = VECTOR('',#2212,1.);
#2212 = DIRECTION('',(1.,0.,0.));
#2213 = ORIENTED_EDGE('',*,*,#2214,.T.);
#2214 = EDGE_CURVE('',#2207,#2215,#2217,.T.);
#2215 = VERTEX_POINT('',#2216);
#2216 = CARTESIAN_POINT('',(105.022165,-46.790379,-0.11));
#2217 = LINE('',#2218,#2219);
#2218 = CARTESIAN_POINT('',(105.047827,-46.894318,-0.11));
#2219 = VECTOR('',#2220,1.);
#2220 = DIRECTION('',(-0.239697257583,0.970847683577,0.));
#2221 = ORIENTED_EDGE('',*,*,#2222,.T.);
#2222 = EDGE_CURVE('',#2215,#2155,#2223,.T.);
#2223 = LINE('',#2224,#2225);
#2224 = CARTESIAN_POINT('',(105.022165,-46.790379,-0.11));
#2225 = VECTOR('',#2226,1.);
#2226 = DIRECTION('',(-0.447801282666,0.894133105999,0.));
#2227 = PLANE('',#2228);
#2228 = AXIS2_PLACEMENT_3D('',#2229,#2230,#2231);
#2229 = CARTESIAN_POINT('',(0.,0.,-0.11));
#2230 = DIRECTION('',(-0.,-0.,-1.));
#2231 = DIRECTION('',(-1.,0.,0.));
#2232 = SHELL_BASED_SURFACE_MODEL('',(#2233));
#2233 = OPEN_SHELL('',(#2234));
#2234 = ADVANCED_FACE('',(#2235,#2497),#2691,.T.);
#2235 = FACE_BOUND('',#2236,.T.);
#2236 = EDGE_LOOP('',(#2237,#2247,#2255,#2263,#2271,#2279,#2288,#2296,
    #2304,#2312,#2320,#2328,#2336,#2344,#2353,#2361,#2369,#2377,#2385,
    #2393,#2401,#2409,#2418,#2426,#2434,#2442,#2450,#2458,#2466,#2474,
    #2483,#2491));
#2237 = ORIENTED_EDGE('',*,*,#2238,.T.);
#2238 = EDGE_CURVE('',#2239,#2241,#2243,.T.);
#2239 = VERTEX_POINT('',#2240);
#2240 = CARTESIAN_POINT('',(109.304737,-46.238737,-0.11));
#2241 = VERTEX_POINT('',#2242);
#2242 = CARTESIAN_POINT('',(109.457574,-46.20856,-0.11));
#2243 = LINE('',#2244,#2245);
#2244 = CARTESIAN_POINT('',(109.304737,-46.238737,-0.11));
#2245 = VECTOR('',#2246,1.);
#2246 = DIRECTION('',(0.981059633373,0.193705951807,0.));
#2247 = ORIENTED_EDGE('',*,*,#2248,.T.);
#2248 = EDGE_CURVE('',#2241,#2249,#2251,.T.);
#2249 = VERTEX_POINT('',#2250);
#2250 = CARTESIAN_POINT('',(109.633707,-46.197933,-0.11));
#2251 = LINE('',#2252,#2253);
#2252 = CARTESIAN_POINT('',(109.457574,-46.20856,-0.11));
#2253 = VECTOR('',#2254,1.);
#2254 = DIRECTION('',(0.99818479305,6.022556701894E-02,0.));
#2255 = ORIENTED_EDGE('',*,*,#2256,.T.);
#2256 = EDGE_CURVE('',#2249,#2257,#2259,.T.);
#2257 = VERTEX_POINT('',#2258);
#2258 = CARTESIAN_POINT('',(109.810459,-46.208558,-0.11));
#2259 = LINE('',#2260,#2261);
#2260 = CARTESIAN_POINT('',(109.633707,-46.197933,-0.11));
#2261 = VECTOR('',#2262,1.);
#2262 = DIRECTION('',(0.998198127082,-6.000415893594E-02,0.));
#2263 = ORIENTED_EDGE('',*,*,#2264,.T.);
#2264 = EDGE_CURVE('',#2257,#2265,#2267,.T.);
#2265 = VERTEX_POINT('',#2266);
#2266 = CARTESIAN_POINT('',(109.963908,-46.238737,-0.11));
#2267 = LINE('',#2268,#2269);
#2268 = CARTESIAN_POINT('',(109.810459,-46.208558,-0.11));
#2269 = VECTOR('',#2270,1.);
#2270 = DIRECTION('',(0.981203766423,-0.192974528781,0.));
#2271 = ORIENTED_EDGE('',*,*,#2272,.T.);
#2272 = EDGE_CURVE('',#2265,#2273,#2275,.T.);
#2273 = VERTEX_POINT('',#2274);
#2274 = CARTESIAN_POINT('',(110.097399,-46.286606,-0.11));
#2275 = LINE('',#2276,#2277);
#2276 = CARTESIAN_POINT('',(109.963908,-46.238737,-0.11));
#2277 = VECTOR('',#2278,1.);
#2278 = DIRECTION('',(0.941308631782,-0.337547122239,0.));
#2279 = ORIENTED_EDGE('',*,*,#2280,.T.);
#2280 = EDGE_CURVE('',#2273,#2281,#2283,.T.);
#2281 = VERTEX_POINT('',#2282);
#2282 = CARTESIAN_POINT('',(110.401398,-46.531025,-0.11));
#2283 = CIRCLE('',#2284,0.768337150362);
#2284 = AXIS2_PLACEMENT_3D('',#2285,#2286,#2287);
#2285 = CARTESIAN_POINT('',(109.78372764968,-46.98799908566,-0.11));
#2286 = DIRECTION('',(0.,0.,-1.));
#2287 = DIRECTION('',(0.408247017818,0.912871498319,0.));
#2288 = ORIENTED_EDGE('',*,*,#2289,.T.);
#2289 = EDGE_CURVE('',#2281,#2290,#2292,.T.);
#2290 = VERTEX_POINT('',#2291);
#2291 = CARTESIAN_POINT('',(110.469072,-46.642847,-0.11));
#2292 = LINE('',#2293,#2294);
#2293 = CARTESIAN_POINT('',(110.401398,-46.531025,-0.11));
#2294 = VECTOR('',#2295,1.);
#2295 = DIRECTION('',(0.517759356597,-0.85552629922,0.));
#2296 = ORIENTED_EDGE('',*,*,#2297,.T.);
#2297 = EDGE_CURVE('',#2290,#2298,#2300,.T.);
#2298 = VERTEX_POINT('',#2299);
#2299 = CARTESIAN_POINT('',(110.518776,-46.77032,-0.11));
#2300 = LINE('',#2301,#2302);
#2301 = CARTESIAN_POINT('',(110.469072,-46.642847,-0.11));
#2302 = VECTOR('',#2303,1.);
#2303 = DIRECTION('',(0.363278854588,-0.931680456922,0.));
#2304 = ORIENTED_EDGE('',*,*,#2305,.T.);
#2305 = EDGE_CURVE('',#2298,#2306,#2308,.T.);
#2306 = VERTEX_POINT('',#2307);
#2307 = CARTESIAN_POINT('',(110.549939,-46.916113,-0.11));
#2308 = LINE('',#2309,#2310);
#2309 = CARTESIAN_POINT('',(110.518776,-46.77032,-0.11));
#2310 = VECTOR('',#2311,1.);
#2311 = DIRECTION('',(0.209026553037,-0.977909965245,0.));
#2312 = ORIENTED_EDGE('',*,*,#2313,.T.);
#2313 = EDGE_CURVE('',#2306,#2314,#2316,.T.);
#2314 = VERTEX_POINT('',#2315);
#2315 = CARTESIAN_POINT('',(110.560877,-47.083459,-0.11));
#2316 = LINE('',#2317,#2318);
#2317 = CARTESIAN_POINT('',(110.549939,-46.916113,-0.11));
#2318 = VECTOR('',#2319,1.);
#2319 = DIRECTION('',(6.522241511117E-02,-0.997870751434,0.));
#2320 = ORIENTED_EDGE('',*,*,#2321,.T.);
#2321 = EDGE_CURVE('',#2314,#2322,#2324,.T.);
#2322 = VERTEX_POINT('',#2323);
#2323 = CARTESIAN_POINT('',(110.549939,-47.250806,-0.11));
#2324 = LINE('',#2325,#2326);
#2325 = CARTESIAN_POINT('',(110.560877,-47.083459,-0.11));
#2326 = VECTOR('',#2327,1.);
#2327 = DIRECTION('',(-6.522202702555E-02,-0.9978707768,0.));
#2328 = ORIENTED_EDGE('',*,*,#2329,.T.);
#2329 = EDGE_CURVE('',#2322,#2330,#2332,.T.);
#2330 = VERTEX_POINT('',#2331);
#2331 = CARTESIAN_POINT('',(110.518776,-47.396599,-0.11));
#2332 = LINE('',#2333,#2334);
#2333 = CARTESIAN_POINT('',(110.549939,-47.250806,-0.11));
#2334 = VECTOR('',#2335,1.);
#2335 = DIRECTION('',(-0.209026553037,-0.977909965245,0.));
#2336 = ORIENTED_EDGE('',*,*,#2337,.T.);
#2337 = EDGE_CURVE('',#2330,#2338,#2340,.T.);
#2338 = VERTEX_POINT('',#2339);
#2339 = CARTESIAN_POINT('',(110.469072,-47.524072,-0.11));
#2340 = LINE('',#2341,#2342);
#2341 = CARTESIAN_POINT('',(110.518776,-47.396599,-0.11));
#2342 = VECTOR('',#2343,1.);
#2343 = DIRECTION('',(-0.363278854588,-0.931680456922,0.));
#2344 = ORIENTED_EDGE('',*,*,#2345,.T.);
#2345 = EDGE_CURVE('',#2338,#2346,#2348,.T.);
#2346 = VERTEX_POINT('',#2347);
#2347 = CARTESIAN_POINT('',(110.213759,-47.815642,-0.11));
#2348 = CIRCLE('',#2349,0.746344504258);
#2349 = AXIS2_PLACEMENT_3D('',#2350,#2351,#2352);
#2350 = CARTESIAN_POINT('',(109.79917024821,-47.19504044833,-0.11));
#2351 = DIRECTION('',(0.,0.,-1.));
#2352 = DIRECTION('',(0.897577121508,-0.440857472371,0.));
#2353 = ORIENTED_EDGE('',*,*,#2354,.T.);
#2354 = EDGE_CURVE('',#2346,#2355,#2357,.T.);
#2355 = VERTEX_POINT('',#2356);
#2356 = CARTESIAN_POINT('',(110.097399,-47.880313,-0.11));
#2357 = LINE('',#2358,#2359);
#2358 = CARTESIAN_POINT('',(110.213759,-47.815642,-0.11));
#2359 = VECTOR('',#2360,1.);
#2360 = DIRECTION('',(-0.874072577962,-0.48579535656,0.));
#2361 = ORIENTED_EDGE('',*,*,#2362,.T.);
#2362 = EDGE_CURVE('',#2355,#2363,#2365,.T.);
#2363 = VERTEX_POINT('',#2364);
#2364 = CARTESIAN_POINT('',(109.963908,-47.928182,-0.11));
#2365 = LINE('',#2366,#2367);
#2366 = CARTESIAN_POINT('',(110.097399,-47.880313,-0.11));
#2367 = VECTOR('',#2368,1.);
#2368 = DIRECTION('',(-0.941308631782,-0.337547122239,0.));
#2369 = ORIENTED_EDGE('',*,*,#2370,.T.);
#2370 = EDGE_CURVE('',#2363,#2371,#2373,.T.);
#2371 = VERTEX_POINT('',#2372);
#2372 = CARTESIAN_POINT('',(109.810459,-47.95836,-0.11));
#2373 = LINE('',#2374,#2375);
#2374 = CARTESIAN_POINT('',(109.963908,-47.928182,-0.11));
#2375 = VECTOR('',#2376,1.);
#2376 = DIRECTION('',(-0.981204977154,-0.192968372557,0.));
#2377 = ORIENTED_EDGE('',*,*,#2378,.T.);
#2378 = EDGE_CURVE('',#2371,#2379,#2381,.T.);
#2379 = VERTEX_POINT('',#2380);
#2380 = CARTESIAN_POINT('',(109.633707,-47.968986,-0.11));
#2381 = LINE('',#2382,#2383);
#2382 = CARTESIAN_POINT('',(109.810459,-47.95836,-0.11));
#2383 = VECTOR('',#2384,1.);
#2384 = DIRECTION('',(-0.998197788807,-6.000978604972E-02,0.));
#2385 = ORIENTED_EDGE('',*,*,#2386,.T.);
#2386 = EDGE_CURVE('',#2379,#2387,#2389,.T.);
#2387 = VERTEX_POINT('',#2388);
#2388 = CARTESIAN_POINT('',(109.457574,-47.958359,-0.11));
#2389 = LINE('',#2390,#2391);
#2390 = CARTESIAN_POINT('',(109.633707,-47.968986,-0.11));
#2391 = VECTOR('',#2392,1.);
#2392 = DIRECTION('',(-0.99818479305,6.022556701894E-02,0.));
#2393 = ORIENTED_EDGE('',*,*,#2394,.T.);
#2394 = EDGE_CURVE('',#2387,#2395,#2397,.T.);
#2395 = VERTEX_POINT('',#2396);
#2396 = CARTESIAN_POINT('',(109.304737,-47.928182,-0.11));
#2397 = LINE('',#2398,#2399);
#2398 = CARTESIAN_POINT('',(109.457574,-47.958359,-0.11));
#2399 = VECTOR('',#2400,1.);
#2400 = DIRECTION('',(-0.981059633373,0.193705951807,0.));
#2401 = ORIENTED_EDGE('',*,*,#2402,.T.);
#2402 = EDGE_CURVE('',#2395,#2403,#2405,.T.);
#2403 = VERTEX_POINT('',#2404);
#2404 = CARTESIAN_POINT('',(109.171842,-47.880319,-0.11));
#2405 = LINE('',#2406,#2407);
#2406 = CARTESIAN_POINT('',(109.304737,-47.928182,-0.11));
#2407 = VECTOR('',#2408,1.);
#2408 = DIRECTION('',(-0.94084047306,0.338849825517,0.));
#2409 = ORIENTED_EDGE('',*,*,#2410,.T.);
#2410 = EDGE_CURVE('',#2403,#2411,#2413,.T.);
#2411 = VERTEX_POINT('',#2412);
#2412 = CARTESIAN_POINT('',(108.869548,-47.635974,-0.11));
#2413 = CIRCLE('',#2414,0.763469009005);
#2414 = AXIS2_PLACEMENT_3D('',#2415,#2416,#2417);
#2415 = CARTESIAN_POINT('',(109.48481957812,-47.18394987137,-0.11));
#2416 = DIRECTION('',(0.,0.,-1.));
#2417 = DIRECTION('',(-0.40994143107,-0.912111847907,-0.));
#2418 = ORIENTED_EDGE('',*,*,#2419,.T.);
#2419 = EDGE_CURVE('',#2411,#2420,#2422,.T.);
#2420 = VERTEX_POINT('',#2421);
#2421 = CARTESIAN_POINT('',(108.802283,-47.524196,-0.11));
#2422 = LINE('',#2423,#2424);
#2423 = CARTESIAN_POINT('',(108.869548,-47.635974,-0.11));
#2424 = VECTOR('',#2425,1.);
#2425 = DIRECTION('',(-0.515612436641,0.856821927346,0.));
#2426 = ORIENTED_EDGE('',*,*,#2427,.T.);
#2427 = EDGE_CURVE('',#2420,#2428,#2430,.T.);
#2428 = VERTEX_POINT('',#2429);
#2429 = CARTESIAN_POINT('',(108.752855,-47.396724,-0.11));
#2430 = LINE('',#2431,#2432);
#2431 = CARTESIAN_POINT('',(108.802283,-47.524196,-0.11));
#2432 = VECTOR('',#2433,1.);
#2433 = DIRECTION('',(-0.361528373532,0.932361107689,0.));
#2434 = ORIENTED_EDGE('',*,*,#2435,.T.);
#2435 = EDGE_CURVE('',#2428,#2436,#2438,.T.);
#2436 = VERTEX_POINT('',#2437);
#2437 = CARTESIAN_POINT('',(108.721853,-47.250889,-0.11));
#2438 = LINE('',#2439,#2440);
#2439 = CARTESIAN_POINT('',(108.752855,-47.396724,-0.11));
#2440 = VECTOR('',#2441,1.);
#2441 = DIRECTION('',(-0.207936165054,0.978142398254,0.));
#2442 = ORIENTED_EDGE('',*,*,#2443,.T.);
#2443 = EDGE_CURVE('',#2436,#2444,#2446,.T.);
#2444 = VERTEX_POINT('',#2445);
#2445 = CARTESIAN_POINT('',(108.710969,-47.083459,-0.11));
#2446 = LINE('',#2447,#2448);
#2447 = CARTESIAN_POINT('',(108.721853,-47.250889,-0.11));
#2448 = VECTOR('',#2449,1.);
#2449 = DIRECTION('',(-6.486935282102E-02,0.99789376542,0.));
#2450 = ORIENTED_EDGE('',*,*,#2451,.T.);
#2451 = EDGE_CURVE('',#2444,#2452,#2454,.T.);
#2452 = VERTEX_POINT('',#2453);
#2453 = CARTESIAN_POINT('',(108.721853,-46.91603,-0.11));
#2454 = LINE('',#2455,#2456);
#2455 = CARTESIAN_POINT('',(108.710969,-47.083459,-0.11));
#2456 = VECTOR('',#2457,1.);
#2457 = DIRECTION('',(6.486973863458E-02,0.99789374034,0.));
#2458 = ORIENTED_EDGE('',*,*,#2459,.T.);
#2459 = EDGE_CURVE('',#2452,#2460,#2462,.T.);
#2460 = VERTEX_POINT('',#2461);
#2461 = CARTESIAN_POINT('',(108.752855,-46.770195,-0.11));
#2462 = LINE('',#2463,#2464);
#2463 = CARTESIAN_POINT('',(108.721853,-46.91603,-0.11));
#2464 = VECTOR('',#2465,1.);
#2465 = DIRECTION('',(0.207936165054,0.978142398254,0.));
#2466 = ORIENTED_EDGE('',*,*,#2467,.T.);
#2467 = EDGE_CURVE('',#2460,#2468,#2470,.T.);
#2468 = VERTEX_POINT('',#2469);
#2469 = CARTESIAN_POINT('',(108.802283,-46.642723,-0.11));
#2470 = LINE('',#2471,#2472);
#2471 = CARTESIAN_POINT('',(108.752855,-46.770195,-0.11));
#2472 = VECTOR('',#2473,1.);
#2473 = DIRECTION('',(0.361528373532,0.932361107689,0.));
#2474 = ORIENTED_EDGE('',*,*,#2475,.T.);
#2475 = EDGE_CURVE('',#2468,#2476,#2478,.T.);
#2476 = VERTEX_POINT('',#2477);
#2477 = CARTESIAN_POINT('',(109.056057,-46.351267,-0.11));
#2478 = CIRCLE('',#2479,0.745104463249);
#2479 = AXIS2_PLACEMENT_3D('',#2480,#2481,#2482);
#2480 = CARTESIAN_POINT('',(109.47188630779,-46.96954416109,-0.11));
#2481 = DIRECTION('',(0.,0.,-1.));
#2482 = DIRECTION('',(-0.898670375533,0.438624618711,0.));
#2483 = ORIENTED_EDGE('',*,*,#2484,.T.);
#2484 = EDGE_CURVE('',#2476,#2485,#2487,.T.);
#2485 = VERTEX_POINT('',#2486);
#2486 = CARTESIAN_POINT('',(109.171842,-46.2866,-0.11));
#2487 = LINE('',#2488,#2489);
#2488 = CARTESIAN_POINT('',(109.056057,-46.351267,-0.11));
#2489 = VECTOR('',#2490,1.);
#2490 = DIRECTION('',(0.873060280454,0.487612291369,0.));
#2491 = ORIENTED_EDGE('',*,*,#2492,.T.);
#2492 = EDGE_CURVE('',#2485,#2239,#2493,.T.);
#2493 = LINE('',#2494,#2495);
#2494 = CARTESIAN_POINT('',(109.171842,-46.2866,-0.11));
#2495 = VECTOR('',#2496,1.);
#2496 = DIRECTION('',(0.94084047306,0.338849825517,0.));
#2497 = FACE_BOUND('',#2498,.T.);
#2498 = EDGE_LOOP('',(#2499,#2509,#2517,#2525,#2533,#2541,#2549,#2557,
    #2565,#2573,#2581,#2589,#2597,#2605,#2613,#2621,#2629,#2637,#2645,
    #2653,#2661,#2669,#2677,#2685));
#2499 = ORIENTED_EDGE('',*,*,#2500,.T.);
#2500 = EDGE_CURVE('',#2501,#2503,#2505,.T.);
#2501 = VERTEX_POINT('',#2502);
#2502 = CARTESIAN_POINT('',(109.835504,-46.642603,-0.11));
#2503 = VERTEX_POINT('',#2504);
#2504 = CARTESIAN_POINT('',(109.746486,-46.599933,-0.11));
#2505 = LINE('',#2506,#2507);
#2506 = CARTESIAN_POINT('',(109.835504,-46.642603,-0.11));
#2507 = VECTOR('',#2508,1.);
#2508 = DIRECTION('',(-0.901754667362,0.432248215601,0.));
#2509 = ORIENTED_EDGE('',*,*,#2510,.T.);
#2510 = EDGE_CURVE('',#2503,#2511,#2513,.T.);
#2511 = VERTEX_POINT('',#2512);
#2512 = CARTESIAN_POINT('',(109.633707,-46.584813,-0.11));
#2513 = LINE('',#2514,#2515);
#2514 = CARTESIAN_POINT('',(109.746486,-46.599933,-0.11));
#2515 = VECTOR('',#2516,1.);
#2516 = DIRECTION('',(-0.991132315052,0.132878644106,0.));
#2517 = ORIENTED_EDGE('',*,*,#2518,.T.);
#2518 = EDGE_CURVE('',#2511,#2519,#2521,.T.);
#2519 = VERTEX_POINT('',#2520);
#2520 = CARTESIAN_POINT('',(109.523023,-46.59986,-0.11));
#2521 = LINE('',#2522,#2523);
#2522 = CARTESIAN_POINT('',(109.633707,-46.584813,-0.11));
#2523 = VECTOR('',#2524,1.);
#2524 = DIRECTION('',(-0.990885542141,-0.134706504577,0.));
#2525 = ORIENTED_EDGE('',*,*,#2526,.T.);
#2526 = EDGE_CURVE('',#2519,#2527,#2529,.T.);
#2527 = VERTEX_POINT('',#2528);
#2528 = CARTESIAN_POINT('',(109.435239,-46.642452,-0.11));
#2529 = LINE('',#2530,#2531);
#2530 = CARTESIAN_POINT('',(109.523023,-46.59986,-0.11));
#2531 = VECTOR('',#2532,1.);
#2532 = DIRECTION('',(-0.899693127484,-0.436522939098,0.));
#2533 = ORIENTED_EDGE('',*,*,#2534,.T.);
#2534 = EDGE_CURVE('',#2527,#2535,#2537,.T.);
#2535 = VERTEX_POINT('',#2536);
#2536 = CARTESIAN_POINT('',(109.364771,-46.713236,-0.11));
#2537 = LINE('',#2538,#2539);
#2538 = CARTESIAN_POINT('',(109.435239,-46.642452,-0.11));
#2539 = VECTOR('',#2540,1.);
#2540 = DIRECTION('',(-0.70552312133,-0.708686902143,0.));
#2541 = ORIENTED_EDGE('',*,*,#2542,.T.);
#2542 = EDGE_CURVE('',#2535,#2543,#2545,.T.);
#2543 = VERTEX_POINT('',#2544);
#2544 = CARTESIAN_POINT('',(109.315928,-46.803756,-0.11));
#2545 = LINE('',#2546,#2547);
#2546 = CARTESIAN_POINT('',(109.364771,-46.713236,-0.11));
#2547 = VECTOR('',#2548,1.);
#2548 = DIRECTION('',(-0.474864357965,-0.880058998894,0.));
#2549 = ORIENTED_EDGE('',*,*,#2550,.T.);
#2550 = EDGE_CURVE('',#2543,#2551,#2553,.T.);
#2551 = VERTEX_POINT('',#2552);
#2552 = CARTESIAN_POINT('',(109.283577,-46.92435,-0.11));
#2553 = LINE('',#2554,#2555);
#2554 = CARTESIAN_POINT('',(109.315928,-46.803756,-0.11));
#2555 = VECTOR('',#2556,1.);
#2556 = DIRECTION('',(-0.259102507517,-0.965849828182,0.));
#2557 = ORIENTED_EDGE('',*,*,#2558,.T.);
#2558 = EDGE_CURVE('',#2551,#2559,#2561,.T.);
#2559 = VERTEX_POINT('',#2560);
#2560 = CARTESIAN_POINT('',(109.271543,-47.083459,-0.11));
#2561 = LINE('',#2562,#2563);
#2562 = CARTESIAN_POINT('',(109.283577,-46.92435,-0.11));
#2563 = VECTOR('',#2564,1.);
#2564 = DIRECTION('',(-7.541827928851E-02,-0.997151985983,0.));
#2565 = ORIENTED_EDGE('',*,*,#2566,.T.);
#2566 = EDGE_CURVE('',#2559,#2567,#2569,.T.);
#2567 = VERTEX_POINT('',#2568);
#2568 = CARTESIAN_POINT('',(109.283577,-47.242569,-0.11));
#2569 = LINE('',#2570,#2571);
#2570 = CARTESIAN_POINT('',(109.271543,-47.083459,-0.11));
#2571 = VECTOR('',#2572,1.);
#2572 = DIRECTION('',(7.541780798368E-02,-0.997152021629,0.));
#2573 = ORIENTED_EDGE('',*,*,#2574,.T.);
#2574 = EDGE_CURVE('',#2567,#2575,#2577,.T.);
#2575 = VERTEX_POINT('',#2576);
#2576 = CARTESIAN_POINT('',(109.315928,-47.363163,-0.11));
#2577 = LINE('',#2578,#2579);
#2578 = CARTESIAN_POINT('',(109.283577,-47.242569,-0.11));
#2579 = VECTOR('',#2580,1.);
#2580 = DIRECTION('',(0.259102507517,-0.965849828182,0.));
#2581 = ORIENTED_EDGE('',*,*,#2582,.T.);
#2582 = EDGE_CURVE('',#2575,#2583,#2585,.T.);
#2583 = VERTEX_POINT('',#2584);
#2584 = CARTESIAN_POINT('',(109.364771,-47.453683,-0.11));
#2585 = LINE('',#2586,#2587);
#2586 = CARTESIAN_POINT('',(109.315928,-47.363163,-0.11));
#2587 = VECTOR('',#2588,1.);
#2588 = DIRECTION('',(0.474864357965,-0.880058998894,0.));
#2589 = ORIENTED_EDGE('',*,*,#2590,.T.);
#2590 = EDGE_CURVE('',#2583,#2591,#2593,.T.);
#2591 = VERTEX_POINT('',#2592);
#2592 = CARTESIAN_POINT('',(109.435239,-47.524467,-0.11));
#2593 = LINE('',#2594,#2595);
#2594 = CARTESIAN_POINT('',(109.364771,-47.453683,-0.11));
#2595 = VECTOR('',#2596,1.);
#2596 = DIRECTION('',(0.70552312133,-0.708686902143,0.));
#2597 = ORIENTED_EDGE('',*,*,#2598,.T.);
#2598 = EDGE_CURVE('',#2591,#2599,#2601,.T.);
#2599 = VERTEX_POINT('',#2600);
#2600 = CARTESIAN_POINT('',(109.523023,-47.567059,-0.11));
#2601 = LINE('',#2602,#2603);
#2602 = CARTESIAN_POINT('',(109.435239,-47.524467,-0.11));
#2603 = VECTOR('',#2604,1.);
#2604 = DIRECTION('',(0.899693127484,-0.436522939098,0.));
#2605 = ORIENTED_EDGE('',*,*,#2606,.T.);
#2606 = EDGE_CURVE('',#2599,#2607,#2609,.T.);
#2607 = VERTEX_POINT('',#2608);
#2608 = CARTESIAN_POINT('',(109.633707,-47.582106,-0.11));
#2609 = LINE('',#2610,#2611);
#2610 = CARTESIAN_POINT('',(109.523023,-47.567059,-0.11));
#2611 = VECTOR('',#2612,1.);
#2612 = DIRECTION('',(0.990885542141,-0.134706504577,0.));
#2613 = ORIENTED_EDGE('',*,*,#2614,.T.);
#2614 = EDGE_CURVE('',#2607,#2615,#2617,.T.);
#2615 = VERTEX_POINT('',#2616);
#2616 = CARTESIAN_POINT('',(109.746486,-47.566986,-0.11));
#2617 = LINE('',#2618,#2619);
#2618 = CARTESIAN_POINT('',(109.633707,-47.582106,-0.11));
#2619 = VECTOR('',#2620,1.);
#2620 = DIRECTION('',(0.991132315052,0.132878644106,0.));
#2621 = ORIENTED_EDGE('',*,*,#2622,.T.);
#2622 = EDGE_CURVE('',#2615,#2623,#2625,.T.);
#2623 = VERTEX_POINT('',#2624);
#2624 = CARTESIAN_POINT('',(109.835504,-47.524316,-0.11));
#2625 = LINE('',#2626,#2627);
#2626 = CARTESIAN_POINT('',(109.746486,-47.566986,-0.11));
#2627 = VECTOR('',#2628,1.);
#2628 = DIRECTION('',(0.901754667362,0.432248215601,0.));
#2629 = ORIENTED_EDGE('',*,*,#2630,.T.);
#2630 = EDGE_CURVE('',#2623,#2631,#2633,.T.);
#2631 = VERTEX_POINT('',#2632);
#2632 = CARTESIAN_POINT('',(109.906538,-47.453683,-0.11));
#2633 = LINE('',#2634,#2635);
#2634 = CARTESIAN_POINT('',(109.835504,-47.524316,-0.11));
#2635 = VECTOR('',#2636,1.);
#2636 = DIRECTION('',(0.709105463874,0.705102433058,0.));
#2637 = ORIENTED_EDGE('',*,*,#2638,.T.);
#2638 = EDGE_CURVE('',#2631,#2639,#2641,.T.);
#2639 = VERTEX_POINT('',#2640);
#2640 = CARTESIAN_POINT('',(109.955754,-47.363109,-0.11));
#2641 = LINE('',#2642,#2643);
#2642 = CARTESIAN_POINT('',(109.906538,-47.453683,-0.11));
#2643 = VECTOR('',#2644,1.);
#2644 = DIRECTION('',(0.477445917911,0.878661138022,0.));
#2645 = ORIENTED_EDGE('',*,*,#2646,.T.);
#2646 = EDGE_CURVE('',#2639,#2647,#2649,.T.);
#2647 = VERTEX_POINT('',#2648);
#2648 = CARTESIAN_POINT('',(109.988327,-47.242513,-0.11));
#2649 = LINE('',#2650,#2651);
#2650 = CARTESIAN_POINT('',(109.955754,-47.363109,-0.11));
#2651 = VECTOR('',#2652,1.);
#2652 = DIRECTION('',(0.260755984235,0.965404742419,0.));
#2653 = ORIENTED_EDGE('',*,*,#2654,.T.);
#2654 = EDGE_CURVE('',#2647,#2655,#2657,.T.);
#2655 = VERTEX_POINT('',#2656);
#2656 = CARTESIAN_POINT('',(110.000437,-47.083459,-0.11));
#2657 = LINE('',#2658,#2659);
#2658 = CARTESIAN_POINT('',(109.988327,-47.242513,-0.11));
#2659 = VECTOR('',#2660,1.);
#2660 = DIRECTION('',(7.591793590909E-02,0.997114069205,0.));
#2661 = ORIENTED_EDGE('',*,*,#2662,.T.);
#2662 = EDGE_CURVE('',#2655,#2663,#2665,.T.);
#2663 = VERTEX_POINT('',#2664);
#2664 = CARTESIAN_POINT('',(109.988327,-46.924405,-0.11));
#2665 = LINE('',#2666,#2667);
#2666 = CARTESIAN_POINT('',(110.000437,-47.083459,-0.11));
#2667 = VECTOR('',#2668,1.);
#2668 = DIRECTION('',(-7.591793590909E-02,0.997114069205,0.));
#2669 = ORIENTED_EDGE('',*,*,#2670,.T.);
#2670 = EDGE_CURVE('',#2663,#2671,#2673,.T.);
#2671 = VERTEX_POINT('',#2672);
#2672 = CARTESIAN_POINT('',(109.955754,-46.803809,-0.11));
#2673 = LINE('',#2674,#2675);
#2674 = CARTESIAN_POINT('',(109.988327,-46.924405,-0.11));
#2675 = VECTOR('',#2676,1.);
#2676 = DIRECTION('',(-0.260755984235,0.965404742419,0.));
#2677 = ORIENTED_EDGE('',*,*,#2678,.T.);
#2678 = EDGE_CURVE('',#2671,#2679,#2681,.T.);
#2679 = VERTEX_POINT('',#2680);
#2680 = CARTESIAN_POINT('',(109.906538,-46.713236,-0.11));
#2681 = LINE('',#2682,#2683);
#2682 = CARTESIAN_POINT('',(109.955754,-46.803809,-0.11));
#2683 = VECTOR('',#2684,1.);
#2684 = DIRECTION('',(-0.477449987651,0.878658926599,0.));
#2685 = ORIENTED_EDGE('',*,*,#2686,.T.);
#2686 = EDGE_CURVE('',#2679,#2501,#2687,.T.);
#2687 = LINE('',#2688,#2689);
#2688 = CARTESIAN_POINT('',(109.906538,-46.713236,-0.11));
#2689 = VECTOR('',#2690,1.);
#2690 = DIRECTION('',(-0.709105463874,0.705102433058,0.));
#2691 = PLANE('',#2692);
#2692 = AXIS2_PLACEMENT_3D('',#2693,#2694,#2695);
#2693 = CARTESIAN_POINT('',(0.,0.,-0.11));
#2694 = DIRECTION('',(-0.,-0.,-1.));
#2695 = DIRECTION('',(-1.,0.,0.));
#2696 = SHELL_BASED_SURFACE_MODEL('',(#2697));
#2697 = OPEN_SHELL('',(#2698));
#2698 = ADVANCED_FACE('',(#2699),#2733,.T.);
#2699 = FACE_BOUND('',#2700,.T.);
#2700 = EDGE_LOOP('',(#2701,#2711,#2719,#2727));
#2701 = ORIENTED_EDGE('',*,*,#2702,.T.);
#2702 = EDGE_CURVE('',#2703,#2705,#2707,.T.);
#2703 = VERTEX_POINT('',#2704);
#2704 = CARTESIAN_POINT('',(88.418407,-47.926,-0.11));
#2705 = VERTEX_POINT('',#2706);
#2706 = CARTESIAN_POINT('',(88.418407,-45.587521,-0.11));
#2707 = LINE('',#2708,#2709);
#2708 = CARTESIAN_POINT('',(88.418407,-47.926,-0.11));
#2709 = VECTOR('',#2710,1.);
#2710 = DIRECTION('',(0.,1.,0.));
#2711 = ORIENTED_EDGE('',*,*,#2712,.T.);
#2712 = EDGE_CURVE('',#2705,#2713,#2715,.T.);
#2713 = VERTEX_POINT('',#2714);
#2714 = CARTESIAN_POINT('',(88.956413,-45.587521,-0.11));
#2715 = LINE('',#2716,#2717);
#2716 = CARTESIAN_POINT('',(88.418407,-45.587521,-0.11));
#2717 = VECTOR('',#2718,1.);
#2718 = DIRECTION('',(1.,0.,0.));
#2719 = ORIENTED_EDGE('',*,*,#2720,.T.);
#2720 = EDGE_CURVE('',#2713,#2721,#2723,.T.);
#2721 = VERTEX_POINT('',#2722);
#2722 = CARTESIAN_POINT('',(88.956413,-47.926,-0.11));
#2723 = LINE('',#2724,#2725);
#2724 = CARTESIAN_POINT('',(88.956413,-45.587521,-0.11));
#2725 = VECTOR('',#2726,1.);
#2726 = DIRECTION('',(0.,-1.,0.));
#2727 = ORIENTED_EDGE('',*,*,#2728,.T.);
#2728 = EDGE_CURVE('',#2721,#2703,#2729,.T.);
#2729 = LINE('',#2730,#2731);
#2730 = CARTESIAN_POINT('',(88.956413,-47.926,-0.11));
#2731 = VECTOR('',#2732,1.);
#2732 = DIRECTION('',(-1.,0.,0.));
#2733 = PLANE('',#2734);
#2734 = AXIS2_PLACEMENT_3D('',#2735,#2736,#2737);
#2735 = CARTESIAN_POINT('',(0.,0.,-0.11));
#2736 = DIRECTION('',(-0.,-0.,-1.));
#2737 = DIRECTION('',(-1.,0.,0.));
#2738 = SHELL_BASED_SURFACE_MODEL('',(#2739));
#2739 = OPEN_SHELL('',(#2740));
#2740 = ADVANCED_FACE('',(#2741),#2936,.T.);
#2741 = FACE_BOUND('',#2742,.T.);
#2742 = EDGE_LOOP('',(#2743,#2753,#2761,#2769,#2777,#2785,#2794,#2802,
    #2810,#2818,#2826,#2834,#2842,#2850,#2858,#2866,#2874,#2882,#2890,
    #2898,#2906,#2914,#2922,#2930));
#2743 = ORIENTED_EDGE('',*,*,#2744,.T.);
#2744 = EDGE_CURVE('',#2745,#2747,#2749,.T.);
#2745 = VERTEX_POINT('',#2746);
#2746 = CARTESIAN_POINT('',(91.302817,-45.940012,-0.11));
#2747 = VERTEX_POINT('',#2748);
#2748 = CARTESIAN_POINT('',(91.302817,-45.587521,-0.11));
#2749 = LINE('',#2750,#2751);
#2750 = CARTESIAN_POINT('',(91.302817,-45.940012,-0.11));
#2751 = VECTOR('',#2752,1.);
#2752 = DIRECTION('',(0.,1.,0.));
#2753 = ORIENTED_EDGE('',*,*,#2754,.T.);
#2754 = EDGE_CURVE('',#2747,#2755,#2757,.T.);
#2755 = VERTEX_POINT('',#2756);
#2756 = CARTESIAN_POINT('',(91.714549,-45.587521,-0.11));
#2757 = LINE('',#2758,#2759);
#2758 = CARTESIAN_POINT('',(91.302817,-45.587521,-0.11));
#2759 = VECTOR('',#2760,1.);
#2760 = DIRECTION('',(1.,0.,0.));
#2761 = ORIENTED_EDGE('',*,*,#2762,.T.);
#2762 = EDGE_CURVE('',#2755,#2763,#2765,.T.);
#2763 = VERTEX_POINT('',#2764);
#2764 = CARTESIAN_POINT('',(91.878823,-45.597463,-0.11));
#2765 = LINE('',#2766,#2767);
#2766 = CARTESIAN_POINT('',(91.714549,-45.587521,-0.11));
#2767 = VECTOR('',#2768,1.);
#2768 = DIRECTION('',(0.99817362979,-6.041030368391E-02,0.));
#2769 = ORIENTED_EDGE('',*,*,#2770,.T.);
#2770 = EDGE_CURVE('',#2763,#2771,#2773,.T.);
#2771 = VERTEX_POINT('',#2772);
#2772 = CARTESIAN_POINT('',(92.008641,-45.624532,-0.11));
#2773 = LINE('',#2774,#2775);
#2774 = CARTESIAN_POINT('',(91.878823,-45.597463,-0.11));
#2775 = VECTOR('',#2776,1.);
#2776 = DIRECTION('',(0.978944896158,-0.204124692986,0.));
#2777 = ORIENTED_EDGE('',*,*,#2778,.T.);
#2778 = EDGE_CURVE('',#2771,#2779,#2781,.T.);
#2779 = VERTEX_POINT('',#2780);
#2780 = CARTESIAN_POINT('',(92.110406,-45.665545,-0.11));
#2781 = LINE('',#2782,#2783);
#2782 = CARTESIAN_POINT('',(92.008641,-45.624532,-0.11));
#2783 = VECTOR('',#2784,1.);
#2784 = DIRECTION('',(0.927508707303,-0.37380154879,0.));
#2785 = ORIENTED_EDGE('',*,*,#2786,.T.);
#2786 = EDGE_CURVE('',#2779,#2787,#2789,.T.);
#2787 = VERTEX_POINT('',#2788);
#2788 = CARTESIAN_POINT('',(92.301163,-45.877411,-0.11));
#2789 = CIRCLE('',#2790,0.399978901144);
#2790 = AXIS2_PLACEMENT_3D('',#2791,#2792,#2793);
#2791 = CARTESIAN_POINT('',(91.928053561118,-46.02153756929,-0.11));
#2792 = DIRECTION('',(0.,0.,-1.));
#2793 = DIRECTION('',(0.455905144899,0.890028369691,0.));
#2794 = ORIENTED_EDGE('',*,*,#2795,.T.);
#2795 = EDGE_CURVE('',#2787,#2796,#2798,.T.);
#2796 = VERTEX_POINT('',#2797);
#2797 = CARTESIAN_POINT('',(92.33166,-45.987298,-0.11));
#2798 = LINE('',#2799,#2800);
#2799 = CARTESIAN_POINT('',(92.301163,-45.877411,-0.11));
#2800 = VECTOR('',#2801,1.);
#2801 = DIRECTION('',(0.267422701569,-0.96357931624,0.));
#2802 = ORIENTED_EDGE('',*,*,#2803,.T.);
#2803 = EDGE_CURVE('',#2796,#2804,#2806,.T.);
#2804 = VERTEX_POINT('',#2805);
#2805 = CARTESIAN_POINT('',(92.342693,-46.124183,-0.11));
#2806 = LINE('',#2807,#2808);
#2807 = CARTESIAN_POINT('',(92.33166,-45.987298,-0.11));
#2808 = VECTOR('',#2809,1.);
#2809 = DIRECTION('',(8.033996460227E-02,-0.996767520582,0.));
#2810 = ORIENTED_EDGE('',*,*,#2811,.T.);
#2811 = EDGE_CURVE('',#2804,#2812,#2814,.T.);
#2812 = VERTEX_POINT('',#2813);
#2813 = CARTESIAN_POINT('',(92.342693,-46.240919,-0.11));
#2814 = LINE('',#2815,#2816);
#2815 = CARTESIAN_POINT('',(92.342693,-46.124183,-0.11));
#2816 = VECTOR('',#2817,1.);
#2817 = DIRECTION('',(0.,-1.,0.));
#2818 = ORIENTED_EDGE('',*,*,#2819,.T.);
#2819 = EDGE_CURVE('',#2812,#2820,#2822,.T.);
#2820 = VERTEX_POINT('',#2821);
#2821 = CARTESIAN_POINT('',(92.610286,-46.240919,-0.11));
#2822 = LINE('',#2823,#2824);
#2823 = CARTESIAN_POINT('',(92.342693,-46.240919,-0.11));
#2824 = VECTOR('',#2825,1.);
#2825 = DIRECTION('',(1.,0.,0.));
#2826 = ORIENTED_EDGE('',*,*,#2827,.T.);
#2827 = EDGE_CURVE('',#2820,#2828,#2830,.T.);
#2828 = VERTEX_POINT('',#2829);
#2829 = CARTESIAN_POINT('',(92.610286,-46.6278,-0.11));
#2830 = LINE('',#2831,#2832);
#2831 = CARTESIAN_POINT('',(92.610286,-46.240919,-0.11));
#2832 = VECTOR('',#2833,1.);
#2833 = DIRECTION('',(0.,-1.,0.));
#2834 = ORIENTED_EDGE('',*,*,#2835,.T.);
#2835 = EDGE_CURVE('',#2828,#2836,#2838,.T.);
#2836 = VERTEX_POINT('',#2837);
#2837 = CARTESIAN_POINT('',(92.342693,-46.6278,-0.11));
#2838 = LINE('',#2839,#2840);
#2839 = CARTESIAN_POINT('',(92.610286,-46.6278,-0.11));
#2840 = VECTOR('',#2841,1.);
#2841 = DIRECTION('',(-1.,0.,0.));
#2842 = ORIENTED_EDGE('',*,*,#2843,.T.);
#2843 = EDGE_CURVE('',#2836,#2844,#2846,.T.);
#2844 = VERTEX_POINT('',#2845);
#2845 = CARTESIAN_POINT('',(92.342693,-47.926,-0.11));
#2846 = LINE('',#2847,#2848);
#2847 = CARTESIAN_POINT('',(92.342693,-46.6278,-0.11));
#2848 = VECTOR('',#2849,1.);
#2849 = DIRECTION('',(0.,-1.,0.));
#2850 = ORIENTED_EDGE('',*,*,#2851,.T.);
#2851 = EDGE_CURVE('',#2844,#2852,#2854,.T.);
#2852 = VERTEX_POINT('',#2853);
#2853 = CARTESIAN_POINT('',(91.804687,-47.926,-0.11));
#2854 = LINE('',#2855,#2856);
#2855 = CARTESIAN_POINT('',(92.342693,-47.926,-0.11));
#2856 = VECTOR('',#2857,1.);
#2857 = DIRECTION('',(-1.,0.,0.));
#2858 = ORIENTED_EDGE('',*,*,#2859,.T.);
#2859 = EDGE_CURVE('',#2852,#2860,#2862,.T.);
#2860 = VERTEX_POINT('',#2861);
#2861 = CARTESIAN_POINT('',(91.804687,-46.6278,-0.11));
#2862 = LINE('',#2863,#2864);
#2863 = CARTESIAN_POINT('',(91.804687,-47.926,-0.11));
#2864 = VECTOR('',#2865,1.);
#2865 = DIRECTION('',(0.,1.,0.));
#2866 = ORIENTED_EDGE('',*,*,#2867,.T.);
#2867 = EDGE_CURVE('',#2860,#2868,#2870,.T.);
#2868 = VERTEX_POINT('',#2869);
#2869 = CARTESIAN_POINT('',(91.344863,-46.6278,-0.11));
#2870 = LINE('',#2871,#2872);
#2871 = CARTESIAN_POINT('',(91.804687,-46.6278,-0.11));
#2872 = VECTOR('',#2873,1.);
#2873 = DIRECTION('',(-1.,0.,0.));
#2874 = ORIENTED_EDGE('',*,*,#2875,.T.);
#2875 = EDGE_CURVE('',#2868,#2876,#2878,.T.);
#2876 = VERTEX_POINT('',#2877);
#2877 = CARTESIAN_POINT('',(91.344863,-46.240919,-0.11));
#2878 = LINE('',#2879,#2880);
#2879 = CARTESIAN_POINT('',(91.344863,-46.6278,-0.11));
#2880 = VECTOR('',#2881,1.);
#2881 = DIRECTION('',(0.,1.,0.));
#2882 = ORIENTED_EDGE('',*,*,#2883,.T.);
#2883 = EDGE_CURVE('',#2876,#2884,#2886,.T.);
#2884 = VERTEX_POINT('',#2885);
#2885 = CARTESIAN_POINT('',(91.804687,-46.240919,-0.11));
#2886 = LINE('',#2887,#2888);
#2887 = CARTESIAN_POINT('',(91.344863,-46.240919,-0.11));
#2888 = VECTOR('',#2889,1.);
#2889 = DIRECTION('',(1.,0.,0.));
#2890 = ORIENTED_EDGE('',*,*,#2891,.T.);
#2891 = EDGE_CURVE('',#2884,#2892,#2894,.T.);
#2892 = VERTEX_POINT('',#2893);
#2893 = CARTESIAN_POINT('',(91.804687,-46.124183,-0.11));
#2894 = LINE('',#2895,#2896);
#2895 = CARTESIAN_POINT('',(91.804687,-46.240919,-0.11));
#2896 = VECTOR('',#2897,1.);
#2897 = DIRECTION('',(0.,1.,0.));
#2898 = ORIENTED_EDGE('',*,*,#2899,.T.);
#2899 = EDGE_CURVE('',#2892,#2900,#2902,.T.);
#2900 = VERTEX_POINT('',#2901);
#2901 = CARTESIAN_POINT('',(91.791819,-46.032646,-0.11));
#2902 = LINE('',#2903,#2904);
#2903 = CARTESIAN_POINT('',(91.804687,-46.124183,-0.11));
#2904 = VECTOR('',#2905,1.);
#2905 = DIRECTION('',(-0.13920825379,0.990263127697,0.));
#2906 = ORIENTED_EDGE('',*,*,#2907,.T.);
#2907 = EDGE_CURVE('',#2900,#2908,#2910,.T.);
#2908 = VERTEX_POINT('',#2909);
#2909 = CARTESIAN_POINT('',(91.759685,-45.981252,-0.11));
#2910 = LINE('',#2911,#2912);
#2911 = CARTESIAN_POINT('',(91.791819,-46.032646,-0.11));
#2912 = VECTOR('',#2913,1.);
#2913 = DIRECTION('',(-0.530150195121,0.847903750795,0.));
#2914 = ORIENTED_EDGE('',*,*,#2915,.T.);
#2915 = EDGE_CURVE('',#2908,#2916,#2918,.T.);
#2916 = VERTEX_POINT('',#2917);
#2917 = CARTESIAN_POINT('',(91.703887,-45.952136,-0.11));
#2918 = LINE('',#2919,#2920);
#2919 = CARTESIAN_POINT('',(91.759685,-45.981252,-0.11));
#2920 = VECTOR('',#2921,1.);
#2921 = DIRECTION('',(-0.886558780647,0.462615962173,0.));
#2922 = ORIENTED_EDGE('',*,*,#2923,.T.);
#2923 = EDGE_CURVE('',#2916,#2924,#2926,.T.);
#2924 = VERTEX_POINT('',#2925);
#2925 = CARTESIAN_POINT('',(91.600366,-45.940012,-0.11));
#2926 = LINE('',#2927,#2928);
#2927 = CARTESIAN_POINT('',(91.703887,-45.952136,-0.11));
#2928 = VECTOR('',#2929,1.);
#2929 = DIRECTION('',(-0.993211635991,0.116321305578,0.));
#2930 = ORIENTED_EDGE('',*,*,#2931,.T.);
#2931 = EDGE_CURVE('',#2924,#2745,#2932,.T.);
#2932 = LINE('',#2933,#2934);
#2933 = CARTESIAN_POINT('',(91.600366,-45.940012,-0.11));
#2934 = VECTOR('',#2935,1.);
#2935 = DIRECTION('',(-1.,0.,0.));
#2936 = PLANE('',#2937);
#2937 = AXIS2_PLACEMENT_3D('',#2938,#2939,#2940);
#2938 = CARTESIAN_POINT('',(0.,0.,-0.11));
#2939 = DIRECTION('',(-0.,-0.,-1.));
#2940 = DIRECTION('',(-1.,0.,0.));
#2941 = SHELL_BASED_SURFACE_MODEL('',(#2942));
#2942 = OPEN_SHELL('',(#2943));
#2943 = ADVANCED_FACE('',(#2944),#2978,.T.);
#2944 = FACE_BOUND('',#2945,.T.);
#2945 = EDGE_LOOP('',(#2946,#2956,#2964,#2972));
#2946 = ORIENTED_EDGE('',*,*,#2947,.T.);
#2947 = EDGE_CURVE('',#2948,#2950,#2952,.T.);
#2948 = VERTEX_POINT('',#2949);
#2949 = CARTESIAN_POINT('',(92.927716,-47.926,-0.11));
#2950 = VERTEX_POINT('',#2951);
#2951 = CARTESIAN_POINT('',(92.927716,-46.240919,-0.11));
#2952 = LINE('',#2953,#2954);
#2953 = CARTESIAN_POINT('',(92.927716,-47.926,-0.11));
#2954 = VECTOR('',#2955,1.);
#2955 = DIRECTION('',(0.,1.,0.));
#2956 = ORIENTED_EDGE('',*,*,#2957,.T.);
#2957 = EDGE_CURVE('',#2950,#2958,#2960,.T.);
#2958 = VERTEX_POINT('',#2959);
#2959 = CARTESIAN_POINT('',(93.465722,-46.240919,-0.11));
#2960 = LINE('',#2961,#2962);
#2961 = CARTESIAN_POINT('',(92.927716,-46.240919,-0.11));
#2962 = VECTOR('',#2963,1.);
#2963 = DIRECTION('',(1.,0.,0.));
#2964 = ORIENTED_EDGE('',*,*,#2965,.T.);
#2965 = EDGE_CURVE('',#2958,#2966,#2968,.T.);
#2966 = VERTEX_POINT('',#2967);
#2967 = CARTESIAN_POINT('',(93.465722,-47.926,-0.11));
#2968 = LINE('',#2969,#2970);
#2969 = CARTESIAN_POINT('',(93.465722,-46.240919,-0.11));
#2970 = VECTOR('',#2971,1.);
#2971 = DIRECTION('',(0.,-1.,0.));
#2972 = ORIENTED_EDGE('',*,*,#2973,.T.);
#2973 = EDGE_CURVE('',#2966,#2948,#2974,.T.);
#2974 = LINE('',#2975,#2976);
#2975 = CARTESIAN_POINT('',(93.465722,-47.926,-0.11));
#2976 = VECTOR('',#2977,1.);
#2977 = DIRECTION('',(-1.,0.,0.));
#2978 = PLANE('',#2979);
#2979 = AXIS2_PLACEMENT_3D('',#2980,#2981,#2982);
#2980 = CARTESIAN_POINT('',(0.,0.,-0.11));
#2981 = DIRECTION('',(-0.,-0.,-1.));
#2982 = DIRECTION('',(-1.,0.,0.));
#2983 = SHELL_BASED_SURFACE_MODEL('',(#2984));
#2984 = OPEN_SHELL('',(#2985));
#2985 = ADVANCED_FACE('',(#2986),#3238,.T.);
#2986 = FACE_BOUND('',#2987,.T.);
#2987 = EDGE_LOOP('',(#2988,#2998,#3006,#3014,#3023,#3031,#3039,#3047,
    #3055,#3063,#3071,#3079,#3087,#3095,#3103,#3111,#3119,#3127,#3135,
    #3144,#3152,#3160,#3168,#3176,#3184,#3192,#3200,#3208,#3216,#3224,
    #3232));
#2988 = ORIENTED_EDGE('',*,*,#2989,.T.);
#2989 = EDGE_CURVE('',#2990,#2992,#2994,.T.);
#2990 = VERTEX_POINT('',#2991);
#2991 = CARTESIAN_POINT('',(94.296672,-46.245275,-0.11));
#2992 = VERTEX_POINT('',#2993);
#2993 = CARTESIAN_POINT('',(94.415406,-46.210383,-0.11));
#2994 = LINE('',#2995,#2996);
#2995 = CARTESIAN_POINT('',(94.296672,-46.245275,-0.11));
#2996 = VECTOR('',#2997,1.);
#2997 = DIRECTION('',(0.959430583279,0.28194495184,0.));
#2998 = ORIENTED_EDGE('',*,*,#2999,.T.);
#2999 = EDGE_CURVE('',#2992,#3000,#3002,.T.);
#3000 = VERTEX_POINT('',#3001);
#3001 = CARTESIAN_POINT('',(94.559466,-46.197933,-0.11));
#3002 = LINE('',#3003,#3004);
#3003 = CARTESIAN_POINT('',(94.415406,-46.210383,-0.11));
#3004 = VECTOR('',#3005,1.);
#3005 = DIRECTION('',(0.996286380318,8.610138438815E-02,0.));
#3006 = ORIENTED_EDGE('',*,*,#3007,.T.);
#3007 = EDGE_CURVE('',#3000,#3008,#3010,.T.);
#3008 = VERTEX_POINT('',#3009);
#3009 = CARTESIAN_POINT('',(94.668034,-46.205828,-0.11));
#3010 = LINE('',#3011,#3012);
#3011 = CARTESIAN_POINT('',(94.559466,-46.197933,-0.11));
#3012 = VECTOR('',#3013,1.);
#3013 = DIRECTION('',(0.997366384858,-7.252788674792E-02,0.));
#3014 = ORIENTED_EDGE('',*,*,#3015,.T.);
#3015 = EDGE_CURVE('',#3008,#3016,#3018,.T.);
#3016 = VERTEX_POINT('',#3017);
#3017 = CARTESIAN_POINT('',(94.948041,-46.319351,-0.11));
#3018 = CIRCLE('',#3019,0.637446261334);
#3019 = AXIS2_PLACEMENT_3D('',#3020,#3021,#3022);
#3020 = CARTESIAN_POINT('',(94.57535696169,-46.83650121384,-0.11));
#3021 = DIRECTION('',(0.,0.,-1.));
#3022 = DIRECTION('',(0.145388001988,0.98937471611,0.));
#3023 = ORIENTED_EDGE('',*,*,#3024,.T.);
#3024 = EDGE_CURVE('',#3016,#3025,#3027,.T.);
#3025 = VERTEX_POINT('',#3026);
#3026 = CARTESIAN_POINT('',(95.034038,-46.390063,-0.11));
#3027 = LINE('',#3028,#3029);
#3028 = CARTESIAN_POINT('',(94.948041,-46.319351,-0.11));
#3029 = VECTOR('',#3030,1.);
#3030 = DIRECTION('',(0.772410700425,-0.635123381611,0.));
#3031 = ORIENTED_EDGE('',*,*,#3032,.T.);
#3032 = EDGE_CURVE('',#3025,#3033,#3035,.T.);
#3033 = VERTEX_POINT('',#3034);
#3034 = CARTESIAN_POINT('',(95.12004,-46.481645,-0.11));
#3035 = LINE('',#3036,#3037);
#3036 = CARTESIAN_POINT('',(95.034038,-46.390063,-0.11));
#3037 = VECTOR('',#3038,1.);
#3038 = DIRECTION('',(0.684550394941,-0.728965538819,0.));
#3039 = ORIENTED_EDGE('',*,*,#3040,.T.);
#3040 = EDGE_CURVE('',#3033,#3041,#3043,.T.);
#3041 = VERTEX_POINT('',#3042);
#3042 = CARTESIAN_POINT('',(95.12004,-46.240919,-0.11));
#3043 = LINE('',#3044,#3045);
#3044 = CARTESIAN_POINT('',(95.12004,-46.481645,-0.11));
#3045 = VECTOR('',#3046,1.);
#3046 = DIRECTION('',(0.,1.,0.));
#3047 = ORIENTED_EDGE('',*,*,#3048,.T.);
#3048 = EDGE_CURVE('',#3041,#3049,#3051,.T.);
#3049 = VERTEX_POINT('',#3050);
#3050 = CARTESIAN_POINT('',(95.658046,-46.240919,-0.11));
#3051 = LINE('',#3052,#3053);
#3052 = CARTESIAN_POINT('',(95.12004,-46.240919,-0.11));
#3053 = VECTOR('',#3054,1.);
#3054 = DIRECTION('',(1.,0.,0.));
#3055 = ORIENTED_EDGE('',*,*,#3056,.T.);
#3056 = EDGE_CURVE('',#3049,#3057,#3059,.T.);
#3057 = VERTEX_POINT('',#3058);
#3058 = CARTESIAN_POINT('',(95.658046,-47.926,-0.11));
#3059 = LINE('',#3060,#3061);
#3060 = CARTESIAN_POINT('',(95.658046,-46.240919,-0.11));
#3061 = VECTOR('',#3062,1.);
#3062 = DIRECTION('',(0.,-1.,0.));
#3063 = ORIENTED_EDGE('',*,*,#3064,.T.);
#3064 = EDGE_CURVE('',#3057,#3065,#3067,.T.);
#3065 = VERTEX_POINT('',#3066);
#3066 = CARTESIAN_POINT('',(95.12004,-47.926,-0.11));
#3067 = LINE('',#3068,#3069);
#3068 = CARTESIAN_POINT('',(95.658046,-47.926,-0.11));
#3069 = VECTOR('',#3070,1.);
#3070 = DIRECTION('',(-1.,0.,0.));
#3071 = ORIENTED_EDGE('',*,*,#3072,.T.);
#3072 = EDGE_CURVE('',#3065,#3073,#3075,.T.);
#3073 = VERTEX_POINT('',#3074);
#3074 = CARTESIAN_POINT('',(95.12004,-47.094206,-0.11));
#3075 = LINE('',#3076,#3077);
#3076 = CARTESIAN_POINT('',(95.12004,-47.926,-0.11));
#3077 = VECTOR('',#3078,1.);
#3078 = DIRECTION('',(0.,1.,0.));
#3079 = ORIENTED_EDGE('',*,*,#3080,.T.);
#3080 = EDGE_CURVE('',#3073,#3081,#3083,.T.);
#3081 = VERTEX_POINT('',#3082);
#3082 = CARTESIAN_POINT('',(95.107907,-46.942758,-0.11));
#3083 = LINE('',#3084,#3085);
#3084 = CARTESIAN_POINT('',(95.12004,-47.094206,-0.11));
#3085 = VECTOR('',#3086,1.);
#3086 = DIRECTION('',(-7.985744788105E-02,0.99680629413,0.));
#3087 = ORIENTED_EDGE('',*,*,#3088,.T.);
#3088 = EDGE_CURVE('',#3081,#3089,#3091,.T.);
#3089 = VERTEX_POINT('',#3090);
#3090 = CARTESIAN_POINT('',(95.074795,-46.824531,-0.11));
#3091 = LINE('',#3092,#3093);
#3092 = CARTESIAN_POINT('',(95.107907,-46.942758,-0.11));
#3093 = VECTOR('',#3094,1.);
#3094 = DIRECTION('',(-0.269693670191,0.962946168931,0.));
#3095 = ORIENTED_EDGE('',*,*,#3096,.T.);
#3096 = EDGE_CURVE('',#3089,#3097,#3099,.T.);
#3097 = VERTEX_POINT('',#3098);
#3098 = CARTESIAN_POINT('',(95.023857,-46.73258,-0.11));
#3099 = LINE('',#3100,#3101);
#3100 = CARTESIAN_POINT('',(95.074795,-46.824531,-0.11));
#3101 = VECTOR('',#3102,1.);
#3102 = DIRECTION('',(-0.484582034415,0.874745821323,0.));
#3103 = ORIENTED_EDGE('',*,*,#3104,.T.);
#3104 = EDGE_CURVE('',#3097,#3105,#3107,.T.);
#3105 = VERTEX_POINT('',#3106);
#3106 = CARTESIAN_POINT('',(94.951578,-46.659938,-0.11));
#3107 = LINE('',#3108,#3109);
#3108 = CARTESIAN_POINT('',(95.023857,-46.73258,-0.11));
#3109 = VECTOR('',#3110,1.);
#3110 = DIRECTION('',(-0.705333398294,0.70887572765,0.));
#3111 = ORIENTED_EDGE('',*,*,#3112,.T.);
#3112 = EDGE_CURVE('',#3105,#3113,#3115,.T.);
#3113 = VERTEX_POINT('',#3114);
#3114 = CARTESIAN_POINT('',(94.864989,-46.616953,-0.11));
#3115 = LINE('',#3116,#3117);
#3116 = CARTESIAN_POINT('',(94.951578,-46.659938,-0.11));
#3117 = VECTOR('',#3118,1.);
#3118 = DIRECTION('',(-0.895704150398,0.444650508781,0.));
#3119 = ORIENTED_EDGE('',*,*,#3120,.T.);
#3120 = EDGE_CURVE('',#3113,#3121,#3123,.T.);
#3121 = VERTEX_POINT('',#3122);
#3122 = CARTESIAN_POINT('',(94.759354,-46.602008,-0.11));
#3123 = LINE('',#3124,#3125);
#3124 = CARTESIAN_POINT('',(94.864989,-46.616953,-0.11));
#3125 = VECTOR('',#3126,1.);
#3126 = DIRECTION('',(-0.990139802413,0.140082731548,0.));
#3127 = ORIENTED_EDGE('',*,*,#3128,.T.);
#3128 = EDGE_CURVE('',#3121,#3129,#3131,.T.);
#3129 = VERTEX_POINT('',#3130);
#3130 = CARTESIAN_POINT('',(94.693049,-46.609575,-0.11));
#3131 = LINE('',#3132,#3133);
#3132 = CARTESIAN_POINT('',(94.759354,-46.602008,-0.11));
#3133 = VECTOR('',#3134,1.);
#3134 = DIRECTION('',(-0.993550771886,-0.113388110864,0.));
#3135 = ORIENTED_EDGE('',*,*,#3136,.T.);
#3136 = EDGE_CURVE('',#3129,#3137,#3139,.T.);
#3137 = VERTEX_POINT('',#3138);
#3138 = CARTESIAN_POINT('',(94.550331,-46.713773,-0.11));
#3139 = CIRCLE('',#3140,0.227208292463);
#3140 = AXIS2_PLACEMENT_3D('',#3141,#3142,#3143);
#3141 = CARTESIAN_POINT('',(94.745121476141,-46.83073572298,-0.11));
#3142 = DIRECTION('',(0.,0.,1.));
#3143 = DIRECTION('',(-0.229183871665,0.973383148081,0.));
#3144 = ORIENTED_EDGE('',*,*,#3145,.T.);
#3145 = EDGE_CURVE('',#3137,#3146,#3148,.T.);
#3146 = VERTEX_POINT('',#3147);
#3147 = CARTESIAN_POINT('',(94.531239,-46.759165,-0.11));
#3148 = LINE('',#3149,#3150);
#3149 = CARTESIAN_POINT('',(94.550331,-46.713773,-0.11));
#3150 = VECTOR('',#3151,1.);
#3151 = DIRECTION('',(-0.387704725719,-0.921783621928,0.));
#3152 = ORIENTED_EDGE('',*,*,#3153,.T.);
#3153 = EDGE_CURVE('',#3146,#3154,#3156,.T.);
#3154 = VERTEX_POINT('',#3155);
#3155 = CARTESIAN_POINT('',(94.516613,-46.836017,-0.11));
#3156 = LINE('',#3157,#3158);
#3157 = CARTESIAN_POINT('',(94.531239,-46.759165,-0.11));
#3158 = VECTOR('',#3159,1.);
#3159 = DIRECTION('',(-0.186958211001,-0.982367867624,0.));
#3160 = ORIENTED_EDGE('',*,*,#3161,.T.);
#3161 = EDGE_CURVE('',#3154,#3162,#3164,.T.);
#3162 = VERTEX_POINT('',#3163);
#3163 = CARTESIAN_POINT('',(94.506807,-47.137999,-0.11));
#3164 = LINE('',#3165,#3166);
#3165 = CARTESIAN_POINT('',(94.516613,-46.836017,-0.11));
#3166 = VECTOR('',#3167,1.);
#3167 = DIRECTION('',(-3.245502767751E-02,-0.999473196828,0.));
#3168 = ORIENTED_EDGE('',*,*,#3169,.T.);
#3169 = EDGE_CURVE('',#3162,#3170,#3172,.T.);
#3170 = VERTEX_POINT('',#3171);
#3171 = CARTESIAN_POINT('',(94.506807,-47.926,-0.11));
#3172 = LINE('',#3173,#3174);
#3173 = CARTESIAN_POINT('',(94.506807,-47.137999,-0.11));
#3174 = VECTOR('',#3175,1.);
#3175 = DIRECTION('',(0.,-1.,0.));
#3176 = ORIENTED_EDGE('',*,*,#3177,.T.);
#3177 = EDGE_CURVE('',#3170,#3178,#3180,.T.);
#3178 = VERTEX_POINT('',#3179);
#3179 = CARTESIAN_POINT('',(93.965846,-47.926,-0.11));
#3180 = LINE('',#3181,#3182);
#3181 = CARTESIAN_POINT('',(94.506807,-47.926,-0.11));
#3182 = VECTOR('',#3183,1.);
#3183 = DIRECTION('',(-1.,0.,0.));
#3184 = ORIENTED_EDGE('',*,*,#3185,.T.);
#3185 = EDGE_CURVE('',#3178,#3186,#3188,.T.);
#3186 = VERTEX_POINT('',#3187);
#3187 = CARTESIAN_POINT('',(93.965846,-46.896333,-0.11));
#3188 = LINE('',#3189,#3190);
#3189 = CARTESIAN_POINT('',(93.965846,-47.926,-0.11));
#3190 = VECTOR('',#3191,1.);
#3191 = DIRECTION('',(0.,1.,0.));
#3192 = ORIENTED_EDGE('',*,*,#3193,.T.);
#3193 = EDGE_CURVE('',#3186,#3194,#3196,.T.);
#3194 = VERTEX_POINT('',#3195);
#3195 = CARTESIAN_POINT('',(93.976904,-46.723753,-0.11));
#3196 = LINE('',#3197,#3198);
#3197 = CARTESIAN_POINT('',(93.965846,-46.896333,-0.11));
#3198 = VECTOR('',#3199,1.);
#3199 = DIRECTION('',(6.394350460617E-02,0.997953520069,0.));
#3200 = ORIENTED_EDGE('',*,*,#3201,.T.);
#3201 = EDGE_CURVE('',#3194,#3202,#3204,.T.);
#3202 = VERTEX_POINT('',#3203);
#3203 = CARTESIAN_POINT('',(94.007465,-46.583185,-0.11));
#3204 = LINE('',#3205,#3206);
#3205 = CARTESIAN_POINT('',(93.976904,-46.723753,-0.11));
#3206 = VECTOR('',#3207,1.);
#3207 = DIRECTION('',(0.212447826365,0.97717241113,0.));
#3208 = ORIENTED_EDGE('',*,*,#3209,.T.);
#3209 = EDGE_CURVE('',#3202,#3210,#3212,.T.);
#3210 = VERTEX_POINT('',#3211);
#3211 = CARTESIAN_POINT('',(94.054622,-46.469039,-0.11));
#3212 = LINE('',#3213,#3214);
#3213 = CARTESIAN_POINT('',(94.007465,-46.583185,-0.11));
#3214 = VECTOR('',#3215,1.);
#3215 = DIRECTION('',(0.381827517875,0.92423359958,0.));
#3216 = ORIENTED_EDGE('',*,*,#3217,.T.);
#3217 = EDGE_CURVE('',#3210,#3218,#3220,.T.);
#3218 = VERTEX_POINT('',#3219);
#3219 = CARTESIAN_POINT('',(94.116971,-46.37673,-0.11));
#3220 = LINE('',#3221,#3222);
#3221 = CARTESIAN_POINT('',(94.054622,-46.469039,-0.11));
#3222 = VECTOR('',#3223,1.);
#3223 = DIRECTION('',(0.559722141884,0.82868035085,0.));
#3224 = ORIENTED_EDGE('',*,*,#3225,.T.);
#3225 = EDGE_CURVE('',#3218,#3226,#3228,.T.);
#3226 = VERTEX_POINT('',#3227);
#3227 = CARTESIAN_POINT('',(94.198359,-46.300605,-0.11));
#3228 = LINE('',#3229,#3230);
#3229 = CARTESIAN_POINT('',(94.116971,-46.37673,-0.11));
#3230 = VECTOR('',#3231,1.);
#3231 = DIRECTION('',(0.730325854051,0.683098929076,0.));
#3232 = ORIENTED_EDGE('',*,*,#3233,.T.);
#3233 = EDGE_CURVE('',#3226,#2990,#3234,.T.);
#3234 = LINE('',#3235,#3236);
#3235 = CARTESIAN_POINT('',(94.198359,-46.300605,-0.11));
#3236 = VECTOR('',#3237,1.);
#3237 = DIRECTION('',(0.871465909665,0.49045608192,0.));
#3238 = PLANE('',#3239);
#3239 = AXIS2_PLACEMENT_3D('',#3240,#3241,#3242);
#3240 = CARTESIAN_POINT('',(0.,0.,-0.11));
#3241 = DIRECTION('',(-0.,-0.,-1.));
#3242 = DIRECTION('',(-1.,0.,0.));
#3243 = SHELL_BASED_SURFACE_MODEL('',(#3244));
#3244 = OPEN_SHELL('',(#3245));
#3245 = ADVANCED_FACE('',(#3246),#3352,.T.);
#3246 = FACE_BOUND('',#3247,.T.);
#3247 = EDGE_LOOP('',(#3248,#3258,#3266,#3274,#3282,#3290,#3298,#3306,
    #3314,#3322,#3330,#3338,#3346));
#3248 = ORIENTED_EDGE('',*,*,#3249,.T.);
#3249 = EDGE_CURVE('',#3250,#3252,#3254,.T.);
#3250 = VERTEX_POINT('',#3251);
#3251 = CARTESIAN_POINT('',(98.281043,-47.926,-0.11));
#3252 = VERTEX_POINT('',#3253);
#3253 = CARTESIAN_POINT('',(98.281043,-45.682092,-0.11));
#3254 = LINE('',#3255,#3256);
#3255 = CARTESIAN_POINT('',(98.281043,-47.926,-0.11));
#3256 = VECTOR('',#3257,1.);
#3257 = DIRECTION('',(0.,1.,0.));
#3258 = ORIENTED_EDGE('',*,*,#3259,.T.);
#3259 = EDGE_CURVE('',#3252,#3260,#3262,.T.);
#3260 = VERTEX_POINT('',#3261);
#3261 = CARTESIAN_POINT('',(99.015982,-45.682092,-0.11));
#3262 = LINE('',#3263,#3264);
#3263 = CARTESIAN_POINT('',(98.281043,-45.682092,-0.11));
#3264 = VECTOR('',#3265,1.);
#3265 = DIRECTION('',(1.,0.,0.));
#3266 = ORIENTED_EDGE('',*,*,#3267,.T.);
#3267 = EDGE_CURVE('',#3260,#3268,#3270,.T.);
#3268 = VERTEX_POINT('',#3269);
#3269 = CARTESIAN_POINT('',(99.529942,-46.883974,-0.11));
#3270 = LINE('',#3271,#3272);
#3271 = CARTESIAN_POINT('',(99.015982,-45.682092,-0.11));
#3272 = VECTOR('',#3273,1.);
#3273 = DIRECTION('',(0.393187370444,-0.919458368673,0.));
#3274 = ORIENTED_EDGE('',*,*,#3275,.T.);
#3275 = EDGE_CURVE('',#3268,#3276,#3278,.T.);
#3276 = VERTEX_POINT('',#3277);
#3277 = CARTESIAN_POINT('',(100.040947,-45.682092,-0.11));
#3278 = LINE('',#3279,#3280);
#3279 = CARTESIAN_POINT('',(99.529942,-46.883974,-0.11));
#3280 = VECTOR('',#3281,1.);
#3281 = DIRECTION('',(0.391273686306,0.92027436257,0.));
#3282 = ORIENTED_EDGE('',*,*,#3283,.T.);
#3283 = EDGE_CURVE('',#3276,#3284,#3286,.T.);
#3284 = VERTEX_POINT('',#3285);
#3285 = CARTESIAN_POINT('',(100.777363,-45.682092,-0.11));
#3286 = LINE('',#3287,#3288);
#3287 = CARTESIAN_POINT('',(100.040947,-45.682092,-0.11));
#3288 = VECTOR('',#3289,1.);
#3289 = DIRECTION('',(1.,0.,0.));
#3290 = ORIENTED_EDGE('',*,*,#3291,.T.);
#3291 = EDGE_CURVE('',#3284,#3292,#3294,.T.);
#3292 = VERTEX_POINT('',#3293);
#3293 = CARTESIAN_POINT('',(100.777363,-47.926,-0.11));
#3294 = LINE('',#3295,#3296);
#3295 = CARTESIAN_POINT('',(100.777363,-45.682092,-0.11));
#3296 = VECTOR('',#3297,1.);
#3297 = DIRECTION('',(0.,-1.,0.));
#3298 = ORIENTED_EDGE('',*,*,#3299,.T.);
#3299 = EDGE_CURVE('',#3292,#3300,#3302,.T.);
#3300 = VERTEX_POINT('',#3301);
#3301 = CARTESIAN_POINT('',(100.228745,-47.926,-0.11));
#3302 = LINE('',#3303,#3304);
#3303 = CARTESIAN_POINT('',(100.777363,-47.926,-0.11));
#3304 = VECTOR('',#3305,1.);
#3305 = DIRECTION('',(-1.,0.,0.));
#3306 = ORIENTED_EDGE('',*,*,#3307,.T.);
#3307 = EDGE_CURVE('',#3300,#3308,#3310,.T.);
#3308 = VERTEX_POINT('',#3309);
#3309 = CARTESIAN_POINT('',(100.228745,-46.285249,-0.11));
#3310 = LINE('',#3311,#3312);
#3311 = CARTESIAN_POINT('',(100.228745,-47.926,-0.11));
#3312 = VECTOR('',#3313,1.);
#3313 = DIRECTION('',(0.,1.,0.));
#3314 = ORIENTED_EDGE('',*,*,#3315,.T.);
#3315 = EDGE_CURVE('',#3308,#3316,#3318,.T.);
#3316 = VERTEX_POINT('',#3317);
#3317 = CARTESIAN_POINT('',(99.71183,-47.496132,-0.11));
#3318 = LINE('',#3319,#3320);
#3319 = CARTESIAN_POINT('',(100.228745,-46.285249,-0.11));
#3320 = VECTOR('',#3321,1.);
#3321 = DIRECTION('',(-0.392613188012,-0.919703693914,0.));
#3322 = ORIENTED_EDGE('',*,*,#3323,.T.);
#3323 = EDGE_CURVE('',#3316,#3324,#3326,.T.);
#3324 = VERTEX_POINT('',#3325);
#3325 = CARTESIAN_POINT('',(99.345099,-47.496132,-0.11));
#3326 = LINE('',#3327,#3328);
#3327 = CARTESIAN_POINT('',(99.71183,-47.496132,-0.11));
#3328 = VECTOR('',#3329,1.);
#3329 = DIRECTION('',(-1.,0.,0.));
#3330 = ORIENTED_EDGE('',*,*,#3331,.T.);
#3331 = EDGE_CURVE('',#3324,#3332,#3334,.T.);
#3332 = VERTEX_POINT('',#3333);
#3333 = CARTESIAN_POINT('',(98.828183,-46.285249,-0.11));
#3334 = LINE('',#3335,#3336);
#3335 = CARTESIAN_POINT('',(99.345099,-47.496132,-0.11));
#3336 = VECTOR('',#3337,1.);
#3337 = DIRECTION('',(-0.392613830465,0.919703419656,0.));
#3338 = ORIENTED_EDGE('',*,*,#3339,.T.);
#3339 = EDGE_CURVE('',#3332,#3340,#3342,.T.);
#3340 = VERTEX_POINT('',#3341);
#3341 = CARTESIAN_POINT('',(98.828183,-47.926,-0.11));
#3342 = LINE('',#3343,#3344);
#3343 = CARTESIAN_POINT('',(98.828183,-46.285249,-0.11));
#3344 = VECTOR('',#3345,1.);
#3345 = DIRECTION('',(0.,-1.,0.));
#3346 = ORIENTED_EDGE('',*,*,#3347,.T.);
#3347 = EDGE_CURVE('',#3340,#3250,#3348,.T.);
#3348 = LINE('',#3349,#3350);
#3349 = CARTESIAN_POINT('',(98.828183,-47.926,-0.11));
#3350 = VECTOR('',#3351,1.);
#3351 = DIRECTION('',(-1.,0.,0.));
#3352 = PLANE('',#3353);
#3353 = AXIS2_PLACEMENT_3D('',#3354,#3355,#3356);
#3354 = CARTESIAN_POINT('',(0.,0.,-0.11));
#3355 = DIRECTION('',(-0.,-0.,-1.));
#3356 = DIRECTION('',(-1.,0.,0.));
#3357 = SHELL_BASED_SURFACE_MODEL('',(#3358));
#3358 = OPEN_SHELL('',(#3359));
#3359 = ADVANCED_FACE('',(#3360),#3531,.T.);
#3360 = FACE_BOUND('',#3361,.T.);
#3361 = EDGE_LOOP('',(#3362,#3372,#3380,#3388,#3396,#3404,#3412,#3420,
    #3428,#3436,#3444,#3452,#3460,#3468,#3476,#3484,#3492,#3500,#3508,
    #3516,#3525));
#3362 = ORIENTED_EDGE('',*,*,#3363,.T.);
#3363 = EDGE_CURVE('',#3364,#3366,#3368,.T.);
#3364 = VERTEX_POINT('',#3365);
#3365 = CARTESIAN_POINT('',(102.138834,-46.705176,-0.11));
#3366 = VERTEX_POINT('',#3367);
#3367 = CARTESIAN_POINT('',(102.140312,-46.210694,-0.11));
#3368 = LINE('',#3369,#3370);
#3369 = CARTESIAN_POINT('',(102.138834,-46.705176,-0.11));
#3370 = VECTOR('',#3371,1.);
#3371 = DIRECTION('',(2.988973102722E-03,0.99999553301,0.));
#3372 = ORIENTED_EDGE('',*,*,#3373,.T.);
#3373 = EDGE_CURVE('',#3366,#3374,#3376,.T.);
#3374 = VERTEX_POINT('',#3375);
#3375 = CARTESIAN_POINT('',(102.290631,-46.197933,-0.11));
#3376 = LINE('',#3377,#3378);
#3377 = CARTESIAN_POINT('',(102.140312,-46.210694,-0.11));
#3378 = VECTOR('',#3379,1.);
#3379 = DIRECTION('',(0.996415967135,8.458853609064E-02,0.));
#3380 = ORIENTED_EDGE('',*,*,#3381,.T.);
#3381 = EDGE_CURVE('',#3374,#3382,#3384,.T.);
#3382 = VERTEX_POINT('',#3383);
#3383 = CARTESIAN_POINT('',(102.41389,-46.207,-0.11));
#3384 = LINE('',#3385,#3386);
#3385 = CARTESIAN_POINT('',(102.290631,-46.197933,-0.11));
#3386 = VECTOR('',#3387,1.);
#3387 = DIRECTION('',(0.997305353585,-7.336233168337E-02,0.));
#3388 = ORIENTED_EDGE('',*,*,#3389,.T.);
#3389 = EDGE_CURVE('',#3382,#3390,#3392,.T.);
#3390 = VERTEX_POINT('',#3391);
#3391 = CARTESIAN_POINT('',(102.520436,-46.232811,-0.11));
#3392 = LINE('',#3393,#3394);
#3393 = CARTESIAN_POINT('',(102.41389,-46.207,-0.11));
#3394 = VECTOR('',#3395,1.);
#3395 = DIRECTION('',(0.971888383729,-0.235442072649,0.));
#3396 = ORIENTED_EDGE('',*,*,#3397,.T.);
#3397 = EDGE_CURVE('',#3390,#3398,#3400,.T.);
#3398 = VERTEX_POINT('',#3399);
#3399 = CARTESIAN_POINT('',(102.613032,-46.2741,-0.11));
#3400 = LINE('',#3401,#3402);
#3401 = CARTESIAN_POINT('',(102.520436,-46.232811,-0.11));
#3402 = VECTOR('',#3403,1.);
#3403 = DIRECTION('',(0.913315867145,-0.407251920586,0.));
#3404 = ORIENTED_EDGE('',*,*,#3405,.T.);
#3405 = EDGE_CURVE('',#3398,#3406,#3408,.T.);
#3406 = VERTEX_POINT('',#3407);
#3407 = CARTESIAN_POINT('',(102.696137,-46.332128,-0.11));
#3408 = LINE('',#3409,#3410);
#3409 = CARTESIAN_POINT('',(102.613032,-46.2741,-0.11));
#3410 = VECTOR('',#3411,1.);
#3411 = DIRECTION('',(0.819905744682,-0.572498532608,0.));
#3412 = ORIENTED_EDGE('',*,*,#3413,.T.);
#3413 = EDGE_CURVE('',#3406,#3414,#3416,.T.);
#3414 = VERTEX_POINT('',#3415);
#3415 = CARTESIAN_POINT('',(102.775423,-46.411594,-0.11));
#3416 = LINE('',#3417,#3418);
#3417 = CARTESIAN_POINT('',(102.696137,-46.332128,-0.11));
#3418 = VECTOR('',#3419,1.);
#3419 = DIRECTION('',(0.706304578404,-0.707908074912,0.));
#3420 = ORIENTED_EDGE('',*,*,#3421,.T.);
#3421 = EDGE_CURVE('',#3414,#3422,#3424,.T.);
#3422 = VERTEX_POINT('',#3423);
#3423 = CARTESIAN_POINT('',(102.851205,-46.516034,-0.11));
#3424 = LINE('',#3425,#3426);
#3425 = CARTESIAN_POINT('',(102.775423,-46.411594,-0.11));
#3426 = VECTOR('',#3427,1.);
#3427 = DIRECTION('',(0.587287545871,-0.809378365454,0.));
#3428 = ORIENTED_EDGE('',*,*,#3429,.T.);
#3429 = EDGE_CURVE('',#3422,#3430,#3432,.T.);
#3430 = VERTEX_POINT('',#3431);
#3431 = CARTESIAN_POINT('',(102.851205,-46.240919,-0.11));
#3432 = LINE('',#3433,#3434);
#3433 = CARTESIAN_POINT('',(102.851205,-46.516034,-0.11));
#3434 = VECTOR('',#3435,1.);
#3435 = DIRECTION('',(0.,1.,0.));
#3436 = ORIENTED_EDGE('',*,*,#3437,.T.);
#3437 = EDGE_CURVE('',#3430,#3438,#3440,.T.);
#3438 = VERTEX_POINT('',#3439);
#3439 = CARTESIAN_POINT('',(103.389211,-46.240919,-0.11));
#3440 = LINE('',#3441,#3442);
#3441 = CARTESIAN_POINT('',(102.851205,-46.240919,-0.11));
#3442 = VECTOR('',#3443,1.);
#3443 = DIRECTION('',(1.,0.,0.));
#3444 = ORIENTED_EDGE('',*,*,#3445,.T.);
#3445 = EDGE_CURVE('',#3438,#3446,#3448,.T.);
#3446 = VERTEX_POINT('',#3447);
#3447 = CARTESIAN_POINT('',(103.389211,-47.926,-0.11));
#3448 = LINE('',#3449,#3450);
#3449 = CARTESIAN_POINT('',(103.389211,-46.240919,-0.11));
#3450 = VECTOR('',#3451,1.);
#3451 = DIRECTION('',(0.,-1.,0.));
#3452 = ORIENTED_EDGE('',*,*,#3453,.T.);
#3453 = EDGE_CURVE('',#3446,#3454,#3456,.T.);
#3454 = VERTEX_POINT('',#3455);
#3455 = CARTESIAN_POINT('',(102.851205,-47.926,-0.11));
#3456 = LINE('',#3457,#3458);
#3457 = CARTESIAN_POINT('',(103.389211,-47.926,-0.11));
#3458 = VECTOR('',#3459,1.);
#3459 = DIRECTION('',(-1.,0.,0.));
#3460 = ORIENTED_EDGE('',*,*,#3461,.T.);
#3461 = EDGE_CURVE('',#3454,#3462,#3464,.T.);
#3462 = VERTEX_POINT('',#3463);
#3463 = CARTESIAN_POINT('',(102.851205,-47.153044,-0.11));
#3464 = LINE('',#3465,#3466);
#3465 = CARTESIAN_POINT('',(102.851205,-47.926,-0.11));
#3466 = VECTOR('',#3467,1.);
#3467 = DIRECTION('',(0.,1.,0.));
#3468 = ORIENTED_EDGE('',*,*,#3469,.T.);
#3469 = EDGE_CURVE('',#3462,#3470,#3472,.T.);
#3470 = VERTEX_POINT('',#3471);
#3471 = CARTESIAN_POINT('',(102.837044,-46.990291,-0.11));
#3472 = LINE('',#3473,#3474);
#3473 = CARTESIAN_POINT('',(102.851205,-47.153044,-0.11));
#3474 = VECTOR('',#3475,1.);
#3475 = DIRECTION('',(-8.668165179176E-02,0.996236062007,0.));
#3476 = ORIENTED_EDGE('',*,*,#3477,.T.);
#3477 = EDGE_CURVE('',#3470,#3478,#3480,.T.);
#3478 = VERTEX_POINT('',#3479);
#3479 = CARTESIAN_POINT('',(102.798558,-46.86543,-0.11));
#3480 = LINE('',#3481,#3482);
#3481 = CARTESIAN_POINT('',(102.837044,-46.990291,-0.11));
#3482 = VECTOR('',#3483,1.);
#3483 = DIRECTION('',(-0.294555867496,0.955634261066,0.));
#3484 = ORIENTED_EDGE('',*,*,#3485,.T.);
#3485 = EDGE_CURVE('',#3478,#3486,#3488,.T.);
#3486 = VERTEX_POINT('',#3487);
#3487 = CARTESIAN_POINT('',(102.739305,-46.770059,-0.11));
#3488 = LINE('',#3489,#3490);
#3489 = CARTESIAN_POINT('',(102.798558,-46.86543,-0.11));
#3490 = VECTOR('',#3491,1.);
#3491 = DIRECTION('',(-0.527730619718,0.849411792367,0.));
#3492 = ORIENTED_EDGE('',*,*,#3493,.T.);
#3493 = EDGE_CURVE('',#3486,#3494,#3496,.T.);
#3494 = VERTEX_POINT('',#3495);
#3495 = CARTESIAN_POINT('',(102.67881,-46.712683,-0.11));
#3496 = LINE('',#3497,#3498);
#3497 = CARTESIAN_POINT('',(102.739305,-46.770059,-0.11));
#3498 = VECTOR('',#3499,1.);
#3499 = DIRECTION('',(-0.725563654232,0.68815505786,0.));
#3500 = ORIENTED_EDGE('',*,*,#3501,.T.);
#3501 = EDGE_CURVE('',#3494,#3502,#3504,.T.);
#3502 = VERTEX_POINT('',#3503);
#3503 = CARTESIAN_POINT('',(102.607078,-46.671363,-0.11));
#3504 = LINE('',#3505,#3506);
#3505 = CARTESIAN_POINT('',(102.67881,-46.712683,-0.11));
#3506 = VECTOR('',#3507,1.);
#3507 = DIRECTION('',(-0.866519233877,0.499143684044,0.));
#3508 = ORIENTED_EDGE('',*,*,#3509,.T.);
#3509 = EDGE_CURVE('',#3502,#3510,#3512,.T.);
#3510 = VERTEX_POINT('',#3511);
#3511 = CARTESIAN_POINT('',(102.521845,-46.645543,-0.11));
#3512 = LINE('',#3513,#3514);
#3513 = CARTESIAN_POINT('',(102.607078,-46.671363,-0.11));
#3514 = VECTOR('',#3515,1.);
#3515 = DIRECTION('',(-0.957049898887,0.289923250258,0.));
#3516 = ORIENTED_EDGE('',*,*,#3517,.T.);
#3517 = EDGE_CURVE('',#3510,#3518,#3520,.T.);
#3518 = VERTEX_POINT('',#3519);
#3519 = CARTESIAN_POINT('',(102.210108,-46.67428,-0.11));
#3520 = CIRCLE('',#3521,0.590851056819);
#3521 = AXIS2_PLACEMENT_3D('',#3522,#3523,#3524);
#3522 = CARTESIAN_POINT('',(102.41827535951,-47.22724593184,-0.11));
#3523 = DIRECTION('',(0.,0.,1.));
#3524 = DIRECTION('',(0.17528891468,0.984517037125,-0.));
#3525 = ORIENTED_EDGE('',*,*,#3526,.T.);
#3526 = EDGE_CURVE('',#3518,#3364,#3527,.T.);
#3527 = LINE('',#3528,#3529);
#3528 = CARTESIAN_POINT('',(102.210108,-46.67428,-0.11));
#3529 = VECTOR('',#3530,1.);
#3530 = DIRECTION('',(-0.917505836333,-0.397722315561,0.));
#3531 = PLANE('',#3532);
#3532 = AXIS2_PLACEMENT_3D('',#3533,#3534,#3535);
#3533 = CARTESIAN_POINT('',(0.,0.,-0.11));
#3534 = DIRECTION('',(-0.,-0.,-1.));
#3535 = DIRECTION('',(-1.,0.,0.));
#3536 = SHELL_BASED_SURFACE_MODEL('',(#3537));
#3537 = OPEN_SHELL('',(#3538));
#3538 = ADVANCED_FACE('',(#3539),#3645,.T.);
#3539 = FACE_BOUND('',#3540,.T.);
#3540 = EDGE_LOOP('',(#3541,#3551,#3559,#3567,#3575,#3583,#3591,#3599,
    #3607,#3615,#3623,#3631,#3639));
#3541 = ORIENTED_EDGE('',*,*,#3542,.T.);
#3542 = EDGE_CURVE('',#3543,#3545,#3547,.T.);
#3543 = VERTEX_POINT('',#3544);
#3544 = CARTESIAN_POINT('',(106.284905,-47.926,-0.11));
#3545 = VERTEX_POINT('',#3546);
#3546 = CARTESIAN_POINT('',(105.841605,-46.240919,-0.11));
#3547 = LINE('',#3548,#3549);
#3548 = CARTESIAN_POINT('',(106.284905,-47.926,-0.11));
#3549 = VECTOR('',#3550,1.);
#3550 = DIRECTION('',(-0.254416882932,0.9670946436,0.));
#3551 = ORIENTED_EDGE('',*,*,#3552,.T.);
#3552 = EDGE_CURVE('',#3545,#3553,#3555,.T.);
#3553 = VERTEX_POINT('',#3554);
#3554 = CARTESIAN_POINT('',(106.364565,-46.240919,-0.11));
#3555 = LINE('',#3556,#3557);
#3556 = CARTESIAN_POINT('',(105.841605,-46.240919,-0.11));
#3557 = VECTOR('',#3558,1.);
#3558 = DIRECTION('',(1.,0.,0.));
#3559 = ORIENTED_EDGE('',*,*,#3560,.T.);
#3560 = EDGE_CURVE('',#3553,#3561,#3563,.T.);
#3561 = VERTEX_POINT('',#3562);
#3562 = CARTESIAN_POINT('',(106.648546,-47.390412,-0.11));
#3563 = LINE('',#3564,#3565);
#3564 = CARTESIAN_POINT('',(106.364565,-46.240919,-0.11));
#3565 = VECTOR('',#3566,1.);
#3566 = DIRECTION('',(0.239838264738,-0.970812858777,0.));
#3567 = ORIENTED_EDGE('',*,*,#3568,.T.);
#3568 = EDGE_CURVE('',#3561,#3569,#3571,.T.);
#3569 = VERTEX_POINT('',#3570);
#3570 = CARTESIAN_POINT('',(106.93105,-46.240919,-0.11));
#3571 = LINE('',#3572,#3573);
#3572 = CARTESIAN_POINT('',(106.648546,-47.390412,-0.11));
#3573 = VECTOR('',#3574,1.);
#3574 = DIRECTION('',(0.238662080551,0.971102678046,0.));
#3575 = ORIENTED_EDGE('',*,*,#3576,.T.);
#3576 = EDGE_CURVE('',#3569,#3577,#3579,.T.);
#3577 = VERTEX_POINT('',#3578);
#3578 = CARTESIAN_POINT('',(107.38053,-46.240919,-0.11));
#3579 = LINE('',#3580,#3581);
#3580 = CARTESIAN_POINT('',(106.93105,-46.240919,-0.11));
#3581 = VECTOR('',#3582,1.);
#3582 = DIRECTION('',(1.,0.,0.));
#3583 = ORIENTED_EDGE('',*,*,#3584,.T.);
#3584 = EDGE_CURVE('',#3577,#3585,#3587,.T.);
#3585 = VERTEX_POINT('',#3586);
#3586 = CARTESIAN_POINT('',(107.664511,-47.402367,-0.11));
#3587 = LINE('',#3588,#3589);
#3588 = CARTESIAN_POINT('',(107.38053,-46.240919,-0.11));
#3589 = VECTOR('',#3590,1.);
#3590 = DIRECTION('',(0.237509509101,-0.971385213541,0.));
#3591 = ORIENTED_EDGE('',*,*,#3592,.T.);
#3592 = EDGE_CURVE('',#3585,#3593,#3595,.T.);
#3593 = VERTEX_POINT('',#3594);
#3594 = CARTESIAN_POINT('',(107.947015,-46.240919,-0.11));
#3595 = LINE('',#3596,#3597);
#3596 = CARTESIAN_POINT('',(107.664511,-47.402367,-0.11));
#3597 = VECTOR('',#3598,1.);
#3598 = DIRECTION('',(0.236343381594,0.971669597125,0.));
#3599 = ORIENTED_EDGE('',*,*,#3600,.T.);
#3600 = EDGE_CURVE('',#3593,#3601,#3603,.T.);
#3601 = VERTEX_POINT('',#3602);
#3602 = CARTESIAN_POINT('',(108.469975,-46.240919,-0.11));
#3603 = LINE('',#3604,#3605);
#3604 = CARTESIAN_POINT('',(107.947015,-46.240919,-0.11));
#3605 = VECTOR('',#3606,1.);
#3606 = DIRECTION('',(1.,0.,0.));
#3607 = ORIENTED_EDGE('',*,*,#3608,.T.);
#3608 = EDGE_CURVE('',#3601,#3609,#3611,.T.);
#3609 = VERTEX_POINT('',#3610);
#3610 = CARTESIAN_POINT('',(108.026674,-47.926,-0.11));
#3611 = LINE('',#3612,#3613);
#3612 = CARTESIAN_POINT('',(108.469975,-46.240919,-0.11));
#3613 = VECTOR('',#3614,1.);
#3614 = DIRECTION('',(-0.254417419699,-0.96709450239,0.));
#3615 = ORIENTED_EDGE('',*,*,#3616,.T.);
#3616 = EDGE_CURVE('',#3609,#3617,#3619,.T.);
#3617 = VERTEX_POINT('',#3618);
#3618 = CARTESIAN_POINT('',(107.439099,-47.926,-0.11));
#3619 = LINE('',#3620,#3621);
#3620 = CARTESIAN_POINT('',(108.026674,-47.926,-0.11));
#3621 = VECTOR('',#3622,1.);
#3622 = DIRECTION('',(-1.,0.,0.));
#3623 = ORIENTED_EDGE('',*,*,#3624,.T.);
#3624 = EDGE_CURVE('',#3617,#3625,#3627,.T.);
#3625 = VERTEX_POINT('',#3626);
#3626 = CARTESIAN_POINT('',(107.156596,-46.767507,-0.11));
#3627 = LINE('',#3628,#3629);
#3628 = CARTESIAN_POINT('',(107.439099,-47.926,-0.11));
#3629 = VECTOR('',#3630,1.);
#3630 = DIRECTION('',(-0.236911641926,0.971531200693,0.));
#3631 = ORIENTED_EDGE('',*,*,#3632,.T.);
#3632 = EDGE_CURVE('',#3625,#3633,#3635,.T.);
#3633 = VERTEX_POINT('',#3634);
#3634 = CARTESIAN_POINT('',(106.87248,-47.926,-0.11));
#3635 = LINE('',#3636,#3637);
#3636 = CARTESIAN_POINT('',(107.156596,-46.767507,-0.11));
#3637 = VECTOR('',#3638,1.);
#3638 = DIRECTION('',(-0.238187793055,-0.971219118036,0.));
#3639 = ORIENTED_EDGE('',*,*,#3640,.T.);
#3640 = EDGE_CURVE('',#3633,#3543,#3641,.T.);
#3641 = LINE('',#3642,#3643);
#3642 = CARTESIAN_POINT('',(106.87248,-47.926,-0.11));
#3643 = VECTOR('',#3644,1.);
#3644 = DIRECTION('',(-1.,0.,0.));
#3645 = PLANE('',#3646);
#3646 = AXIS2_PLACEMENT_3D('',#3647,#3648,#3649);
#3647 = CARTESIAN_POINT('',(0.,0.,-0.11));
#3648 = DIRECTION('',(-0.,-0.,-1.));
#3649 = DIRECTION('',(-1.,0.,0.));
#3650 = SHELL_BASED_SURFACE_MODEL('',(#3651));
#3651 = OPEN_SHELL('',(#3652));
#3652 = ADVANCED_FACE('',(#3653,#3823),#3915,.T.);
#3653 = FACE_BOUND('',#3654,.T.);
#3654 = EDGE_LOOP('',(#3655,#3665,#3673,#3681,#3689,#3697,#3705,#3713,
    #3721,#3729,#3737,#3745,#3753,#3761,#3769,#3777,#3785,#3793,#3801,
    #3809,#3817));
#3655 = ORIENTED_EDGE('',*,*,#3656,.T.);
#3656 = EDGE_CURVE('',#3657,#3659,#3661,.T.);
#3657 = VERTEX_POINT('',#3658);
#3658 = CARTESIAN_POINT('',(111.490465,-45.695902,-0.11));
#3659 = VERTEX_POINT('',#3660);
#3660 = CARTESIAN_POINT('',(111.707145,-45.682092,-0.11));
#3661 = LINE('',#3662,#3663);
#3662 = CARTESIAN_POINT('',(111.490465,-45.695902,-0.11));
#3663 = VECTOR('',#3664,1.);
#3664 = DIRECTION('',(0.997975121091,6.360548468836E-02,0.));
#3665 = ORIENTED_EDGE('',*,*,#3666,.T.);
#3666 = EDGE_CURVE('',#3659,#3667,#3669,.T.);
#3667 = VERTEX_POINT('',#3668);
#3668 = CARTESIAN_POINT('',(112.667496,-45.682092,-0.11));
#3669 = LINE('',#3670,#3671);
#3670 = CARTESIAN_POINT('',(111.707145,-45.682092,-0.11));
#3671 = VECTOR('',#3672,1.);
#3672 = DIRECTION('',(1.,0.,0.));
#3673 = ORIENTED_EDGE('',*,*,#3674,.T.);
#3674 = EDGE_CURVE('',#3667,#3675,#3677,.T.);
#3675 = VERTEX_POINT('',#3676);
#3676 = CARTESIAN_POINT('',(112.667496,-47.926,-0.11));
#3677 = LINE('',#3678,#3679);
#3678 = CARTESIAN_POINT('',(112.667496,-45.682092,-0.11));
#3679 = VECTOR('',#3680,1.);
#3680 = DIRECTION('',(0.,-1.,0.));
#3681 = ORIENTED_EDGE('',*,*,#3682,.T.);
#3682 = EDGE_CURVE('',#3675,#3683,#3685,.T.);
#3683 = VERTEX_POINT('',#3684);
#3684 = CARTESIAN_POINT('',(112.088921,-47.926,-0.11));
#3685 = LINE('',#3686,#3687);
#3686 = CARTESIAN_POINT('',(112.667496,-47.926,-0.11));
#3687 = VECTOR('',#3688,1.);
#3688 = DIRECTION('',(-1.,0.,0.));
#3689 = ORIENTED_EDGE('',*,*,#3690,.T.);
#3690 = EDGE_CURVE('',#3683,#3691,#3693,.T.);
#3691 = VERTEX_POINT('',#3692);
#3692 = CARTESIAN_POINT('',(112.088921,-47.143641,-0.11));
#3693 = LINE('',#3694,#3695);
#3694 = CARTESIAN_POINT('',(112.088921,-47.926,-0.11));
#3695 = VECTOR('',#3696,1.);
#3696 = DIRECTION('',(0.,1.,0.));
#3697 = ORIENTED_EDGE('',*,*,#3698,.T.);
#3698 = EDGE_CURVE('',#3691,#3699,#3701,.T.);
#3699 = VERTEX_POINT('',#3700);
#3700 = CARTESIAN_POINT('',(111.707145,-47.143641,-0.11));
#3701 = LINE('',#3702,#3703);
#3702 = CARTESIAN_POINT('',(112.088921,-47.143641,-0.11));
#3703 = VECTOR('',#3704,1.);
#3704 = DIRECTION('',(-1.,0.,0.));
#3705 = ORIENTED_EDGE('',*,*,#3706,.T.);
#3706 = EDGE_CURVE('',#3699,#3707,#3709,.T.);
#3707 = VERTEX_POINT('',#3708);
#3708 = CARTESIAN_POINT('',(111.490455,-47.129839,-0.11));
#3709 = LINE('',#3710,#3711);
#3710 = CARTESIAN_POINT('',(111.707145,-47.143641,-0.11));
#3711 = VECTOR('',#3712,1.);
#3712 = DIRECTION('',(-0.997977645393,6.356586580701E-02,0.));
#3713 = ORIENTED_EDGE('',*,*,#3714,.T.);
#3714 = EDGE_CURVE('',#3707,#3715,#3717,.T.);
#3715 = VERTEX_POINT('',#3716);
#3716 = CARTESIAN_POINT('',(111.31291,-47.091602,-0.11));
#3717 = LINE('',#3718,#3719);
#3718 = CARTESIAN_POINT('',(111.490455,-47.129839,-0.11));
#3719 = VECTOR('',#3720,1.);
#3720 = DIRECTION('',(-0.977585704168,0.21053786122,0.));
#3721 = ORIENTED_EDGE('',*,*,#3722,.T.);
#3722 = EDGE_CURVE('',#3715,#3723,#3725,.T.);
#3723 = VERTEX_POINT('',#3724);
#3724 = CARTESIAN_POINT('',(111.167794,-47.032451,-0.11));
#3725 = LINE('',#3726,#3727);
#3726 = CARTESIAN_POINT('',(111.31291,-47.091602,-0.11));
#3727 = VECTOR('',#3728,1.);
#3728 = DIRECTION('',(-0.926026197913,0.377459243865,0.));
#3729 = ORIENTED_EDGE('',*,*,#3730,.T.);
#3730 = EDGE_CURVE('',#3723,#3731,#3733,.T.);
#3731 = VERTEX_POINT('',#3732);
#3732 = CARTESIAN_POINT('',(111.049583,-46.954096,-0.11));
#3733 = LINE('',#3734,#3735);
#3734 = CARTESIAN_POINT('',(111.167794,-47.032451,-0.11));
#3735 = VECTOR('',#3736,1.);
#3736 = DIRECTION('',(-0.833519420411,0.552490159006,0.));
#3737 = ORIENTED_EDGE('',*,*,#3738,.T.);
#3738 = EDGE_CURVE('',#3731,#3739,#3741,.T.);
#3739 = VERTEX_POINT('',#3740);
#3740 = CARTESIAN_POINT('',(110.951125,-46.851496,-0.11));
#3741 = LINE('',#3742,#3743);
#3742 = CARTESIAN_POINT('',(111.049583,-46.954096,-0.11));
#3743 = VECTOR('',#3744,1.);
#3744 = DIRECTION('',(-0.692392748955,0.721520811339,0.));
#3745 = ORIENTED_EDGE('',*,*,#3746,.T.);
#3746 = EDGE_CURVE('',#3739,#3747,#3749,.T.);
#3747 = VERTEX_POINT('',#3748);
#3748 = CARTESIAN_POINT('',(110.880301,-46.729805,-0.11));
#3749 = LINE('',#3750,#3751);
#3750 = CARTESIAN_POINT('',(110.951125,-46.851496,-0.11));
#3751 = VECTOR('',#3752,1.);
#3752 = DIRECTION('',(-0.503010114564,0.864280524278,0.));
#3753 = ORIENTED_EDGE('',*,*,#3754,.T.);
#3754 = EDGE_CURVE('',#3747,#3755,#3757,.T.);
#3755 = VERTEX_POINT('',#3756);
#3756 = CARTESIAN_POINT('',(110.836073,-46.58518,-0.11));
#3757 = LINE('',#3758,#3759);
#3758 = CARTESIAN_POINT('',(110.880301,-46.729805,-0.11));
#3759 = VECTOR('',#3760,1.);
#3760 = DIRECTION('',(-0.292442454309,0.956283122782,0.));
#3761 = ORIENTED_EDGE('',*,*,#3762,.T.);
#3762 = EDGE_CURVE('',#3755,#3763,#3765,.T.);
#3763 = VERTEX_POINT('',#3764);
#3764 = CARTESIAN_POINT('',(110.820409,-46.41206,-0.11));
#3765 = LINE('',#3766,#3767);
#3766 = CARTESIAN_POINT('',(110.836073,-46.58518,-0.11));
#3767 = VECTOR('',#3768,1.);
#3768 = DIRECTION('',(-9.01124797642E-02,0.995931594534,0.));
#3769 = ORIENTED_EDGE('',*,*,#3770,.T.);
#3770 = EDGE_CURVE('',#3763,#3771,#3773,.T.);
#3771 = VERTEX_POINT('',#3772);
#3772 = CARTESIAN_POINT('',(110.836048,-46.239813,-0.11));
#3773 = LINE('',#3774,#3775);
#3774 = CARTESIAN_POINT('',(110.820409,-46.41206,-0.11));
#3775 = VECTOR('',#3776,1.);
#3776 = DIRECTION('',(9.042209924389E-02,0.995903531457,0.));
#3777 = ORIENTED_EDGE('',*,*,#3778,.T.);
#3778 = EDGE_CURVE('',#3771,#3779,#3781,.T.);
#3779 = VERTEX_POINT('',#3780);
#3780 = CARTESIAN_POINT('',(110.880234,-46.095731,-0.11));
#3781 = LINE('',#3782,#3783);
#3782 = CARTESIAN_POINT('',(110.836048,-46.239813,-0.11));
#3783 = VECTOR('',#3784,1.);
#3784 = DIRECTION('',(0.293195132717,0.956052621016,0.));
#3785 = ORIENTED_EDGE('',*,*,#3786,.T.);
#3786 = EDGE_CURVE('',#3779,#3787,#3789,.T.);
#3787 = VERTEX_POINT('',#3788);
#3788 = CARTESIAN_POINT('',(110.95105,-45.974315,-0.11));
#3789 = LINE('',#3790,#3791);
#3790 = CARTESIAN_POINT('',(110.880234,-46.095731,-0.11));
#3791 = VECTOR('',#3792,1.);
#3792 = DIRECTION('',(0.503817942555,0.863809863778,0.));
#3793 = ORIENTED_EDGE('',*,*,#3794,.T.);
#3794 = EDGE_CURVE('',#3787,#3795,#3797,.T.);
#3795 = VERTEX_POINT('',#3796);
#3796 = CARTESIAN_POINT('',(111.049583,-45.871771,-0.11));
#3797 = LINE('',#3798,#3799);
#3798 = CARTESIAN_POINT('',(110.95105,-45.974315,-0.11));
#3799 = VECTOR('',#3800,1.);
#3800 = DIRECTION('',(0.692863876845,0.721068407409,0.));
#3801 = ORIENTED_EDGE('',*,*,#3802,.T.);
#3802 = EDGE_CURVE('',#3795,#3803,#3805,.T.);
#3803 = VERTEX_POINT('',#3804);
#3804 = CARTESIAN_POINT('',(111.167803,-45.793356,-0.11));
#3805 = LINE('',#3806,#3807);
#3806 = CARTESIAN_POINT('',(111.049583,-45.871771,-0.11));
#3807 = VECTOR('',#3808,1.);
#3808 = DIRECTION('',(0.83334397248,0.552754758941,0.));
#3809 = ORIENTED_EDGE('',*,*,#3810,.T.);
#3810 = EDGE_CURVE('',#3803,#3811,#3813,.T.);
#3811 = VERTEX_POINT('',#3812);
#3812 = CARTESIAN_POINT('',(111.312922,-45.734164,-0.11));
#3813 = LINE('',#3814,#3815);
#3814 = CARTESIAN_POINT('',(111.167803,-45.793356,-0.11));
#3815 = VECTOR('',#3816,1.);
#3816 = DIRECTION('',(0.925937459895,0.377676872953,0.));
#3817 = ORIENTED_EDGE('',*,*,#3818,.T.);
#3818 = EDGE_CURVE('',#3811,#3657,#3819,.T.);
#3819 = LINE('',#3820,#3821);
#3820 = CARTESIAN_POINT('',(111.312922,-45.734164,-0.11));
#3821 = VECTOR('',#3822,1.);
#3822 = DIRECTION('',(0.97755687578,0.210671674924,0.));
#3823 = FACE_BOUND('',#3824,.T.);
#3824 = EDGE_LOOP('',(#3825,#3835,#3843,#3851,#3859,#3868,#3876,#3884,
    #3893,#3901,#3909));
#3825 = ORIENTED_EDGE('',*,*,#3826,.T.);
#3826 = EDGE_CURVE('',#3827,#3829,#3831,.T.);
#3827 = VERTEX_POINT('',#3828);
#3828 = CARTESIAN_POINT('',(112.088921,-46.722371,-0.11));
#3829 = VERTEX_POINT('',#3830);
#3830 = CARTESIAN_POINT('',(112.088921,-46.103362,-0.11));
#3831 = LINE('',#3832,#3833);
#3832 = CARTESIAN_POINT('',(112.088921,-46.722371,-0.11));
#3833 = VECTOR('',#3834,1.);
#3834 = DIRECTION('',(0.,1.,0.));
#3835 = ORIENTED_EDGE('',*,*,#3836,.T.);
#3836 = EDGE_CURVE('',#3829,#3837,#3839,.T.);
#3837 = VERTEX_POINT('',#3838);
#3838 = CARTESIAN_POINT('',(111.768804,-46.103362,-0.11));
#3839 = LINE('',#3840,#3841);
#3840 = CARTESIAN_POINT('',(112.088921,-46.103362,-0.11));
#3841 = VECTOR('',#3842,1.);
#3842 = DIRECTION('',(-1.,0.,0.));
#3843 = ORIENTED_EDGE('',*,*,#3844,.T.);
#3844 = EDGE_CURVE('',#3837,#3845,#3847,.T.);
#3845 = VERTEX_POINT('',#3846);
#3846 = CARTESIAN_POINT('',(111.659302,-46.113401,-0.11));
#3847 = LINE('',#3848,#3849);
#3848 = CARTESIAN_POINT('',(111.768804,-46.103362,-0.11));
#3849 = VECTOR('',#3850,1.);
#3850 = DIRECTION('',(-0.995823816029,-9.129582372124E-02,0.));
#3851 = ORIENTED_EDGE('',*,*,#3852,.T.);
#3852 = EDGE_CURVE('',#3845,#3853,#3855,.T.);
#3853 = VERTEX_POINT('',#3854);
#3854 = CARTESIAN_POINT('',(111.574475,-46.140861,-0.11));
#3855 = LINE('',#3856,#3857);
#3856 = CARTESIAN_POINT('',(111.659302,-46.113401,-0.11));
#3857 = VECTOR('',#3858,1.);
#3858 = DIRECTION('',(-0.95139204489,-0.307982429565,0.));
#3859 = ORIENTED_EDGE('',*,*,#3860,.T.);
#3860 = EDGE_CURVE('',#3853,#3861,#3863,.T.);
#3861 = VERTEX_POINT('',#3862);
#3862 = CARTESIAN_POINT('',(111.428181,-46.317221,-0.11));
#3863 = CIRCLE('',#3864,0.263003787343);
#3864 = AXIS2_PLACEMENT_3D('',#3865,#3866,#3867);
#3865 = CARTESIAN_POINT('',(111.68353635985,-46.38018632658,-0.11));
#3866 = DIRECTION('',(0.,0.,1.));
#3867 = DIRECTION('',(-0.414676005063,0.909969126303,0.));
#3868 = ORIENTED_EDGE('',*,*,#3869,.T.);
#3869 = EDGE_CURVE('',#3861,#3870,#3872,.T.);
#3870 = VERTEX_POINT('',#3871);
#3871 = CARTESIAN_POINT('',(111.417119,-46.41206,-0.11));
#3872 = LINE('',#3873,#3874);
#3873 = CARTESIAN_POINT('',(111.428181,-46.317221,-0.11));
#3874 = VECTOR('',#3875,1.);
#3875 = DIRECTION('',(-0.115854351528,-0.99326621267,0.));
#3876 = ORIENTED_EDGE('',*,*,#3877,.T.);
#3877 = EDGE_CURVE('',#3870,#3878,#3880,.T.);
#3878 = VERTEX_POINT('',#3879);
#3879 = CARTESIAN_POINT('',(111.428165,-46.507013,-0.11));
#3880 = LINE('',#3881,#3882);
#3881 = CARTESIAN_POINT('',(111.417119,-46.41206,-0.11));
#3882 = VECTOR('',#3883,1.);
#3883 = DIRECTION('',(0.115551985085,-0.993301433978,0.));
#3884 = ORIENTED_EDGE('',*,*,#3885,.T.);
#3885 = EDGE_CURVE('',#3878,#3886,#3888,.T.);
#3886 = VERTEX_POINT('',#3887);
#3887 = CARTESIAN_POINT('',(111.574529,-46.684583,-0.11));
#3888 = CIRCLE('',#3889,0.262492957661);
#3889 = AXIS2_PLACEMENT_3D('',#3890,#3891,#3892);
#3890 = CARTESIAN_POINT('',(111.68340511004,-46.44573462658,-0.11));
#3891 = DIRECTION('',(0.,0.,1.));
#3892 = DIRECTION('',(-0.972369363025,-0.233447685469,0.));
#3893 = ORIENTED_EDGE('',*,*,#3894,.T.);
#3894 = EDGE_CURVE('',#3886,#3895,#3897,.T.);
#3895 = VERTEX_POINT('',#3896);
#3896 = CARTESIAN_POINT('',(111.659357,-46.712259,-0.11));
#3897 = LINE('',#3898,#3899);
#3898 = CARTESIAN_POINT('',(111.574529,-46.684583,-0.11));
#3899 = VECTOR('',#3900,1.);
#3900 = DIRECTION('',(0.950681284196,-0.310169463165,0.));
#3901 = ORIENTED_EDGE('',*,*,#3902,.T.);
#3902 = EDGE_CURVE('',#3895,#3903,#3905,.T.);
#3903 = VERTEX_POINT('',#3904);
#3904 = CARTESIAN_POINT('',(111.768804,-46.722371,-0.11));
#3905 = LINE('',#3906,#3907);
#3906 = CARTESIAN_POINT('',(111.659357,-46.712259,-0.11));
#3907 = VECTOR('',#3908,1.);
#3908 = DIRECTION('',(0.995759014457,-9.199991917717E-02,0.));
#3909 = ORIENTED_EDGE('',*,*,#3910,.T.);
#3910 = EDGE_CURVE('',#3903,#3827,#3911,.T.);
#3911 = LINE('',#3912,#3913);
#3912 = CARTESIAN_POINT('',(111.768804,-46.722371,-0.11));
#3913 = VECTOR('',#3914,1.);
#3914 = DIRECTION('',(1.,0.,0.));
#3915 = PLANE('',#3916);
#3916 = AXIS2_PLACEMENT_3D('',#3917,#3918,#3919);
#3917 = CARTESIAN_POINT('',(0.,0.,-0.11));
#3918 = DIRECTION('',(-0.,-0.,-1.));
#3919 = DIRECTION('',(-1.,0.,0.));
#3920 = SHELL_BASED_SURFACE_MODEL('',(#3921));
#3921 = OPEN_SHELL('',(#3922));
#3922 = ADVANCED_FACE('',(#3923,#4137),#4365,.T.);
#3923 = FACE_BOUND('',#3924,.T.);
#3924 = EDGE_LOOP('',(#3925,#3936,#3944,#3952,#3961,#3969,#3977,#3985,
    #3993,#4001,#4009,#4017,#4025,#4033,#4042,#4050,#4058,#4067,#4075,
    #4083,#4091,#4099,#4107,#4115,#4123,#4131));
#3925 = ORIENTED_EDGE('',*,*,#3926,.T.);
#3926 = EDGE_CURVE('',#3927,#3929,#3931,.T.);
#3927 = VERTEX_POINT('',#3928);
#3928 = CARTESIAN_POINT('',(81.403433,-46.465452,-0.11));
#3929 = VERTEX_POINT('',#3930);
#3930 = CARTESIAN_POINT('',(81.635746,-46.344403,-0.11));
#3931 = CIRCLE('',#3932,0.422664784717);
#3932 = AXIS2_PLACEMENT_3D('',#3933,#3934,#3935);
#3933 = CARTESIAN_POINT('',(81.705285136337,-46.76130805964,-0.11));
#3934 = DIRECTION('',(0.,0.,-1.));
#3935 = DIRECTION('',(-0.714164385707,0.699978021218,0.));
#3936 = ORIENTED_EDGE('',*,*,#3937,.T.);
#3937 = EDGE_CURVE('',#3929,#3938,#3940,.T.);
#3938 = VERTEX_POINT('',#3939);
#3939 = CARTESIAN_POINT('',(81.736605,-46.335753,-0.11));
#3940 = LINE('',#3941,#3942);
#3941 = CARTESIAN_POINT('',(81.635746,-46.344403,-0.11));
#3942 = VECTOR('',#3943,1.);
#3943 = DIRECTION('',(0.9963424931,8.544961347346E-02,0.));
#3944 = ORIENTED_EDGE('',*,*,#3945,.T.);
#3945 = EDGE_CURVE('',#3938,#3946,#3948,.T.);
#3946 = VERTEX_POINT('',#3947);
#3947 = CARTESIAN_POINT('',(81.837463,-46.344402,-0.11));
#3948 = LINE('',#3949,#3950);
#3949 = CARTESIAN_POINT('',(81.736605,-46.335753,-0.11));
#3950 = VECTOR('',#3951,1.);
#3951 = DIRECTION('',(0.996343261971,-8.544064796834E-02,0.));
#3952 = ORIENTED_EDGE('',*,*,#3953,.T.);
#3953 = EDGE_CURVE('',#3946,#3954,#3956,.T.);
#3954 = VERTEX_POINT('',#3955);
#3955 = CARTESIAN_POINT('',(82.129623,-46.53936,-0.11));
#3956 = CIRCLE('',#3957,0.43199435234);
#3957 = AXIS2_PLACEMENT_3D('',#3958,#3959,#3960);
#3958 = CARTESIAN_POINT('',(81.764466563651,-46.77018438659,-0.11));
#3959 = DIRECTION('',(0.,0.,-1.));
#3960 = DIRECTION('',(0.168975441353,0.985620261673,0.));
#3961 = ORIENTED_EDGE('',*,*,#3962,.T.);
#3962 = EDGE_CURVE('',#3954,#3963,#3965,.T.);
#3963 = VERTEX_POINT('',#3964);
#3964 = CARTESIAN_POINT('',(82.18461,-46.642083,-0.11));
#3965 = LINE('',#3966,#3967);
#3966 = CARTESIAN_POINT('',(82.129623,-46.53936,-0.11));
#3967 = VECTOR('',#3968,1.);
#3968 = DIRECTION('',(0.471933439437,-0.881634180792,0.));
#3969 = ORIENTED_EDGE('',*,*,#3970,.T.);
#3970 = EDGE_CURVE('',#3963,#3971,#3973,.T.);
#3971 = VERTEX_POINT('',#3972);
#3972 = CARTESIAN_POINT('',(82.227162,-46.77107,-0.11));
#3973 = LINE('',#3974,#3975);
#3974 = CARTESIAN_POINT('',(82.18461,-46.642083,-0.11));
#3975 = VECTOR('',#3976,1.);
#3976 = DIRECTION('',(0.31328642651,-0.949658683404,0.));
#3977 = ORIENTED_EDGE('',*,*,#3978,.T.);
#3978 = EDGE_CURVE('',#3971,#3979,#3981,.T.);
#3979 = VERTEX_POINT('',#3980);
#3980 = CARTESIAN_POINT('',(82.255153,-46.931792,-0.11));
#3981 = LINE('',#3982,#3983);
#3982 = CARTESIAN_POINT('',(82.227162,-46.77107,-0.11));
#3983 = VECTOR('',#3984,1.);
#3984 = DIRECTION('',(0.17157527789,-0.985171012575,0.));
#3985 = ORIENTED_EDGE('',*,*,#3986,.T.);
#3986 = EDGE_CURVE('',#3979,#3987,#3989,.T.);
#3987 = VERTEX_POINT('',#3988);
#3988 = CARTESIAN_POINT('',(82.265361,-47.13058,-0.11));
#3989 = LINE('',#3990,#3991);
#3990 = CARTESIAN_POINT('',(82.255153,-46.931792,-0.11));
#3991 = VECTOR('',#3992,1.);
#3992 = DIRECTION('',(5.128361669046E-02,-0.998684129572,0.));
#3993 = ORIENTED_EDGE('',*,*,#3994,.T.);
#3994 = EDGE_CURVE('',#3987,#3995,#3997,.T.);
#3995 = VERTEX_POINT('',#3996);
#3996 = CARTESIAN_POINT('',(82.255165,-47.328744,-0.11));
#3997 = LINE('',#3998,#3999);
#3998 = CARTESIAN_POINT('',(82.265361,-47.13058,-0.11));
#3999 = VECTOR('',#4000,1.);
#4000 = DIRECTION('',(-5.138436136532E-02,-0.998678951118,0.));
#4001 = ORIENTED_EDGE('',*,*,#4002,.T.);
#4002 = EDGE_CURVE('',#3995,#4003,#4005,.T.);
#4003 = VERTEX_POINT('',#4004);
#4004 = CARTESIAN_POINT('',(82.227193,-47.489133,-0.11));
#4005 = LINE('',#4006,#4007);
#4006 = CARTESIAN_POINT('',(82.255165,-47.328744,-0.11));
#4007 = VECTOR('',#4008,1.);
#4008 = DIRECTION('',(-0.171807732213,-0.985130500569,0.));
#4009 = ORIENTED_EDGE('',*,*,#4010,.T.);
#4010 = EDGE_CURVE('',#4003,#4011,#4013,.T.);
#4011 = VERTEX_POINT('',#4012);
#4012 = CARTESIAN_POINT('',(82.184644,-47.618011,-0.11));
#4013 = LINE('',#4014,#4015);
#4014 = CARTESIAN_POINT('',(82.227193,-47.489133,-0.11));
#4015 = VECTOR('',#4016,1.);
#4016 = DIRECTION('',(-0.313505424727,-0.949586409268,0.));
#4017 = ORIENTED_EDGE('',*,*,#4018,.T.);
#4018 = EDGE_CURVE('',#4011,#4019,#4021,.T.);
#4019 = VERTEX_POINT('',#4020);
#4020 = CARTESIAN_POINT('',(82.129623,-47.720793,-0.11));
#4021 = LINE('',#4022,#4023);
#4022 = CARTESIAN_POINT('',(82.184644,-47.618011,-0.11));
#4023 = VECTOR('',#4024,1.);
#4024 = DIRECTION('',(-0.471949558379,-0.881625552231,0.));
#4025 = ORIENTED_EDGE('',*,*,#4026,.T.);
#4026 = EDGE_CURVE('',#4019,#4027,#4029,.T.);
#4027 = VERTEX_POINT('',#4028);
#4028 = CARTESIAN_POINT('',(82.069839,-47.794665,-0.11));
#4029 = LINE('',#4030,#4031);
#4030 = CARTESIAN_POINT('',(82.129623,-47.720793,-0.11));
#4031 = VECTOR('',#4032,1.);
#4032 = DIRECTION('',(-0.629089247646,-0.777333080793,0.));
#4033 = ORIENTED_EDGE('',*,*,#4034,.T.);
#4034 = EDGE_CURVE('',#4027,#4035,#4037,.T.);
#4035 = VERTEX_POINT('',#4036);
#4036 = CARTESIAN_POINT('',(81.837468,-47.915663,-0.11));
#4037 = CIRCLE('',#4038,0.422944136164);
#4038 = AXIS2_PLACEMENT_3D('',#4039,#4040,#4041);
#4039 = CARTESIAN_POINT('',(81.767922256561,-47.4984758335,-0.11));
#4040 = DIRECTION('',(0.,0.,-1.));
#4041 = DIRECTION('',(0.713845441096,-0.700303281605,0.));
#4042 = ORIENTED_EDGE('',*,*,#4043,.T.);
#4043 = EDGE_CURVE('',#4035,#4044,#4046,.T.);
#4044 = VERTEX_POINT('',#4045);
#4045 = CARTESIAN_POINT('',(81.736605,-47.924309,-0.11));
#4046 = LINE('',#4047,#4048);
#4047 = CARTESIAN_POINT('',(81.837468,-47.915663,-0.11));
#4048 = VECTOR('',#4049,1.);
#4049 = DIRECTION('',(-0.996346144707,-8.540702504523E-02,0.));
#4050 = ORIENTED_EDGE('',*,*,#4051,.T.);
#4051 = EDGE_CURVE('',#4044,#4052,#4054,.T.);
#4052 = VERTEX_POINT('',#4053);
#4053 = CARTESIAN_POINT('',(81.635741,-47.915662,-0.11));
#4054 = LINE('',#4055,#4056);
#4055 = CARTESIAN_POINT('',(81.736605,-47.924309,-0.11));
#4056 = VECTOR('',#4057,1.);
#4057 = DIRECTION('',(-0.996345376144,8.541599051716E-02,0.));
#4058 = ORIENTED_EDGE('',*,*,#4059,.T.);
#4059 = EDGE_CURVE('',#4052,#4060,#4062,.T.);
#4060 = VERTEX_POINT('',#4061);
#4061 = CARTESIAN_POINT('',(81.34368,-47.720793,-0.11));
#4062 = CIRCLE('',#4063,0.431741924668);
#4063 = AXIS2_PLACEMENT_3D('',#4064,#4065,#4066);
#4064 = CARTESIAN_POINT('',(81.708632017357,-47.49011765553,-0.11));
#4065 = DIRECTION('',(0.,0.,-1.));
#4066 = DIRECTION('',(-0.168830065352,-0.985645174002,-0.));
#4067 = ORIENTED_EDGE('',*,*,#4068,.T.);
#4068 = EDGE_CURVE('',#4060,#4069,#4071,.T.);
#4069 = VERTEX_POINT('',#4070);
#4070 = CARTESIAN_POINT('',(81.288619,-47.618005,-0.11));
#4071 = LINE('',#4072,#4073);
#4072 = CARTESIAN_POINT('',(81.34368,-47.720793,-0.11));
#4073 = VECTOR('',#4074,1.);
#4074 = DIRECTION('',(-0.472194758326,0.88149424854,0.));
#4075 = ORIENTED_EDGE('',*,*,#4076,.T.);
#4076 = EDGE_CURVE('',#4069,#4077,#4079,.T.);
#4077 = VERTEX_POINT('',#4078);
#4078 = CARTESIAN_POINT('',(81.246041,-47.489125,-0.11));
#4079 = LINE('',#4080,#4081);
#4080 = CARTESIAN_POINT('',(81.288619,-47.618005,-0.11));
#4081 = VECTOR('',#4082,1.);
#4082 = DIRECTION('',(-0.313693690147,0.949524232846,0.));
#4083 = ORIENTED_EDGE('',*,*,#4084,.T.);
#4084 = EDGE_CURVE('',#4077,#4085,#4087,.T.);
#4085 = VERTEX_POINT('',#4086);
#4086 = CARTESIAN_POINT('',(81.218052,-47.328738,-0.11));
#4087 = LINE('',#4088,#4089);
#4088 = CARTESIAN_POINT('',(81.246041,-47.489125,-0.11));
#4089 = VECTOR('',#4090,1.);
#4090 = DIRECTION('',(-0.171911143917,0.985112459873,0.));
#4091 = ORIENTED_EDGE('',*,*,#4092,.T.);
#4092 = EDGE_CURVE('',#4085,#4093,#4095,.T.);
#4093 = VERTEX_POINT('',#4094);
#4094 = CARTESIAN_POINT('',(81.20785,-47.13058,-0.11));
#4095 = LINE('',#4096,#4097);
#4096 = CARTESIAN_POINT('',(81.218052,-47.328738,-0.11));
#4097 = VECTOR('',#4098,1.);
#4098 = DIRECTION('',(-5.141607206719E-02,0.998677319024,0.));
#4099 = ORIENTED_EDGE('',*,*,#4100,.T.);
#4100 = EDGE_CURVE('',#4093,#4101,#4103,.T.);
#4101 = VERTEX_POINT('',#4102);
#4102 = CARTESIAN_POINT('',(81.218064,-46.931799,-0.11));
#4103 = LINE('',#4104,#4105);
#4104 = CARTESIAN_POINT('',(81.20785,-47.13058,-0.11));
#4105 = VECTOR('',#4106,1.);
#4106 = DIRECTION('',(5.131548276976E-02,0.998682492701,0.));
#4107 = ORIENTED_EDGE('',*,*,#4108,.T.);
#4108 = EDGE_CURVE('',#4101,#4109,#4111,.T.);
#4109 = VERTEX_POINT('',#4110);
#4110 = CARTESIAN_POINT('',(81.246073,-46.771078,-0.11));
#4111 = LINE('',#4112,#4113);
#4112 = CARTESIAN_POINT('',(81.218064,-46.931799,-0.11));
#4113 = VECTOR('',#4114,1.);
#4114 = DIRECTION('',(0.171683397405,0.985152176598,0.));
#4115 = ORIENTED_EDGE('',*,*,#4116,.T.);
#4116 = EDGE_CURVE('',#4109,#4117,#4119,.T.);
#4117 = VERTEX_POINT('',#4118);
#4118 = CARTESIAN_POINT('',(81.288653,-46.642089,-0.11));
#4119 = LINE('',#4120,#4121);
#4120 = CARTESIAN_POINT('',(81.246073,-46.771078,-0.11));
#4121 = VECTOR('',#4122,1.);
#4122 = DIRECTION('',(0.313467940772,0.949598783755,0.));
#4123 = ORIENTED_EDGE('',*,*,#4124,.T.);
#4124 = EDGE_CURVE('',#4117,#4125,#4127,.T.);
#4125 = VERTEX_POINT('',#4126);
#4126 = CARTESIAN_POINT('',(81.34368,-46.53936,-0.11));
#4127 = LINE('',#4128,#4129);
#4128 = CARTESIAN_POINT('',(81.288653,-46.642089,-0.11));
#4129 = VECTOR('',#4130,1.);
#4130 = DIRECTION('',(0.472178788324,0.881502803091,0.));
#4131 = ORIENTED_EDGE('',*,*,#4132,.T.);
#4132 = EDGE_CURVE('',#4125,#3927,#4133,.T.);
#4133 = LINE('',#4134,#4135);
#4134 = CARTESIAN_POINT('',(81.34368,-46.53936,-0.11));
#4135 = VECTOR('',#4136,1.);
#4136 = DIRECTION('',(0.628706852009,0.77764239483,0.));
#4137 = FACE_BOUND('',#4138,.T.);
#4138 = EDGE_LOOP('',(#4139,#4149,#4157,#4166,#4174,#4182,#4190,#4198,
    #4206,#4214,#4222,#4230,#4238,#4246,#4254,#4262,#4270,#4279,#4287,
    #4295,#4303,#4311,#4319,#4327,#4335,#4343,#4351,#4359));
#4139 = ORIENTED_EDGE('',*,*,#4140,.T.);
#4140 = EDGE_CURVE('',#4141,#4143,#4145,.T.);
#4141 = VERTEX_POINT('',#4142);
#4142 = CARTESIAN_POINT('',(81.874901,-46.538141,-0.11));
#4143 = VERTEX_POINT('',#4144);
#4144 = CARTESIAN_POINT('',(81.811497,-46.509707,-0.11));
#4145 = LINE('',#4146,#4147);
#4146 = CARTESIAN_POINT('',(81.874901,-46.538141,-0.11));
#4147 = VECTOR('',#4148,1.);
#4148 = DIRECTION('',(-0.912447446994,0.409193910602,0.));
#4149 = ORIENTED_EDGE('',*,*,#4150,.T.);
#4150 = EDGE_CURVE('',#4143,#4151,#4153,.T.);
#4151 = VERTEX_POINT('',#4152);
#4152 = CARTESIAN_POINT('',(81.736605,-46.499884,-0.11));
#4153 = LINE('',#4154,#4155);
#4154 = CARTESIAN_POINT('',(81.811497,-46.509707,-0.11));
#4155 = VECTOR('',#4156,1.);
#4156 = DIRECTION('',(-0.991507655678,0.130048332288,0.));
#4157 = ORIENTED_EDGE('',*,*,#4158,.T.);
#4158 = EDGE_CURVE('',#4151,#4159,#4161,.T.);
#4159 = VERTEX_POINT('',#4160);
#4160 = CARTESIAN_POINT('',(81.542584,-46.586128,-0.11));
#4161 = CIRCLE('',#4162,0.247981482066);
#4162 = AXIS2_PLACEMENT_3D('',#4163,#4164,#4165);
#4163 = CARTESIAN_POINT('',(81.730624235068,-46.74779335016,-0.11));
#4164 = DIRECTION('',(0.,0.,1.));
#4165 = DIRECTION('',(2.411778848419E-02,0.999709123835,-0.));
#4166 = ORIENTED_EDGE('',*,*,#4167,.T.);
#4167 = EDGE_CURVE('',#4159,#4168,#4170,.T.);
#4168 = VERTEX_POINT('',#4169);
#4169 = CARTESIAN_POINT('',(81.495355,-46.657329,-0.11));
#4170 = LINE('',#4171,#4172);
#4171 = CARTESIAN_POINT('',(81.542584,-46.586128,-0.11));
#4172 = VECTOR('',#4173,1.);
#4173 = DIRECTION('',(-0.552767544521,-0.833335491698,0.));
#4174 = ORIENTED_EDGE('',*,*,#4175,.T.);
#4175 = EDGE_CURVE('',#4168,#4176,#4178,.T.);
#4176 = VERTEX_POINT('',#4177);
#4177 = CARTESIAN_POINT('',(81.463572,-46.735021,-0.11));
#4178 = LINE('',#4179,#4180);
#4179 = CARTESIAN_POINT('',(81.495355,-46.657329,-0.11));
#4180 = VECTOR('',#4181,1.);
#4181 = DIRECTION('',(-0.37863191798,-0.925547335735,0.));
#4182 = ORIENTED_EDGE('',*,*,#4183,.T.);
#4183 = EDGE_CURVE('',#4176,#4184,#4186,.T.);
#4184 = VERTEX_POINT('',#4185);
#4185 = CARTESIAN_POINT('',(81.438207,-46.836253,-0.11));
#4186 = LINE('',#4187,#4188);
#4187 = CARTESIAN_POINT('',(81.463572,-46.735021,-0.11));
#4188 = VECTOR('',#4189,1.);
#4189 = DIRECTION('',(-0.243049641784,-0.970013851256,0.));
#4190 = ORIENTED_EDGE('',*,*,#4191,.T.);
#4191 = EDGE_CURVE('',#4184,#4192,#4194,.T.);
#4192 = VERTEX_POINT('',#4193);
#4193 = CARTESIAN_POINT('',(81.421152,-46.96618,-0.11));
#4194 = LINE('',#4195,#4196);
#4195 = CARTESIAN_POINT('',(81.438207,-46.836253,-0.11));
#4196 = VECTOR('',#4197,1.);
#4197 = DIRECTION('',(-0.130149519538,-0.991494378483,0.));
#4198 = ORIENTED_EDGE('',*,*,#4199,.T.);
#4199 = EDGE_CURVE('',#4192,#4200,#4202,.T.);
#4200 = VERTEX_POINT('',#4201);
#4201 = CARTESIAN_POINT('',(81.414846,-47.13058,-0.11));
#4202 = LINE('',#4203,#4204);
#4203 = CARTESIAN_POINT('',(81.421152,-46.96618,-0.11));
#4204 = VECTOR('',#4205,1.);
#4205 = DIRECTION('',(-3.832947731834E-02,-0.999265155586,0.));
#4206 = ORIENTED_EDGE('',*,*,#4207,.T.);
#4207 = EDGE_CURVE('',#4200,#4208,#4210,.T.);
#4208 = VERTEX_POINT('',#4209);
#4209 = CARTESIAN_POINT('',(81.421143,-47.294352,-0.11));
#4210 = LINE('',#4211,#4212);
#4211 = CARTESIAN_POINT('',(81.414846,-47.13058,-0.11));
#4212 = VECTOR('',#4213,1.);
#4213 = DIRECTION('',(3.842140569723E-02,-0.999261625193,0.));
#4214 = ORIENTED_EDGE('',*,*,#4215,.T.);
#4215 = EDGE_CURVE('',#4208,#4216,#4218,.T.);
#4216 = VERTEX_POINT('',#4217);
#4217 = CARTESIAN_POINT('',(81.438184,-47.423948,-0.11));
#4218 = LINE('',#4219,#4220);
#4219 = CARTESIAN_POINT('',(81.421143,-47.294352,-0.11));
#4220 = VECTOR('',#4221,1.);
#4221 = DIRECTION('',(0.130370997939,-0.991465280732,0.));
#4222 = ORIENTED_EDGE('',*,*,#4223,.T.);
#4223 = EDGE_CURVE('',#4216,#4224,#4226,.T.);
#4224 = VERTEX_POINT('',#4225);
#4225 = CARTESIAN_POINT('',(81.463548,-47.525075,-0.11));
#4226 = LINE('',#4227,#4228);
#4227 = CARTESIAN_POINT('',(81.438184,-47.423948,-0.11));
#4228 = VECTOR('',#4229,1.);
#4229 = DIRECTION('',(0.243278046627,-0.969956592858,0.));
#4230 = ORIENTED_EDGE('',*,*,#4231,.T.);
#4231 = EDGE_CURVE('',#4224,#4232,#4234,.T.);
#4232 = VERTEX_POINT('',#4233);
#4233 = CARTESIAN_POINT('',(81.495355,-47.602824,-0.11));
#4234 = LINE('',#4235,#4236);
#4235 = CARTESIAN_POINT('',(81.463548,-47.525075,-0.11));
#4236 = VECTOR('',#4237,1.);
#4237 = DIRECTION('',(0.378638871587,-0.925544491056,0.));
#4238 = ORIENTED_EDGE('',*,*,#4239,.T.);
#4239 = EDGE_CURVE('',#4232,#4240,#4242,.T.);
#4240 = VERTEX_POINT('',#4241);
#4241 = CARTESIAN_POINT('',(81.542579,-47.673977,-0.11));
#4242 = LINE('',#4243,#4244);
#4243 = CARTESIAN_POINT('',(81.495355,-47.602824,-0.11));
#4244 = VECTOR('',#4245,1.);
#4245 = DIRECTION('',(0.552985779753,-0.833190690893,0.));
#4246 = ORIENTED_EDGE('',*,*,#4247,.T.);
#4247 = EDGE_CURVE('',#4240,#4248,#4250,.T.);
#4248 = VERTEX_POINT('',#4249);
#4249 = CARTESIAN_POINT('',(81.597466,-47.721867,-0.11));
#4250 = LINE('',#4251,#4252);
#4251 = CARTESIAN_POINT('',(81.542579,-47.673977,-0.11));
#4252 = VECTOR('',#4253,1.);
#4253 = DIRECTION('',(0.753502060127,-0.657445545566,0.));
#4254 = ORIENTED_EDGE('',*,*,#4255,.T.);
#4255 = EDGE_CURVE('',#4248,#4256,#4258,.T.);
#4256 = VERTEX_POINT('',#4257);
#4257 = CARTESIAN_POINT('',(81.661177,-47.750332,-0.11));
#4258 = LINE('',#4259,#4260);
#4259 = CARTESIAN_POINT('',(81.597466,-47.721867,-0.11));
#4260 = VECTOR('',#4261,1.);
#4261 = DIRECTION('',(0.913017341223,-0.407920745521,0.));
#4262 = ORIENTED_EDGE('',*,*,#4263,.T.);
#4263 = EDGE_CURVE('',#4256,#4264,#4266,.T.);
#4264 = VERTEX_POINT('',#4265);
#4265 = CARTESIAN_POINT('',(81.736605,-47.760177,-0.11));
#4266 = LINE('',#4267,#4268);
#4267 = CARTESIAN_POINT('',(81.661177,-47.750332,-0.11));
#4268 = VECTOR('',#4269,1.);
#4269 = DIRECTION('',(0.991589338382,-0.129424047255,0.));
#4270 = ORIENTED_EDGE('',*,*,#4271,.T.);
#4271 = EDGE_CURVE('',#4264,#4272,#4274,.T.);
#4272 = VERTEX_POINT('',#4273);
#4273 = CARTESIAN_POINT('',(81.929676,-47.674055,-0.11));
#4274 = CIRCLE('',#4275,0.24659513391);
#4275 = AXIS2_PLACEMENT_3D('',#4276,#4277,#4278);
#4276 = CARTESIAN_POINT('',(81.742381457055,-47.51364953173,-0.11));
#4277 = DIRECTION('',(0.,0.,1.));
#4278 = DIRECTION('',(-2.342486229811E-02,-0.999725600266,0.));
#4279 = ORIENTED_EDGE('',*,*,#4280,.T.);
#4280 = EDGE_CURVE('',#4272,#4281,#4283,.T.);
#4281 = VERTEX_POINT('',#4282);
#4282 = CARTESIAN_POINT('',(81.97694,-47.602824,-0.11));
#4283 = LINE('',#4284,#4285);
#4284 = CARTESIAN_POINT('',(81.929676,-47.674055,-0.11));
#4285 = VECTOR('',#4286,1.);
#4286 = DIRECTION('',(0.552890208205,0.833254113504,0.));
#4287 = ORIENTED_EDGE('',*,*,#4288,.T.);
#4288 = EDGE_CURVE('',#4281,#4289,#4291,.T.);
#4289 = VERTEX_POINT('',#4290);
#4290 = CARTESIAN_POINT('',(82.008709,-47.52508,-0.11));
#4291 = LINE('',#4292,#4293);
#4292 = CARTESIAN_POINT('',(81.97694,-47.602824,-0.11));
#4293 = VECTOR('',#4294,1.);
#4294 = DIRECTION('',(0.378272109936,0.925694447885,0.));
#4295 = ORIENTED_EDGE('',*,*,#4296,.T.);
#4296 = EDGE_CURVE('',#4289,#4297,#4299,.T.);
#4297 = VERTEX_POINT('',#4298);
#4298 = CARTESIAN_POINT('',(82.034044,-47.423955,-0.11));
#4299 = LINE('',#4300,#4301);
#4300 = CARTESIAN_POINT('',(82.008709,-47.52508,-0.11));
#4301 = VECTOR('',#4302,1.);
#4302 = DIRECTION('',(0.243020852089,0.970021064436,0.));
#4303 = ORIENTED_EDGE('',*,*,#4304,.T.);
#4304 = EDGE_CURVE('',#4297,#4305,#4307,.T.);
#4305 = VERTEX_POINT('',#4306);
#4306 = CARTESIAN_POINT('',(82.051067,-47.294357,-0.11));
#4307 = LINE('',#4308,#4309);
#4308 = CARTESIAN_POINT('',(82.034044,-47.423955,-0.11));
#4309 = VECTOR('',#4310,1.);
#4310 = DIRECTION('',(0.130233651346,0.991483331205,0.));
#4311 = ORIENTED_EDGE('',*,*,#4312,.T.);
#4312 = EDGE_CURVE('',#4305,#4313,#4315,.T.);
#4313 = VERTEX_POINT('',#4314);
#4314 = CARTESIAN_POINT('',(82.057357,-47.13058,-0.11));
#4315 = LINE('',#4316,#4317);
#4316 = CARTESIAN_POINT('',(82.051067,-47.294357,-0.11));
#4317 = VECTOR('',#4318,1.);
#4318 = DIRECTION('',(3.837758790128E-02,0.999263309017,0.));
#4319 = ORIENTED_EDGE('',*,*,#4320,.T.);
#4320 = EDGE_CURVE('',#4313,#4321,#4323,.T.);
#4321 = VERTEX_POINT('',#4322);
#4322 = CARTESIAN_POINT('',(82.051058,-46.966175,-0.11));
#4323 = LINE('',#4324,#4325);
#4324 = CARTESIAN_POINT('',(82.057357,-47.13058,-0.11));
#4325 = VECTOR('',#4326,1.);
#4326 = DIRECTION('',(-3.8285829233E-02,0.99926682887,0.));
#4327 = ORIENTED_EDGE('',*,*,#4328,.T.);
#4328 = EDGE_CURVE('',#4321,#4329,#4331,.T.);
#4329 = VERTEX_POINT('',#4330);
#4330 = CARTESIAN_POINT('',(82.034021,-46.836246,-0.11));
#4331 = LINE('',#4332,#4333);
#4332 = CARTESIAN_POINT('',(82.051058,-46.966175,-0.11));
#4333 = VECTOR('',#4334,1.);
#4334 = DIRECTION('',(-0.130012514204,0.991512352999,0.));
#4335 = ORIENTED_EDGE('',*,*,#4336,.T.);
#4336 = EDGE_CURVE('',#4329,#4337,#4339,.T.);
#4337 = VERTEX_POINT('',#4338);
#4338 = CARTESIAN_POINT('',(82.008685,-46.735016,-0.11));
#4339 = LINE('',#4340,#4341);
#4340 = CARTESIAN_POINT('',(82.034021,-46.836246,-0.11));
#4341 = VECTOR('',#4342,1.);
#4342 = DIRECTION('',(-0.242792664051,0.97007820421,0.));
#4343 = ORIENTED_EDGE('',*,*,#4344,.T.);
#4344 = EDGE_CURVE('',#4337,#4345,#4347,.T.);
#4345 = VERTEX_POINT('',#4346);
#4346 = CARTESIAN_POINT('',(81.97694,-46.657329,-0.11));
#4347 = LINE('',#4348,#4349);
#4348 = CARTESIAN_POINT('',(82.008685,-46.735016,-0.11));
#4349 = VECTOR('',#4350,1.);
#4350 = DIRECTION('',(-0.378264883335,0.925697400902,0.));
#4351 = ORIENTED_EDGE('',*,*,#4352,.T.);
#4352 = EDGE_CURVE('',#4345,#4353,#4355,.T.);
#4353 = VERTEX_POINT('',#4354);
#4354 = CARTESIAN_POINT('',(81.92967,-46.586051,-0.11));
#4355 = LINE('',#4356,#4357);
#4356 = CARTESIAN_POINT('',(81.97694,-46.657329,-0.11));
#4357 = VECTOR('',#4358,1.);
#4358 = DIRECTION('',(-0.552685732525,0.833389753394,0.));
#4359 = ORIENTED_EDGE('',*,*,#4360,.T.);
#4360 = EDGE_CURVE('',#4353,#4141,#4361,.T.);
#4361 = LINE('',#4362,#4363);
#4362 = CARTESIAN_POINT('',(81.92967,-46.586051,-0.11));
#4363 = VECTOR('',#4364,1.);
#4364 = DIRECTION('',(-0.752664372644,0.658404391049,0.));
#4365 = PLANE('',#4366);
#4366 = AXIS2_PLACEMENT_3D('',#4367,#4368,#4369);
#4367 = CARTESIAN_POINT('',(0.,0.,-0.11));
#4368 = DIRECTION('',(-0.,-0.,-1.));
#4369 = DIRECTION('',(-1.,0.,0.));
#4370 = SHELL_BASED_SURFACE_MODEL('',(#4371));
#4371 = OPEN_SHELL('',(#4372));
#4372 = ADVANCED_FACE('',(#4373),#4407,.T.);
#4373 = FACE_BOUND('',#4374,.T.);
#4374 = EDGE_LOOP('',(#4375,#4385,#4393,#4401));
#4375 = ORIENTED_EDGE('',*,*,#4376,.T.);
#4376 = EDGE_CURVE('',#4377,#4379,#4381,.T.);
#4377 = VERTEX_POINT('',#4378);
#4378 = CARTESIAN_POINT('',(82.629801,-47.895,-0.11));
#4379 = VERTEX_POINT('',#4380);
#4380 = CARTESIAN_POINT('',(82.629801,-47.637079,-0.11));
#4381 = LINE('',#4382,#4383);
#4382 = CARTESIAN_POINT('',(82.629801,-47.895,-0.11));
#4383 = VECTOR('',#4384,1.);
#4384 = DIRECTION('',(0.,1.,0.));
#4385 = ORIENTED_EDGE('',*,*,#4386,.T.);
#4386 = EDGE_CURVE('',#4379,#4387,#4389,.T.);
#4387 = VERTEX_POINT('',#4388);
#4388 = CARTESIAN_POINT('',(82.846048,-47.637079,-0.11));
#4389 = LINE('',#4390,#4391);
#4390 = CARTESIAN_POINT('',(82.629801,-47.637079,-0.11));
#4391 = VECTOR('',#4392,1.);
#4392 = DIRECTION('',(1.,0.,0.));
#4393 = ORIENTED_EDGE('',*,*,#4394,.T.);
#4394 = EDGE_CURVE('',#4387,#4395,#4397,.T.);
#4395 = VERTEX_POINT('',#4396);
#4396 = CARTESIAN_POINT('',(82.846048,-47.895,-0.11));
#4397 = LINE('',#4398,#4399);
#4398 = CARTESIAN_POINT('',(82.846048,-47.637079,-0.11));
#4399 = VECTOR('',#4400,1.);
#4400 = DIRECTION('',(0.,-1.,0.));
#4401 = ORIENTED_EDGE('',*,*,#4402,.T.);
#4402 = EDGE_CURVE('',#4395,#4377,#4403,.T.);
#4403 = LINE('',#4404,#4405);
#4404 = CARTESIAN_POINT('',(82.846048,-47.895,-0.11));
#4405 = VECTOR('',#4406,1.);
#4406 = DIRECTION('',(-1.,0.,0.));
#4407 = PLANE('',#4408);
#4408 = AXIS2_PLACEMENT_3D('',#4409,#4410,#4411);
#4409 = CARTESIAN_POINT('',(0.,0.,-0.11));
#4410 = DIRECTION('',(-0.,-0.,-1.));
#4411 = DIRECTION('',(-1.,0.,0.));
#4412 = SHELL_BASED_SURFACE_MODEL('',(#4413));
#4413 = OPEN_SHELL('',(#4414));
#4414 = ADVANCED_FACE('',(#4415),#4505,.T.);
#4415 = FACE_BOUND('',#4416,.T.);
#4416 = EDGE_LOOP('',(#4417,#4427,#4435,#4443,#4451,#4459,#4467,#4475,
    #4483,#4491,#4499));
#4417 = ORIENTED_EDGE('',*,*,#4418,.T.);
#4418 = EDGE_CURVE('',#4419,#4421,#4423,.T.);
#4419 = VERTEX_POINT('',#4420);
#4420 = CARTESIAN_POINT('',(83.602132,-47.719145,-0.11));
#4421 = VERTEX_POINT('',#4422);
#4422 = CARTESIAN_POINT('',(83.602132,-46.365062,-0.11));
#4423 = LINE('',#4424,#4425);
#4424 = CARTESIAN_POINT('',(83.602132,-47.719145,-0.11));
#4425 = VECTOR('',#4426,1.);
#4426 = DIRECTION('',(0.,1.,0.));
#4427 = ORIENTED_EDGE('',*,*,#4428,.T.);
#4428 = EDGE_CURVE('',#4421,#4429,#4431,.T.);
#4429 = VERTEX_POINT('',#4430);
#4430 = CARTESIAN_POINT('',(83.809128,-46.365062,-0.11));
#4431 = LINE('',#4432,#4433);
#4432 = CARTESIAN_POINT('',(83.602132,-46.365062,-0.11));
#4433 = VECTOR('',#4434,1.);
#4434 = DIRECTION('',(1.,0.,0.));
#4435 = ORIENTED_EDGE('',*,*,#4436,.T.);
#4436 = EDGE_CURVE('',#4429,#4437,#4439,.T.);
#4437 = VERTEX_POINT('',#4438);
#4438 = CARTESIAN_POINT('',(84.174943,-46.441266,-0.11));
#4439 = LINE('',#4440,#4441);
#4440 = CARTESIAN_POINT('',(83.809128,-46.365062,-0.11));
#4441 = VECTOR('',#4442,1.);
#4442 = DIRECTION('',(0.978984404867,-0.203935124553,0.));
#4443 = ORIENTED_EDGE('',*,*,#4444,.T.);
#4444 = EDGE_CURVE('',#4437,#4445,#4447,.T.);
#4445 = VERTEX_POINT('',#4446);
#4446 = CARTESIAN_POINT('',(84.174943,-46.628845,-0.11));
#4447 = LINE('',#4448,#4449);
#4448 = CARTESIAN_POINT('',(84.174943,-46.441266,-0.11));
#4449 = VECTOR('',#4450,1.);
#4450 = DIRECTION('',(0.,-1.,0.));
#4451 = ORIENTED_EDGE('',*,*,#4452,.T.);
#4452 = EDGE_CURVE('',#4445,#4453,#4455,.T.);
#4453 = VERTEX_POINT('',#4454);
#4454 = CARTESIAN_POINT('',(83.807021,-46.552641,-0.11));
#4455 = LINE('',#4456,#4457);
#4456 = CARTESIAN_POINT('',(84.174943,-46.628845,-0.11));
#4457 = VECTOR('',#4458,1.);
#4458 = DIRECTION('',(-0.9792169879,0.202815410185,0.));
#4459 = ORIENTED_EDGE('',*,*,#4460,.T.);
#4460 = EDGE_CURVE('',#4453,#4461,#4463,.T.);
#4461 = VERTEX_POINT('',#4462);
#4462 = CARTESIAN_POINT('',(83.807021,-47.719145,-0.11));
#4463 = LINE('',#4464,#4465);
#4464 = CARTESIAN_POINT('',(83.807021,-46.552641,-0.11));
#4465 = VECTOR('',#4466,1.);
#4466 = DIRECTION('',(0.,-1.,0.));
#4467 = ORIENTED_EDGE('',*,*,#4468,.T.);
#4468 = EDGE_CURVE('',#4461,#4469,#4471,.T.);
#4469 = VERTEX_POINT('',#4470);
#4470 = CARTESIAN_POINT('',(84.145176,-47.719145,-0.11));
#4471 = LINE('',#4472,#4473);
#4472 = CARTESIAN_POINT('',(83.807021,-47.719145,-0.11));
#4473 = VECTOR('',#4474,1.);
#4474 = DIRECTION('',(1.,0.,0.));
#4475 = ORIENTED_EDGE('',*,*,#4476,.T.);
#4476 = EDGE_CURVE('',#4469,#4477,#4479,.T.);
#4477 = VERTEX_POINT('',#4478);
#4478 = CARTESIAN_POINT('',(84.145176,-47.895,-0.11));
#4479 = LINE('',#4480,#4481);
#4480 = CARTESIAN_POINT('',(84.145176,-47.719145,-0.11));
#4481 = VECTOR('',#4482,1.);
#4482 = DIRECTION('',(0.,-1.,0.));
#4483 = ORIENTED_EDGE('',*,*,#4484,.T.);
#4484 = EDGE_CURVE('',#4477,#4485,#4487,.T.);
#4485 = VERTEX_POINT('',#4486);
#4486 = CARTESIAN_POINT('',(83.263978,-47.895,-0.11));
#4487 = LINE('',#4488,#4489);
#4488 = CARTESIAN_POINT('',(84.145176,-47.895,-0.11));
#4489 = VECTOR('',#4490,1.);
#4490 = DIRECTION('',(-1.,0.,0.));
#4491 = ORIENTED_EDGE('',*,*,#4492,.T.);
#4492 = EDGE_CURVE('',#4485,#4493,#4495,.T.);
#4493 = VERTEX_POINT('',#4494);
#4494 = CARTESIAN_POINT('',(83.263978,-47.719145,-0.11));
#4495 = LINE('',#4496,#4497);
#4496 = CARTESIAN_POINT('',(83.263978,-47.895,-0.11));
#4497 = VECTOR('',#4498,1.);
#4498 = DIRECTION('',(0.,1.,0.));
#4499 = ORIENTED_EDGE('',*,*,#4500,.T.);
#4500 = EDGE_CURVE('',#4493,#4419,#4501,.T.);
#4501 = LINE('',#4502,#4503);
#4502 = CARTESIAN_POINT('',(83.263978,-47.719145,-0.11));
#4503 = VECTOR('',#4504,1.);
#4504 = DIRECTION('',(1.,0.,0.));
#4505 = PLANE('',#4506);
#4506 = AXIS2_PLACEMENT_3D('',#4507,#4508,#4509);
#4507 = CARTESIAN_POINT('',(0.,0.,-0.11));
#4508 = DIRECTION('',(-0.,-0.,-1.));
#4509 = DIRECTION('',(-1.,0.,0.));
#4510 = SHELL_BASED_SURFACE_MODEL('',(#4511));
#4511 = OPEN_SHELL('',(#4512));
#4512 = ADVANCED_FACE('',(#4513),#4547,.T.);
#4513 = FACE_BOUND('',#4514,.T.);
#4514 = EDGE_LOOP('',(#4515,#4525,#4533,#4541));
#4515 = ORIENTED_EDGE('',*,*,#4516,.T.);
#4516 = EDGE_CURVE('',#4517,#4519,#4521,.T.);
#4517 = VERTEX_POINT('',#4518);
#4518 = CARTESIAN_POINT('',(84.631616,-47.895,-0.11));
#4519 = VERTEX_POINT('',#4520);
#4520 = CARTESIAN_POINT('',(84.631616,-47.637079,-0.11));
#4521 = LINE('',#4522,#4523);
#4522 = CARTESIAN_POINT('',(84.631616,-47.895,-0.11));
#4523 = VECTOR('',#4524,1.);
#4524 = DIRECTION('',(0.,1.,0.));
#4525 = ORIENTED_EDGE('',*,*,#4526,.T.);
#4526 = EDGE_CURVE('',#4519,#4527,#4529,.T.);
#4527 = VERTEX_POINT('',#4528);
#4528 = CARTESIAN_POINT('',(84.847862,-47.637079,-0.11));
#4529 = LINE('',#4530,#4531);
#4530 = CARTESIAN_POINT('',(84.631616,-47.637079,-0.11));
#4531 = VECTOR('',#4532,1.);
#4532 = DIRECTION('',(1.,0.,0.));
#4533 = ORIENTED_EDGE('',*,*,#4534,.T.);
#4534 = EDGE_CURVE('',#4527,#4535,#4537,.T.);
#4535 = VERTEX_POINT('',#4536);
#4536 = CARTESIAN_POINT('',(84.847862,-47.895,-0.11));
#4537 = LINE('',#4538,#4539);
#4538 = CARTESIAN_POINT('',(84.847862,-47.637079,-0.11));
#4539 = VECTOR('',#4540,1.);
#4540 = DIRECTION('',(0.,-1.,0.));
#4541 = ORIENTED_EDGE('',*,*,#4542,.T.);
#4542 = EDGE_CURVE('',#4535,#4517,#4543,.T.);
#4543 = LINE('',#4544,#4545);
#4544 = CARTESIAN_POINT('',(84.847862,-47.895,-0.11));
#4545 = VECTOR('',#4546,1.);
#4546 = DIRECTION('',(-1.,0.,0.));
#4547 = PLANE('',#4548);
#4548 = AXIS2_PLACEMENT_3D('',#4549,#4550,#4551);
#4549 = CARTESIAN_POINT('',(0.,0.,-0.11));
#4550 = DIRECTION('',(-0.,-0.,-1.));
#4551 = DIRECTION('',(-1.,0.,0.));
#4552 = SHELL_BASED_SURFACE_MODEL('',(#4553));
#4553 = OPEN_SHELL('',(#4554));
#4554 = ADVANCED_FACE('',(#4555),#4589,.T.);
#4555 = FACE_BOUND('',#4556,.T.);
#4556 = EDGE_LOOP('',(#4557,#4567,#4575,#4583));
#4557 = ORIENTED_EDGE('',*,*,#4558,.T.);
#4558 = EDGE_CURVE('',#4559,#4561,#4563,.T.);
#4559 = VERTEX_POINT('',#4560);
#4560 = CARTESIAN_POINT('',(92.927716,-46.025986,-0.11));
#4561 = VERTEX_POINT('',#4562);
#4562 = CARTESIAN_POINT('',(92.927716,-45.587521,-0.11));
#4563 = LINE('',#4564,#4565);
#4564 = CARTESIAN_POINT('',(92.927716,-46.025986,-0.11));
#4565 = VECTOR('',#4566,1.);
#4566 = DIRECTION('',(0.,1.,0.));
#4567 = ORIENTED_EDGE('',*,*,#4568,.T.);
#4568 = EDGE_CURVE('',#4561,#4569,#4571,.T.);
#4569 = VERTEX_POINT('',#4570);
#4570 = CARTESIAN_POINT('',(93.465722,-45.587521,-0.11));
#4571 = LINE('',#4572,#4573);
#4572 = CARTESIAN_POINT('',(92.927716,-45.587521,-0.11));
#4573 = VECTOR('',#4574,1.);
#4574 = DIRECTION('',(1.,0.,0.));
#4575 = ORIENTED_EDGE('',*,*,#4576,.T.);
#4576 = EDGE_CURVE('',#4569,#4577,#4579,.T.);
#4577 = VERTEX_POINT('',#4578);
#4578 = CARTESIAN_POINT('',(93.465722,-46.025986,-0.11));
#4579 = LINE('',#4580,#4581);
#4580 = CARTESIAN_POINT('',(93.465722,-45.587521,-0.11));
#4581 = VECTOR('',#4582,1.);
#4582 = DIRECTION('',(0.,-1.,0.));
#4583 = ORIENTED_EDGE('',*,*,#4584,.T.);
#4584 = EDGE_CURVE('',#4577,#4559,#4585,.T.);
#4585 = LINE('',#4586,#4587);
#4586 = CARTESIAN_POINT('',(93.465722,-46.025986,-0.11));
#4587 = VECTOR('',#4588,1.);
#4588 = DIRECTION('',(-1.,0.,0.));
#4589 = PLANE('',#4590);
#4590 = AXIS2_PLACEMENT_3D('',#4591,#4592,#4593);
#4591 = CARTESIAN_POINT('',(0.,0.,-0.11));
#4592 = DIRECTION('',(-0.,-0.,-1.));
#4593 = DIRECTION('',(-1.,0.,0.));
#4594 = ( GEOMETRIC_REPRESENTATION_CONTEXT(3) 
GLOBAL_UNCERTAINTY_ASSIGNED_CONTEXT((#4598)) 
GLOBAL_UNIT_ASSIGNED_CONTEXT((#4595,#4596,#4597)) REPRESENTATION_CONTEXT
('Context #1','3D Context with UNIT and UNCERTAINTY') );
#4595 = ( LENGTH_UNIT() NAMED_UNIT(*) SI_UNIT(.MILLI.,.METRE.) );
#4596 = ( NAMED_UNIT(*) PLANE_ANGLE_UNIT() SI_UNIT($,.RADIAN.) );
#4597 = ( NAMED_UNIT(*) SI_UNIT($,.STERADIAN.) SOLID_ANGLE_UNIT() );
#4598 = UNCERTAINTY_MEASURE_WITH_UNIT(LENGTH_MEASURE(1.E-07),#4595,
  'distance_accuracy_value','confusion accuracy');
#4599 = CONTEXT_DEPENDENT_SHAPE_REPRESENTATION(#4600,#4602);
#4600 = ( REPRESENTATION_RELATIONSHIP('','',#36,#10) 
REPRESENTATION_RELATIONSHIP_WITH_TRANSFORMATION(#4601) 
SHAPE_REPRESENTATION_RELATIONSHIP() );
#4601 = ITEM_DEFINED_TRANSFORMATION('','',#11,#15);
#4602 = PRODUCT_DEFINITION_SHAPE('Placement','Placement of an item',
  #4603);
#4603 = NEXT_ASSEMBLY_USAGE_OCCURRENCE('1','=>[0:1:1:2]','',#5,#31,$);
#4604 = PRODUCT_RELATED_PRODUCT_CATEGORY('part',$,(#33));
#4605 = SHAPE_DEFINITION_REPRESENTATION(#4606,#4612);
#4606 = PRODUCT_DEFINITION_SHAPE('','',#4607);
#4607 = PRODUCT_DEFINITION('design','',#4608,#4611);
#4608 = PRODUCT_DEFINITION_FORMATION('','',#4609);
#4609 = PRODUCT('left-side-plate_PCB','left-side-plate_PCB','',(#4610));
#4610 = PRODUCT_CONTEXT('',#2,'mechanical');
#4611 = PRODUCT_DEFINITION_CONTEXT('part definition',#2,'design');
#4612 = ADVANCED_BREP_SHAPE_REPRESENTATION('',(#11,#4613),#8467);
#4613 = MANIFOLD_SOLID_BREP('',#4614);
#4614 = CLOSED_SHELL('',(#4615,#4657,#4688,#4721,#4752,#4785,#4816,#4849
    ,#4871,#4904,#4937,#4977,#5008,#5039,#5061,#5101,#5132,#5163,#5185,
    #5225,#5256,#5287,#5309,#5349,#5380,#5411,#5442,#5464,#5504,#5535,
    #5566,#5588,#5628,#5659,#5690,#5712,#5752,#5783,#5814,#5836,#5876,
    #5907,#5938,#5960,#6000,#6031,#6062,#6084,#6124,#6155,#6186,#6208,
    #6248,#6279,#6310,#6341,#6363,#6403,#6434,#6465,#6487,#6527,#6558,
    #6589,#6611,#6653,#6684,#6715,#6737,#6777,#6808,#6839,#6861,#6903,
    #6934,#6965,#6996,#7027,#7049,#7089,#7120,#7151,#7173,#7213,#7244,
    #7275,#7297,#7337,#7368,#7401,#7423,#7463,#7494,#7525,#7547,#7580,
    #7613,#7655,#7686,#7717,#7739,#7779,#7812,#7843,#7874,#7896,#7936,
    #7967,#7989,#8031,#8062,#8093,#8115,#8291));
#4615 = ADVANCED_FACE('',(#4616),#4652,.T.);
#4616 = FACE_BOUND('',#4617,.T.);
#4617 = EDGE_LOOP('',(#4618,#4628,#4637,#4645));
#4618 = ORIENTED_EDGE('',*,*,#4619,.T.);
#4619 = EDGE_CURVE('',#4620,#4622,#4624,.T.);
#4620 = VERTEX_POINT('',#4621);
#4621 = CARTESIAN_POINT('',(155.3,-11.3,0.));
#4622 = VERTEX_POINT('',#4623);
#4623 = CARTESIAN_POINT('',(155.3,-11.3,1.5162));
#4624 = LINE('',#4625,#4626);
#4625 = CARTESIAN_POINT('',(155.3,-11.3,0.));
#4626 = VECTOR('',#4627,1.);
#4627 = DIRECTION('',(0.,0.,1.));
#4628 = ORIENTED_EDGE('',*,*,#4629,.T.);
#4629 = EDGE_CURVE('',#4622,#4630,#4632,.T.);
#4630 = VERTEX_POINT('',#4631);
#4631 = CARTESIAN_POINT('',(158.,-14.,1.5162));
#4632 = CIRCLE('',#4633,2.700001055688);
#4633 = AXIS2_PLACEMENT_3D('',#4634,#4635,#4636);
#4634 = CARTESIAN_POINT('',(155.29999894431,-14.00000105568,1.5162));
#4635 = DIRECTION('',(0.,0.,-1.));
#4636 = DIRECTION('',(3.909953668697E-07,1.,0.));
#4637 = ORIENTED_EDGE('',*,*,#4638,.F.);
#4638 = EDGE_CURVE('',#4639,#4630,#4641,.T.);
#4639 = VERTEX_POINT('',#4640);
#4640 = CARTESIAN_POINT('',(158.,-14.,0.));
#4641 = LINE('',#4642,#4643);
#4642 = CARTESIAN_POINT('',(158.,-14.,0.));
#4643 = VECTOR('',#4644,1.);
#4644 = DIRECTION('',(0.,0.,1.));
#4645 = ORIENTED_EDGE('',*,*,#4646,.F.);
#4646 = EDGE_CURVE('',#4620,#4639,#4647,.T.);
#4647 = CIRCLE('',#4648,2.700001055688);
#4648 = AXIS2_PLACEMENT_3D('',#4649,#4650,#4651);
#4649 = CARTESIAN_POINT('',(155.29999894431,-14.00000105568,0.));
#4650 = DIRECTION('',(0.,0.,-1.));
#4651 = DIRECTION('',(3.909953668697E-07,1.,0.));
#4652 = CYLINDRICAL_SURFACE('',#4653,2.700001055688);
#4653 = AXIS2_PLACEMENT_3D('',#4654,#4655,#4656);
#4654 = CARTESIAN_POINT('',(155.29999894431,-14.00000105568,0.));
#4655 = DIRECTION('',(0.,0.,-1.));
#4656 = DIRECTION('',(3.909953668697E-07,1.,0.));
#4657 = ADVANCED_FACE('',(#4658),#4683,.T.);
#4658 = FACE_BOUND('',#4659,.T.);
#4659 = EDGE_LOOP('',(#4660,#4661,#4669,#4677));
#4660 = ORIENTED_EDGE('',*,*,#4638,.T.);
#4661 = ORIENTED_EDGE('',*,*,#4662,.T.);
#4662 = EDGE_CURVE('',#4630,#4663,#4665,.T.);
#4663 = VERTEX_POINT('',#4664);
#4664 = CARTESIAN_POINT('',(158.,-52.2,1.5162));
#4665 = LINE('',#4666,#4667);
#4666 = CARTESIAN_POINT('',(158.,-14.,1.5162));
#4667 = VECTOR('',#4668,1.);
#4668 = DIRECTION('',(0.,-1.,0.));
#4669 = ORIENTED_EDGE('',*,*,#4670,.F.);
#4670 = EDGE_CURVE('',#4671,#4663,#4673,.T.);
#4671 = VERTEX_POINT('',#4672);
#4672 = CARTESIAN_POINT('',(158.,-52.2,0.));
#4673 = LINE('',#4674,#4675);
#4674 = CARTESIAN_POINT('',(158.,-52.2,0.));
#4675 = VECTOR('',#4676,1.);
#4676 = DIRECTION('',(0.,0.,1.));
#4677 = ORIENTED_EDGE('',*,*,#4678,.F.);
#4678 = EDGE_CURVE('',#4639,#4671,#4679,.T.);
#4679 = LINE('',#4680,#4681);
#4680 = CARTESIAN_POINT('',(158.,-14.,0.));
#4681 = VECTOR('',#4682,1.);
#4682 = DIRECTION('',(0.,-1.,0.));
#4683 = PLANE('',#4684);
#4684 = AXIS2_PLACEMENT_3D('',#4685,#4686,#4687);
#4685 = CARTESIAN_POINT('',(158.,-14.,0.));
#4686 = DIRECTION('',(1.,0.,-0.));
#4687 = DIRECTION('',(0.,-1.,0.));
#4688 = ADVANCED_FACE('',(#4689),#4716,.T.);
#4689 = FACE_BOUND('',#4690,.T.);
#4690 = EDGE_LOOP('',(#4691,#4692,#4701,#4709));
#4691 = ORIENTED_EDGE('',*,*,#4670,.T.);
#4692 = ORIENTED_EDGE('',*,*,#4693,.T.);
#4693 = EDGE_CURVE('',#4663,#4694,#4696,.T.);
#4694 = VERTEX_POINT('',#4695);
#4695 = CARTESIAN_POINT('',(155.3,-54.9,1.5162));
#4696 = CIRCLE('',#4697,2.700001055688);
#4697 = AXIS2_PLACEMENT_3D('',#4698,#4699,#4700);
#4698 = CARTESIAN_POINT('',(155.29999894431,-52.19999894431,1.5162));
#4699 = DIRECTION('',(0.,0.,-1.));
#4700 = DIRECTION('',(1.,-3.909953589748E-07,0.));
#4701 = ORIENTED_EDGE('',*,*,#4702,.F.);
#4702 = EDGE_CURVE('',#4703,#4694,#4705,.T.);
#4703 = VERTEX_POINT('',#4704);
#4704 = CARTESIAN_POINT('',(155.3,-54.9,0.));
#4705 = LINE('',#4706,#4707);
#4706 = CARTESIAN_POINT('',(155.3,-54.9,0.));
#4707 = VECTOR('',#4708,1.);
#4708 = DIRECTION('',(0.,0.,1.));
#4709 = ORIENTED_EDGE('',*,*,#4710,.F.);
#4710 = EDGE_CURVE('',#4671,#4703,#4711,.T.);
#4711 = CIRCLE('',#4712,2.700001055688);
#4712 = AXIS2_PLACEMENT_3D('',#4713,#4714,#4715);
#4713 = CARTESIAN_POINT('',(155.29999894431,-52.19999894431,0.));
#4714 = DIRECTION('',(0.,0.,-1.));
#4715 = DIRECTION('',(1.,-3.909953589748E-07,0.));
#4716 = CYLINDRICAL_SURFACE('',#4717,2.700001055688);
#4717 = AXIS2_PLACEMENT_3D('',#4718,#4719,#4720);
#4718 = CARTESIAN_POINT('',(155.29999894431,-52.19999894431,0.));
#4719 = DIRECTION('',(0.,0.,-1.));
#4720 = DIRECTION('',(1.,-3.909953589748E-07,0.));
#4721 = ADVANCED_FACE('',(#4722),#4747,.T.);
#4722 = FACE_BOUND('',#4723,.T.);
#4723 = EDGE_LOOP('',(#4724,#4725,#4733,#4741));
#4724 = ORIENTED_EDGE('',*,*,#4702,.T.);
#4725 = ORIENTED_EDGE('',*,*,#4726,.T.);
#4726 = EDGE_CURVE('',#4694,#4727,#4729,.T.);
#4727 = VERTEX_POINT('',#4728);
#4728 = CARTESIAN_POINT('',(46.2495,-54.9,1.5162));
#4729 = LINE('',#4730,#4731);
#4730 = CARTESIAN_POINT('',(155.3,-54.9,1.5162));
#4731 = VECTOR('',#4732,1.);
#4732 = DIRECTION('',(-1.,0.,0.));
#4733 = ORIENTED_EDGE('',*,*,#4734,.F.);
#4734 = EDGE_CURVE('',#4735,#4727,#4737,.T.);
#4735 = VERTEX_POINT('',#4736);
#4736 = CARTESIAN_POINT('',(46.2495,-54.9,0.));
#4737 = LINE('',#4738,#4739);
#4738 = CARTESIAN_POINT('',(46.2495,-54.9,0.));
#4739 = VECTOR('',#4740,1.);
#4740 = DIRECTION('',(0.,0.,1.));
#4741 = ORIENTED_EDGE('',*,*,#4742,.F.);
#4742 = EDGE_CURVE('',#4703,#4735,#4743,.T.);
#4743 = LINE('',#4744,#4745);
#4744 = CARTESIAN_POINT('',(155.3,-54.9,0.));
#4745 = VECTOR('',#4746,1.);
#4746 = DIRECTION('',(-1.,0.,0.));
#4747 = PLANE('',#4748);
#4748 = AXIS2_PLACEMENT_3D('',#4749,#4750,#4751);
#4749 = CARTESIAN_POINT('',(155.3,-54.9,0.));
#4750 = DIRECTION('',(0.,-1.,0.));
#4751 = DIRECTION('',(-1.,0.,0.));
#4752 = ADVANCED_FACE('',(#4753),#4780,.T.);
#4753 = FACE_BOUND('',#4754,.T.);
#4754 = EDGE_LOOP('',(#4755,#4756,#4765,#4773));
#4755 = ORIENTED_EDGE('',*,*,#4734,.T.);
#4756 = ORIENTED_EDGE('',*,*,#4757,.T.);
#4757 = EDGE_CURVE('',#4727,#4758,#4760,.T.);
#4758 = VERTEX_POINT('',#4759);
#4759 = CARTESIAN_POINT('',(43.5,-52.1505,1.5162));
#4760 = CIRCLE('',#4761,2.749500323915);
#4761 = AXIS2_PLACEMENT_3D('',#4762,#4763,#4764);
#4762 = CARTESIAN_POINT('',(46.249500323915,-52.15049967608,1.5162));
#4763 = DIRECTION('',(0.,0.,-1.));
#4764 = DIRECTION('',(-1.178085764274E-07,-1.,-0.));
#4765 = ORIENTED_EDGE('',*,*,#4766,.F.);
#4766 = EDGE_CURVE('',#4767,#4758,#4769,.T.);
#4767 = VERTEX_POINT('',#4768);
#4768 = CARTESIAN_POINT('',(43.5,-52.1505,0.));
#4769 = LINE('',#4770,#4771);
#4770 = CARTESIAN_POINT('',(43.5,-52.1505,0.));
#4771 = VECTOR('',#4772,1.);
#4772 = DIRECTION('',(0.,0.,1.));
#4773 = ORIENTED_EDGE('',*,*,#4774,.F.);
#4774 = EDGE_CURVE('',#4735,#4767,#4775,.T.);
#4775 = CIRCLE('',#4776,2.749500323915);
#4776 = AXIS2_PLACEMENT_3D('',#4777,#4778,#4779);
#4777 = CARTESIAN_POINT('',(46.249500323915,-52.15049967608,0.));
#4778 = DIRECTION('',(0.,0.,-1.));
#4779 = DIRECTION('',(-1.178085764274E-07,-1.,-0.));
#4780 = CYLINDRICAL_SURFACE('',#4781,2.749500323915);
#4781 = AXIS2_PLACEMENT_3D('',#4782,#4783,#4784);
#4782 = CARTESIAN_POINT('',(46.249500323915,-52.15049967608,0.));
#4783 = DIRECTION('',(0.,0.,-1.));
#4784 = DIRECTION('',(-1.178085764274E-07,-1.,-0.));
#4785 = ADVANCED_FACE('',(#4786),#4811,.T.);
#4786 = FACE_BOUND('',#4787,.T.);
#4787 = EDGE_LOOP('',(#4788,#4789,#4797,#4805));
#4788 = ORIENTED_EDGE('',*,*,#4766,.T.);
#4789 = ORIENTED_EDGE('',*,*,#4790,.T.);
#4790 = EDGE_CURVE('',#4758,#4791,#4793,.T.);
#4791 = VERTEX_POINT('',#4792);
#4792 = CARTESIAN_POINT('',(43.5,-14.0495,1.5162));
#4793 = LINE('',#4794,#4795);
#4794 = CARTESIAN_POINT('',(43.5,-52.1505,1.5162));
#4795 = VECTOR('',#4796,1.);
#4796 = DIRECTION('',(0.,1.,0.));
#4797 = ORIENTED_EDGE('',*,*,#4798,.F.);
#4798 = EDGE_CURVE('',#4799,#4791,#4801,.T.);
#4799 = VERTEX_POINT('',#4800);
#4800 = CARTESIAN_POINT('',(43.5,-14.0495,0.));
#4801 = LINE('',#4802,#4803);
#4802 = CARTESIAN_POINT('',(43.5,-14.0495,0.));
#4803 = VECTOR('',#4804,1.);
#4804 = DIRECTION('',(0.,0.,1.));
#4805 = ORIENTED_EDGE('',*,*,#4806,.F.);
#4806 = EDGE_CURVE('',#4767,#4799,#4807,.T.);
#4807 = LINE('',#4808,#4809);
#4808 = CARTESIAN_POINT('',(43.5,-52.1505,0.));
#4809 = VECTOR('',#4810,1.);
#4810 = DIRECTION('',(0.,1.,0.));
#4811 = PLANE('',#4812);
#4812 = AXIS2_PLACEMENT_3D('',#4813,#4814,#4815);
#4813 = CARTESIAN_POINT('',(43.5,-52.1505,0.));
#4814 = DIRECTION('',(-1.,0.,0.));
#4815 = DIRECTION('',(0.,1.,0.));
#4816 = ADVANCED_FACE('',(#4817),#4844,.T.);
#4817 = FACE_BOUND('',#4818,.T.);
#4818 = EDGE_LOOP('',(#4819,#4820,#4829,#4837));
#4819 = ORIENTED_EDGE('',*,*,#4798,.T.);
#4820 = ORIENTED_EDGE('',*,*,#4821,.T.);
#4821 = EDGE_CURVE('',#4791,#4822,#4824,.T.);
#4822 = VERTEX_POINT('',#4823);
#4823 = CARTESIAN_POINT('',(46.2495,-11.3,1.5162));
#4824 = CIRCLE('',#4825,2.749500323915);
#4825 = AXIS2_PLACEMENT_3D('',#4826,#4827,#4828);
#4826 = CARTESIAN_POINT('',(46.249500323915,-14.04950032391,1.5162));
#4827 = DIRECTION('',(0.,0.,-1.));
#4828 = DIRECTION('',(-1.,1.178085777195E-07,0.));
#4829 = ORIENTED_EDGE('',*,*,#4830,.F.);
#4830 = EDGE_CURVE('',#4831,#4822,#4833,.T.);
#4831 = VERTEX_POINT('',#4832);
#4832 = CARTESIAN_POINT('',(46.2495,-11.3,0.));
#4833 = LINE('',#4834,#4835);
#4834 = CARTESIAN_POINT('',(46.2495,-11.3,0.));
#4835 = VECTOR('',#4836,1.);
#4836 = DIRECTION('',(0.,0.,1.));
#4837 = ORIENTED_EDGE('',*,*,#4838,.F.);
#4838 = EDGE_CURVE('',#4799,#4831,#4839,.T.);
#4839 = CIRCLE('',#4840,2.749500323915);
#4840 = AXIS2_PLACEMENT_3D('',#4841,#4842,#4843);
#4841 = CARTESIAN_POINT('',(46.249500323915,-14.04950032391,0.));
#4842 = DIRECTION('',(0.,0.,-1.));
#4843 = DIRECTION('',(-1.,1.178085777195E-07,0.));
#4844 = CYLINDRICAL_SURFACE('',#4845,2.749500323915);
#4845 = AXIS2_PLACEMENT_3D('',#4846,#4847,#4848);
#4846 = CARTESIAN_POINT('',(46.249500323915,-14.04950032391,0.));
#4847 = DIRECTION('',(0.,0.,-1.));
#4848 = DIRECTION('',(-1.,1.178085777195E-07,0.));
#4849 = ADVANCED_FACE('',(#4850),#4866,.T.);
#4850 = FACE_BOUND('',#4851,.T.);
#4851 = EDGE_LOOP('',(#4852,#4853,#4859,#4860));
#4852 = ORIENTED_EDGE('',*,*,#4830,.T.);
#4853 = ORIENTED_EDGE('',*,*,#4854,.T.);
#4854 = EDGE_CURVE('',#4822,#4622,#4855,.T.);
#4855 = LINE('',#4856,#4857);
#4856 = CARTESIAN_POINT('',(46.2495,-11.3,1.5162));
#4857 = VECTOR('',#4858,1.);
#4858 = DIRECTION('',(1.,0.,0.));
#4859 = ORIENTED_EDGE('',*,*,#4619,.F.);
#4860 = ORIENTED_EDGE('',*,*,#4861,.F.);
#4861 = EDGE_CURVE('',#4831,#4620,#4862,.T.);
#4862 = LINE('',#4863,#4864);
#4863 = CARTESIAN_POINT('',(46.2495,-11.3,0.));
#4864 = VECTOR('',#4865,1.);
#4865 = DIRECTION('',(1.,0.,0.));
#4866 = PLANE('',#4867);
#4867 = AXIS2_PLACEMENT_3D('',#4868,#4869,#4870);
#4868 = CARTESIAN_POINT('',(46.2495,-11.3,0.));
#4869 = DIRECTION('',(0.,1.,0.));
#4870 = DIRECTION('',(1.,0.,0.));
#4871 = ADVANCED_FACE('',(#4872),#4899,.F.);
#4872 = FACE_BOUND('',#4873,.T.);
#4873 = EDGE_LOOP('',(#4874,#4884,#4891,#4892));
#4874 = ORIENTED_EDGE('',*,*,#4875,.T.);
#4875 = EDGE_CURVE('',#4876,#4878,#4880,.T.);
#4876 = VERTEX_POINT('',#4877);
#4877 = CARTESIAN_POINT('',(53.9745,-45.77525,0.));
#4878 = VERTEX_POINT('',#4879);
#4879 = CARTESIAN_POINT('',(53.9745,-45.77525,1.5162));
#4880 = LINE('',#4881,#4882);
#4881 = CARTESIAN_POINT('',(53.9745,-45.77525,0.));
#4882 = VECTOR('',#4883,1.);
#4883 = DIRECTION('',(0.,0.,1.));
#4884 = ORIENTED_EDGE('',*,*,#4885,.T.);
#4885 = EDGE_CURVE('',#4878,#4878,#4886,.T.);
#4886 = CIRCLE('',#4887,1.6);
#4887 = AXIS2_PLACEMENT_3D('',#4888,#4889,#4890);
#4888 = CARTESIAN_POINT('',(52.3745,-45.77525,1.5162));
#4889 = DIRECTION('',(0.,0.,1.));
#4890 = DIRECTION('',(1.,0.,-0.));
#4891 = ORIENTED_EDGE('',*,*,#4875,.F.);
#4892 = ORIENTED_EDGE('',*,*,#4893,.F.);
#4893 = EDGE_CURVE('',#4876,#4876,#4894,.T.);
#4894 = CIRCLE('',#4895,1.6);
#4895 = AXIS2_PLACEMENT_3D('',#4896,#4897,#4898);
#4896 = CARTESIAN_POINT('',(52.3745,-45.77525,0.));
#4897 = DIRECTION('',(0.,0.,1.));
#4898 = DIRECTION('',(1.,0.,-0.));
#4899 = CYLINDRICAL_SURFACE('',#4900,1.6);
#4900 = AXIS2_PLACEMENT_3D('',#4901,#4902,#4903);
#4901 = CARTESIAN_POINT('',(52.3745,-45.77525,0.));
#4902 = DIRECTION('',(-0.,-0.,-1.));
#4903 = DIRECTION('',(1.,0.,-0.));
#4904 = ADVANCED_FACE('',(#4905),#4932,.F.);
#4905 = FACE_BOUND('',#4906,.T.);
#4906 = EDGE_LOOP('',(#4907,#4917,#4924,#4925));
#4907 = ORIENTED_EDGE('',*,*,#4908,.T.);
#4908 = EDGE_CURVE('',#4909,#4911,#4913,.T.);
#4909 = VERTEX_POINT('',#4910);
#4910 = CARTESIAN_POINT('',(130.97475,-45.77525,0.));
#4911 = VERTEX_POINT('',#4912);
#4912 = CARTESIAN_POINT('',(130.97475,-45.77525,1.5162));
#4913 = LINE('',#4914,#4915);
#4914 = CARTESIAN_POINT('',(130.97475,-45.77525,0.));
#4915 = VECTOR('',#4916,1.);
#4916 = DIRECTION('',(0.,0.,1.));
#4917 = ORIENTED_EDGE('',*,*,#4918,.T.);
#4918 = EDGE_CURVE('',#4911,#4911,#4919,.T.);
#4919 = CIRCLE('',#4920,1.6);
#4920 = AXIS2_PLACEMENT_3D('',#4921,#4922,#4923);
#4921 = CARTESIAN_POINT('',(129.37475,-45.77525,1.5162));
#4922 = DIRECTION('',(0.,0.,1.));
#4923 = DIRECTION('',(1.,0.,-0.));
#4924 = ORIENTED_EDGE('',*,*,#4908,.F.);
#4925 = ORIENTED_EDGE('',*,*,#4926,.F.);
#4926 = EDGE_CURVE('',#4909,#4909,#4927,.T.);
#4927 = CIRCLE('',#4928,1.6);
#4928 = AXIS2_PLACEMENT_3D('',#4929,#4930,#4931);
#4929 = CARTESIAN_POINT('',(129.37475,-45.77525,0.));
#4930 = DIRECTION('',(0.,0.,1.));
#4931 = DIRECTION('',(1.,0.,-0.));
#4932 = CYLINDRICAL_SURFACE('',#4933,1.6);
#4933 = AXIS2_PLACEMENT_3D('',#4934,#4935,#4936);
#4934 = CARTESIAN_POINT('',(129.37475,-45.77525,0.));
#4935 = DIRECTION('',(-0.,-0.,-1.));
#4936 = DIRECTION('',(1.,0.,-0.));
#4937 = ADVANCED_FACE('',(#4938),#4972,.T.);
#4938 = FACE_BOUND('',#4939,.T.);
#4939 = EDGE_LOOP('',(#4940,#4950,#4958,#4966));
#4940 = ORIENTED_EDGE('',*,*,#4941,.T.);
#4941 = EDGE_CURVE('',#4942,#4944,#4946,.T.);
#4942 = VERTEX_POINT('',#4943);
#4943 = CARTESIAN_POINT('',(51.252525,-41.3,0.));
#4944 = VERTEX_POINT('',#4945);
#4945 = CARTESIAN_POINT('',(51.252525,-41.3,1.5162));
#4946 = LINE('',#4947,#4948);
#4947 = CARTESIAN_POINT('',(51.252525,-41.3,0.));
#4948 = VECTOR('',#4949,1.);
#4949 = DIRECTION('',(0.,0.,1.));
#4950 = ORIENTED_EDGE('',*,*,#4951,.T.);
#4951 = EDGE_CURVE('',#4944,#4952,#4954,.T.);
#4952 = VERTEX_POINT('',#4953);
#4953 = CARTESIAN_POINT('',(55.495166,-41.3,1.5162));
#4954 = LINE('',#4955,#4956);
#4955 = CARTESIAN_POINT('',(51.252525,-41.3,1.5162));
#4956 = VECTOR('',#4957,1.);
#4957 = DIRECTION('',(1.,0.,0.));
#4958 = ORIENTED_EDGE('',*,*,#4959,.F.);
#4959 = EDGE_CURVE('',#4960,#4952,#4962,.T.);
#4960 = VERTEX_POINT('',#4961);
#4961 = CARTESIAN_POINT('',(55.495166,-41.3,0.));
#4962 = LINE('',#4963,#4964);
#4963 = CARTESIAN_POINT('',(55.495166,-41.3,0.));
#4964 = VECTOR('',#4965,1.);
#4965 = DIRECTION('',(0.,0.,1.));
#4966 = ORIENTED_EDGE('',*,*,#4967,.F.);
#4967 = EDGE_CURVE('',#4942,#4960,#4968,.T.);
#4968 = LINE('',#4969,#4970);
#4969 = CARTESIAN_POINT('',(51.252525,-41.3,0.));
#4970 = VECTOR('',#4971,1.);
#4971 = DIRECTION('',(1.,0.,0.));
#4972 = PLANE('',#4973);
#4973 = AXIS2_PLACEMENT_3D('',#4974,#4975,#4976);
#4974 = CARTESIAN_POINT('',(51.252525,-41.3,0.));
#4975 = DIRECTION('',(0.,1.,0.));
#4976 = DIRECTION('',(1.,0.,0.));
#4977 = ADVANCED_FACE('',(#4978),#5003,.T.);
#4978 = FACE_BOUND('',#4979,.T.);
#4979 = EDGE_LOOP('',(#4980,#4981,#4989,#4997));
#4980 = ORIENTED_EDGE('',*,*,#4959,.T.);
#4981 = ORIENTED_EDGE('',*,*,#4982,.T.);
#4982 = EDGE_CURVE('',#4952,#4983,#4985,.T.);
#4983 = VERTEX_POINT('',#4984);
#4984 = CARTESIAN_POINT('',(80.495166,-16.3,1.5162));
#4985 = LINE('',#4986,#4987);
#4986 = CARTESIAN_POINT('',(55.495166,-41.3,1.5162));
#4987 = VECTOR('',#4988,1.);
#4988 = DIRECTION('',(0.707106781187,0.707106781187,0.));
#4989 = ORIENTED_EDGE('',*,*,#4990,.F.);
#4990 = EDGE_CURVE('',#4991,#4983,#4993,.T.);
#4991 = VERTEX_POINT('',#4992);
#4992 = CARTESIAN_POINT('',(80.495166,-16.3,0.));
#4993 = LINE('',#4994,#4995);
#4994 = CARTESIAN_POINT('',(80.495166,-16.3,0.));
#4995 = VECTOR('',#4996,1.);
#4996 = DIRECTION('',(0.,0.,1.));
#4997 = ORIENTED_EDGE('',*,*,#4998,.F.);
#4998 = EDGE_CURVE('',#4960,#4991,#4999,.T.);
#4999 = LINE('',#5000,#5001);
#5000 = CARTESIAN_POINT('',(55.495166,-41.3,0.));
#5001 = VECTOR('',#5002,1.);
#5002 = DIRECTION('',(0.707106781187,0.707106781187,0.));
#5003 = PLANE('',#5004);
#5004 = AXIS2_PLACEMENT_3D('',#5005,#5006,#5007);
#5005 = CARTESIAN_POINT('',(55.495166,-41.3,0.));
#5006 = DIRECTION('',(-0.707106781187,0.707106781187,0.));
#5007 = DIRECTION('',(0.707106781187,0.707106781187,0.));
#5008 = ADVANCED_FACE('',(#5009),#5034,.T.);
#5009 = FACE_BOUND('',#5010,.T.);
#5010 = EDGE_LOOP('',(#5011,#5012,#5020,#5028));
#5011 = ORIENTED_EDGE('',*,*,#4990,.T.);
#5012 = ORIENTED_EDGE('',*,*,#5013,.T.);
#5013 = EDGE_CURVE('',#4983,#5014,#5016,.T.);
#5014 = VERTEX_POINT('',#5015);
#5015 = CARTESIAN_POINT('',(76.252525,-16.3,1.5162));
#5016 = LINE('',#5017,#5018);
#5017 = CARTESIAN_POINT('',(80.495166,-16.3,1.5162));
#5018 = VECTOR('',#5019,1.);
#5019 = DIRECTION('',(-1.,0.,0.));
#5020 = ORIENTED_EDGE('',*,*,#5021,.F.);
#5021 = EDGE_CURVE('',#5022,#5014,#5024,.T.);
#5022 = VERTEX_POINT('',#5023);
#5023 = CARTESIAN_POINT('',(76.252525,-16.3,0.));
#5024 = LINE('',#5025,#5026);
#5025 = CARTESIAN_POINT('',(76.252525,-16.3,0.));
#5026 = VECTOR('',#5027,1.);
#5027 = DIRECTION('',(0.,0.,1.));
#5028 = ORIENTED_EDGE('',*,*,#5029,.F.);
#5029 = EDGE_CURVE('',#4991,#5022,#5030,.T.);
#5030 = LINE('',#5031,#5032);
#5031 = CARTESIAN_POINT('',(80.495166,-16.3,0.));
#5032 = VECTOR('',#5033,1.);
#5033 = DIRECTION('',(-1.,0.,0.));
#5034 = PLANE('',#5035);
#5035 = AXIS2_PLACEMENT_3D('',#5036,#5037,#5038);
#5036 = CARTESIAN_POINT('',(80.495166,-16.3,0.));
#5037 = DIRECTION('',(0.,-1.,0.));
#5038 = DIRECTION('',(-1.,0.,0.));
#5039 = ADVANCED_FACE('',(#5040),#5056,.T.);
#5040 = FACE_BOUND('',#5041,.T.);
#5041 = EDGE_LOOP('',(#5042,#5043,#5049,#5050));
#5042 = ORIENTED_EDGE('',*,*,#5021,.T.);
#5043 = ORIENTED_EDGE('',*,*,#5044,.T.);
#5044 = EDGE_CURVE('',#5014,#4944,#5045,.T.);
#5045 = LINE('',#5046,#5047);
#5046 = CARTESIAN_POINT('',(76.252525,-16.3,1.5162));
#5047 = VECTOR('',#5048,1.);
#5048 = DIRECTION('',(-0.707106781187,-0.707106781187,0.));
#5049 = ORIENTED_EDGE('',*,*,#4941,.F.);
#5050 = ORIENTED_EDGE('',*,*,#5051,.F.);
#5051 = EDGE_CURVE('',#5022,#4942,#5052,.T.);
#5052 = LINE('',#5053,#5054);
#5053 = CARTESIAN_POINT('',(76.252525,-16.3,0.));
#5054 = VECTOR('',#5055,1.);
#5055 = DIRECTION('',(-0.707106781187,-0.707106781187,0.));
#5056 = PLANE('',#5057);
#5057 = AXIS2_PLACEMENT_3D('',#5058,#5059,#5060);
#5058 = CARTESIAN_POINT('',(76.252525,-16.3,0.));
#5059 = DIRECTION('',(0.707106781187,-0.707106781187,0.));
#5060 = DIRECTION('',(-0.707106781187,-0.707106781187,0.));
#5061 = ADVANCED_FACE('',(#5062),#5096,.T.);
#5062 = FACE_BOUND('',#5063,.T.);
#5063 = EDGE_LOOP('',(#5064,#5074,#5082,#5090));
#5064 = ORIENTED_EDGE('',*,*,#5065,.T.);
#5065 = EDGE_CURVE('',#5066,#5068,#5070,.T.);
#5066 = VERTEX_POINT('',#5067);
#5067 = CARTESIAN_POINT('',(58.323593,-41.3,0.));
#5068 = VERTEX_POINT('',#5069);
#5069 = CARTESIAN_POINT('',(58.323593,-41.3,1.5162));
#5070 = LINE('',#5071,#5072);
#5071 = CARTESIAN_POINT('',(58.323593,-41.3,0.));
#5072 = VECTOR('',#5073,1.);
#5073 = DIRECTION('',(0.,0.,1.));
#5074 = ORIENTED_EDGE('',*,*,#5075,.T.);
#5075 = EDGE_CURVE('',#5068,#5076,#5078,.T.);
#5076 = VERTEX_POINT('',#5077);
#5077 = CARTESIAN_POINT('',(62.566234,-41.3,1.5162));
#5078 = LINE('',#5079,#5080);
#5079 = CARTESIAN_POINT('',(58.323593,-41.3,1.5162));
#5080 = VECTOR('',#5081,1.);
#5081 = DIRECTION('',(1.,0.,0.));
#5082 = ORIENTED_EDGE('',*,*,#5083,.F.);
#5083 = EDGE_CURVE('',#5084,#5076,#5086,.T.);
#5084 = VERTEX_POINT('',#5085);
#5085 = CARTESIAN_POINT('',(62.566234,-41.3,0.));
#5086 = LINE('',#5087,#5088);
#5087 = CARTESIAN_POINT('',(62.566234,-41.3,0.));
#5088 = VECTOR('',#5089,1.);
#5089 = DIRECTION('',(0.,0.,1.));
#5090 = ORIENTED_EDGE('',*,*,#5091,.F.);
#5091 = EDGE_CURVE('',#5066,#5084,#5092,.T.);
#5092 = LINE('',#5093,#5094);
#5093 = CARTESIAN_POINT('',(58.323593,-41.3,0.));
#5094 = VECTOR('',#5095,1.);
#5095 = DIRECTION('',(1.,0.,0.));
#5096 = PLANE('',#5097);
#5097 = AXIS2_PLACEMENT_3D('',#5098,#5099,#5100);
#5098 = CARTESIAN_POINT('',(58.323593,-41.3,0.));
#5099 = DIRECTION('',(0.,1.,0.));
#5100 = DIRECTION('',(1.,0.,0.));
#5101 = ADVANCED_FACE('',(#5102),#5127,.T.);
#5102 = FACE_BOUND('',#5103,.T.);
#5103 = EDGE_LOOP('',(#5104,#5105,#5113,#5121));
#5104 = ORIENTED_EDGE('',*,*,#5083,.T.);
#5105 = ORIENTED_EDGE('',*,*,#5106,.T.);
#5106 = EDGE_CURVE('',#5076,#5107,#5109,.T.);
#5107 = VERTEX_POINT('',#5108);
#5108 = CARTESIAN_POINT('',(87.566234,-16.3,1.5162));
#5109 = LINE('',#5110,#5111);
#5110 = CARTESIAN_POINT('',(62.566234,-41.3,1.5162));
#5111 = VECTOR('',#5112,1.);
#5112 = DIRECTION('',(0.707106781187,0.707106781187,0.));
#5113 = ORIENTED_EDGE('',*,*,#5114,.F.);
#5114 = EDGE_CURVE('',#5115,#5107,#5117,.T.);
#5115 = VERTEX_POINT('',#5116);
#5116 = CARTESIAN_POINT('',(87.566234,-16.3,0.));
#5117 = LINE('',#5118,#5119);
#5118 = CARTESIAN_POINT('',(87.566234,-16.3,0.));
#5119 = VECTOR('',#5120,1.);
#5120 = DIRECTION('',(0.,0.,1.));
#5121 = ORIENTED_EDGE('',*,*,#5122,.F.);
#5122 = EDGE_CURVE('',#5084,#5115,#5123,.T.);
#5123 = LINE('',#5124,#5125);
#5124 = CARTESIAN_POINT('',(62.566234,-41.3,0.));
#5125 = VECTOR('',#5126,1.);
#5126 = DIRECTION('',(0.707106781187,0.707106781187,0.));
#5127 = PLANE('',#5128);
#5128 = AXIS2_PLACEMENT_3D('',#5129,#5130,#5131);
#5129 = CARTESIAN_POINT('',(62.566234,-41.3,0.));
#5130 = DIRECTION('',(-0.707106781187,0.707106781187,0.));
#5131 = DIRECTION('',(0.707106781187,0.707106781187,0.));
#5132 = ADVANCED_FACE('',(#5133),#5158,.T.);
#5133 = FACE_BOUND('',#5134,.T.);
#5134 = EDGE_LOOP('',(#5135,#5136,#5144,#5152));
#5135 = ORIENTED_EDGE('',*,*,#5114,.T.);
#5136 = ORIENTED_EDGE('',*,*,#5137,.T.);
#5137 = EDGE_CURVE('',#5107,#5138,#5140,.T.);
#5138 = VERTEX_POINT('',#5139);
#5139 = CARTESIAN_POINT('',(83.323593,-16.3,1.5162));
#5140 = LINE('',#5141,#5142);
#5141 = CARTESIAN_POINT('',(87.566234,-16.3,1.5162));
#5142 = VECTOR('',#5143,1.);
#5143 = DIRECTION('',(-1.,0.,0.));
#5144 = ORIENTED_EDGE('',*,*,#5145,.F.);
#5145 = EDGE_CURVE('',#5146,#5138,#5148,.T.);
#5146 = VERTEX_POINT('',#5147);
#5147 = CARTESIAN_POINT('',(83.323593,-16.3,0.));
#5148 = LINE('',#5149,#5150);
#5149 = CARTESIAN_POINT('',(83.323593,-16.3,0.));
#5150 = VECTOR('',#5151,1.);
#5151 = DIRECTION('',(0.,0.,1.));
#5152 = ORIENTED_EDGE('',*,*,#5153,.F.);
#5153 = EDGE_CURVE('',#5115,#5146,#5154,.T.);
#5154 = LINE('',#5155,#5156);
#5155 = CARTESIAN_POINT('',(87.566234,-16.3,0.));
#5156 = VECTOR('',#5157,1.);
#5157 = DIRECTION('',(-1.,0.,0.));
#5158 = PLANE('',#5159);
#5159 = AXIS2_PLACEMENT_3D('',#5160,#5161,#5162);
#5160 = CARTESIAN_POINT('',(87.566234,-16.3,0.));
#5161 = DIRECTION('',(0.,-1.,0.));
#5162 = DIRECTION('',(-1.,0.,0.));
#5163 = ADVANCED_FACE('',(#5164),#5180,.T.);
#5164 = FACE_BOUND('',#5165,.T.);
#5165 = EDGE_LOOP('',(#5166,#5167,#5173,#5174));
#5166 = ORIENTED_EDGE('',*,*,#5145,.T.);
#5167 = ORIENTED_EDGE('',*,*,#5168,.T.);
#5168 = EDGE_CURVE('',#5138,#5068,#5169,.T.);
#5169 = LINE('',#5170,#5171);
#5170 = CARTESIAN_POINT('',(83.323593,-16.3,1.5162));
#5171 = VECTOR('',#5172,1.);
#5172 = DIRECTION('',(-0.707106781187,-0.707106781187,0.));
#5173 = ORIENTED_EDGE('',*,*,#5065,.F.);
#5174 = ORIENTED_EDGE('',*,*,#5175,.F.);
#5175 = EDGE_CURVE('',#5146,#5066,#5176,.T.);
#5176 = LINE('',#5177,#5178);
#5177 = CARTESIAN_POINT('',(83.323593,-16.3,0.));
#5178 = VECTOR('',#5179,1.);
#5179 = DIRECTION('',(-0.707106781187,-0.707106781187,0.));
#5180 = PLANE('',#5181);
#5181 = AXIS2_PLACEMENT_3D('',#5182,#5183,#5184);
#5182 = CARTESIAN_POINT('',(83.323593,-16.3,0.));
#5183 = DIRECTION('',(0.707106781187,-0.707106781187,0.));
#5184 = DIRECTION('',(-0.707106781187,-0.707106781187,0.));
#5185 = ADVANCED_FACE('',(#5186),#5220,.T.);
#5186 = FACE_BOUND('',#5187,.T.);
#5187 = EDGE_LOOP('',(#5188,#5198,#5206,#5214));
#5188 = ORIENTED_EDGE('',*,*,#5189,.T.);
#5189 = EDGE_CURVE('',#5190,#5192,#5194,.T.);
#5190 = VERTEX_POINT('',#5191);
#5191 = CARTESIAN_POINT('',(65.394661,-41.3,0.));
#5192 = VERTEX_POINT('',#5193);
#5193 = CARTESIAN_POINT('',(65.394661,-41.3,1.5162));
#5194 = LINE('',#5195,#5196);
#5195 = CARTESIAN_POINT('',(65.394661,-41.3,0.));
#5196 = VECTOR('',#5197,1.);
#5197 = DIRECTION('',(0.,0.,1.));
#5198 = ORIENTED_EDGE('',*,*,#5199,.T.);
#5199 = EDGE_CURVE('',#5192,#5200,#5202,.T.);
#5200 = VERTEX_POINT('',#5201);
#5201 = CARTESIAN_POINT('',(69.637302,-41.3,1.5162));
#5202 = LINE('',#5203,#5204);
#5203 = CARTESIAN_POINT('',(65.394661,-41.3,1.5162));
#5204 = VECTOR('',#5205,1.);
#5205 = DIRECTION('',(1.,0.,0.));
#5206 = ORIENTED_EDGE('',*,*,#5207,.F.);
#5207 = EDGE_CURVE('',#5208,#5200,#5210,.T.);
#5208 = VERTEX_POINT('',#5209);
#5209 = CARTESIAN_POINT('',(69.637302,-41.3,0.));
#5210 = LINE('',#5211,#5212);
#5211 = CARTESIAN_POINT('',(69.637302,-41.3,0.));
#5212 = VECTOR('',#5213,1.);
#5213 = DIRECTION('',(0.,0.,1.));
#5214 = ORIENTED_EDGE('',*,*,#5215,.F.);
#5215 = EDGE_CURVE('',#5190,#5208,#5216,.T.);
#5216 = LINE('',#5217,#5218);
#5217 = CARTESIAN_POINT('',(65.394661,-41.3,0.));
#5218 = VECTOR('',#5219,1.);
#5219 = DIRECTION('',(1.,0.,0.));
#5220 = PLANE('',#5221);
#5221 = AXIS2_PLACEMENT_3D('',#5222,#5223,#5224);
#5222 = CARTESIAN_POINT('',(65.394661,-41.3,0.));
#5223 = DIRECTION('',(0.,1.,0.));
#5224 = DIRECTION('',(1.,0.,0.));
#5225 = ADVANCED_FACE('',(#5226),#5251,.T.);
#5226 = FACE_BOUND('',#5227,.T.);
#5227 = EDGE_LOOP('',(#5228,#5229,#5237,#5245));
#5228 = ORIENTED_EDGE('',*,*,#5207,.T.);
#5229 = ORIENTED_EDGE('',*,*,#5230,.T.);
#5230 = EDGE_CURVE('',#5200,#5231,#5233,.T.);
#5231 = VERTEX_POINT('',#5232);
#5232 = CARTESIAN_POINT('',(94.637302,-16.3,1.5162));
#5233 = LINE('',#5234,#5235);
#5234 = CARTESIAN_POINT('',(69.637302,-41.3,1.5162));
#5235 = VECTOR('',#5236,1.);
#5236 = DIRECTION('',(0.707106781187,0.707106781187,0.));
#5237 = ORIENTED_EDGE('',*,*,#5238,.F.);
#5238 = EDGE_CURVE('',#5239,#5231,#5241,.T.);
#5239 = VERTEX_POINT('',#5240);
#5240 = CARTESIAN_POINT('',(94.637302,-16.3,0.));
#5241 = LINE('',#5242,#5243);
#5242 = CARTESIAN_POINT('',(94.637302,-16.3,0.));
#5243 = VECTOR('',#5244,1.);
#5244 = DIRECTION('',(0.,0.,1.));
#5245 = ORIENTED_EDGE('',*,*,#5246,.F.);
#5246 = EDGE_CURVE('',#5208,#5239,#5247,.T.);
#5247 = LINE('',#5248,#5249);
#5248 = CARTESIAN_POINT('',(69.637302,-41.3,0.));
#5249 = VECTOR('',#5250,1.);
#5250 = DIRECTION('',(0.707106781187,0.707106781187,0.));
#5251 = PLANE('',#5252);
#5252 = AXIS2_PLACEMENT_3D('',#5253,#5254,#5255);
#5253 = CARTESIAN_POINT('',(69.637302,-41.3,0.));
#5254 = DIRECTION('',(-0.707106781187,0.707106781187,0.));
#5255 = DIRECTION('',(0.707106781187,0.707106781187,0.));
#5256 = ADVANCED_FACE('',(#5257),#5282,.T.);
#5257 = FACE_BOUND('',#5258,.T.);
#5258 = EDGE_LOOP('',(#5259,#5260,#5268,#5276));
#5259 = ORIENTED_EDGE('',*,*,#5238,.T.);
#5260 = ORIENTED_EDGE('',*,*,#5261,.T.);
#5261 = EDGE_CURVE('',#5231,#5262,#5264,.T.);
#5262 = VERTEX_POINT('',#5263);
#5263 = CARTESIAN_POINT('',(90.394661,-16.3,1.5162));
#5264 = LINE('',#5265,#5266);
#5265 = CARTESIAN_POINT('',(94.637302,-16.3,1.5162));
#5266 = VECTOR('',#5267,1.);
#5267 = DIRECTION('',(-1.,0.,0.));
#5268 = ORIENTED_EDGE('',*,*,#5269,.F.);
#5269 = EDGE_CURVE('',#5270,#5262,#5272,.T.);
#5270 = VERTEX_POINT('',#5271);
#5271 = CARTESIAN_POINT('',(90.394661,-16.3,0.));
#5272 = LINE('',#5273,#5274);
#5273 = CARTESIAN_POINT('',(90.394661,-16.3,0.));
#5274 = VECTOR('',#5275,1.);
#5275 = DIRECTION('',(0.,0.,1.));
#5276 = ORIENTED_EDGE('',*,*,#5277,.F.);
#5277 = EDGE_CURVE('',#5239,#5270,#5278,.T.);
#5278 = LINE('',#5279,#5280);
#5279 = CARTESIAN_POINT('',(94.637302,-16.3,0.));
#5280 = VECTOR('',#5281,1.);
#5281 = DIRECTION('',(-1.,0.,0.));
#5282 = PLANE('',#5283);
#5283 = AXIS2_PLACEMENT_3D('',#5284,#5285,#5286);
#5284 = CARTESIAN_POINT('',(94.637302,-16.3,0.));
#5285 = DIRECTION('',(0.,-1.,0.));
#5286 = DIRECTION('',(-1.,0.,0.));
#5287 = ADVANCED_FACE('',(#5288),#5304,.T.);
#5288 = FACE_BOUND('',#5289,.T.);
#5289 = EDGE_LOOP('',(#5290,#5291,#5297,#5298));
#5290 = ORIENTED_EDGE('',*,*,#5269,.T.);
#5291 = ORIENTED_EDGE('',*,*,#5292,.T.);
#5292 = EDGE_CURVE('',#5262,#5192,#5293,.T.);
#5293 = LINE('',#5294,#5295);
#5294 = CARTESIAN_POINT('',(90.394661,-16.3,1.5162));
#5295 = VECTOR('',#5296,1.);
#5296 = DIRECTION('',(-0.707106781187,-0.707106781187,0.));
#5297 = ORIENTED_EDGE('',*,*,#5189,.F.);
#5298 = ORIENTED_EDGE('',*,*,#5299,.F.);
#5299 = EDGE_CURVE('',#5270,#5190,#5300,.T.);
#5300 = LINE('',#5301,#5302);
#5301 = CARTESIAN_POINT('',(90.394661,-16.3,0.));
#5302 = VECTOR('',#5303,1.);
#5303 = DIRECTION('',(-0.707106781187,-0.707106781187,0.));
#5304 = PLANE('',#5305);
#5305 = AXIS2_PLACEMENT_3D('',#5306,#5307,#5308);
#5306 = CARTESIAN_POINT('',(90.394661,-16.3,0.));
#5307 = DIRECTION('',(0.707106781187,-0.707106781187,0.));
#5308 = DIRECTION('',(-0.707106781187,-0.707106781187,0.));
#5309 = ADVANCED_FACE('',(#5310),#5344,.T.);
#5310 = FACE_BOUND('',#5311,.T.);
#5311 = EDGE_LOOP('',(#5312,#5322,#5330,#5338));
#5312 = ORIENTED_EDGE('',*,*,#5313,.T.);
#5313 = EDGE_CURVE('',#5314,#5316,#5318,.T.);
#5314 = VERTEX_POINT('',#5315);
#5315 = CARTESIAN_POINT('',(72.465729,-41.3,0.));
#5316 = VERTEX_POINT('',#5317);
#5317 = CARTESIAN_POINT('',(72.465729,-41.3,1.5162));
#5318 = LINE('',#5319,#5320);
#5319 = CARTESIAN_POINT('',(72.465729,-41.3,0.));
#5320 = VECTOR('',#5321,1.);
#5321 = DIRECTION('',(0.,0.,1.));
#5322 = ORIENTED_EDGE('',*,*,#5323,.T.);
#5323 = EDGE_CURVE('',#5316,#5324,#5326,.T.);
#5324 = VERTEX_POINT('',#5325);
#5325 = CARTESIAN_POINT('',(76.708369,-41.3,1.5162));
#5326 = LINE('',#5327,#5328);
#5327 = CARTESIAN_POINT('',(72.465729,-41.3,1.5162));
#5328 = VECTOR('',#5329,1.);
#5329 = DIRECTION('',(1.,0.,0.));
#5330 = ORIENTED_EDGE('',*,*,#5331,.F.);
#5331 = EDGE_CURVE('',#5332,#5324,#5334,.T.);
#5332 = VERTEX_POINT('',#5333);
#5333 = CARTESIAN_POINT('',(76.708369,-41.3,0.));
#5334 = LINE('',#5335,#5336);
#5335 = CARTESIAN_POINT('',(76.708369,-41.3,0.));
#5336 = VECTOR('',#5337,1.);
#5337 = DIRECTION('',(0.,0.,1.));
#5338 = ORIENTED_EDGE('',*,*,#5339,.F.);
#5339 = EDGE_CURVE('',#5314,#5332,#5340,.T.);
#5340 = LINE('',#5341,#5342);
#5341 = CARTESIAN_POINT('',(72.465729,-41.3,0.));
#5342 = VECTOR('',#5343,1.);
#5343 = DIRECTION('',(1.,0.,0.));
#5344 = PLANE('',#5345);
#5345 = AXIS2_PLACEMENT_3D('',#5346,#5347,#5348);
#5346 = CARTESIAN_POINT('',(72.465729,-41.3,0.));
#5347 = DIRECTION('',(0.,1.,0.));
#5348 = DIRECTION('',(1.,0.,0.));
#5349 = ADVANCED_FACE('',(#5350),#5375,.T.);
#5350 = FACE_BOUND('',#5351,.T.);
#5351 = EDGE_LOOP('',(#5352,#5353,#5361,#5369));
#5352 = ORIENTED_EDGE('',*,*,#5331,.T.);
#5353 = ORIENTED_EDGE('',*,*,#5354,.T.);
#5354 = EDGE_CURVE('',#5324,#5355,#5357,.T.);
#5355 = VERTEX_POINT('',#5356);
#5356 = CARTESIAN_POINT('',(99.75,-18.258369,1.5162));
#5357 = LINE('',#5358,#5359);
#5358 = CARTESIAN_POINT('',(76.708369,-41.3,1.5162));
#5359 = VECTOR('',#5360,1.);
#5360 = DIRECTION('',(0.707106781187,0.707106781187,0.));
#5361 = ORIENTED_EDGE('',*,*,#5362,.F.);
#5362 = EDGE_CURVE('',#5363,#5355,#5365,.T.);
#5363 = VERTEX_POINT('',#5364);
#5364 = CARTESIAN_POINT('',(99.75,-18.258369,0.));
#5365 = LINE('',#5366,#5367);
#5366 = CARTESIAN_POINT('',(99.75,-18.258369,0.));
#5367 = VECTOR('',#5368,1.);
#5368 = DIRECTION('',(0.,0.,1.));
#5369 = ORIENTED_EDGE('',*,*,#5370,.F.);
#5370 = EDGE_CURVE('',#5332,#5363,#5371,.T.);
#5371 = LINE('',#5372,#5373);
#5372 = CARTESIAN_POINT('',(76.708369,-41.3,0.));
#5373 = VECTOR('',#5374,1.);
#5374 = DIRECTION('',(0.707106781187,0.707106781187,0.));
#5375 = PLANE('',#5376);
#5376 = AXIS2_PLACEMENT_3D('',#5377,#5378,#5379);
#5377 = CARTESIAN_POINT('',(76.708369,-41.3,0.));
#5378 = DIRECTION('',(-0.707106781187,0.707106781187,0.));
#5379 = DIRECTION('',(0.707106781187,0.707106781187,0.));
#5380 = ADVANCED_FACE('',(#5381),#5406,.T.);
#5381 = FACE_BOUND('',#5382,.T.);
#5382 = EDGE_LOOP('',(#5383,#5384,#5392,#5400));
#5383 = ORIENTED_EDGE('',*,*,#5362,.T.);
#5384 = ORIENTED_EDGE('',*,*,#5385,.T.);
#5385 = EDGE_CURVE('',#5355,#5386,#5388,.T.);
#5386 = VERTEX_POINT('',#5387);
#5387 = CARTESIAN_POINT('',(99.75,-16.3,1.5162));
#5388 = LINE('',#5389,#5390);
#5389 = CARTESIAN_POINT('',(99.75,-18.258369,1.5162));
#5390 = VECTOR('',#5391,1.);
#5391 = DIRECTION('',(0.,1.,0.));
#5392 = ORIENTED_EDGE('',*,*,#5393,.F.);
#5393 = EDGE_CURVE('',#5394,#5386,#5396,.T.);
#5394 = VERTEX_POINT('',#5395);
#5395 = CARTESIAN_POINT('',(99.75,-16.3,0.));
#5396 = LINE('',#5397,#5398);
#5397 = CARTESIAN_POINT('',(99.75,-16.3,0.));
#5398 = VECTOR('',#5399,1.);
#5399 = DIRECTION('',(0.,0.,1.));
#5400 = ORIENTED_EDGE('',*,*,#5401,.F.);
#5401 = EDGE_CURVE('',#5363,#5394,#5402,.T.);
#5402 = LINE('',#5403,#5404);
#5403 = CARTESIAN_POINT('',(99.75,-18.258369,0.));
#5404 = VECTOR('',#5405,1.);
#5405 = DIRECTION('',(0.,1.,0.));
#5406 = PLANE('',#5407);
#5407 = AXIS2_PLACEMENT_3D('',#5408,#5409,#5410);
#5408 = CARTESIAN_POINT('',(99.75,-18.258369,0.));
#5409 = DIRECTION('',(-1.,0.,0.));
#5410 = DIRECTION('',(0.,1.,0.));
#5411 = ADVANCED_FACE('',(#5412),#5437,.T.);
#5412 = FACE_BOUND('',#5413,.T.);
#5413 = EDGE_LOOP('',(#5414,#5415,#5423,#5431));
#5414 = ORIENTED_EDGE('',*,*,#5393,.T.);
#5415 = ORIENTED_EDGE('',*,*,#5416,.T.);
#5416 = EDGE_CURVE('',#5386,#5417,#5419,.T.);
#5417 = VERTEX_POINT('',#5418);
#5418 = CARTESIAN_POINT('',(97.465729,-16.3,1.5162));
#5419 = LINE('',#5420,#5421);
#5420 = CARTESIAN_POINT('',(99.75,-16.3,1.5162));
#5421 = VECTOR('',#5422,1.);
#5422 = DIRECTION('',(-1.,0.,0.));
#5423 = ORIENTED_EDGE('',*,*,#5424,.F.);
#5424 = EDGE_CURVE('',#5425,#5417,#5427,.T.);
#5425 = VERTEX_POINT('',#5426);
#5426 = CARTESIAN_POINT('',(97.465729,-16.3,0.));
#5427 = LINE('',#5428,#5429);
#5428 = CARTESIAN_POINT('',(97.465729,-16.3,0.));
#5429 = VECTOR('',#5430,1.);
#5430 = DIRECTION('',(0.,0.,1.));
#5431 = ORIENTED_EDGE('',*,*,#5432,.F.);
#5432 = EDGE_CURVE('',#5394,#5425,#5433,.T.);
#5433 = LINE('',#5434,#5435);
#5434 = CARTESIAN_POINT('',(99.75,-16.3,0.));
#5435 = VECTOR('',#5436,1.);
#5436 = DIRECTION('',(-1.,0.,0.));
#5437 = PLANE('',#5438);
#5438 = AXIS2_PLACEMENT_3D('',#5439,#5440,#5441);
#5439 = CARTESIAN_POINT('',(99.75,-16.3,0.));
#5440 = DIRECTION('',(0.,-1.,0.));
#5441 = DIRECTION('',(-1.,0.,0.));
#5442 = ADVANCED_FACE('',(#5443),#5459,.T.);
#5443 = FACE_BOUND('',#5444,.T.);
#5444 = EDGE_LOOP('',(#5445,#5446,#5452,#5453));
#5445 = ORIENTED_EDGE('',*,*,#5424,.T.);
#5446 = ORIENTED_EDGE('',*,*,#5447,.T.);
#5447 = EDGE_CURVE('',#5417,#5316,#5448,.T.);
#5448 = LINE('',#5449,#5450);
#5449 = CARTESIAN_POINT('',(97.465729,-16.3,1.5162));
#5450 = VECTOR('',#5451,1.);
#5451 = DIRECTION('',(-0.707106781187,-0.707106781187,0.));
#5452 = ORIENTED_EDGE('',*,*,#5313,.F.);
#5453 = ORIENTED_EDGE('',*,*,#5454,.F.);
#5454 = EDGE_CURVE('',#5425,#5314,#5455,.T.);
#5455 = LINE('',#5456,#5457);
#5456 = CARTESIAN_POINT('',(97.465729,-16.3,0.));
#5457 = VECTOR('',#5458,1.);
#5458 = DIRECTION('',(-0.707106781187,-0.707106781187,0.));
#5459 = PLANE('',#5460);
#5460 = AXIS2_PLACEMENT_3D('',#5461,#5462,#5463);
#5461 = CARTESIAN_POINT('',(97.465729,-16.3,0.));
#5462 = DIRECTION('',(0.707106781187,-0.707106781187,0.));
#5463 = DIRECTION('',(-0.707106781187,-0.707106781187,0.));
#5464 = ADVANCED_FACE('',(#5465),#5499,.T.);
#5465 = FACE_BOUND('',#5466,.T.);
#5466 = EDGE_LOOP('',(#5467,#5477,#5485,#5493));
#5467 = ORIENTED_EDGE('',*,*,#5468,.T.);
#5468 = EDGE_CURVE('',#5469,#5471,#5473,.T.);
#5469 = VERTEX_POINT('',#5470);
#5470 = CARTESIAN_POINT('',(79.536797,-41.3,0.));
#5471 = VERTEX_POINT('',#5472);
#5472 = CARTESIAN_POINT('',(79.536797,-41.3,1.5162));
#5473 = LINE('',#5474,#5475);
#5474 = CARTESIAN_POINT('',(79.536797,-41.3,0.));
#5475 = VECTOR('',#5476,1.);
#5476 = DIRECTION('',(0.,0.,1.));
#5477 = ORIENTED_EDGE('',*,*,#5478,.T.);
#5478 = EDGE_CURVE('',#5471,#5479,#5481,.T.);
#5479 = VERTEX_POINT('',#5480);
#5480 = CARTESIAN_POINT('',(83.779437,-41.3,1.5162));
#5481 = LINE('',#5482,#5483);
#5482 = CARTESIAN_POINT('',(79.536797,-41.3,1.5162));
#5483 = VECTOR('',#5484,1.);
#5484 = DIRECTION('',(1.,0.,0.));
#5485 = ORIENTED_EDGE('',*,*,#5486,.F.);
#5486 = EDGE_CURVE('',#5487,#5479,#5489,.T.);
#5487 = VERTEX_POINT('',#5488);
#5488 = CARTESIAN_POINT('',(83.779437,-41.3,0.));
#5489 = LINE('',#5490,#5491);
#5490 = CARTESIAN_POINT('',(83.779437,-41.3,0.));
#5491 = VECTOR('',#5492,1.);
#5492 = DIRECTION('',(0.,0.,1.));
#5493 = ORIENTED_EDGE('',*,*,#5494,.F.);
#5494 = EDGE_CURVE('',#5469,#5487,#5495,.T.);
#5495 = LINE('',#5496,#5497);
#5496 = CARTESIAN_POINT('',(79.536797,-41.3,0.));
#5497 = VECTOR('',#5498,1.);
#5498 = DIRECTION('',(1.,0.,0.));
#5499 = PLANE('',#5500);
#5500 = AXIS2_PLACEMENT_3D('',#5501,#5502,#5503);
#5501 = CARTESIAN_POINT('',(79.536797,-41.3,0.));
#5502 = DIRECTION('',(0.,1.,0.));
#5503 = DIRECTION('',(1.,0.,0.));
#5504 = ADVANCED_FACE('',(#5505),#5530,.T.);
#5505 = FACE_BOUND('',#5506,.T.);
#5506 = EDGE_LOOP('',(#5507,#5508,#5516,#5524));
#5507 = ORIENTED_EDGE('',*,*,#5486,.T.);
#5508 = ORIENTED_EDGE('',*,*,#5509,.T.);
#5509 = EDGE_CURVE('',#5479,#5510,#5512,.T.);
#5510 = VERTEX_POINT('',#5511);
#5511 = CARTESIAN_POINT('',(99.75,-25.329437,1.5162));
#5512 = LINE('',#5513,#5514);
#5513 = CARTESIAN_POINT('',(83.779437,-41.3,1.5162));
#5514 = VECTOR('',#5515,1.);
#5515 = DIRECTION('',(0.707106781187,0.707106781187,0.));
#5516 = ORIENTED_EDGE('',*,*,#5517,.F.);
#5517 = EDGE_CURVE('',#5518,#5510,#5520,.T.);
#5518 = VERTEX_POINT('',#5519);
#5519 = CARTESIAN_POINT('',(99.75,-25.329437,0.));
#5520 = LINE('',#5521,#5522);
#5521 = CARTESIAN_POINT('',(99.75,-25.329437,0.));
#5522 = VECTOR('',#5523,1.);
#5523 = DIRECTION('',(0.,0.,1.));
#5524 = ORIENTED_EDGE('',*,*,#5525,.F.);
#5525 = EDGE_CURVE('',#5487,#5518,#5526,.T.);
#5526 = LINE('',#5527,#5528);
#5527 = CARTESIAN_POINT('',(83.779437,-41.3,0.));
#5528 = VECTOR('',#5529,1.);
#5529 = DIRECTION('',(0.707106781187,0.707106781187,0.));
#5530 = PLANE('',#5531);
#5531 = AXIS2_PLACEMENT_3D('',#5532,#5533,#5534);
#5532 = CARTESIAN_POINT('',(83.779437,-41.3,0.));
#5533 = DIRECTION('',(-0.707106781187,0.707106781187,0.));
#5534 = DIRECTION('',(0.707106781187,0.707106781187,0.));
#5535 = ADVANCED_FACE('',(#5536),#5561,.T.);
#5536 = FACE_BOUND('',#5537,.T.);
#5537 = EDGE_LOOP('',(#5538,#5539,#5547,#5555));
#5538 = ORIENTED_EDGE('',*,*,#5517,.T.);
#5539 = ORIENTED_EDGE('',*,*,#5540,.T.);
#5540 = EDGE_CURVE('',#5510,#5541,#5543,.T.);
#5541 = VERTEX_POINT('',#5542);
#5542 = CARTESIAN_POINT('',(99.75,-21.086797,1.5162));
#5543 = LINE('',#5544,#5545);
#5544 = CARTESIAN_POINT('',(99.75,-25.329437,1.5162));
#5545 = VECTOR('',#5546,1.);
#5546 = DIRECTION('',(0.,1.,0.));
#5547 = ORIENTED_EDGE('',*,*,#5548,.F.);
#5548 = EDGE_CURVE('',#5549,#5541,#5551,.T.);
#5549 = VERTEX_POINT('',#5550);
#5550 = CARTESIAN_POINT('',(99.75,-21.086797,0.));
#5551 = LINE('',#5552,#5553);
#5552 = CARTESIAN_POINT('',(99.75,-21.086797,0.));
#5553 = VECTOR('',#5554,1.);
#5554 = DIRECTION('',(0.,0.,1.));
#5555 = ORIENTED_EDGE('',*,*,#5556,.F.);
#5556 = EDGE_CURVE('',#5518,#5549,#5557,.T.);
#5557 = LINE('',#5558,#5559);
#5558 = CARTESIAN_POINT('',(99.75,-25.329437,0.));
#5559 = VECTOR('',#5560,1.);
#5560 = DIRECTION('',(0.,1.,0.));
#5561 = PLANE('',#5562);
#5562 = AXIS2_PLACEMENT_3D('',#5563,#5564,#5565);
#5563 = CARTESIAN_POINT('',(99.75,-25.329437,0.));
#5564 = DIRECTION('',(-1.,0.,0.));
#5565 = DIRECTION('',(0.,1.,0.));
#5566 = ADVANCED_FACE('',(#5567),#5583,.T.);
#5567 = FACE_BOUND('',#5568,.T.);
#5568 = EDGE_LOOP('',(#5569,#5570,#5576,#5577));
#5569 = ORIENTED_EDGE('',*,*,#5548,.T.);
#5570 = ORIENTED_EDGE('',*,*,#5571,.T.);
#5571 = EDGE_CURVE('',#5541,#5471,#5572,.T.);
#5572 = LINE('',#5573,#5574);
#5573 = CARTESIAN_POINT('',(99.75,-21.086797,1.5162));
#5574 = VECTOR('',#5575,1.);
#5575 = DIRECTION('',(-0.707106781187,-0.707106781187,0.));
#5576 = ORIENTED_EDGE('',*,*,#5468,.F.);
#5577 = ORIENTED_EDGE('',*,*,#5578,.F.);
#5578 = EDGE_CURVE('',#5549,#5469,#5579,.T.);
#5579 = LINE('',#5580,#5581);
#5580 = CARTESIAN_POINT('',(99.75,-21.086797,0.));
#5581 = VECTOR('',#5582,1.);
#5582 = DIRECTION('',(-0.707106781187,-0.707106781187,0.));
#5583 = PLANE('',#5584);
#5584 = AXIS2_PLACEMENT_3D('',#5585,#5586,#5587);
#5585 = CARTESIAN_POINT('',(99.75,-21.086797,0.));
#5586 = DIRECTION('',(0.707106781187,-0.707106781187,0.));
#5587 = DIRECTION('',(-0.707106781187,-0.707106781187,0.));
#5588 = ADVANCED_FACE('',(#5589),#5623,.T.);
#5589 = FACE_BOUND('',#5590,.T.);
#5590 = EDGE_LOOP('',(#5591,#5601,#5609,#5617));
#5591 = ORIENTED_EDGE('',*,*,#5592,.T.);
#5592 = EDGE_CURVE('',#5593,#5595,#5597,.T.);
#5593 = VERTEX_POINT('',#5594);
#5594 = CARTESIAN_POINT('',(86.607864,-41.3,0.));
#5595 = VERTEX_POINT('',#5596);
#5596 = CARTESIAN_POINT('',(86.607864,-41.3,1.5162));
#5597 = LINE('',#5598,#5599);
#5598 = CARTESIAN_POINT('',(86.607864,-41.3,0.));
#5599 = VECTOR('',#5600,1.);
#5600 = DIRECTION('',(0.,0.,1.));
#5601 = ORIENTED_EDGE('',*,*,#5602,.T.);
#5602 = EDGE_CURVE('',#5595,#5603,#5605,.T.);
#5603 = VERTEX_POINT('',#5604);
#5604 = CARTESIAN_POINT('',(90.850505,-41.3,1.5162));
#5605 = LINE('',#5606,#5607);
#5606 = CARTESIAN_POINT('',(86.607864,-41.3,1.5162));
#5607 = VECTOR('',#5608,1.);
#5608 = DIRECTION('',(1.,0.,0.));
#5609 = ORIENTED_EDGE('',*,*,#5610,.F.);
#5610 = EDGE_CURVE('',#5611,#5603,#5613,.T.);
#5611 = VERTEX_POINT('',#5612);
#5612 = CARTESIAN_POINT('',(90.850505,-41.3,0.));
#5613 = LINE('',#5614,#5615);
#5614 = CARTESIAN_POINT('',(90.850505,-41.3,0.));
#5615 = VECTOR('',#5616,1.);
#5616 = DIRECTION('',(0.,0.,1.));
#5617 = ORIENTED_EDGE('',*,*,#5618,.F.);
#5618 = EDGE_CURVE('',#5593,#5611,#5619,.T.);
#5619 = LINE('',#5620,#5621);
#5620 = CARTESIAN_POINT('',(86.607864,-41.3,0.));
#5621 = VECTOR('',#5622,1.);
#5622 = DIRECTION('',(1.,0.,0.));
#5623 = PLANE('',#5624);
#5624 = AXIS2_PLACEMENT_3D('',#5625,#5626,#5627);
#5625 = CARTESIAN_POINT('',(86.607864,-41.3,0.));
#5626 = DIRECTION('',(0.,1.,0.));
#5627 = DIRECTION('',(1.,0.,0.));
#5628 = ADVANCED_FACE('',(#5629),#5654,.T.);
#5629 = FACE_BOUND('',#5630,.T.);
#5630 = EDGE_LOOP('',(#5631,#5632,#5640,#5648));
#5631 = ORIENTED_EDGE('',*,*,#5610,.T.);
#5632 = ORIENTED_EDGE('',*,*,#5633,.T.);
#5633 = EDGE_CURVE('',#5603,#5634,#5636,.T.);
#5634 = VERTEX_POINT('',#5635);
#5635 = CARTESIAN_POINT('',(99.75,-32.400505,1.5162));
#5636 = LINE('',#5637,#5638);
#5637 = CARTESIAN_POINT('',(90.850505,-41.3,1.5162));
#5638 = VECTOR('',#5639,1.);
#5639 = DIRECTION('',(0.707106781187,0.707106781187,0.));
#5640 = ORIENTED_EDGE('',*,*,#5641,.F.);
#5641 = EDGE_CURVE('',#5642,#5634,#5644,.T.);
#5642 = VERTEX_POINT('',#5643);
#5643 = CARTESIAN_POINT('',(99.75,-32.400505,0.));
#5644 = LINE('',#5645,#5646);
#5645 = CARTESIAN_POINT('',(99.75,-32.400505,0.));
#5646 = VECTOR('',#5647,1.);
#5647 = DIRECTION('',(0.,0.,1.));
#5648 = ORIENTED_EDGE('',*,*,#5649,.F.);
#5649 = EDGE_CURVE('',#5611,#5642,#5650,.T.);
#5650 = LINE('',#5651,#5652);
#5651 = CARTESIAN_POINT('',(90.850505,-41.3,0.));
#5652 = VECTOR('',#5653,1.);
#5653 = DIRECTION('',(0.707106781187,0.707106781187,0.));
#5654 = PLANE('',#5655);
#5655 = AXIS2_PLACEMENT_3D('',#5656,#5657,#5658);
#5656 = CARTESIAN_POINT('',(90.850505,-41.3,0.));
#5657 = DIRECTION('',(-0.707106781187,0.707106781187,0.));
#5658 = DIRECTION('',(0.707106781187,0.707106781187,0.));
#5659 = ADVANCED_FACE('',(#5660),#5685,.T.);
#5660 = FACE_BOUND('',#5661,.T.);
#5661 = EDGE_LOOP('',(#5662,#5663,#5671,#5679));
#5662 = ORIENTED_EDGE('',*,*,#5641,.T.);
#5663 = ORIENTED_EDGE('',*,*,#5664,.T.);
#5664 = EDGE_CURVE('',#5634,#5665,#5667,.T.);
#5665 = VERTEX_POINT('',#5666);
#5666 = CARTESIAN_POINT('',(99.75,-28.157864,1.5162));
#5667 = LINE('',#5668,#5669);
#5668 = CARTESIAN_POINT('',(99.75,-32.400505,1.5162));
#5669 = VECTOR('',#5670,1.);
#5670 = DIRECTION('',(0.,1.,0.));
#5671 = ORIENTED_EDGE('',*,*,#5672,.F.);
#5672 = EDGE_CURVE('',#5673,#5665,#5675,.T.);
#5673 = VERTEX_POINT('',#5674);
#5674 = CARTESIAN_POINT('',(99.75,-28.157864,0.));
#5675 = LINE('',#5676,#5677);
#5676 = CARTESIAN_POINT('',(99.75,-28.157864,0.));
#5677 = VECTOR('',#5678,1.);
#5678 = DIRECTION('',(0.,0.,1.));
#5679 = ORIENTED_EDGE('',*,*,#5680,.F.);
#5680 = EDGE_CURVE('',#5642,#5673,#5681,.T.);
#5681 = LINE('',#5682,#5683);
#5682 = CARTESIAN_POINT('',(99.75,-32.400505,0.));
#5683 = VECTOR('',#5684,1.);
#5684 = DIRECTION('',(0.,1.,0.));
#5685 = PLANE('',#5686);
#5686 = AXIS2_PLACEMENT_3D('',#5687,#5688,#5689);
#5687 = CARTESIAN_POINT('',(99.75,-32.400505,0.));
#5688 = DIRECTION('',(-1.,0.,0.));
#5689 = DIRECTION('',(0.,1.,0.));
#5690 = ADVANCED_FACE('',(#5691),#5707,.T.);
#5691 = FACE_BOUND('',#5692,.T.);
#5692 = EDGE_LOOP('',(#5693,#5694,#5700,#5701));
#5693 = ORIENTED_EDGE('',*,*,#5672,.T.);
#5694 = ORIENTED_EDGE('',*,*,#5695,.T.);
#5695 = EDGE_CURVE('',#5665,#5595,#5696,.T.);
#5696 = LINE('',#5697,#5698);
#5697 = CARTESIAN_POINT('',(99.75,-28.157864,1.5162));
#5698 = VECTOR('',#5699,1.);
#5699 = DIRECTION('',(-0.707106781187,-0.707106781187,0.));
#5700 = ORIENTED_EDGE('',*,*,#5592,.F.);
#5701 = ORIENTED_EDGE('',*,*,#5702,.F.);
#5702 = EDGE_CURVE('',#5673,#5593,#5703,.T.);
#5703 = LINE('',#5704,#5705);
#5704 = CARTESIAN_POINT('',(99.75,-28.157864,0.));
#5705 = VECTOR('',#5706,1.);
#5706 = DIRECTION('',(-0.707106781187,-0.707106781187,0.));
#5707 = PLANE('',#5708);
#5708 = AXIS2_PLACEMENT_3D('',#5709,#5710,#5711);
#5709 = CARTESIAN_POINT('',(99.75,-28.157864,0.));
#5710 = DIRECTION('',(0.707106781187,-0.707106781187,0.));
#5711 = DIRECTION('',(-0.707106781187,-0.707106781187,0.));
#5712 = ADVANCED_FACE('',(#5713),#5747,.T.);
#5713 = FACE_BOUND('',#5714,.T.);
#5714 = EDGE_LOOP('',(#5715,#5725,#5733,#5741));
#5715 = ORIENTED_EDGE('',*,*,#5716,.T.);
#5716 = EDGE_CURVE('',#5717,#5719,#5721,.T.);
#5717 = VERTEX_POINT('',#5718);
#5718 = CARTESIAN_POINT('',(93.678932,-41.3,0.));
#5719 = VERTEX_POINT('',#5720);
#5720 = CARTESIAN_POINT('',(93.678932,-41.3,1.5162));
#5721 = LINE('',#5722,#5723);
#5722 = CARTESIAN_POINT('',(93.678932,-41.3,0.));
#5723 = VECTOR('',#5724,1.);
#5724 = DIRECTION('',(0.,0.,1.));
#5725 = ORIENTED_EDGE('',*,*,#5726,.T.);
#5726 = EDGE_CURVE('',#5719,#5727,#5729,.T.);
#5727 = VERTEX_POINT('',#5728);
#5728 = CARTESIAN_POINT('',(97.921573,-41.3,1.5162));
#5729 = LINE('',#5730,#5731);
#5730 = CARTESIAN_POINT('',(93.678932,-41.3,1.5162));
#5731 = VECTOR('',#5732,1.);
#5732 = DIRECTION('',(1.,0.,0.));
#5733 = ORIENTED_EDGE('',*,*,#5734,.F.);
#5734 = EDGE_CURVE('',#5735,#5727,#5737,.T.);
#5735 = VERTEX_POINT('',#5736);
#5736 = CARTESIAN_POINT('',(97.921573,-41.3,0.));
#5737 = LINE('',#5738,#5739);
#5738 = CARTESIAN_POINT('',(97.921573,-41.3,0.));
#5739 = VECTOR('',#5740,1.);
#5740 = DIRECTION('',(0.,0.,1.));
#5741 = ORIENTED_EDGE('',*,*,#5742,.F.);
#5742 = EDGE_CURVE('',#5717,#5735,#5743,.T.);
#5743 = LINE('',#5744,#5745);
#5744 = CARTESIAN_POINT('',(93.678932,-41.3,0.));
#5745 = VECTOR('',#5746,1.);
#5746 = DIRECTION('',(1.,0.,0.));
#5747 = PLANE('',#5748);
#5748 = AXIS2_PLACEMENT_3D('',#5749,#5750,#5751);
#5749 = CARTESIAN_POINT('',(93.678932,-41.3,0.));
#5750 = DIRECTION('',(0.,1.,0.));
#5751 = DIRECTION('',(1.,0.,0.));
#5752 = ADVANCED_FACE('',(#5753),#5778,.T.);
#5753 = FACE_BOUND('',#5754,.T.);
#5754 = EDGE_LOOP('',(#5755,#5756,#5764,#5772));
#5755 = ORIENTED_EDGE('',*,*,#5734,.T.);
#5756 = ORIENTED_EDGE('',*,*,#5757,.T.);
#5757 = EDGE_CURVE('',#5727,#5758,#5760,.T.);
#5758 = VERTEX_POINT('',#5759);
#5759 = CARTESIAN_POINT('',(99.75,-39.471573,1.5162));
#5760 = LINE('',#5761,#5762);
#5761 = CARTESIAN_POINT('',(97.921573,-41.3,1.5162));
#5762 = VECTOR('',#5763,1.);
#5763 = DIRECTION('',(0.707106781187,0.707106781187,0.));
#5764 = ORIENTED_EDGE('',*,*,#5765,.F.);
#5765 = EDGE_CURVE('',#5766,#5758,#5768,.T.);
#5766 = VERTEX_POINT('',#5767);
#5767 = CARTESIAN_POINT('',(99.75,-39.471573,0.));
#5768 = LINE('',#5769,#5770);
#5769 = CARTESIAN_POINT('',(99.75,-39.471573,0.));
#5770 = VECTOR('',#5771,1.);
#5771 = DIRECTION('',(0.,0.,1.));
#5772 = ORIENTED_EDGE('',*,*,#5773,.F.);
#5773 = EDGE_CURVE('',#5735,#5766,#5774,.T.);
#5774 = LINE('',#5775,#5776);
#5775 = CARTESIAN_POINT('',(97.921573,-41.3,0.));
#5776 = VECTOR('',#5777,1.);
#5777 = DIRECTION('',(0.707106781187,0.707106781187,0.));
#5778 = PLANE('',#5779);
#5779 = AXIS2_PLACEMENT_3D('',#5780,#5781,#5782);
#5780 = CARTESIAN_POINT('',(97.921573,-41.3,0.));
#5781 = DIRECTION('',(-0.707106781187,0.707106781187,0.));
#5782 = DIRECTION('',(0.707106781187,0.707106781187,0.));
#5783 = ADVANCED_FACE('',(#5784),#5809,.T.);
#5784 = FACE_BOUND('',#5785,.T.);
#5785 = EDGE_LOOP('',(#5786,#5787,#5795,#5803));
#5786 = ORIENTED_EDGE('',*,*,#5765,.T.);
#5787 = ORIENTED_EDGE('',*,*,#5788,.T.);
#5788 = EDGE_CURVE('',#5758,#5789,#5791,.T.);
#5789 = VERTEX_POINT('',#5790);
#5790 = CARTESIAN_POINT('',(99.75,-35.228932,1.5162));
#5791 = LINE('',#5792,#5793);
#5792 = CARTESIAN_POINT('',(99.75,-39.471573,1.5162));
#5793 = VECTOR('',#5794,1.);
#5794 = DIRECTION('',(0.,1.,0.));
#5795 = ORIENTED_EDGE('',*,*,#5796,.F.);
#5796 = EDGE_CURVE('',#5797,#5789,#5799,.T.);
#5797 = VERTEX_POINT('',#5798);
#5798 = CARTESIAN_POINT('',(99.75,-35.228932,0.));
#5799 = LINE('',#5800,#5801);
#5800 = CARTESIAN_POINT('',(99.75,-35.228932,0.));
#5801 = VECTOR('',#5802,1.);
#5802 = DIRECTION('',(0.,0.,1.));
#5803 = ORIENTED_EDGE('',*,*,#5804,.F.);
#5804 = EDGE_CURVE('',#5766,#5797,#5805,.T.);
#5805 = LINE('',#5806,#5807);
#5806 = CARTESIAN_POINT('',(99.75,-39.471573,0.));
#5807 = VECTOR('',#5808,1.);
#5808 = DIRECTION('',(0.,1.,0.));
#5809 = PLANE('',#5810);
#5810 = AXIS2_PLACEMENT_3D('',#5811,#5812,#5813);
#5811 = CARTESIAN_POINT('',(99.75,-39.471573,0.));
#5812 = DIRECTION('',(-1.,0.,0.));
#5813 = DIRECTION('',(0.,1.,0.));
#5814 = ADVANCED_FACE('',(#5815),#5831,.T.);
#5815 = FACE_BOUND('',#5816,.T.);
#5816 = EDGE_LOOP('',(#5817,#5818,#5824,#5825));
#5817 = ORIENTED_EDGE('',*,*,#5796,.T.);
#5818 = ORIENTED_EDGE('',*,*,#5819,.T.);
#5819 = EDGE_CURVE('',#5789,#5719,#5820,.T.);
#5820 = LINE('',#5821,#5822);
#5821 = CARTESIAN_POINT('',(99.75,-35.228932,1.5162));
#5822 = VECTOR('',#5823,1.);
#5823 = DIRECTION('',(-0.707106781187,-0.707106781187,0.));
#5824 = ORIENTED_EDGE('',*,*,#5716,.F.);
#5825 = ORIENTED_EDGE('',*,*,#5826,.F.);
#5826 = EDGE_CURVE('',#5797,#5717,#5827,.T.);
#5827 = LINE('',#5828,#5829);
#5828 = CARTESIAN_POINT('',(99.75,-35.228932,0.));
#5829 = VECTOR('',#5830,1.);
#5830 = DIRECTION('',(-0.707106781187,-0.707106781187,0.));
#5831 = PLANE('',#5832);
#5832 = AXIS2_PLACEMENT_3D('',#5833,#5834,#5835);
#5833 = CARTESIAN_POINT('',(99.75,-35.228932,0.));
#5834 = DIRECTION('',(0.707106781187,-0.707106781187,0.));
#5835 = DIRECTION('',(-0.707106781187,-0.707106781187,0.));
#5836 = ADVANCED_FACE('',(#5837),#5871,.T.);
#5837 = FACE_BOUND('',#5838,.T.);
#5838 = EDGE_LOOP('',(#5839,#5849,#5857,#5865));
#5839 = ORIENTED_EDGE('',*,*,#5840,.T.);
#5840 = EDGE_CURVE('',#5841,#5843,#5845,.T.);
#5841 = VERTEX_POINT('',#5842);
#5842 = CARTESIAN_POINT('',(101.75,-39.471573,0.));
#5843 = VERTEX_POINT('',#5844);
#5844 = CARTESIAN_POINT('',(101.75,-39.471573,1.5162));
#5845 = LINE('',#5846,#5847);
#5846 = CARTESIAN_POINT('',(101.75,-39.471573,0.));
#5847 = VECTOR('',#5848,1.);
#5848 = DIRECTION('',(0.,0.,1.));
#5849 = ORIENTED_EDGE('',*,*,#5850,.T.);
#5850 = EDGE_CURVE('',#5843,#5851,#5853,.T.);
#5851 = VERTEX_POINT('',#5852);
#5852 = CARTESIAN_POINT('',(103.578427,-41.3,1.5162));
#5853 = LINE('',#5854,#5855);
#5854 = CARTESIAN_POINT('',(101.75,-39.471573,1.5162));
#5855 = VECTOR('',#5856,1.);
#5856 = DIRECTION('',(0.707106781187,-0.707106781187,0.));
#5857 = ORIENTED_EDGE('',*,*,#5858,.F.);
#5858 = EDGE_CURVE('',#5859,#5851,#5861,.T.);
#5859 = VERTEX_POINT('',#5860);
#5860 = CARTESIAN_POINT('',(103.578427,-41.3,0.));
#5861 = LINE('',#5862,#5863);
#5862 = CARTESIAN_POINT('',(103.578427,-41.3,0.));
#5863 = VECTOR('',#5864,1.);
#5864 = DIRECTION('',(0.,0.,1.));
#5865 = ORIENTED_EDGE('',*,*,#5866,.F.);
#5866 = EDGE_CURVE('',#5841,#5859,#5867,.T.);
#5867 = LINE('',#5868,#5869);
#5868 = CARTESIAN_POINT('',(101.75,-39.471573,0.));
#5869 = VECTOR('',#5870,1.);
#5870 = DIRECTION('',(0.707106781187,-0.707106781187,0.));
#5871 = PLANE('',#5872);
#5872 = AXIS2_PLACEMENT_3D('',#5873,#5874,#5875);
#5873 = CARTESIAN_POINT('',(101.75,-39.471573,0.));
#5874 = DIRECTION('',(0.707106781187,0.707106781187,-0.));
#5875 = DIRECTION('',(0.707106781187,-0.707106781187,0.));
#5876 = ADVANCED_FACE('',(#5877),#5902,.T.);
#5877 = FACE_BOUND('',#5878,.T.);
#5878 = EDGE_LOOP('',(#5879,#5880,#5888,#5896));
#5879 = ORIENTED_EDGE('',*,*,#5858,.T.);
#5880 = ORIENTED_EDGE('',*,*,#5881,.T.);
#5881 = EDGE_CURVE('',#5851,#5882,#5884,.T.);
#5882 = VERTEX_POINT('',#5883);
#5883 = CARTESIAN_POINT('',(107.821068,-41.3,1.5162));
#5884 = LINE('',#5885,#5886);
#5885 = CARTESIAN_POINT('',(103.578427,-41.3,1.5162));
#5886 = VECTOR('',#5887,1.);
#5887 = DIRECTION('',(1.,0.,0.));
#5888 = ORIENTED_EDGE('',*,*,#5889,.F.);
#5889 = EDGE_CURVE('',#5890,#5882,#5892,.T.);
#5890 = VERTEX_POINT('',#5891);
#5891 = CARTESIAN_POINT('',(107.821068,-41.3,0.));
#5892 = LINE('',#5893,#5894);
#5893 = CARTESIAN_POINT('',(107.821068,-41.3,0.));
#5894 = VECTOR('',#5895,1.);
#5895 = DIRECTION('',(0.,0.,1.));
#5896 = ORIENTED_EDGE('',*,*,#5897,.F.);
#5897 = EDGE_CURVE('',#5859,#5890,#5898,.T.);
#5898 = LINE('',#5899,#5900);
#5899 = CARTESIAN_POINT('',(103.578427,-41.3,0.));
#5900 = VECTOR('',#5901,1.);
#5901 = DIRECTION('',(1.,0.,0.));
#5902 = PLANE('',#5903);
#5903 = AXIS2_PLACEMENT_3D('',#5904,#5905,#5906);
#5904 = CARTESIAN_POINT('',(103.578427,-41.3,0.));
#5905 = DIRECTION('',(0.,1.,0.));
#5906 = DIRECTION('',(1.,0.,0.));
#5907 = ADVANCED_FACE('',(#5908),#5933,.T.);
#5908 = FACE_BOUND('',#5909,.T.);
#5909 = EDGE_LOOP('',(#5910,#5911,#5919,#5927));
#5910 = ORIENTED_EDGE('',*,*,#5889,.T.);
#5911 = ORIENTED_EDGE('',*,*,#5912,.T.);
#5912 = EDGE_CURVE('',#5882,#5913,#5915,.T.);
#5913 = VERTEX_POINT('',#5914);
#5914 = CARTESIAN_POINT('',(101.75,-35.228932,1.5162));
#5915 = LINE('',#5916,#5917);
#5916 = CARTESIAN_POINT('',(107.821068,-41.3,1.5162));
#5917 = VECTOR('',#5918,1.);
#5918 = DIRECTION('',(-0.707106781187,0.707106781187,0.));
#5919 = ORIENTED_EDGE('',*,*,#5920,.F.);
#5920 = EDGE_CURVE('',#5921,#5913,#5923,.T.);
#5921 = VERTEX_POINT('',#5922);
#5922 = CARTESIAN_POINT('',(101.75,-35.228932,0.));
#5923 = LINE('',#5924,#5925);
#5924 = CARTESIAN_POINT('',(101.75,-35.228932,0.));
#5925 = VECTOR('',#5926,1.);
#5926 = DIRECTION('',(0.,0.,1.));
#5927 = ORIENTED_EDGE('',*,*,#5928,.F.);
#5928 = EDGE_CURVE('',#5890,#5921,#5929,.T.);
#5929 = LINE('',#5930,#5931);
#5930 = CARTESIAN_POINT('',(107.821068,-41.3,0.));
#5931 = VECTOR('',#5932,1.);
#5932 = DIRECTION('',(-0.707106781187,0.707106781187,0.));
#5933 = PLANE('',#5934);
#5934 = AXIS2_PLACEMENT_3D('',#5935,#5936,#5937);
#5935 = CARTESIAN_POINT('',(107.821068,-41.3,0.));
#5936 = DIRECTION('',(-0.707106781187,-0.707106781187,0.));
#5937 = DIRECTION('',(-0.707106781187,0.707106781187,0.));
#5938 = ADVANCED_FACE('',(#5939),#5955,.T.);
#5939 = FACE_BOUND('',#5940,.T.);
#5940 = EDGE_LOOP('',(#5941,#5942,#5948,#5949));
#5941 = ORIENTED_EDGE('',*,*,#5920,.T.);
#5942 = ORIENTED_EDGE('',*,*,#5943,.T.);
#5943 = EDGE_CURVE('',#5913,#5843,#5944,.T.);
#5944 = LINE('',#5945,#5946);
#5945 = CARTESIAN_POINT('',(101.75,-35.228932,1.5162));
#5946 = VECTOR('',#5947,1.);
#5947 = DIRECTION('',(0.,-1.,0.));
#5948 = ORIENTED_EDGE('',*,*,#5840,.F.);
#5949 = ORIENTED_EDGE('',*,*,#5950,.F.);
#5950 = EDGE_CURVE('',#5921,#5841,#5951,.T.);
#5951 = LINE('',#5952,#5953);
#5952 = CARTESIAN_POINT('',(101.75,-35.228932,0.));
#5953 = VECTOR('',#5954,1.);
#5954 = DIRECTION('',(0.,-1.,0.));
#5955 = PLANE('',#5956);
#5956 = AXIS2_PLACEMENT_3D('',#5957,#5958,#5959);
#5957 = CARTESIAN_POINT('',(101.75,-35.228932,0.));
#5958 = DIRECTION('',(1.,0.,-0.));
#5959 = DIRECTION('',(0.,-1.,0.));
#5960 = ADVANCED_FACE('',(#5961),#5995,.T.);
#5961 = FACE_BOUND('',#5962,.T.);
#5962 = EDGE_LOOP('',(#5963,#5973,#5981,#5989));
#5963 = ORIENTED_EDGE('',*,*,#5964,.T.);
#5964 = EDGE_CURVE('',#5965,#5967,#5969,.T.);
#5965 = VERTEX_POINT('',#5966);
#5966 = CARTESIAN_POINT('',(101.75,-32.400505,0.));
#5967 = VERTEX_POINT('',#5968);
#5968 = CARTESIAN_POINT('',(101.75,-32.400505,1.5162));
#5969 = LINE('',#5970,#5971);
#5970 = CARTESIAN_POINT('',(101.75,-32.400505,0.));
#5971 = VECTOR('',#5972,1.);
#5972 = DIRECTION('',(0.,0.,1.));
#5973 = ORIENTED_EDGE('',*,*,#5974,.T.);
#5974 = EDGE_CURVE('',#5967,#5975,#5977,.T.);
#5975 = VERTEX_POINT('',#5976);
#5976 = CARTESIAN_POINT('',(110.649495,-41.3,1.5162));
#5977 = LINE('',#5978,#5979);
#5978 = CARTESIAN_POINT('',(101.75,-32.400505,1.5162));
#5979 = VECTOR('',#5980,1.);
#5980 = DIRECTION('',(0.707106781187,-0.707106781187,0.));
#5981 = ORIENTED_EDGE('',*,*,#5982,.F.);
#5982 = EDGE_CURVE('',#5983,#5975,#5985,.T.);
#5983 = VERTEX_POINT('',#5984);
#5984 = CARTESIAN_POINT('',(110.649495,-41.3,0.));
#5985 = LINE('',#5986,#5987);
#5986 = CARTESIAN_POINT('',(110.649495,-41.3,0.));
#5987 = VECTOR('',#5988,1.);
#5988 = DIRECTION('',(0.,0.,1.));
#5989 = ORIENTED_EDGE('',*,*,#5990,.F.);
#5990 = EDGE_CURVE('',#5965,#5983,#5991,.T.);
#5991 = LINE('',#5992,#5993);
#5992 = CARTESIAN_POINT('',(101.75,-32.400505,0.));
#5993 = VECTOR('',#5994,1.);
#5994 = DIRECTION('',(0.707106781187,-0.707106781187,0.));
#5995 = PLANE('',#5996);
#5996 = AXIS2_PLACEMENT_3D('',#5997,#5998,#5999);
#5997 = CARTESIAN_POINT('',(101.75,-32.400505,0.));
#5998 = DIRECTION('',(0.707106781187,0.707106781187,-0.));
#5999 = DIRECTION('',(0.707106781187,-0.707106781187,0.));
#6000 = ADVANCED_FACE('',(#6001),#6026,.T.);
#6001 = FACE_BOUND('',#6002,.T.);
#6002 = EDGE_LOOP('',(#6003,#6004,#6012,#6020));
#6003 = ORIENTED_EDGE('',*,*,#5982,.T.);
#6004 = ORIENTED_EDGE('',*,*,#6005,.T.);
#6005 = EDGE_CURVE('',#5975,#6006,#6008,.T.);
#6006 = VERTEX_POINT('',#6007);
#6007 = CARTESIAN_POINT('',(114.892136,-41.3,1.5162));
#6008 = LINE('',#6009,#6010);
#6009 = CARTESIAN_POINT('',(110.649495,-41.3,1.5162));
#6010 = VECTOR('',#6011,1.);
#6011 = DIRECTION('',(1.,0.,0.));
#6012 = ORIENTED_EDGE('',*,*,#6013,.F.);
#6013 = EDGE_CURVE('',#6014,#6006,#6016,.T.);
#6014 = VERTEX_POINT('',#6015);
#6015 = CARTESIAN_POINT('',(114.892136,-41.3,0.));
#6016 = LINE('',#6017,#6018);
#6017 = CARTESIAN_POINT('',(114.892136,-41.3,0.));
#6018 = VECTOR('',#6019,1.);
#6019 = DIRECTION('',(0.,0.,1.));
#6020 = ORIENTED_EDGE('',*,*,#6021,.F.);
#6021 = EDGE_CURVE('',#5983,#6014,#6022,.T.);
#6022 = LINE('',#6023,#6024);
#6023 = CARTESIAN_POINT('',(110.649495,-41.3,0.));
#6024 = VECTOR('',#6025,1.);
#6025 = DIRECTION('',(1.,0.,0.));
#6026 = PLANE('',#6027);
#6027 = AXIS2_PLACEMENT_3D('',#6028,#6029,#6030);
#6028 = CARTESIAN_POINT('',(110.649495,-41.3,0.));
#6029 = DIRECTION('',(0.,1.,0.));
#6030 = DIRECTION('',(1.,0.,0.));
#6031 = ADVANCED_FACE('',(#6032),#6057,.T.);
#6032 = FACE_BOUND('',#6033,.T.);
#6033 = EDGE_LOOP('',(#6034,#6035,#6043,#6051));
#6034 = ORIENTED_EDGE('',*,*,#6013,.T.);
#6035 = ORIENTED_EDGE('',*,*,#6036,.T.);
#6036 = EDGE_CURVE('',#6006,#6037,#6039,.T.);
#6037 = VERTEX_POINT('',#6038);
#6038 = CARTESIAN_POINT('',(101.75,-28.157864,1.5162));
#6039 = LINE('',#6040,#6041);
#6040 = CARTESIAN_POINT('',(114.892136,-41.3,1.5162));
#6041 = VECTOR('',#6042,1.);
#6042 = DIRECTION('',(-0.707106781187,0.707106781187,0.));
#6043 = ORIENTED_EDGE('',*,*,#6044,.F.);
#6044 = EDGE_CURVE('',#6045,#6037,#6047,.T.);
#6045 = VERTEX_POINT('',#6046);
#6046 = CARTESIAN_POINT('',(101.75,-28.157864,0.));
#6047 = LINE('',#6048,#6049);
#6048 = CARTESIAN_POINT('',(101.75,-28.157864,0.));
#6049 = VECTOR('',#6050,1.);
#6050 = DIRECTION('',(0.,0.,1.));
#6051 = ORIENTED_EDGE('',*,*,#6052,.F.);
#6052 = EDGE_CURVE('',#6014,#6045,#6053,.T.);
#6053 = LINE('',#6054,#6055);
#6054 = CARTESIAN_POINT('',(114.892136,-41.3,0.));
#6055 = VECTOR('',#6056,1.);
#6056 = DIRECTION('',(-0.707106781187,0.707106781187,0.));
#6057 = PLANE('',#6058);
#6058 = AXIS2_PLACEMENT_3D('',#6059,#6060,#6061);
#6059 = CARTESIAN_POINT('',(114.892136,-41.3,0.));
#6060 = DIRECTION('',(-0.707106781187,-0.707106781187,0.));
#6061 = DIRECTION('',(-0.707106781187,0.707106781187,0.));
#6062 = ADVANCED_FACE('',(#6063),#6079,.T.);
#6063 = FACE_BOUND('',#6064,.T.);
#6064 = EDGE_LOOP('',(#6065,#6066,#6072,#6073));
#6065 = ORIENTED_EDGE('',*,*,#6044,.T.);
#6066 = ORIENTED_EDGE('',*,*,#6067,.T.);
#6067 = EDGE_CURVE('',#6037,#5967,#6068,.T.);
#6068 = LINE('',#6069,#6070);
#6069 = CARTESIAN_POINT('',(101.75,-28.157864,1.5162));
#6070 = VECTOR('',#6071,1.);
#6071 = DIRECTION('',(0.,-1.,0.));
#6072 = ORIENTED_EDGE('',*,*,#5964,.F.);
#6073 = ORIENTED_EDGE('',*,*,#6074,.F.);
#6074 = EDGE_CURVE('',#6045,#5965,#6075,.T.);
#6075 = LINE('',#6076,#6077);
#6076 = CARTESIAN_POINT('',(101.75,-28.157864,0.));
#6077 = VECTOR('',#6078,1.);
#6078 = DIRECTION('',(0.,-1.,0.));
#6079 = PLANE('',#6080);
#6080 = AXIS2_PLACEMENT_3D('',#6081,#6082,#6083);
#6081 = CARTESIAN_POINT('',(101.75,-28.157864,0.));
#6082 = DIRECTION('',(1.,0.,-0.));
#6083 = DIRECTION('',(0.,-1.,0.));
#6084 = ADVANCED_FACE('',(#6085),#6119,.T.);
#6085 = FACE_BOUND('',#6086,.T.);
#6086 = EDGE_LOOP('',(#6087,#6097,#6105,#6113));
#6087 = ORIENTED_EDGE('',*,*,#6088,.T.);
#6088 = EDGE_CURVE('',#6089,#6091,#6093,.T.);
#6089 = VERTEX_POINT('',#6090);
#6090 = CARTESIAN_POINT('',(101.75,-25.329437,0.));
#6091 = VERTEX_POINT('',#6092);
#6092 = CARTESIAN_POINT('',(101.75,-25.329437,1.5162));
#6093 = LINE('',#6094,#6095);
#6094 = CARTESIAN_POINT('',(101.75,-25.329437,0.));
#6095 = VECTOR('',#6096,1.);
#6096 = DIRECTION('',(0.,0.,1.));
#6097 = ORIENTED_EDGE('',*,*,#6098,.T.);
#6098 = EDGE_CURVE('',#6091,#6099,#6101,.T.);
#6099 = VERTEX_POINT('',#6100);
#6100 = CARTESIAN_POINT('',(117.720563,-41.3,1.5162));
#6101 = LINE('',#6102,#6103);
#6102 = CARTESIAN_POINT('',(101.75,-25.329437,1.5162));
#6103 = VECTOR('',#6104,1.);
#6104 = DIRECTION('',(0.707106781187,-0.707106781187,0.));
#6105 = ORIENTED_EDGE('',*,*,#6106,.F.);
#6106 = EDGE_CURVE('',#6107,#6099,#6109,.T.);
#6107 = VERTEX_POINT('',#6108);
#6108 = CARTESIAN_POINT('',(117.720563,-41.3,0.));
#6109 = LINE('',#6110,#6111);
#6110 = CARTESIAN_POINT('',(117.720563,-41.3,0.));
#6111 = VECTOR('',#6112,1.);
#6112 = DIRECTION('',(0.,0.,1.));
#6113 = ORIENTED_EDGE('',*,*,#6114,.F.);
#6114 = EDGE_CURVE('',#6089,#6107,#6115,.T.);
#6115 = LINE('',#6116,#6117);
#6116 = CARTESIAN_POINT('',(101.75,-25.329437,0.));
#6117 = VECTOR('',#6118,1.);
#6118 = DIRECTION('',(0.707106781187,-0.707106781187,0.));
#6119 = PLANE('',#6120);
#6120 = AXIS2_PLACEMENT_3D('',#6121,#6122,#6123);
#6121 = CARTESIAN_POINT('',(101.75,-25.329437,0.));
#6122 = DIRECTION('',(0.707106781187,0.707106781187,-0.));
#6123 = DIRECTION('',(0.707106781187,-0.707106781187,0.));
#6124 = ADVANCED_FACE('',(#6125),#6150,.T.);
#6125 = FACE_BOUND('',#6126,.T.);
#6126 = EDGE_LOOP('',(#6127,#6128,#6136,#6144));
#6127 = ORIENTED_EDGE('',*,*,#6106,.T.);
#6128 = ORIENTED_EDGE('',*,*,#6129,.T.);
#6129 = EDGE_CURVE('',#6099,#6130,#6132,.T.);
#6130 = VERTEX_POINT('',#6131);
#6131 = CARTESIAN_POINT('',(121.963203,-41.3,1.5162));
#6132 = LINE('',#6133,#6134);
#6133 = CARTESIAN_POINT('',(117.720563,-41.3,1.5162));
#6134 = VECTOR('',#6135,1.);
#6135 = DIRECTION('',(1.,0.,0.));
#6136 = ORIENTED_EDGE('',*,*,#6137,.F.);
#6137 = EDGE_CURVE('',#6138,#6130,#6140,.T.);
#6138 = VERTEX_POINT('',#6139);
#6139 = CARTESIAN_POINT('',(121.963203,-41.3,0.));
#6140 = LINE('',#6141,#6142);
#6141 = CARTESIAN_POINT('',(121.963203,-41.3,0.));
#6142 = VECTOR('',#6143,1.);
#6143 = DIRECTION('',(0.,0.,1.));
#6144 = ORIENTED_EDGE('',*,*,#6145,.F.);
#6145 = EDGE_CURVE('',#6107,#6138,#6146,.T.);
#6146 = LINE('',#6147,#6148);
#6147 = CARTESIAN_POINT('',(117.720563,-41.3,0.));
#6148 = VECTOR('',#6149,1.);
#6149 = DIRECTION('',(1.,0.,0.));
#6150 = PLANE('',#6151);
#6151 = AXIS2_PLACEMENT_3D('',#6152,#6153,#6154);
#6152 = CARTESIAN_POINT('',(117.720563,-41.3,0.));
#6153 = DIRECTION('',(0.,1.,0.));
#6154 = DIRECTION('',(1.,0.,0.));
#6155 = ADVANCED_FACE('',(#6156),#6181,.T.);
#6156 = FACE_BOUND('',#6157,.T.);
#6157 = EDGE_LOOP('',(#6158,#6159,#6167,#6175));
#6158 = ORIENTED_EDGE('',*,*,#6137,.T.);
#6159 = ORIENTED_EDGE('',*,*,#6160,.T.);
#6160 = EDGE_CURVE('',#6130,#6161,#6163,.T.);
#6161 = VERTEX_POINT('',#6162);
#6162 = CARTESIAN_POINT('',(101.75,-21.086797,1.5162));
#6163 = LINE('',#6164,#6165);
#6164 = CARTESIAN_POINT('',(121.963203,-41.3,1.5162));
#6165 = VECTOR('',#6166,1.);
#6166 = DIRECTION('',(-0.707106781187,0.707106781187,0.));
#6167 = ORIENTED_EDGE('',*,*,#6168,.F.);
#6168 = EDGE_CURVE('',#6169,#6161,#6171,.T.);
#6169 = VERTEX_POINT('',#6170);
#6170 = CARTESIAN_POINT('',(101.75,-21.086797,0.));
#6171 = LINE('',#6172,#6173);
#6172 = CARTESIAN_POINT('',(101.75,-21.086797,0.));
#6173 = VECTOR('',#6174,1.);
#6174 = DIRECTION('',(0.,0.,1.));
#6175 = ORIENTED_EDGE('',*,*,#6176,.F.);
#6176 = EDGE_CURVE('',#6138,#6169,#6177,.T.);
#6177 = LINE('',#6178,#6179);
#6178 = CARTESIAN_POINT('',(121.963203,-41.3,0.));
#6179 = VECTOR('',#6180,1.);
#6180 = DIRECTION('',(-0.707106781187,0.707106781187,0.));
#6181 = PLANE('',#6182);
#6182 = AXIS2_PLACEMENT_3D('',#6183,#6184,#6185);
#6183 = CARTESIAN_POINT('',(121.963203,-41.3,0.));
#6184 = DIRECTION('',(-0.707106781187,-0.707106781187,0.));
#6185 = DIRECTION('',(-0.707106781187,0.707106781187,0.));
#6186 = ADVANCED_FACE('',(#6187),#6203,.T.);
#6187 = FACE_BOUND('',#6188,.T.);
#6188 = EDGE_LOOP('',(#6189,#6190,#6196,#6197));
#6189 = ORIENTED_EDGE('',*,*,#6168,.T.);
#6190 = ORIENTED_EDGE('',*,*,#6191,.T.);
#6191 = EDGE_CURVE('',#6161,#6091,#6192,.T.);
#6192 = LINE('',#6193,#6194);
#6193 = CARTESIAN_POINT('',(101.75,-21.086797,1.5162));
#6194 = VECTOR('',#6195,1.);
#6195 = DIRECTION('',(0.,-1.,0.));
#6196 = ORIENTED_EDGE('',*,*,#6088,.F.);
#6197 = ORIENTED_EDGE('',*,*,#6198,.F.);
#6198 = EDGE_CURVE('',#6169,#6089,#6199,.T.);
#6199 = LINE('',#6200,#6201);
#6200 = CARTESIAN_POINT('',(101.75,-21.086797,0.));
#6201 = VECTOR('',#6202,1.);
#6202 = DIRECTION('',(0.,-1.,0.));
#6203 = PLANE('',#6204);
#6204 = AXIS2_PLACEMENT_3D('',#6205,#6206,#6207);
#6205 = CARTESIAN_POINT('',(101.75,-21.086797,0.));
#6206 = DIRECTION('',(1.,0.,-0.));
#6207 = DIRECTION('',(0.,-1.,0.));
#6208 = ADVANCED_FACE('',(#6209),#6243,.T.);
#6209 = FACE_BOUND('',#6210,.T.);
#6210 = EDGE_LOOP('',(#6211,#6221,#6229,#6237));
#6211 = ORIENTED_EDGE('',*,*,#6212,.T.);
#6212 = EDGE_CURVE('',#6213,#6215,#6217,.T.);
#6213 = VERTEX_POINT('',#6214);
#6214 = CARTESIAN_POINT('',(101.75,-18.258369,0.));
#6215 = VERTEX_POINT('',#6216);
#6216 = CARTESIAN_POINT('',(101.75,-18.258369,1.5162));
#6217 = LINE('',#6218,#6219);
#6218 = CARTESIAN_POINT('',(101.75,-18.258369,0.));
#6219 = VECTOR('',#6220,1.);
#6220 = DIRECTION('',(0.,0.,1.));
#6221 = ORIENTED_EDGE('',*,*,#6222,.T.);
#6222 = EDGE_CURVE('',#6215,#6223,#6225,.T.);
#6223 = VERTEX_POINT('',#6224);
#6224 = CARTESIAN_POINT('',(124.791631,-41.3,1.5162));
#6225 = LINE('',#6226,#6227);
#6226 = CARTESIAN_POINT('',(101.75,-18.258369,1.5162));
#6227 = VECTOR('',#6228,1.);
#6228 = DIRECTION('',(0.707106781187,-0.707106781187,0.));
#6229 = ORIENTED_EDGE('',*,*,#6230,.F.);
#6230 = EDGE_CURVE('',#6231,#6223,#6233,.T.);
#6231 = VERTEX_POINT('',#6232);
#6232 = CARTESIAN_POINT('',(124.791631,-41.3,0.));
#6233 = LINE('',#6234,#6235);
#6234 = CARTESIAN_POINT('',(124.791631,-41.3,0.));
#6235 = VECTOR('',#6236,1.);
#6236 = DIRECTION('',(0.,0.,1.));
#6237 = ORIENTED_EDGE('',*,*,#6238,.F.);
#6238 = EDGE_CURVE('',#6213,#6231,#6239,.T.);
#6239 = LINE('',#6240,#6241);
#6240 = CARTESIAN_POINT('',(101.75,-18.258369,0.));
#6241 = VECTOR('',#6242,1.);
#6242 = DIRECTION('',(0.707106781187,-0.707106781187,0.));
#6243 = PLANE('',#6244);
#6244 = AXIS2_PLACEMENT_3D('',#6245,#6246,#6247);
#6245 = CARTESIAN_POINT('',(101.75,-18.258369,0.));
#6246 = DIRECTION('',(0.707106781187,0.707106781187,-0.));
#6247 = DIRECTION('',(0.707106781187,-0.707106781187,0.));
#6248 = ADVANCED_FACE('',(#6249),#6274,.T.);
#6249 = FACE_BOUND('',#6250,.T.);
#6250 = EDGE_LOOP('',(#6251,#6252,#6260,#6268));
#6251 = ORIENTED_EDGE('',*,*,#6230,.T.);
#6252 = ORIENTED_EDGE('',*,*,#6253,.T.);
#6253 = EDGE_CURVE('',#6223,#6254,#6256,.T.);
#6254 = VERTEX_POINT('',#6255);
#6255 = CARTESIAN_POINT('',(129.034271,-41.3,1.5162));
#6256 = LINE('',#6257,#6258);
#6257 = CARTESIAN_POINT('',(124.791631,-41.3,1.5162));
#6258 = VECTOR('',#6259,1.);
#6259 = DIRECTION('',(1.,0.,0.));
#6260 = ORIENTED_EDGE('',*,*,#6261,.F.);
#6261 = EDGE_CURVE('',#6262,#6254,#6264,.T.);
#6262 = VERTEX_POINT('',#6263);
#6263 = CARTESIAN_POINT('',(129.034271,-41.3,0.));
#6264 = LINE('',#6265,#6266);
#6265 = CARTESIAN_POINT('',(129.034271,-41.3,0.));
#6266 = VECTOR('',#6267,1.);
#6267 = DIRECTION('',(0.,0.,1.));
#6268 = ORIENTED_EDGE('',*,*,#6269,.F.);
#6269 = EDGE_CURVE('',#6231,#6262,#6270,.T.);
#6270 = LINE('',#6271,#6272);
#6271 = CARTESIAN_POINT('',(124.791631,-41.3,0.));
#6272 = VECTOR('',#6273,1.);
#6273 = DIRECTION('',(1.,0.,0.));
#6274 = PLANE('',#6275);
#6275 = AXIS2_PLACEMENT_3D('',#6276,#6277,#6278);
#6276 = CARTESIAN_POINT('',(124.791631,-41.3,0.));
#6277 = DIRECTION('',(0.,1.,0.));
#6278 = DIRECTION('',(1.,0.,0.));
#6279 = ADVANCED_FACE('',(#6280),#6305,.T.);
#6280 = FACE_BOUND('',#6281,.T.);
#6281 = EDGE_LOOP('',(#6282,#6283,#6291,#6299));
#6282 = ORIENTED_EDGE('',*,*,#6261,.T.);
#6283 = ORIENTED_EDGE('',*,*,#6284,.T.);
#6284 = EDGE_CURVE('',#6254,#6285,#6287,.T.);
#6285 = VERTEX_POINT('',#6286);
#6286 = CARTESIAN_POINT('',(104.034271,-16.3,1.5162));
#6287 = LINE('',#6288,#6289);
#6288 = CARTESIAN_POINT('',(129.034271,-41.3,1.5162));
#6289 = VECTOR('',#6290,1.);
#6290 = DIRECTION('',(-0.707106781187,0.707106781187,0.));
#6291 = ORIENTED_EDGE('',*,*,#6292,.F.);
#6292 = EDGE_CURVE('',#6293,#6285,#6295,.T.);
#6293 = VERTEX_POINT('',#6294);
#6294 = CARTESIAN_POINT('',(104.034271,-16.3,0.));
#6295 = LINE('',#6296,#6297);
#6296 = CARTESIAN_POINT('',(104.034271,-16.3,0.));
#6297 = VECTOR('',#6298,1.);
#6298 = DIRECTION('',(0.,0.,1.));
#6299 = ORIENTED_EDGE('',*,*,#6300,.F.);
#6300 = EDGE_CURVE('',#6262,#6293,#6301,.T.);
#6301 = LINE('',#6302,#6303);
#6302 = CARTESIAN_POINT('',(129.034271,-41.3,0.));
#6303 = VECTOR('',#6304,1.);
#6304 = DIRECTION('',(-0.707106781187,0.707106781187,0.));
#6305 = PLANE('',#6306);
#6306 = AXIS2_PLACEMENT_3D('',#6307,#6308,#6309);
#6307 = CARTESIAN_POINT('',(129.034271,-41.3,0.));
#6308 = DIRECTION('',(-0.707106781187,-0.707106781187,0.));
#6309 = DIRECTION('',(-0.707106781187,0.707106781187,0.));
#6310 = ADVANCED_FACE('',(#6311),#6336,.T.);
#6311 = FACE_BOUND('',#6312,.T.);
#6312 = EDGE_LOOP('',(#6313,#6314,#6322,#6330));
#6313 = ORIENTED_EDGE('',*,*,#6292,.T.);
#6314 = ORIENTED_EDGE('',*,*,#6315,.T.);
#6315 = EDGE_CURVE('',#6285,#6316,#6318,.T.);
#6316 = VERTEX_POINT('',#6317);
#6317 = CARTESIAN_POINT('',(101.75,-16.3,1.5162));
#6318 = LINE('',#6319,#6320);
#6319 = CARTESIAN_POINT('',(104.034271,-16.3,1.5162));
#6320 = VECTOR('',#6321,1.);
#6321 = DIRECTION('',(-1.,0.,0.));
#6322 = ORIENTED_EDGE('',*,*,#6323,.F.);
#6323 = EDGE_CURVE('',#6324,#6316,#6326,.T.);
#6324 = VERTEX_POINT('',#6325);
#6325 = CARTESIAN_POINT('',(101.75,-16.3,0.));
#6326 = LINE('',#6327,#6328);
#6327 = CARTESIAN_POINT('',(101.75,-16.3,0.));
#6328 = VECTOR('',#6329,1.);
#6329 = DIRECTION('',(0.,0.,1.));
#6330 = ORIENTED_EDGE('',*,*,#6331,.F.);
#6331 = EDGE_CURVE('',#6293,#6324,#6332,.T.);
#6332 = LINE('',#6333,#6334);
#6333 = CARTESIAN_POINT('',(104.034271,-16.3,0.));
#6334 = VECTOR('',#6335,1.);
#6335 = DIRECTION('',(-1.,0.,0.));
#6336 = PLANE('',#6337);
#6337 = AXIS2_PLACEMENT_3D('',#6338,#6339,#6340);
#6338 = CARTESIAN_POINT('',(104.034271,-16.3,0.));
#6339 = DIRECTION('',(0.,-1.,0.));
#6340 = DIRECTION('',(-1.,0.,0.));
#6341 = ADVANCED_FACE('',(#6342),#6358,.T.);
#6342 = FACE_BOUND('',#6343,.T.);
#6343 = EDGE_LOOP('',(#6344,#6345,#6351,#6352));
#6344 = ORIENTED_EDGE('',*,*,#6323,.T.);
#6345 = ORIENTED_EDGE('',*,*,#6346,.T.);
#6346 = EDGE_CURVE('',#6316,#6215,#6347,.T.);
#6347 = LINE('',#6348,#6349);
#6348 = CARTESIAN_POINT('',(101.75,-16.3,1.5162));
#6349 = VECTOR('',#6350,1.);
#6350 = DIRECTION('',(0.,-1.,0.));
#6351 = ORIENTED_EDGE('',*,*,#6212,.F.);
#6352 = ORIENTED_EDGE('',*,*,#6353,.F.);
#6353 = EDGE_CURVE('',#6324,#6213,#6354,.T.);
#6354 = LINE('',#6355,#6356);
#6355 = CARTESIAN_POINT('',(101.75,-16.3,0.));
#6356 = VECTOR('',#6357,1.);
#6357 = DIRECTION('',(0.,-1.,0.));
#6358 = PLANE('',#6359);
#6359 = AXIS2_PLACEMENT_3D('',#6360,#6361,#6362);
#6360 = CARTESIAN_POINT('',(101.75,-16.3,0.));
#6361 = DIRECTION('',(1.,0.,-0.));
#6362 = DIRECTION('',(0.,-1.,0.));
#6363 = ADVANCED_FACE('',(#6364),#6398,.T.);
#6364 = FACE_BOUND('',#6365,.T.);
#6365 = EDGE_LOOP('',(#6366,#6376,#6384,#6392));
#6366 = ORIENTED_EDGE('',*,*,#6367,.T.);
#6367 = EDGE_CURVE('',#6368,#6370,#6372,.T.);
#6368 = VERTEX_POINT('',#6369);
#6369 = CARTESIAN_POINT('',(131.862698,-41.3,0.));
#6370 = VERTEX_POINT('',#6371);
#6371 = CARTESIAN_POINT('',(131.862698,-41.3,1.5162));
#6372 = LINE('',#6373,#6374);
#6373 = CARTESIAN_POINT('',(131.862698,-41.3,0.));
#6374 = VECTOR('',#6375,1.);
#6375 = DIRECTION('',(0.,0.,1.));
#6376 = ORIENTED_EDGE('',*,*,#6377,.T.);
#6377 = EDGE_CURVE('',#6370,#6378,#6380,.T.);
#6378 = VERTEX_POINT('',#6379);
#6379 = CARTESIAN_POINT('',(136.105339,-41.3,1.5162));
#6380 = LINE('',#6381,#6382);
#6381 = CARTESIAN_POINT('',(131.862698,-41.3,1.5162));
#6382 = VECTOR('',#6383,1.);
#6383 = DIRECTION('',(1.,0.,0.));
#6384 = ORIENTED_EDGE('',*,*,#6385,.F.);
#6385 = EDGE_CURVE('',#6386,#6378,#6388,.T.);
#6386 = VERTEX_POINT('',#6387);
#6387 = CARTESIAN_POINT('',(136.105339,-41.3,0.));
#6388 = LINE('',#6389,#6390);
#6389 = CARTESIAN_POINT('',(136.105339,-41.3,0.));
#6390 = VECTOR('',#6391,1.);
#6391 = DIRECTION('',(0.,0.,1.));
#6392 = ORIENTED_EDGE('',*,*,#6393,.F.);
#6393 = EDGE_CURVE('',#6368,#6386,#6394,.T.);
#6394 = LINE('',#6395,#6396);
#6395 = CARTESIAN_POINT('',(131.862698,-41.3,0.));
#6396 = VECTOR('',#6397,1.);
#6397 = DIRECTION('',(1.,0.,0.));
#6398 = PLANE('',#6399);
#6399 = AXIS2_PLACEMENT_3D('',#6400,#6401,#6402);
#6400 = CARTESIAN_POINT('',(131.862698,-41.3,0.));
#6401 = DIRECTION('',(0.,1.,0.));
#6402 = DIRECTION('',(1.,0.,0.));
#6403 = ADVANCED_FACE('',(#6404),#6429,.T.);
#6404 = FACE_BOUND('',#6405,.T.);
#6405 = EDGE_LOOP('',(#6406,#6407,#6415,#6423));
#6406 = ORIENTED_EDGE('',*,*,#6385,.T.);
#6407 = ORIENTED_EDGE('',*,*,#6408,.T.);
#6408 = EDGE_CURVE('',#6378,#6409,#6411,.T.);
#6409 = VERTEX_POINT('',#6410);
#6410 = CARTESIAN_POINT('',(111.105339,-16.3,1.5162));
#6411 = LINE('',#6412,#6413);
#6412 = CARTESIAN_POINT('',(136.105339,-41.3,1.5162));
#6413 = VECTOR('',#6414,1.);
#6414 = DIRECTION('',(-0.707106781187,0.707106781187,0.));
#6415 = ORIENTED_EDGE('',*,*,#6416,.F.);
#6416 = EDGE_CURVE('',#6417,#6409,#6419,.T.);
#6417 = VERTEX_POINT('',#6418);
#6418 = CARTESIAN_POINT('',(111.105339,-16.3,0.));
#6419 = LINE('',#6420,#6421);
#6420 = CARTESIAN_POINT('',(111.105339,-16.3,0.));
#6421 = VECTOR('',#6422,1.);
#6422 = DIRECTION('',(0.,0.,1.));
#6423 = ORIENTED_EDGE('',*,*,#6424,.F.);
#6424 = EDGE_CURVE('',#6386,#6417,#6425,.T.);
#6425 = LINE('',#6426,#6427);
#6426 = CARTESIAN_POINT('',(136.105339,-41.3,0.));
#6427 = VECTOR('',#6428,1.);
#6428 = DIRECTION('',(-0.707106781187,0.707106781187,0.));
#6429 = PLANE('',#6430);
#6430 = AXIS2_PLACEMENT_3D('',#6431,#6432,#6433);
#6431 = CARTESIAN_POINT('',(136.105339,-41.3,0.));
#6432 = DIRECTION('',(-0.707106781187,-0.707106781187,0.));
#6433 = DIRECTION('',(-0.707106781187,0.707106781187,0.));
#6434 = ADVANCED_FACE('',(#6435),#6460,.T.);
#6435 = FACE_BOUND('',#6436,.T.);
#6436 = EDGE_LOOP('',(#6437,#6438,#6446,#6454));
#6437 = ORIENTED_EDGE('',*,*,#6416,.T.);
#6438 = ORIENTED_EDGE('',*,*,#6439,.T.);
#6439 = EDGE_CURVE('',#6409,#6440,#6442,.T.);
#6440 = VERTEX_POINT('',#6441);
#6441 = CARTESIAN_POINT('',(106.862698,-16.3,1.5162));
#6442 = LINE('',#6443,#6444);
#6443 = CARTESIAN_POINT('',(111.105339,-16.3,1.5162));
#6444 = VECTOR('',#6445,1.);
#6445 = DIRECTION('',(-1.,0.,0.));
#6446 = ORIENTED_EDGE('',*,*,#6447,.F.);
#6447 = EDGE_CURVE('',#6448,#6440,#6450,.T.);
#6448 = VERTEX_POINT('',#6449);
#6449 = CARTESIAN_POINT('',(106.862698,-16.3,0.));
#6450 = LINE('',#6451,#6452);
#6451 = CARTESIAN_POINT('',(106.862698,-16.3,0.));
#6452 = VECTOR('',#6453,1.);
#6453 = DIRECTION('',(0.,0.,1.));
#6454 = ORIENTED_EDGE('',*,*,#6455,.F.);
#6455 = EDGE_CURVE('',#6417,#6448,#6456,.T.);
#6456 = LINE('',#6457,#6458);
#6457 = CARTESIAN_POINT('',(111.105339,-16.3,0.));
#6458 = VECTOR('',#6459,1.);
#6459 = DIRECTION('',(-1.,0.,0.));
#6460 = PLANE('',#6461);
#6461 = AXIS2_PLACEMENT_3D('',#6462,#6463,#6464);
#6462 = CARTESIAN_POINT('',(111.105339,-16.3,0.));
#6463 = DIRECTION('',(0.,-1.,0.));
#6464 = DIRECTION('',(-1.,0.,0.));
#6465 = ADVANCED_FACE('',(#6466),#6482,.T.);
#6466 = FACE_BOUND('',#6467,.T.);
#6467 = EDGE_LOOP('',(#6468,#6469,#6475,#6476));
#6468 = ORIENTED_EDGE('',*,*,#6447,.T.);
#6469 = ORIENTED_EDGE('',*,*,#6470,.T.);
#6470 = EDGE_CURVE('',#6440,#6370,#6471,.T.);
#6471 = LINE('',#6472,#6473);
#6472 = CARTESIAN_POINT('',(106.862698,-16.3,1.5162));
#6473 = VECTOR('',#6474,1.);
#6474 = DIRECTION('',(0.707106781187,-0.707106781187,0.));
#6475 = ORIENTED_EDGE('',*,*,#6367,.F.);
#6476 = ORIENTED_EDGE('',*,*,#6477,.F.);
#6477 = EDGE_CURVE('',#6448,#6368,#6478,.T.);
#6478 = LINE('',#6479,#6480);
#6479 = CARTESIAN_POINT('',(106.862698,-16.3,0.));
#6480 = VECTOR('',#6481,1.);
#6481 = DIRECTION('',(0.707106781187,-0.707106781187,0.));
#6482 = PLANE('',#6483);
#6483 = AXIS2_PLACEMENT_3D('',#6484,#6485,#6486);
#6484 = CARTESIAN_POINT('',(106.862698,-16.3,0.));
#6485 = DIRECTION('',(0.707106781187,0.707106781187,-0.));
#6486 = DIRECTION('',(0.707106781187,-0.707106781187,0.));
#6487 = ADVANCED_FACE('',(#6488),#6522,.T.);
#6488 = FACE_BOUND('',#6489,.T.);
#6489 = EDGE_LOOP('',(#6490,#6500,#6508,#6516));
#6490 = ORIENTED_EDGE('',*,*,#6491,.T.);
#6491 = EDGE_CURVE('',#6492,#6494,#6496,.T.);
#6492 = VERTEX_POINT('',#6493);
#6493 = CARTESIAN_POINT('',(138.933766,-41.3,0.));
#6494 = VERTEX_POINT('',#6495);
#6495 = CARTESIAN_POINT('',(138.933766,-41.3,1.5162));
#6496 = LINE('',#6497,#6498);
#6497 = CARTESIAN_POINT('',(138.933766,-41.3,0.));
#6498 = VECTOR('',#6499,1.);
#6499 = DIRECTION('',(0.,0.,1.));
#6500 = ORIENTED_EDGE('',*,*,#6501,.T.);
#6501 = EDGE_CURVE('',#6494,#6502,#6504,.T.);
#6502 = VERTEX_POINT('',#6503);
#6503 = CARTESIAN_POINT('',(143.176407,-41.3,1.5162));
#6504 = LINE('',#6505,#6506);
#6505 = CARTESIAN_POINT('',(138.933766,-41.3,1.5162));
#6506 = VECTOR('',#6507,1.);
#6507 = DIRECTION('',(1.,0.,0.));
#6508 = ORIENTED_EDGE('',*,*,#6509,.F.);
#6509 = EDGE_CURVE('',#6510,#6502,#6512,.T.);
#6510 = VERTEX_POINT('',#6511);
#6511 = CARTESIAN_POINT('',(143.176407,-41.3,0.));
#6512 = LINE('',#6513,#6514);
#6513 = CARTESIAN_POINT('',(143.176407,-41.3,0.));
#6514 = VECTOR('',#6515,1.);
#6515 = DIRECTION('',(0.,0.,1.));
#6516 = ORIENTED_EDGE('',*,*,#6517,.F.);
#6517 = EDGE_CURVE('',#6492,#6510,#6518,.T.);
#6518 = LINE('',#6519,#6520);
#6519 = CARTESIAN_POINT('',(138.933766,-41.3,0.));
#6520 = VECTOR('',#6521,1.);
#6521 = DIRECTION('',(1.,0.,0.));
#6522 = PLANE('',#6523);
#6523 = AXIS2_PLACEMENT_3D('',#6524,#6525,#6526);
#6524 = CARTESIAN_POINT('',(138.933766,-41.3,0.));
#6525 = DIRECTION('',(0.,1.,0.));
#6526 = DIRECTION('',(1.,0.,0.));
#6527 = ADVANCED_FACE('',(#6528),#6553,.T.);
#6528 = FACE_BOUND('',#6529,.T.);
#6529 = EDGE_LOOP('',(#6530,#6531,#6539,#6547));
#6530 = ORIENTED_EDGE('',*,*,#6509,.T.);
#6531 = ORIENTED_EDGE('',*,*,#6532,.T.);
#6532 = EDGE_CURVE('',#6502,#6533,#6535,.T.);
#6533 = VERTEX_POINT('',#6534);
#6534 = CARTESIAN_POINT('',(118.176407,-16.3,1.5162));
#6535 = LINE('',#6536,#6537);
#6536 = CARTESIAN_POINT('',(143.176407,-41.3,1.5162));
#6537 = VECTOR('',#6538,1.);
#6538 = DIRECTION('',(-0.707106781187,0.707106781187,0.));
#6539 = ORIENTED_EDGE('',*,*,#6540,.F.);
#6540 = EDGE_CURVE('',#6541,#6533,#6543,.T.);
#6541 = VERTEX_POINT('',#6542);
#6542 = CARTESIAN_POINT('',(118.176407,-16.3,0.));
#6543 = LINE('',#6544,#6545);
#6544 = CARTESIAN_POINT('',(118.176407,-16.3,0.));
#6545 = VECTOR('',#6546,1.);
#6546 = DIRECTION('',(0.,0.,1.));
#6547 = ORIENTED_EDGE('',*,*,#6548,.F.);
#6548 = EDGE_CURVE('',#6510,#6541,#6549,.T.);
#6549 = LINE('',#6550,#6551);
#6550 = CARTESIAN_POINT('',(143.176407,-41.3,0.));
#6551 = VECTOR('',#6552,1.);
#6552 = DIRECTION('',(-0.707106781187,0.707106781187,0.));
#6553 = PLANE('',#6554);
#6554 = AXIS2_PLACEMENT_3D('',#6555,#6556,#6557);
#6555 = CARTESIAN_POINT('',(143.176407,-41.3,0.));
#6556 = DIRECTION('',(-0.707106781187,-0.707106781187,0.));
#6557 = DIRECTION('',(-0.707106781187,0.707106781187,0.));
#6558 = ADVANCED_FACE('',(#6559),#6584,.T.);
#6559 = FACE_BOUND('',#6560,.T.);
#6560 = EDGE_LOOP('',(#6561,#6562,#6570,#6578));
#6561 = ORIENTED_EDGE('',*,*,#6540,.T.);
#6562 = ORIENTED_EDGE('',*,*,#6563,.T.);
#6563 = EDGE_CURVE('',#6533,#6564,#6566,.T.);
#6564 = VERTEX_POINT('',#6565);
#6565 = CARTESIAN_POINT('',(113.933766,-16.3,1.5162));
#6566 = LINE('',#6567,#6568);
#6567 = CARTESIAN_POINT('',(118.176407,-16.3,1.5162));
#6568 = VECTOR('',#6569,1.);
#6569 = DIRECTION('',(-1.,0.,0.));
#6570 = ORIENTED_EDGE('',*,*,#6571,.F.);
#6571 = EDGE_CURVE('',#6572,#6564,#6574,.T.);
#6572 = VERTEX_POINT('',#6573);
#6573 = CARTESIAN_POINT('',(113.933766,-16.3,0.));
#6574 = LINE('',#6575,#6576);
#6575 = CARTESIAN_POINT('',(113.933766,-16.3,0.));
#6576 = VECTOR('',#6577,1.);
#6577 = DIRECTION('',(0.,0.,1.));
#6578 = ORIENTED_EDGE('',*,*,#6579,.F.);
#6579 = EDGE_CURVE('',#6541,#6572,#6580,.T.);
#6580 = LINE('',#6581,#6582);
#6581 = CARTESIAN_POINT('',(118.176407,-16.3,0.));
#6582 = VECTOR('',#6583,1.);
#6583 = DIRECTION('',(-1.,0.,0.));
#6584 = PLANE('',#6585);
#6585 = AXIS2_PLACEMENT_3D('',#6586,#6587,#6588);
#6586 = CARTESIAN_POINT('',(118.176407,-16.3,0.));
#6587 = DIRECTION('',(0.,-1.,0.));
#6588 = DIRECTION('',(-1.,0.,0.));
#6589 = ADVANCED_FACE('',(#6590),#6606,.T.);
#6590 = FACE_BOUND('',#6591,.T.);
#6591 = EDGE_LOOP('',(#6592,#6593,#6599,#6600));
#6592 = ORIENTED_EDGE('',*,*,#6571,.T.);
#6593 = ORIENTED_EDGE('',*,*,#6594,.T.);
#6594 = EDGE_CURVE('',#6564,#6494,#6595,.T.);
#6595 = LINE('',#6596,#6597);
#6596 = CARTESIAN_POINT('',(113.933766,-16.3,1.5162));
#6597 = VECTOR('',#6598,1.);
#6598 = DIRECTION('',(0.707106781187,-0.707106781187,0.));
#6599 = ORIENTED_EDGE('',*,*,#6491,.F.);
#6600 = ORIENTED_EDGE('',*,*,#6601,.F.);
#6601 = EDGE_CURVE('',#6572,#6492,#6602,.T.);
#6602 = LINE('',#6603,#6604);
#6603 = CARTESIAN_POINT('',(113.933766,-16.3,0.));
#6604 = VECTOR('',#6605,1.);
#6605 = DIRECTION('',(0.707106781187,-0.707106781187,0.));
#6606 = PLANE('',#6607);
#6607 = AXIS2_PLACEMENT_3D('',#6608,#6609,#6610);
#6608 = CARTESIAN_POINT('',(113.933766,-16.3,0.));
#6609 = DIRECTION('',(0.707106781187,0.707106781187,-0.));
#6610 = DIRECTION('',(0.707106781187,-0.707106781187,0.));
#6611 = ADVANCED_FACE('',(#6612),#6648,.T.);
#6612 = FACE_BOUND('',#6613,.T.);
#6613 = EDGE_LOOP('',(#6614,#6624,#6633,#6641));
#6614 = ORIENTED_EDGE('',*,*,#6615,.T.);
#6615 = EDGE_CURVE('',#6616,#6618,#6620,.T.);
#6616 = VERTEX_POINT('',#6617);
#6617 = CARTESIAN_POINT('',(131.848361,-22.900886,0.));
#6618 = VERTEX_POINT('',#6619);
#6619 = CARTESIAN_POINT('',(131.848361,-22.900886,1.5162));
#6620 = LINE('',#6621,#6622);
#6621 = CARTESIAN_POINT('',(131.848361,-22.900886,0.));
#6622 = VECTOR('',#6623,1.);
#6623 = DIRECTION('',(0.,0.,1.));
#6624 = ORIENTED_EDGE('',*,*,#6625,.T.);
#6625 = EDGE_CURVE('',#6618,#6626,#6628,.T.);
#6626 = VERTEX_POINT('',#6627);
#6627 = CARTESIAN_POINT('',(128.524818,-23.819984,1.5162));
#6628 = CIRCLE('',#6629,3.500058773668);
#6629 = AXIS2_PLACEMENT_3D('',#6630,#6631,#6632);
#6630 = CARTESIAN_POINT('',(129.37473233769,-20.42468474401,1.5162));
#6631 = DIRECTION('',(0.,0.,-1.));
#6632 = DIRECTION('',(0.706739178472,-0.707474192896,0.));
#6633 = ORIENTED_EDGE('',*,*,#6634,.F.);
#6634 = EDGE_CURVE('',#6635,#6626,#6637,.T.);
#6635 = VERTEX_POINT('',#6636);
#6636 = CARTESIAN_POINT('',(128.524818,-23.819984,0.));
#6637 = LINE('',#6638,#6639);
#6638 = CARTESIAN_POINT('',(128.524818,-23.819984,0.));
#6639 = VECTOR('',#6640,1.);
#6640 = DIRECTION('',(0.,0.,1.));
#6641 = ORIENTED_EDGE('',*,*,#6642,.F.);
#6642 = EDGE_CURVE('',#6616,#6635,#6643,.T.);
#6643 = CIRCLE('',#6644,3.500058773668);
#6644 = AXIS2_PLACEMENT_3D('',#6645,#6646,#6647);
#6645 = CARTESIAN_POINT('',(129.37473233769,-20.42468474401,0.));
#6646 = DIRECTION('',(0.,0.,-1.));
#6647 = DIRECTION('',(0.706739178472,-0.707474192896,0.));
#6648 = CYLINDRICAL_SURFACE('',#6649,3.500058773668);
#6649 = AXIS2_PLACEMENT_3D('',#6650,#6651,#6652);
#6650 = CARTESIAN_POINT('',(129.37473233769,-20.42468474401,0.));
#6651 = DIRECTION('',(0.,0.,-1.));
#6652 = DIRECTION('',(0.706739178472,-0.707474192896,0.));
#6653 = ADVANCED_FACE('',(#6654),#6679,.T.);
#6654 = FACE_BOUND('',#6655,.T.);
#6655 = EDGE_LOOP('',(#6656,#6657,#6665,#6673));
#6656 = ORIENTED_EDGE('',*,*,#6634,.T.);
#6657 = ORIENTED_EDGE('',*,*,#6658,.T.);
#6658 = EDGE_CURVE('',#6626,#6659,#6661,.T.);
#6659 = VERTEX_POINT('',#6660);
#6660 = CARTESIAN_POINT('',(146.004834,-41.3,1.5162));
#6661 = LINE('',#6662,#6663);
#6662 = CARTESIAN_POINT('',(128.524818,-23.819984,1.5162));
#6663 = VECTOR('',#6664,1.);
#6664 = DIRECTION('',(0.707106781187,-0.707106781187,0.));
#6665 = ORIENTED_EDGE('',*,*,#6666,.F.);
#6666 = EDGE_CURVE('',#6667,#6659,#6669,.T.);
#6667 = VERTEX_POINT('',#6668);
#6668 = CARTESIAN_POINT('',(146.004834,-41.3,0.));
#6669 = LINE('',#6670,#6671);
#6670 = CARTESIAN_POINT('',(146.004834,-41.3,0.));
#6671 = VECTOR('',#6672,1.);
#6672 = DIRECTION('',(0.,0.,1.));
#6673 = ORIENTED_EDGE('',*,*,#6674,.F.);
#6674 = EDGE_CURVE('',#6635,#6667,#6675,.T.);
#6675 = LINE('',#6676,#6677);
#6676 = CARTESIAN_POINT('',(128.524818,-23.819984,0.));
#6677 = VECTOR('',#6678,1.);
#6678 = DIRECTION('',(0.707106781187,-0.707106781187,0.));
#6679 = PLANE('',#6680);
#6680 = AXIS2_PLACEMENT_3D('',#6681,#6682,#6683);
#6681 = CARTESIAN_POINT('',(128.524818,-23.819984,0.));
#6682 = DIRECTION('',(0.707106781187,0.707106781187,-0.));
#6683 = DIRECTION('',(0.707106781187,-0.707106781187,0.));
#6684 = ADVANCED_FACE('',(#6685),#6710,.T.);
#6685 = FACE_BOUND('',#6686,.T.);
#6686 = EDGE_LOOP('',(#6687,#6688,#6696,#6704));
#6687 = ORIENTED_EDGE('',*,*,#6666,.T.);
#6688 = ORIENTED_EDGE('',*,*,#6689,.T.);
#6689 = EDGE_CURVE('',#6659,#6690,#6692,.T.);
#6690 = VERTEX_POINT('',#6691);
#6691 = CARTESIAN_POINT('',(150.247475,-41.3,1.5162));
#6692 = LINE('',#6693,#6694);
#6693 = CARTESIAN_POINT('',(146.004834,-41.3,1.5162));
#6694 = VECTOR('',#6695,1.);
#6695 = DIRECTION('',(1.,0.,0.));
#6696 = ORIENTED_EDGE('',*,*,#6697,.F.);
#6697 = EDGE_CURVE('',#6698,#6690,#6700,.T.);
#6698 = VERTEX_POINT('',#6699);
#6699 = CARTESIAN_POINT('',(150.247475,-41.3,0.));
#6700 = LINE('',#6701,#6702);
#6701 = CARTESIAN_POINT('',(150.247475,-41.3,0.));
#6702 = VECTOR('',#6703,1.);
#6703 = DIRECTION('',(0.,0.,1.));
#6704 = ORIENTED_EDGE('',*,*,#6705,.F.);
#6705 = EDGE_CURVE('',#6667,#6698,#6706,.T.);
#6706 = LINE('',#6707,#6708);
#6707 = CARTESIAN_POINT('',(146.004834,-41.3,0.));
#6708 = VECTOR('',#6709,1.);
#6709 = DIRECTION('',(1.,0.,0.));
#6710 = PLANE('',#6711);
#6711 = AXIS2_PLACEMENT_3D('',#6712,#6713,#6714);
#6712 = CARTESIAN_POINT('',(146.004834,-41.3,0.));
#6713 = DIRECTION('',(0.,1.,0.));
#6714 = DIRECTION('',(1.,0.,0.));
#6715 = ADVANCED_FACE('',(#6716),#6732,.T.);
#6716 = FACE_BOUND('',#6717,.T.);
#6717 = EDGE_LOOP('',(#6718,#6719,#6725,#6726));
#6718 = ORIENTED_EDGE('',*,*,#6697,.T.);
#6719 = ORIENTED_EDGE('',*,*,#6720,.T.);
#6720 = EDGE_CURVE('',#6690,#6618,#6721,.T.);
#6721 = LINE('',#6722,#6723);
#6722 = CARTESIAN_POINT('',(150.247475,-41.3,1.5162));
#6723 = VECTOR('',#6724,1.);
#6724 = DIRECTION('',(-0.707106781187,0.707106781187,0.));
#6725 = ORIENTED_EDGE('',*,*,#6615,.F.);
#6726 = ORIENTED_EDGE('',*,*,#6727,.F.);
#6727 = EDGE_CURVE('',#6698,#6616,#6728,.T.);
#6728 = LINE('',#6729,#6730);
#6729 = CARTESIAN_POINT('',(150.247475,-41.3,0.));
#6730 = VECTOR('',#6731,1.);
#6731 = DIRECTION('',(-0.707106781187,0.707106781187,0.));
#6732 = PLANE('',#6733);
#6733 = AXIS2_PLACEMENT_3D('',#6734,#6735,#6736);
#6734 = CARTESIAN_POINT('',(150.247475,-41.3,0.));
#6735 = DIRECTION('',(-0.707106781187,-0.707106781187,0.));
#6736 = DIRECTION('',(-0.707106781187,0.707106781187,0.));
#6737 = ADVANCED_FACE('',(#6738),#6772,.T.);
#6738 = FACE_BOUND('',#6739,.T.);
#6739 = EDGE_LOOP('',(#6740,#6750,#6758,#6766));
#6740 = ORIENTED_EDGE('',*,*,#6741,.T.);
#6741 = EDGE_CURVE('',#6742,#6744,#6746,.T.);
#6742 = VERTEX_POINT('',#6743);
#6743 = CARTESIAN_POINT('',(48.5,-36.981458,0.));
#6744 = VERTEX_POINT('',#6745);
#6745 = CARTESIAN_POINT('',(48.5,-36.981458,1.5162));
#6746 = LINE('',#6747,#6748);
#6747 = CARTESIAN_POINT('',(48.5,-36.981458,0.));
#6748 = VECTOR('',#6749,1.);
#6749 = DIRECTION('',(0.,0.,1.));
#6750 = ORIENTED_EDGE('',*,*,#6751,.T.);
#6751 = EDGE_CURVE('',#6744,#6752,#6754,.T.);
#6752 = VERTEX_POINT('',#6753);
#6753 = CARTESIAN_POINT('',(48.5,-41.224098,1.5162));
#6754 = LINE('',#6755,#6756);
#6755 = CARTESIAN_POINT('',(48.5,-36.981458,1.5162));
#6756 = VECTOR('',#6757,1.);
#6757 = DIRECTION('',(0.,-1.,0.));
#6758 = ORIENTED_EDGE('',*,*,#6759,.F.);
#6759 = EDGE_CURVE('',#6760,#6752,#6762,.T.);
#6760 = VERTEX_POINT('',#6761);
#6761 = CARTESIAN_POINT('',(48.5,-41.224098,0.));
#6762 = LINE('',#6763,#6764);
#6763 = CARTESIAN_POINT('',(48.5,-41.224098,0.));
#6764 = VECTOR('',#6765,1.);
#6765 = DIRECTION('',(0.,0.,1.));
#6766 = ORIENTED_EDGE('',*,*,#6767,.F.);
#6767 = EDGE_CURVE('',#6742,#6760,#6768,.T.);
#6768 = LINE('',#6769,#6770);
#6769 = CARTESIAN_POINT('',(48.5,-36.981458,0.));
#6770 = VECTOR('',#6771,1.);
#6771 = DIRECTION('',(0.,-1.,0.));
#6772 = PLANE('',#6773);
#6773 = AXIS2_PLACEMENT_3D('',#6774,#6775,#6776);
#6774 = CARTESIAN_POINT('',(48.5,-36.981458,0.));
#6775 = DIRECTION('',(1.,0.,-0.));
#6776 = DIRECTION('',(0.,-1.,0.));
#6777 = ADVANCED_FACE('',(#6778),#6803,.T.);
#6778 = FACE_BOUND('',#6779,.T.);
#6779 = EDGE_LOOP('',(#6780,#6781,#6789,#6797));
#6780 = ORIENTED_EDGE('',*,*,#6759,.T.);
#6781 = ORIENTED_EDGE('',*,*,#6782,.T.);
#6782 = EDGE_CURVE('',#6752,#6783,#6785,.T.);
#6783 = VERTEX_POINT('',#6784);
#6784 = CARTESIAN_POINT('',(73.424098,-16.3,1.5162));
#6785 = LINE('',#6786,#6787);
#6786 = CARTESIAN_POINT('',(48.5,-41.224098,1.5162));
#6787 = VECTOR('',#6788,1.);
#6788 = DIRECTION('',(0.707106781187,0.707106781187,0.));
#6789 = ORIENTED_EDGE('',*,*,#6790,.F.);
#6790 = EDGE_CURVE('',#6791,#6783,#6793,.T.);
#6791 = VERTEX_POINT('',#6792);
#6792 = CARTESIAN_POINT('',(73.424098,-16.3,0.));
#6793 = LINE('',#6794,#6795);
#6794 = CARTESIAN_POINT('',(73.424098,-16.3,0.));
#6795 = VECTOR('',#6796,1.);
#6796 = DIRECTION('',(0.,0.,1.));
#6797 = ORIENTED_EDGE('',*,*,#6798,.F.);
#6798 = EDGE_CURVE('',#6760,#6791,#6799,.T.);
#6799 = LINE('',#6800,#6801);
#6800 = CARTESIAN_POINT('',(48.5,-41.224098,0.));
#6801 = VECTOR('',#6802,1.);
#6802 = DIRECTION('',(0.707106781187,0.707106781187,0.));
#6803 = PLANE('',#6804);
#6804 = AXIS2_PLACEMENT_3D('',#6805,#6806,#6807);
#6805 = CARTESIAN_POINT('',(48.5,-41.224098,0.));
#6806 = DIRECTION('',(-0.707106781187,0.707106781187,0.));
#6807 = DIRECTION('',(0.707106781187,0.707106781187,0.));
#6808 = ADVANCED_FACE('',(#6809),#6834,.T.);
#6809 = FACE_BOUND('',#6810,.T.);
#6810 = EDGE_LOOP('',(#6811,#6812,#6820,#6828));
#6811 = ORIENTED_EDGE('',*,*,#6790,.T.);
#6812 = ORIENTED_EDGE('',*,*,#6813,.T.);
#6813 = EDGE_CURVE('',#6783,#6814,#6816,.T.);
#6814 = VERTEX_POINT('',#6815);
#6815 = CARTESIAN_POINT('',(69.181458,-16.3,1.5162));
#6816 = LINE('',#6817,#6818);
#6817 = CARTESIAN_POINT('',(73.424098,-16.3,1.5162));
#6818 = VECTOR('',#6819,1.);
#6819 = DIRECTION('',(-1.,0.,0.));
#6820 = ORIENTED_EDGE('',*,*,#6821,.F.);
#6821 = EDGE_CURVE('',#6822,#6814,#6824,.T.);
#6822 = VERTEX_POINT('',#6823);
#6823 = CARTESIAN_POINT('',(69.181458,-16.3,0.));
#6824 = LINE('',#6825,#6826);
#6825 = CARTESIAN_POINT('',(69.181458,-16.3,0.));
#6826 = VECTOR('',#6827,1.);
#6827 = DIRECTION('',(0.,0.,1.));
#6828 = ORIENTED_EDGE('',*,*,#6829,.F.);
#6829 = EDGE_CURVE('',#6791,#6822,#6830,.T.);
#6830 = LINE('',#6831,#6832);
#6831 = CARTESIAN_POINT('',(73.424098,-16.3,0.));
#6832 = VECTOR('',#6833,1.);
#6833 = DIRECTION('',(-1.,0.,0.));
#6834 = PLANE('',#6835);
#6835 = AXIS2_PLACEMENT_3D('',#6836,#6837,#6838);
#6836 = CARTESIAN_POINT('',(73.424098,-16.3,0.));
#6837 = DIRECTION('',(0.,-1.,0.));
#6838 = DIRECTION('',(-1.,0.,0.));
#6839 = ADVANCED_FACE('',(#6840),#6856,.T.);
#6840 = FACE_BOUND('',#6841,.T.);
#6841 = EDGE_LOOP('',(#6842,#6843,#6849,#6850));
#6842 = ORIENTED_EDGE('',*,*,#6821,.T.);
#6843 = ORIENTED_EDGE('',*,*,#6844,.T.);
#6844 = EDGE_CURVE('',#6814,#6744,#6845,.T.);
#6845 = LINE('',#6846,#6847);
#6846 = CARTESIAN_POINT('',(69.181458,-16.3,1.5162));
#6847 = VECTOR('',#6848,1.);
#6848 = DIRECTION('',(-0.707106781187,-0.707106781187,0.));
#6849 = ORIENTED_EDGE('',*,*,#6741,.F.);
#6850 = ORIENTED_EDGE('',*,*,#6851,.F.);
#6851 = EDGE_CURVE('',#6822,#6742,#6852,.T.);
#6852 = LINE('',#6853,#6854);
#6853 = CARTESIAN_POINT('',(69.181458,-16.3,0.));
#6854 = VECTOR('',#6855,1.);
#6855 = DIRECTION('',(-0.707106781187,-0.707106781187,0.));
#6856 = PLANE('',#6857);
#6857 = AXIS2_PLACEMENT_3D('',#6858,#6859,#6860);
#6858 = CARTESIAN_POINT('',(69.181458,-16.3,0.));
#6859 = DIRECTION('',(0.707106781187,-0.707106781187,0.));
#6860 = DIRECTION('',(-0.707106781187,-0.707106781187,0.));
#6861 = ADVANCED_FACE('',(#6862),#6898,.T.);
#6862 = FACE_BOUND('',#6863,.T.);
#6863 = EDGE_LOOP('',(#6864,#6874,#6883,#6891));
#6864 = ORIENTED_EDGE('',*,*,#6865,.T.);
#6865 = EDGE_CURVE('',#6866,#6868,#6870,.T.);
#6866 = VERTEX_POINT('',#6867);
#6867 = CARTESIAN_POINT('',(128.755813,-16.979911,0.));
#6868 = VERTEX_POINT('',#6869);
#6869 = CARTESIAN_POINT('',(128.755813,-16.979911,1.5162));
#6870 = LINE('',#6871,#6872);
#6871 = CARTESIAN_POINT('',(128.755813,-16.979911,0.));
#6872 = VECTOR('',#6873,1.);
#6873 = DIRECTION('',(0.,0.,1.));
#6874 = ORIENTED_EDGE('',*,*,#6875,.T.);
#6875 = EDGE_CURVE('',#6868,#6876,#6878,.T.);
#6876 = VERTEX_POINT('',#6877);
#6877 = CARTESIAN_POINT('',(132.819589,-21.043687,1.5162));
#6878 = CIRCLE('',#6879,3.499999082218);
#6879 = AXIS2_PLACEMENT_3D('',#6880,#6881,#6882);
#6880 = CARTESIAN_POINT('',(129.37475091481,-20.42474908518,1.5162));
#6881 = DIRECTION('',(0.,0.,-1.));
#6882 = DIRECTION('',(-0.176839450605,0.984239711,0.));
#6883 = ORIENTED_EDGE('',*,*,#6884,.F.);
#6884 = EDGE_CURVE('',#6885,#6876,#6887,.T.);
#6885 = VERTEX_POINT('',#6886);
#6886 = CARTESIAN_POINT('',(132.819589,-21.043687,0.));
#6887 = LINE('',#6888,#6889);
#6888 = CARTESIAN_POINT('',(132.819589,-21.043687,0.));
#6889 = VECTOR('',#6890,1.);
#6890 = DIRECTION('',(0.,0.,1.));
#6891 = ORIENTED_EDGE('',*,*,#6892,.F.);
#6892 = EDGE_CURVE('',#6866,#6885,#6893,.T.);
#6893 = CIRCLE('',#6894,3.499999082218);
#6894 = AXIS2_PLACEMENT_3D('',#6895,#6896,#6897);
#6895 = CARTESIAN_POINT('',(129.37475091481,-20.42474908518,0.));
#6896 = DIRECTION('',(0.,0.,-1.));
#6897 = DIRECTION('',(-0.176839450605,0.984239711,0.));
#6898 = CYLINDRICAL_SURFACE('',#6899,3.499999082218);
#6899 = AXIS2_PLACEMENT_3D('',#6900,#6901,#6902);
#6900 = CARTESIAN_POINT('',(129.37475091481,-20.42474908518,0.));
#6901 = DIRECTION('',(0.,0.,-1.));
#6902 = DIRECTION('',(-0.176839450605,0.984239711,0.));
#6903 = ADVANCED_FACE('',(#6904),#6929,.T.);
#6904 = FACE_BOUND('',#6905,.T.);
#6905 = EDGE_LOOP('',(#6906,#6907,#6915,#6923));
#6906 = ORIENTED_EDGE('',*,*,#6884,.T.);
#6907 = ORIENTED_EDGE('',*,*,#6908,.T.);
#6908 = EDGE_CURVE('',#6876,#6909,#6911,.T.);
#6909 = VERTEX_POINT('',#6910);
#6910 = CARTESIAN_POINT('',(153.,-41.224098,1.5162));
#6911 = LINE('',#6912,#6913);
#6912 = CARTESIAN_POINT('',(132.819589,-21.043687,1.5162));
#6913 = VECTOR('',#6914,1.);
#6914 = DIRECTION('',(0.707106781187,-0.707106781187,0.));
#6915 = ORIENTED_EDGE('',*,*,#6916,.F.);
#6916 = EDGE_CURVE('',#6917,#6909,#6919,.T.);
#6917 = VERTEX_POINT('',#6918);
#6918 = CARTESIAN_POINT('',(153.,-41.224098,0.));
#6919 = LINE('',#6920,#6921);
#6920 = CARTESIAN_POINT('',(153.,-41.224098,0.));
#6921 = VECTOR('',#6922,1.);
#6922 = DIRECTION('',(0.,0.,1.));
#6923 = ORIENTED_EDGE('',*,*,#6924,.F.);
#6924 = EDGE_CURVE('',#6885,#6917,#6925,.T.);
#6925 = LINE('',#6926,#6927);
#6926 = CARTESIAN_POINT('',(132.819589,-21.043687,0.));
#6927 = VECTOR('',#6928,1.);
#6928 = DIRECTION('',(0.707106781187,-0.707106781187,0.));
#6929 = PLANE('',#6930);
#6930 = AXIS2_PLACEMENT_3D('',#6931,#6932,#6933);
#6931 = CARTESIAN_POINT('',(132.819589,-21.043687,0.));
#6932 = DIRECTION('',(0.707106781187,0.707106781187,-0.));
#6933 = DIRECTION('',(0.707106781187,-0.707106781187,0.));
#6934 = ADVANCED_FACE('',(#6935),#6960,.T.);
#6935 = FACE_BOUND('',#6936,.T.);
#6936 = EDGE_LOOP('',(#6937,#6938,#6946,#6954));
#6937 = ORIENTED_EDGE('',*,*,#6916,.T.);
#6938 = ORIENTED_EDGE('',*,*,#6939,.T.);
#6939 = EDGE_CURVE('',#6909,#6940,#6942,.T.);
#6940 = VERTEX_POINT('',#6941);
#6941 = CARTESIAN_POINT('',(153.,-36.981458,1.5162));
#6942 = LINE('',#6943,#6944);
#6943 = CARTESIAN_POINT('',(153.,-41.224098,1.5162));
#6944 = VECTOR('',#6945,1.);
#6945 = DIRECTION('',(0.,1.,0.));
#6946 = ORIENTED_EDGE('',*,*,#6947,.F.);
#6947 = EDGE_CURVE('',#6948,#6940,#6950,.T.);
#6948 = VERTEX_POINT('',#6949);
#6949 = CARTESIAN_POINT('',(153.,-36.981458,0.));
#6950 = LINE('',#6951,#6952);
#6951 = CARTESIAN_POINT('',(153.,-36.981458,0.));
#6952 = VECTOR('',#6953,1.);
#6953 = DIRECTION('',(0.,0.,1.));
#6954 = ORIENTED_EDGE('',*,*,#6955,.F.);
#6955 = EDGE_CURVE('',#6917,#6948,#6956,.T.);
#6956 = LINE('',#6957,#6958);
#6957 = CARTESIAN_POINT('',(153.,-41.224098,0.));
#6958 = VECTOR('',#6959,1.);
#6959 = DIRECTION('',(0.,1.,0.));
#6960 = PLANE('',#6961);
#6961 = AXIS2_PLACEMENT_3D('',#6962,#6963,#6964);
#6962 = CARTESIAN_POINT('',(153.,-41.224098,0.));
#6963 = DIRECTION('',(-1.,0.,0.));
#6964 = DIRECTION('',(0.,1.,0.));
#6965 = ADVANCED_FACE('',(#6966),#6991,.T.);
#6966 = FACE_BOUND('',#6967,.T.);
#6967 = EDGE_LOOP('',(#6968,#6969,#6977,#6985));
#6968 = ORIENTED_EDGE('',*,*,#6947,.T.);
#6969 = ORIENTED_EDGE('',*,*,#6970,.T.);
#6970 = EDGE_CURVE('',#6940,#6971,#6973,.T.);
#6971 = VERTEX_POINT('',#6972);
#6972 = CARTESIAN_POINT('',(132.318542,-16.3,1.5162));
#6973 = LINE('',#6974,#6975);
#6974 = CARTESIAN_POINT('',(153.,-36.981458,1.5162));
#6975 = VECTOR('',#6976,1.);
#6976 = DIRECTION('',(-0.707106781187,0.707106781187,0.));
#6977 = ORIENTED_EDGE('',*,*,#6978,.F.);
#6978 = EDGE_CURVE('',#6979,#6971,#6981,.T.);
#6979 = VERTEX_POINT('',#6980);
#6980 = CARTESIAN_POINT('',(132.318542,-16.3,0.));
#6981 = LINE('',#6982,#6983);
#6982 = CARTESIAN_POINT('',(132.318542,-16.3,0.));
#6983 = VECTOR('',#6984,1.);
#6984 = DIRECTION('',(0.,0.,1.));
#6985 = ORIENTED_EDGE('',*,*,#6986,.F.);
#6986 = EDGE_CURVE('',#6948,#6979,#6987,.T.);
#6987 = LINE('',#6988,#6989);
#6988 = CARTESIAN_POINT('',(153.,-36.981458,0.));
#6989 = VECTOR('',#6990,1.);
#6990 = DIRECTION('',(-0.707106781187,0.707106781187,0.));
#6991 = PLANE('',#6992);
#6992 = AXIS2_PLACEMENT_3D('',#6993,#6994,#6995);
#6993 = CARTESIAN_POINT('',(153.,-36.981458,0.));
#6994 = DIRECTION('',(-0.707106781187,-0.707106781187,0.));
#6995 = DIRECTION('',(-0.707106781187,0.707106781187,0.));
#6996 = ADVANCED_FACE('',(#6997),#7022,.T.);
#6997 = FACE_BOUND('',#6998,.T.);
#6998 = EDGE_LOOP('',(#6999,#7000,#7008,#7016));
#6999 = ORIENTED_EDGE('',*,*,#6978,.T.);
#7000 = ORIENTED_EDGE('',*,*,#7001,.T.);
#7001 = EDGE_CURVE('',#6971,#7002,#7004,.T.);
#7002 = VERTEX_POINT('',#7003);
#7003 = CARTESIAN_POINT('',(128.075902,-16.3,1.5162));
#7004 = LINE('',#7005,#7006);
#7005 = CARTESIAN_POINT('',(132.318542,-16.3,1.5162));
#7006 = VECTOR('',#7007,1.);
#7007 = DIRECTION('',(-1.,0.,0.));
#7008 = ORIENTED_EDGE('',*,*,#7009,.F.);
#7009 = EDGE_CURVE('',#7010,#7002,#7012,.T.);
#7010 = VERTEX_POINT('',#7011);
#7011 = CARTESIAN_POINT('',(128.075902,-16.3,0.));
#7012 = LINE('',#7013,#7014);
#7013 = CARTESIAN_POINT('',(128.075902,-16.3,0.));
#7014 = VECTOR('',#7015,1.);
#7015 = DIRECTION('',(0.,0.,1.));
#7016 = ORIENTED_EDGE('',*,*,#7017,.F.);
#7017 = EDGE_CURVE('',#6979,#7010,#7018,.T.);
#7018 = LINE('',#7019,#7020);
#7019 = CARTESIAN_POINT('',(132.318542,-16.3,0.));
#7020 = VECTOR('',#7021,1.);
#7021 = DIRECTION('',(-1.,0.,0.));
#7022 = PLANE('',#7023);
#7023 = AXIS2_PLACEMENT_3D('',#7024,#7025,#7026);
#7024 = CARTESIAN_POINT('',(132.318542,-16.3,0.));
#7025 = DIRECTION('',(0.,-1.,0.));
#7026 = DIRECTION('',(-1.,0.,0.));
#7027 = ADVANCED_FACE('',(#7028),#7044,.T.);
#7028 = FACE_BOUND('',#7029,.T.);
#7029 = EDGE_LOOP('',(#7030,#7031,#7037,#7038));
#7030 = ORIENTED_EDGE('',*,*,#7009,.T.);
#7031 = ORIENTED_EDGE('',*,*,#7032,.T.);
#7032 = EDGE_CURVE('',#7002,#6868,#7033,.T.);
#7033 = LINE('',#7034,#7035);
#7034 = CARTESIAN_POINT('',(128.075902,-16.3,1.5162));
#7035 = VECTOR('',#7036,1.);
#7036 = DIRECTION('',(0.707106781187,-0.707106781187,0.));
#7037 = ORIENTED_EDGE('',*,*,#6865,.F.);
#7038 = ORIENTED_EDGE('',*,*,#7039,.F.);
#7039 = EDGE_CURVE('',#7010,#6866,#7040,.T.);
#7040 = LINE('',#7041,#7042);
#7041 = CARTESIAN_POINT('',(128.075902,-16.3,0.));
#7042 = VECTOR('',#7043,1.);
#7043 = DIRECTION('',(0.707106781187,-0.707106781187,0.));
#7044 = PLANE('',#7045);
#7045 = AXIS2_PLACEMENT_3D('',#7046,#7047,#7048);
#7046 = CARTESIAN_POINT('',(128.075902,-16.3,0.));
#7047 = DIRECTION('',(0.707106781187,0.707106781187,-0.));
#7048 = DIRECTION('',(0.707106781187,-0.707106781187,0.));
#7049 = ADVANCED_FACE('',(#7050),#7084,.T.);
#7050 = FACE_BOUND('',#7051,.T.);
#7051 = EDGE_LOOP('',(#7052,#7062,#7070,#7078));
#7052 = ORIENTED_EDGE('',*,*,#7053,.T.);
#7053 = EDGE_CURVE('',#7054,#7056,#7058,.T.);
#7054 = VERTEX_POINT('',#7055);
#7055 = CARTESIAN_POINT('',(48.5,-29.91039,0.));
#7056 = VERTEX_POINT('',#7057);
#7057 = CARTESIAN_POINT('',(48.5,-29.91039,1.5162));
#7058 = LINE('',#7059,#7060);
#7059 = CARTESIAN_POINT('',(48.5,-29.91039,0.));
#7060 = VECTOR('',#7061,1.);
#7061 = DIRECTION('',(0.,0.,1.));
#7062 = ORIENTED_EDGE('',*,*,#7063,.T.);
#7063 = EDGE_CURVE('',#7056,#7064,#7066,.T.);
#7064 = VERTEX_POINT('',#7065);
#7065 = CARTESIAN_POINT('',(48.5,-34.15303,1.5162));
#7066 = LINE('',#7067,#7068);
#7067 = CARTESIAN_POINT('',(48.5,-29.91039,1.5162));
#7068 = VECTOR('',#7069,1.);
#7069 = DIRECTION('',(0.,-1.,0.));
#7070 = ORIENTED_EDGE('',*,*,#7071,.F.);
#7071 = EDGE_CURVE('',#7072,#7064,#7074,.T.);
#7072 = VERTEX_POINT('',#7073);
#7073 = CARTESIAN_POINT('',(48.5,-34.15303,0.));
#7074 = LINE('',#7075,#7076);
#7075 = CARTESIAN_POINT('',(48.5,-34.15303,0.));
#7076 = VECTOR('',#7077,1.);
#7077 = DIRECTION('',(0.,0.,1.));
#7078 = ORIENTED_EDGE('',*,*,#7079,.F.);
#7079 = EDGE_CURVE('',#7054,#7072,#7080,.T.);
#7080 = LINE('',#7081,#7082);
#7081 = CARTESIAN_POINT('',(48.5,-29.91039,0.));
#7082 = VECTOR('',#7083,1.);
#7083 = DIRECTION('',(0.,-1.,0.));
#7084 = PLANE('',#7085);
#7085 = AXIS2_PLACEMENT_3D('',#7086,#7087,#7088);
#7086 = CARTESIAN_POINT('',(48.5,-29.91039,0.));
#7087 = DIRECTION('',(1.,0.,-0.));
#7088 = DIRECTION('',(0.,-1.,0.));
#7089 = ADVANCED_FACE('',(#7090),#7115,.T.);
#7090 = FACE_BOUND('',#7091,.T.);
#7091 = EDGE_LOOP('',(#7092,#7093,#7101,#7109));
#7092 = ORIENTED_EDGE('',*,*,#7071,.T.);
#7093 = ORIENTED_EDGE('',*,*,#7094,.T.);
#7094 = EDGE_CURVE('',#7064,#7095,#7097,.T.);
#7095 = VERTEX_POINT('',#7096);
#7096 = CARTESIAN_POINT('',(66.35303,-16.3,1.5162));
#7097 = LINE('',#7098,#7099);
#7098 = CARTESIAN_POINT('',(48.5,-34.15303,1.5162));
#7099 = VECTOR('',#7100,1.);
#7100 = DIRECTION('',(0.707106781187,0.707106781187,0.));
#7101 = ORIENTED_EDGE('',*,*,#7102,.F.);
#7102 = EDGE_CURVE('',#7103,#7095,#7105,.T.);
#7103 = VERTEX_POINT('',#7104);
#7104 = CARTESIAN_POINT('',(66.35303,-16.3,0.));
#7105 = LINE('',#7106,#7107);
#7106 = CARTESIAN_POINT('',(66.35303,-16.3,0.));
#7107 = VECTOR('',#7108,1.);
#7108 = DIRECTION('',(0.,0.,1.));
#7109 = ORIENTED_EDGE('',*,*,#7110,.F.);
#7110 = EDGE_CURVE('',#7072,#7103,#7111,.T.);
#7111 = LINE('',#7112,#7113);
#7112 = CARTESIAN_POINT('',(48.5,-34.15303,0.));
#7113 = VECTOR('',#7114,1.);
#7114 = DIRECTION('',(0.707106781187,0.707106781187,0.));
#7115 = PLANE('',#7116);
#7116 = AXIS2_PLACEMENT_3D('',#7117,#7118,#7119);
#7117 = CARTESIAN_POINT('',(48.5,-34.15303,0.));
#7118 = DIRECTION('',(-0.707106781187,0.707106781187,0.));
#7119 = DIRECTION('',(0.707106781187,0.707106781187,0.));
#7120 = ADVANCED_FACE('',(#7121),#7146,.T.);
#7121 = FACE_BOUND('',#7122,.T.);
#7122 = EDGE_LOOP('',(#7123,#7124,#7132,#7140));
#7123 = ORIENTED_EDGE('',*,*,#7102,.T.);
#7124 = ORIENTED_EDGE('',*,*,#7125,.T.);
#7125 = EDGE_CURVE('',#7095,#7126,#7128,.T.);
#7126 = VERTEX_POINT('',#7127);
#7127 = CARTESIAN_POINT('',(62.11039,-16.3,1.5162));
#7128 = LINE('',#7129,#7130);
#7129 = CARTESIAN_POINT('',(66.35303,-16.3,1.5162));
#7130 = VECTOR('',#7131,1.);
#7131 = DIRECTION('',(-1.,0.,0.));
#7132 = ORIENTED_EDGE('',*,*,#7133,.F.);
#7133 = EDGE_CURVE('',#7134,#7126,#7136,.T.);
#7134 = VERTEX_POINT('',#7135);
#7135 = CARTESIAN_POINT('',(62.11039,-16.3,0.));
#7136 = LINE('',#7137,#7138);
#7137 = CARTESIAN_POINT('',(62.11039,-16.3,0.));
#7138 = VECTOR('',#7139,1.);
#7139 = DIRECTION('',(0.,0.,1.));
#7140 = ORIENTED_EDGE('',*,*,#7141,.F.);
#7141 = EDGE_CURVE('',#7103,#7134,#7142,.T.);
#7142 = LINE('',#7143,#7144);
#7143 = CARTESIAN_POINT('',(66.35303,-16.3,0.));
#7144 = VECTOR('',#7145,1.);
#7145 = DIRECTION('',(-1.,0.,0.));
#7146 = PLANE('',#7147);
#7147 = AXIS2_PLACEMENT_3D('',#7148,#7149,#7150);
#7148 = CARTESIAN_POINT('',(66.35303,-16.3,0.));
#7149 = DIRECTION('',(0.,-1.,0.));
#7150 = DIRECTION('',(-1.,0.,0.));
#7151 = ADVANCED_FACE('',(#7152),#7168,.T.);
#7152 = FACE_BOUND('',#7153,.T.);
#7153 = EDGE_LOOP('',(#7154,#7155,#7161,#7162));
#7154 = ORIENTED_EDGE('',*,*,#7133,.T.);
#7155 = ORIENTED_EDGE('',*,*,#7156,.T.);
#7156 = EDGE_CURVE('',#7126,#7056,#7157,.T.);
#7157 = LINE('',#7158,#7159);
#7158 = CARTESIAN_POINT('',(62.11039,-16.3,1.5162));
#7159 = VECTOR('',#7160,1.);
#7160 = DIRECTION('',(-0.707106781187,-0.707106781187,0.));
#7161 = ORIENTED_EDGE('',*,*,#7053,.F.);
#7162 = ORIENTED_EDGE('',*,*,#7163,.F.);
#7163 = EDGE_CURVE('',#7134,#7054,#7164,.T.);
#7164 = LINE('',#7165,#7166);
#7165 = CARTESIAN_POINT('',(62.11039,-16.3,0.));
#7166 = VECTOR('',#7167,1.);
#7167 = DIRECTION('',(-0.707106781187,-0.707106781187,0.));
#7168 = PLANE('',#7169);
#7169 = AXIS2_PLACEMENT_3D('',#7170,#7171,#7172);
#7170 = CARTESIAN_POINT('',(62.11039,-16.3,0.));
#7171 = DIRECTION('',(0.707106781187,-0.707106781187,0.));
#7172 = DIRECTION('',(-0.707106781187,-0.707106781187,0.));
#7173 = ADVANCED_FACE('',(#7174),#7208,.T.);
#7174 = FACE_BOUND('',#7175,.T.);
#7175 = EDGE_LOOP('',(#7176,#7186,#7194,#7202));
#7176 = ORIENTED_EDGE('',*,*,#7177,.T.);
#7177 = EDGE_CURVE('',#7178,#7180,#7182,.T.);
#7178 = VERTEX_POINT('',#7179);
#7179 = CARTESIAN_POINT('',(153.,-34.15303,0.));
#7180 = VERTEX_POINT('',#7181);
#7181 = CARTESIAN_POINT('',(153.,-34.15303,1.5162));
#7182 = LINE('',#7183,#7184);
#7183 = CARTESIAN_POINT('',(153.,-34.15303,0.));
#7184 = VECTOR('',#7185,1.);
#7185 = DIRECTION('',(0.,0.,1.));
#7186 = ORIENTED_EDGE('',*,*,#7187,.T.);
#7187 = EDGE_CURVE('',#7180,#7188,#7190,.T.);
#7188 = VERTEX_POINT('',#7189);
#7189 = CARTESIAN_POINT('',(153.,-29.91039,1.5162));
#7190 = LINE('',#7191,#7192);
#7191 = CARTESIAN_POINT('',(153.,-34.15303,1.5162));
#7192 = VECTOR('',#7193,1.);
#7193 = DIRECTION('',(0.,1.,0.));
#7194 = ORIENTED_EDGE('',*,*,#7195,.F.);
#7195 = EDGE_CURVE('',#7196,#7188,#7198,.T.);
#7196 = VERTEX_POINT('',#7197);
#7197 = CARTESIAN_POINT('',(153.,-29.91039,0.));
#7198 = LINE('',#7199,#7200);
#7199 = CARTESIAN_POINT('',(153.,-29.91039,0.));
#7200 = VECTOR('',#7201,1.);
#7201 = DIRECTION('',(0.,0.,1.));
#7202 = ORIENTED_EDGE('',*,*,#7203,.F.);
#7203 = EDGE_CURVE('',#7178,#7196,#7204,.T.);
#7204 = LINE('',#7205,#7206);
#7205 = CARTESIAN_POINT('',(153.,-34.15303,0.));
#7206 = VECTOR('',#7207,1.);
#7207 = DIRECTION('',(0.,1.,0.));
#7208 = PLANE('',#7209);
#7209 = AXIS2_PLACEMENT_3D('',#7210,#7211,#7212);
#7210 = CARTESIAN_POINT('',(153.,-34.15303,0.));
#7211 = DIRECTION('',(-1.,0.,0.));
#7212 = DIRECTION('',(0.,1.,0.));
#7213 = ADVANCED_FACE('',(#7214),#7239,.T.);
#7214 = FACE_BOUND('',#7215,.T.);
#7215 = EDGE_LOOP('',(#7216,#7217,#7225,#7233));
#7216 = ORIENTED_EDGE('',*,*,#7195,.T.);
#7217 = ORIENTED_EDGE('',*,*,#7218,.T.);
#7218 = EDGE_CURVE('',#7188,#7219,#7221,.T.);
#7219 = VERTEX_POINT('',#7220);
#7220 = CARTESIAN_POINT('',(139.38961,-16.3,1.5162));
#7221 = LINE('',#7222,#7223);
#7222 = CARTESIAN_POINT('',(153.,-29.91039,1.5162));
#7223 = VECTOR('',#7224,1.);
#7224 = DIRECTION('',(-0.707106781187,0.707106781187,0.));
#7225 = ORIENTED_EDGE('',*,*,#7226,.F.);
#7226 = EDGE_CURVE('',#7227,#7219,#7229,.T.);
#7227 = VERTEX_POINT('',#7228);
#7228 = CARTESIAN_POINT('',(139.38961,-16.3,0.));
#7229 = LINE('',#7230,#7231);
#7230 = CARTESIAN_POINT('',(139.38961,-16.3,0.));
#7231 = VECTOR('',#7232,1.);
#7232 = DIRECTION('',(0.,0.,1.));
#7233 = ORIENTED_EDGE('',*,*,#7234,.F.);
#7234 = EDGE_CURVE('',#7196,#7227,#7235,.T.);
#7235 = LINE('',#7236,#7237);
#7236 = CARTESIAN_POINT('',(153.,-29.91039,0.));
#7237 = VECTOR('',#7238,1.);
#7238 = DIRECTION('',(-0.707106781187,0.707106781187,0.));
#7239 = PLANE('',#7240);
#7240 = AXIS2_PLACEMENT_3D('',#7241,#7242,#7243);
#7241 = CARTESIAN_POINT('',(153.,-29.91039,0.));
#7242 = DIRECTION('',(-0.707106781187,-0.707106781187,0.));
#7243 = DIRECTION('',(-0.707106781187,0.707106781187,0.));
#7244 = ADVANCED_FACE('',(#7245),#7270,.T.);
#7245 = FACE_BOUND('',#7246,.T.);
#7246 = EDGE_LOOP('',(#7247,#7248,#7256,#7264));
#7247 = ORIENTED_EDGE('',*,*,#7226,.T.);
#7248 = ORIENTED_EDGE('',*,*,#7249,.T.);
#7249 = EDGE_CURVE('',#7219,#7250,#7252,.T.);
#7250 = VERTEX_POINT('',#7251);
#7251 = CARTESIAN_POINT('',(135.14697,-16.3,1.5162));
#7252 = LINE('',#7253,#7254);
#7253 = CARTESIAN_POINT('',(139.38961,-16.3,1.5162));
#7254 = VECTOR('',#7255,1.);
#7255 = DIRECTION('',(-1.,0.,0.));
#7256 = ORIENTED_EDGE('',*,*,#7257,.F.);
#7257 = EDGE_CURVE('',#7258,#7250,#7260,.T.);
#7258 = VERTEX_POINT('',#7259);
#7259 = CARTESIAN_POINT('',(135.14697,-16.3,0.));
#7260 = LINE('',#7261,#7262);
#7261 = CARTESIAN_POINT('',(135.14697,-16.3,0.));
#7262 = VECTOR('',#7263,1.);
#7263 = DIRECTION('',(0.,0.,1.));
#7264 = ORIENTED_EDGE('',*,*,#7265,.F.);
#7265 = EDGE_CURVE('',#7227,#7258,#7266,.T.);
#7266 = LINE('',#7267,#7268);
#7267 = CARTESIAN_POINT('',(139.38961,-16.3,0.));
#7268 = VECTOR('',#7269,1.);
#7269 = DIRECTION('',(-1.,0.,0.));
#7270 = PLANE('',#7271);
#7271 = AXIS2_PLACEMENT_3D('',#7272,#7273,#7274);
#7272 = CARTESIAN_POINT('',(139.38961,-16.3,0.));
#7273 = DIRECTION('',(0.,-1.,0.));
#7274 = DIRECTION('',(-1.,0.,0.));
#7275 = ADVANCED_FACE('',(#7276),#7292,.T.);
#7276 = FACE_BOUND('',#7277,.T.);
#7277 = EDGE_LOOP('',(#7278,#7279,#7285,#7286));
#7278 = ORIENTED_EDGE('',*,*,#7257,.T.);
#7279 = ORIENTED_EDGE('',*,*,#7280,.T.);
#7280 = EDGE_CURVE('',#7250,#7180,#7281,.T.);
#7281 = LINE('',#7282,#7283);
#7282 = CARTESIAN_POINT('',(135.14697,-16.3,1.5162));
#7283 = VECTOR('',#7284,1.);
#7284 = DIRECTION('',(0.707106781187,-0.707106781187,0.));
#7285 = ORIENTED_EDGE('',*,*,#7177,.F.);
#7286 = ORIENTED_EDGE('',*,*,#7287,.F.);
#7287 = EDGE_CURVE('',#7258,#7178,#7288,.T.);
#7288 = LINE('',#7289,#7290);
#7289 = CARTESIAN_POINT('',(135.14697,-16.3,0.));
#7290 = VECTOR('',#7291,1.);
#7291 = DIRECTION('',(0.707106781187,-0.707106781187,0.));
#7292 = PLANE('',#7293);
#7293 = AXIS2_PLACEMENT_3D('',#7294,#7295,#7296);
#7294 = CARTESIAN_POINT('',(135.14697,-16.3,0.));
#7295 = DIRECTION('',(0.707106781187,0.707106781187,-0.));
#7296 = DIRECTION('',(0.707106781187,-0.707106781187,0.));
#7297 = ADVANCED_FACE('',(#7298),#7332,.T.);
#7298 = FACE_BOUND('',#7299,.T.);
#7299 = EDGE_LOOP('',(#7300,#7310,#7318,#7326));
#7300 = ORIENTED_EDGE('',*,*,#7301,.T.);
#7301 = EDGE_CURVE('',#7302,#7304,#7306,.T.);
#7302 = VERTEX_POINT('',#7303);
#7303 = CARTESIAN_POINT('',(48.5,-22.839322,0.));
#7304 = VERTEX_POINT('',#7305);
#7305 = CARTESIAN_POINT('',(48.5,-22.839322,1.5162));
#7306 = LINE('',#7307,#7308);
#7307 = CARTESIAN_POINT('',(48.5,-22.839322,0.));
#7308 = VECTOR('',#7309,1.);
#7309 = DIRECTION('',(0.,0.,1.));
#7310 = ORIENTED_EDGE('',*,*,#7311,.T.);
#7311 = EDGE_CURVE('',#7304,#7312,#7314,.T.);
#7312 = VERTEX_POINT('',#7313);
#7313 = CARTESIAN_POINT('',(48.5,-27.081963,1.5162));
#7314 = LINE('',#7315,#7316);
#7315 = CARTESIAN_POINT('',(48.5,-22.839322,1.5162));
#7316 = VECTOR('',#7317,1.);
#7317 = DIRECTION('',(0.,-1.,0.));
#7318 = ORIENTED_EDGE('',*,*,#7319,.F.);
#7319 = EDGE_CURVE('',#7320,#7312,#7322,.T.);
#7320 = VERTEX_POINT('',#7321);
#7321 = CARTESIAN_POINT('',(48.5,-27.081963,0.));
#7322 = LINE('',#7323,#7324);
#7323 = CARTESIAN_POINT('',(48.5,-27.081963,0.));
#7324 = VECTOR('',#7325,1.);
#7325 = DIRECTION('',(0.,0.,1.));
#7326 = ORIENTED_EDGE('',*,*,#7327,.F.);
#7327 = EDGE_CURVE('',#7302,#7320,#7328,.T.);
#7328 = LINE('',#7329,#7330);
#7329 = CARTESIAN_POINT('',(48.5,-22.839322,0.));
#7330 = VECTOR('',#7331,1.);
#7331 = DIRECTION('',(0.,-1.,0.));
#7332 = PLANE('',#7333);
#7333 = AXIS2_PLACEMENT_3D('',#7334,#7335,#7336);
#7334 = CARTESIAN_POINT('',(48.5,-22.839322,0.));
#7335 = DIRECTION('',(1.,0.,-0.));
#7336 = DIRECTION('',(0.,-1.,0.));
#7337 = ADVANCED_FACE('',(#7338),#7363,.T.);
#7338 = FACE_BOUND('',#7339,.T.);
#7339 = EDGE_LOOP('',(#7340,#7341,#7349,#7357));
#7340 = ORIENTED_EDGE('',*,*,#7319,.T.);
#7341 = ORIENTED_EDGE('',*,*,#7342,.T.);
#7342 = EDGE_CURVE('',#7312,#7343,#7345,.T.);
#7343 = VERTEX_POINT('',#7344);
#7344 = CARTESIAN_POINT('',(51.71912,-23.862842,1.5162));
#7345 = LINE('',#7346,#7347);
#7346 = CARTESIAN_POINT('',(48.5,-27.081963,1.5162));
#7347 = VECTOR('',#7348,1.);
#7348 = DIRECTION('',(0.707106671357,0.707106891016,0.));
#7349 = ORIENTED_EDGE('',*,*,#7350,.F.);
#7350 = EDGE_CURVE('',#7351,#7343,#7353,.T.);
#7351 = VERTEX_POINT('',#7352);
#7352 = CARTESIAN_POINT('',(51.71912,-23.862842,0.));
#7353 = LINE('',#7354,#7355);
#7354 = CARTESIAN_POINT('',(51.71912,-23.862842,0.));
#7355 = VECTOR('',#7356,1.);
#7356 = DIRECTION('',(0.,0.,1.));
#7357 = ORIENTED_EDGE('',*,*,#7358,.F.);
#7358 = EDGE_CURVE('',#7320,#7351,#7359,.T.);
#7359 = LINE('',#7360,#7361);
#7360 = CARTESIAN_POINT('',(48.5,-27.081963,0.));
#7361 = VECTOR('',#7362,1.);
#7362 = DIRECTION('',(0.707106671357,0.707106891016,0.));
#7363 = PLANE('',#7364);
#7364 = AXIS2_PLACEMENT_3D('',#7365,#7366,#7367);
#7365 = CARTESIAN_POINT('',(48.5,-27.081963,0.));
#7366 = DIRECTION('',(-0.707106891016,0.707106671357,0.));
#7367 = DIRECTION('',(0.707106671357,0.707106891016,0.));
#7368 = ADVANCED_FACE('',(#7369),#7396,.T.);
#7369 = FACE_BOUND('',#7370,.T.);
#7370 = EDGE_LOOP('',(#7371,#7372,#7381,#7389));
#7371 = ORIENTED_EDGE('',*,*,#7350,.T.);
#7372 = ORIENTED_EDGE('',*,*,#7373,.T.);
#7373 = EDGE_CURVE('',#7343,#7374,#7376,.T.);
#7374 = VERTEX_POINT('',#7375);
#7375 = CARTESIAN_POINT('',(49.279763,-22.059559,1.5162));
#7376 = CIRCLE('',#7377,3.499914412849);
#7377 = AXIS2_PLACEMENT_3D('',#7378,#7379,#7380);
#7378 = CARTESIAN_POINT('',(52.374443944468,-20.42482637684,1.5162));
#7379 = DIRECTION('',(0.,0.,-1.));
#7380 = DIRECTION('',(-0.187239991373,-0.982314199037,-0.));
#7381 = ORIENTED_EDGE('',*,*,#7382,.F.);
#7382 = EDGE_CURVE('',#7383,#7374,#7385,.T.);
#7383 = VERTEX_POINT('',#7384);
#7384 = CARTESIAN_POINT('',(49.279763,-22.059559,0.));
#7385 = LINE('',#7386,#7387);
#7386 = CARTESIAN_POINT('',(49.279763,-22.059559,0.));
#7387 = VECTOR('',#7388,1.);
#7388 = DIRECTION('',(0.,0.,1.));
#7389 = ORIENTED_EDGE('',*,*,#7390,.F.);
#7390 = EDGE_CURVE('',#7351,#7383,#7391,.T.);
#7391 = CIRCLE('',#7392,3.499914412849);
#7392 = AXIS2_PLACEMENT_3D('',#7393,#7394,#7395);
#7393 = CARTESIAN_POINT('',(52.374443944468,-20.42482637684,0.));
#7394 = DIRECTION('',(0.,0.,-1.));
#7395 = DIRECTION('',(-0.187239991373,-0.982314199037,-0.));
#7396 = CYLINDRICAL_SURFACE('',#7397,3.499914412849);
#7397 = AXIS2_PLACEMENT_3D('',#7398,#7399,#7400);
#7398 = CARTESIAN_POINT('',(52.374443944468,-20.42482637684,0.));
#7399 = DIRECTION('',(0.,0.,-1.));
#7400 = DIRECTION('',(-0.187239991373,-0.982314199037,-0.));
#7401 = ADVANCED_FACE('',(#7402),#7418,.T.);
#7402 = FACE_BOUND('',#7403,.T.);
#7403 = EDGE_LOOP('',(#7404,#7405,#7411,#7412));
#7404 = ORIENTED_EDGE('',*,*,#7382,.T.);
#7405 = ORIENTED_EDGE('',*,*,#7406,.T.);
#7406 = EDGE_CURVE('',#7374,#7304,#7407,.T.);
#7407 = LINE('',#7408,#7409);
#7408 = CARTESIAN_POINT('',(49.279763,-22.059559,1.5162));
#7409 = VECTOR('',#7410,1.);
#7410 = DIRECTION('',(-0.707106781187,-0.707106781187,0.));
#7411 = ORIENTED_EDGE('',*,*,#7301,.F.);
#7412 = ORIENTED_EDGE('',*,*,#7413,.F.);
#7413 = EDGE_CURVE('',#7383,#7302,#7414,.T.);
#7414 = LINE('',#7415,#7416);
#7415 = CARTESIAN_POINT('',(49.279763,-22.059559,0.));
#7416 = VECTOR('',#7417,1.);
#7417 = DIRECTION('',(-0.707106781187,-0.707106781187,0.));
#7418 = PLANE('',#7419);
#7419 = AXIS2_PLACEMENT_3D('',#7420,#7421,#7422);
#7420 = CARTESIAN_POINT('',(49.279763,-22.059559,0.));
#7421 = DIRECTION('',(0.707106781187,-0.707106781187,0.));
#7422 = DIRECTION('',(-0.707106781187,-0.707106781187,0.));
#7423 = ADVANCED_FACE('',(#7424),#7458,.T.);
#7424 = FACE_BOUND('',#7425,.T.);
#7425 = EDGE_LOOP('',(#7426,#7436,#7444,#7452));
#7426 = ORIENTED_EDGE('',*,*,#7427,.T.);
#7427 = EDGE_CURVE('',#7428,#7430,#7432,.T.);
#7428 = VERTEX_POINT('',#7429);
#7429 = CARTESIAN_POINT('',(153.,-27.081963,0.));
#7430 = VERTEX_POINT('',#7431);
#7431 = CARTESIAN_POINT('',(153.,-27.081963,1.5162));
#7432 = LINE('',#7433,#7434);
#7433 = CARTESIAN_POINT('',(153.,-27.081963,0.));
#7434 = VECTOR('',#7435,1.);
#7435 = DIRECTION('',(0.,0.,1.));
#7436 = ORIENTED_EDGE('',*,*,#7437,.T.);
#7437 = EDGE_CURVE('',#7430,#7438,#7440,.T.);
#7438 = VERTEX_POINT('',#7439);
#7439 = CARTESIAN_POINT('',(153.,-22.839322,1.5162));
#7440 = LINE('',#7441,#7442);
#7441 = CARTESIAN_POINT('',(153.,-27.081963,1.5162));
#7442 = VECTOR('',#7443,1.);
#7443 = DIRECTION('',(0.,1.,0.));
#7444 = ORIENTED_EDGE('',*,*,#7445,.F.);
#7445 = EDGE_CURVE('',#7446,#7438,#7448,.T.);
#7446 = VERTEX_POINT('',#7447);
#7447 = CARTESIAN_POINT('',(153.,-22.839322,0.));
#7448 = LINE('',#7449,#7450);
#7449 = CARTESIAN_POINT('',(153.,-22.839322,0.));
#7450 = VECTOR('',#7451,1.);
#7451 = DIRECTION('',(0.,0.,1.));
#7452 = ORIENTED_EDGE('',*,*,#7453,.F.);
#7453 = EDGE_CURVE('',#7428,#7446,#7454,.T.);
#7454 = LINE('',#7455,#7456);
#7455 = CARTESIAN_POINT('',(153.,-27.081963,0.));
#7456 = VECTOR('',#7457,1.);
#7457 = DIRECTION('',(0.,1.,0.));
#7458 = PLANE('',#7459);
#7459 = AXIS2_PLACEMENT_3D('',#7460,#7461,#7462);
#7460 = CARTESIAN_POINT('',(153.,-27.081963,0.));
#7461 = DIRECTION('',(-1.,0.,0.));
#7462 = DIRECTION('',(0.,1.,0.));
#7463 = ADVANCED_FACE('',(#7464),#7489,.T.);
#7464 = FACE_BOUND('',#7465,.T.);
#7465 = EDGE_LOOP('',(#7466,#7467,#7475,#7483));
#7466 = ORIENTED_EDGE('',*,*,#7445,.T.);
#7467 = ORIENTED_EDGE('',*,*,#7468,.T.);
#7468 = EDGE_CURVE('',#7438,#7469,#7471,.T.);
#7469 = VERTEX_POINT('',#7470);
#7470 = CARTESIAN_POINT('',(146.460678,-16.3,1.5162));
#7471 = LINE('',#7472,#7473);
#7472 = CARTESIAN_POINT('',(153.,-22.839322,1.5162));
#7473 = VECTOR('',#7474,1.);
#7474 = DIRECTION('',(-0.707106781187,0.707106781187,0.));
#7475 = ORIENTED_EDGE('',*,*,#7476,.F.);
#7476 = EDGE_CURVE('',#7477,#7469,#7479,.T.);
#7477 = VERTEX_POINT('',#7478);
#7478 = CARTESIAN_POINT('',(146.460678,-16.3,0.));
#7479 = LINE('',#7480,#7481);
#7480 = CARTESIAN_POINT('',(146.460678,-16.3,0.));
#7481 = VECTOR('',#7482,1.);
#7482 = DIRECTION('',(0.,0.,1.));
#7483 = ORIENTED_EDGE('',*,*,#7484,.F.);
#7484 = EDGE_CURVE('',#7446,#7477,#7485,.T.);
#7485 = LINE('',#7486,#7487);
#7486 = CARTESIAN_POINT('',(153.,-22.839322,0.));
#7487 = VECTOR('',#7488,1.);
#7488 = DIRECTION('',(-0.707106781187,0.707106781187,0.));
#7489 = PLANE('',#7490);
#7490 = AXIS2_PLACEMENT_3D('',#7491,#7492,#7493);
#7491 = CARTESIAN_POINT('',(153.,-22.839322,0.));
#7492 = DIRECTION('',(-0.707106781187,-0.707106781187,0.));
#7493 = DIRECTION('',(-0.707106781187,0.707106781187,0.));
#7494 = ADVANCED_FACE('',(#7495),#7520,.T.);
#7495 = FACE_BOUND('',#7496,.T.);
#7496 = EDGE_LOOP('',(#7497,#7498,#7506,#7514));
#7497 = ORIENTED_EDGE('',*,*,#7476,.T.);
#7498 = ORIENTED_EDGE('',*,*,#7499,.T.);
#7499 = EDGE_CURVE('',#7469,#7500,#7502,.T.);
#7500 = VERTEX_POINT('',#7501);
#7501 = CARTESIAN_POINT('',(142.218037,-16.3,1.5162));
#7502 = LINE('',#7503,#7504);
#7503 = CARTESIAN_POINT('',(146.460678,-16.3,1.5162));
#7504 = VECTOR('',#7505,1.);
#7505 = DIRECTION('',(-1.,0.,0.));
#7506 = ORIENTED_EDGE('',*,*,#7507,.F.);
#7507 = EDGE_CURVE('',#7508,#7500,#7510,.T.);
#7508 = VERTEX_POINT('',#7509);
#7509 = CARTESIAN_POINT('',(142.218037,-16.3,0.));
#7510 = LINE('',#7511,#7512);
#7511 = CARTESIAN_POINT('',(142.218037,-16.3,0.));
#7512 = VECTOR('',#7513,1.);
#7513 = DIRECTION('',(0.,0.,1.));
#7514 = ORIENTED_EDGE('',*,*,#7515,.F.);
#7515 = EDGE_CURVE('',#7477,#7508,#7516,.T.);
#7516 = LINE('',#7517,#7518);
#7517 = CARTESIAN_POINT('',(146.460678,-16.3,0.));
#7518 = VECTOR('',#7519,1.);
#7519 = DIRECTION('',(-1.,0.,0.));
#7520 = PLANE('',#7521);
#7521 = AXIS2_PLACEMENT_3D('',#7522,#7523,#7524);
#7522 = CARTESIAN_POINT('',(146.460678,-16.3,0.));
#7523 = DIRECTION('',(0.,-1.,0.));
#7524 = DIRECTION('',(-1.,0.,0.));
#7525 = ADVANCED_FACE('',(#7526),#7542,.T.);
#7526 = FACE_BOUND('',#7527,.T.);
#7527 = EDGE_LOOP('',(#7528,#7529,#7535,#7536));
#7528 = ORIENTED_EDGE('',*,*,#7507,.T.);
#7529 = ORIENTED_EDGE('',*,*,#7530,.T.);
#7530 = EDGE_CURVE('',#7500,#7430,#7531,.T.);
#7531 = LINE('',#7532,#7533);
#7532 = CARTESIAN_POINT('',(142.218037,-16.3,1.5162));
#7533 = VECTOR('',#7534,1.);
#7534 = DIRECTION('',(0.707106781187,-0.707106781187,0.));
#7535 = ORIENTED_EDGE('',*,*,#7427,.F.);
#7536 = ORIENTED_EDGE('',*,*,#7537,.F.);
#7537 = EDGE_CURVE('',#7508,#7428,#7538,.T.);
#7538 = LINE('',#7539,#7540);
#7539 = CARTESIAN_POINT('',(142.218037,-16.3,0.));
#7540 = VECTOR('',#7541,1.);
#7541 = DIRECTION('',(0.707106781187,-0.707106781187,0.));
#7542 = PLANE('',#7543);
#7543 = AXIS2_PLACEMENT_3D('',#7544,#7545,#7546);
#7544 = CARTESIAN_POINT('',(142.218037,-16.3,0.));
#7545 = DIRECTION('',(0.707106781187,0.707106781187,-0.));
#7546 = DIRECTION('',(0.707106781187,-0.707106781187,0.));
#7547 = ADVANCED_FACE('',(#7548),#7575,.F.);
#7548 = FACE_BOUND('',#7549,.T.);
#7549 = EDGE_LOOP('',(#7550,#7560,#7567,#7568));
#7550 = ORIENTED_EDGE('',*,*,#7551,.T.);
#7551 = EDGE_CURVE('',#7552,#7554,#7556,.T.);
#7552 = VERTEX_POINT('',#7553);
#7553 = CARTESIAN_POINT('',(53.9745,-20.42475,0.));
#7554 = VERTEX_POINT('',#7555);
#7555 = CARTESIAN_POINT('',(53.9745,-20.42475,1.5162));
#7556 = LINE('',#7557,#7558);
#7557 = CARTESIAN_POINT('',(53.9745,-20.42475,0.));
#7558 = VECTOR('',#7559,1.);
#7559 = DIRECTION('',(0.,0.,1.));
#7560 = ORIENTED_EDGE('',*,*,#7561,.T.);
#7561 = EDGE_CURVE('',#7554,#7554,#7562,.T.);
#7562 = CIRCLE('',#7563,1.6);
#7563 = AXIS2_PLACEMENT_3D('',#7564,#7565,#7566);
#7564 = CARTESIAN_POINT('',(52.3745,-20.42475,1.5162));
#7565 = DIRECTION('',(0.,0.,1.));
#7566 = DIRECTION('',(1.,0.,-0.));
#7567 = ORIENTED_EDGE('',*,*,#7551,.F.);
#7568 = ORIENTED_EDGE('',*,*,#7569,.F.);
#7569 = EDGE_CURVE('',#7552,#7552,#7570,.T.);
#7570 = CIRCLE('',#7571,1.6);
#7571 = AXIS2_PLACEMENT_3D('',#7572,#7573,#7574);
#7572 = CARTESIAN_POINT('',(52.3745,-20.42475,0.));
#7573 = DIRECTION('',(0.,0.,1.));
#7574 = DIRECTION('',(1.,0.,-0.));
#7575 = CYLINDRICAL_SURFACE('',#7576,1.6);
#7576 = AXIS2_PLACEMENT_3D('',#7577,#7578,#7579);
#7577 = CARTESIAN_POINT('',(52.3745,-20.42475,0.));
#7578 = DIRECTION('',(-0.,-0.,-1.));
#7579 = DIRECTION('',(1.,0.,-0.));
#7580 = ADVANCED_FACE('',(#7581),#7608,.F.);
#7581 = FACE_BOUND('',#7582,.T.);
#7582 = EDGE_LOOP('',(#7583,#7593,#7600,#7601));
#7583 = ORIENTED_EDGE('',*,*,#7584,.T.);
#7584 = EDGE_CURVE('',#7585,#7587,#7589,.T.);
#7585 = VERTEX_POINT('',#7586);
#7586 = CARTESIAN_POINT('',(130.97475,-20.42475,0.));
#7587 = VERTEX_POINT('',#7588);
#7588 = CARTESIAN_POINT('',(130.97475,-20.42475,1.5162));
#7589 = LINE('',#7590,#7591);
#7590 = CARTESIAN_POINT('',(130.97475,-20.42475,0.));
#7591 = VECTOR('',#7592,1.);
#7592 = DIRECTION('',(0.,0.,1.));
#7593 = ORIENTED_EDGE('',*,*,#7594,.T.);
#7594 = EDGE_CURVE('',#7587,#7587,#7595,.T.);
#7595 = CIRCLE('',#7596,1.6);
#7596 = AXIS2_PLACEMENT_3D('',#7597,#7598,#7599);
#7597 = CARTESIAN_POINT('',(129.37475,-20.42475,1.5162));
#7598 = DIRECTION('',(0.,0.,1.));
#7599 = DIRECTION('',(1.,0.,-0.));
#7600 = ORIENTED_EDGE('',*,*,#7584,.F.);
#7601 = ORIENTED_EDGE('',*,*,#7602,.F.);
#7602 = EDGE_CURVE('',#7585,#7585,#7603,.T.);
#7603 = CIRCLE('',#7604,1.6);
#7604 = AXIS2_PLACEMENT_3D('',#7605,#7606,#7607);
#7605 = CARTESIAN_POINT('',(129.37475,-20.42475,0.));
#7606 = DIRECTION('',(0.,0.,1.));
#7607 = DIRECTION('',(1.,0.,-0.));
#7608 = CYLINDRICAL_SURFACE('',#7609,1.6);
#7609 = AXIS2_PLACEMENT_3D('',#7610,#7611,#7612);
#7610 = CARTESIAN_POINT('',(129.37475,-20.42475,0.));
#7611 = DIRECTION('',(-0.,-0.,-1.));
#7612 = DIRECTION('',(1.,0.,-0.));
#7613 = ADVANCED_FACE('',(#7614),#7650,.T.);
#7614 = FACE_BOUND('',#7615,.T.);
#7615 = EDGE_LOOP('',(#7616,#7626,#7635,#7643));
#7616 = ORIENTED_EDGE('',*,*,#7617,.T.);
#7617 = EDGE_CURVE('',#7618,#7620,#7622,.T.);
#7618 = VERTEX_POINT('',#7619);
#7619 = CARTESIAN_POINT('',(125.979516,-21.274682,0.));
#7620 = VERTEX_POINT('',#7621);
#7621 = CARTESIAN_POINT('',(125.979516,-21.274682,1.5162));
#7622 = LINE('',#7623,#7624);
#7623 = CARTESIAN_POINT('',(125.979516,-21.274682,0.));
#7624 = VECTOR('',#7625,1.);
#7625 = DIRECTION('',(0.,0.,1.));
#7626 = ORIENTED_EDGE('',*,*,#7627,.T.);
#7627 = EDGE_CURVE('',#7620,#7628,#7630,.T.);
#7628 = VERTEX_POINT('',#7629);
#7629 = CARTESIAN_POINT('',(126.898614,-17.951139,1.5162));
#7630 = CIRCLE('',#7631,3.49982936737);
#7631 = AXIS2_PLACEMENT_3D('',#7632,#7633,#7634);
#7632 = CARTESIAN_POINT('',(129.3745611809,-20.42469739996,1.5162));
#7633 = DIRECTION('',(0.,0.,-1.));
#7634 = DIRECTION('',(-0.970060201381,-0.242864583044,-0.));
#7635 = ORIENTED_EDGE('',*,*,#7636,.F.);
#7636 = EDGE_CURVE('',#7637,#7628,#7639,.T.);
#7637 = VERTEX_POINT('',#7638);
#7638 = CARTESIAN_POINT('',(126.898614,-17.951139,0.));
#7639 = LINE('',#7640,#7641);
#7640 = CARTESIAN_POINT('',(126.898614,-17.951139,0.));
#7641 = VECTOR('',#7642,1.);
#7642 = DIRECTION('',(0.,0.,1.));
#7643 = ORIENTED_EDGE('',*,*,#7644,.F.);
#7644 = EDGE_CURVE('',#7618,#7637,#7645,.T.);
#7645 = CIRCLE('',#7646,3.49982936737);
#7646 = AXIS2_PLACEMENT_3D('',#7647,#7648,#7649);
#7647 = CARTESIAN_POINT('',(129.3745611809,-20.42469739996,0.));
#7648 = DIRECTION('',(0.,0.,-1.));
#7649 = DIRECTION('',(-0.970060201381,-0.242864583044,-0.));
#7650 = CYLINDRICAL_SURFACE('',#7651,3.49982936737);
#7651 = AXIS2_PLACEMENT_3D('',#7652,#7653,#7654);
#7652 = CARTESIAN_POINT('',(129.3745611809,-20.42469739996,0.));
#7653 = DIRECTION('',(0.,0.,-1.));
#7654 = DIRECTION('',(-0.970060201381,-0.242864583044,-0.));
#7655 = ADVANCED_FACE('',(#7656),#7681,.T.);
#7656 = FACE_BOUND('',#7657,.T.);
#7657 = EDGE_LOOP('',(#7658,#7659,#7667,#7675));
#7658 = ORIENTED_EDGE('',*,*,#7636,.T.);
#7659 = ORIENTED_EDGE('',*,*,#7660,.T.);
#7660 = EDGE_CURVE('',#7628,#7661,#7663,.T.);
#7661 = VERTEX_POINT('',#7662);
#7662 = CARTESIAN_POINT('',(125.247475,-16.3,1.5162));
#7663 = LINE('',#7664,#7665);
#7664 = CARTESIAN_POINT('',(126.898614,-17.951139,1.5162));
#7665 = VECTOR('',#7666,1.);
#7666 = DIRECTION('',(-0.707106781187,0.707106781187,0.));
#7667 = ORIENTED_EDGE('',*,*,#7668,.F.);
#7668 = EDGE_CURVE('',#7669,#7661,#7671,.T.);
#7669 = VERTEX_POINT('',#7670);
#7670 = CARTESIAN_POINT('',(125.247475,-16.3,0.));
#7671 = LINE('',#7672,#7673);
#7672 = CARTESIAN_POINT('',(125.247475,-16.3,0.));
#7673 = VECTOR('',#7674,1.);
#7674 = DIRECTION('',(0.,0.,1.));
#7675 = ORIENTED_EDGE('',*,*,#7676,.F.);
#7676 = EDGE_CURVE('',#7637,#7669,#7677,.T.);
#7677 = LINE('',#7678,#7679);
#7678 = CARTESIAN_POINT('',(126.898614,-17.951139,0.));
#7679 = VECTOR('',#7680,1.);
#7680 = DIRECTION('',(-0.707106781187,0.707106781187,0.));
#7681 = PLANE('',#7682);
#7682 = AXIS2_PLACEMENT_3D('',#7683,#7684,#7685);
#7683 = CARTESIAN_POINT('',(126.898614,-17.951139,0.));
#7684 = DIRECTION('',(-0.707106781187,-0.707106781187,0.));
#7685 = DIRECTION('',(-0.707106781187,0.707106781187,0.));
#7686 = ADVANCED_FACE('',(#7687),#7712,.T.);
#7687 = FACE_BOUND('',#7688,.T.);
#7688 = EDGE_LOOP('',(#7689,#7690,#7698,#7706));
#7689 = ORIENTED_EDGE('',*,*,#7668,.T.);
#7690 = ORIENTED_EDGE('',*,*,#7691,.T.);
#7691 = EDGE_CURVE('',#7661,#7692,#7694,.T.);
#7692 = VERTEX_POINT('',#7693);
#7693 = CARTESIAN_POINT('',(121.004834,-16.3,1.5162));
#7694 = LINE('',#7695,#7696);
#7695 = CARTESIAN_POINT('',(125.247475,-16.3,1.5162));
#7696 = VECTOR('',#7697,1.);
#7697 = DIRECTION('',(-1.,0.,0.));
#7698 = ORIENTED_EDGE('',*,*,#7699,.F.);
#7699 = EDGE_CURVE('',#7700,#7692,#7702,.T.);
#7700 = VERTEX_POINT('',#7701);
#7701 = CARTESIAN_POINT('',(121.004834,-16.3,0.));
#7702 = LINE('',#7703,#7704);
#7703 = CARTESIAN_POINT('',(121.004834,-16.3,0.));
#7704 = VECTOR('',#7705,1.);
#7705 = DIRECTION('',(0.,0.,1.));
#7706 = ORIENTED_EDGE('',*,*,#7707,.F.);
#7707 = EDGE_CURVE('',#7669,#7700,#7708,.T.);
#7708 = LINE('',#7709,#7710);
#7709 = CARTESIAN_POINT('',(125.247475,-16.3,0.));
#7710 = VECTOR('',#7711,1.);
#7711 = DIRECTION('',(-1.,0.,0.));
#7712 = PLANE('',#7713);
#7713 = AXIS2_PLACEMENT_3D('',#7714,#7715,#7716);
#7714 = CARTESIAN_POINT('',(125.247475,-16.3,0.));
#7715 = DIRECTION('',(0.,-1.,0.));
#7716 = DIRECTION('',(-1.,0.,0.));
#7717 = ADVANCED_FACE('',(#7718),#7734,.T.);
#7718 = FACE_BOUND('',#7719,.T.);
#7719 = EDGE_LOOP('',(#7720,#7721,#7727,#7728));
#7720 = ORIENTED_EDGE('',*,*,#7699,.T.);
#7721 = ORIENTED_EDGE('',*,*,#7722,.T.);
#7722 = EDGE_CURVE('',#7692,#7620,#7723,.T.);
#7723 = LINE('',#7724,#7725);
#7724 = CARTESIAN_POINT('',(121.004834,-16.3,1.5162));
#7725 = VECTOR('',#7726,1.);
#7726 = DIRECTION('',(0.707106781187,-0.707106781187,0.));
#7727 = ORIENTED_EDGE('',*,*,#7617,.F.);
#7728 = ORIENTED_EDGE('',*,*,#7729,.F.);
#7729 = EDGE_CURVE('',#7700,#7618,#7730,.T.);
#7730 = LINE('',#7731,#7732);
#7731 = CARTESIAN_POINT('',(121.004834,-16.3,0.));
#7732 = VECTOR('',#7733,1.);
#7733 = DIRECTION('',(0.707106781187,-0.707106781187,0.));
#7734 = PLANE('',#7735);
#7735 = AXIS2_PLACEMENT_3D('',#7736,#7737,#7738);
#7736 = CARTESIAN_POINT('',(121.004834,-16.3,0.));
#7737 = DIRECTION('',(0.707106781187,0.707106781187,-0.));
#7738 = DIRECTION('',(0.707106781187,-0.707106781187,0.));
#7739 = ADVANCED_FACE('',(#7740),#7774,.T.);
#7740 = FACE_BOUND('',#7741,.T.);
#7741 = EDGE_LOOP('',(#7742,#7752,#7760,#7768));
#7742 = ORIENTED_EDGE('',*,*,#7743,.T.);
#7743 = EDGE_CURVE('',#7744,#7746,#7748,.T.);
#7744 = VERTEX_POINT('',#7745);
#7745 = CARTESIAN_POINT('',(48.5,-20.010895,0.));
#7746 = VERTEX_POINT('',#7747);
#7747 = CARTESIAN_POINT('',(48.5,-20.010895,1.5162));
#7748 = LINE('',#7749,#7750);
#7749 = CARTESIAN_POINT('',(48.5,-20.010895,0.));
#7750 = VECTOR('',#7751,1.);
#7751 = DIRECTION('',(0.,0.,1.));
#7752 = ORIENTED_EDGE('',*,*,#7753,.T.);
#7753 = EDGE_CURVE('',#7746,#7754,#7756,.T.);
#7754 = VERTEX_POINT('',#7755);
#7755 = CARTESIAN_POINT('',(48.994401,-19.516494,1.5162));
#7756 = LINE('',#7757,#7758);
#7757 = CARTESIAN_POINT('',(48.5,-20.010895,1.5162));
#7758 = VECTOR('',#7759,1.);
#7759 = DIRECTION('',(0.707106781187,0.707106781187,0.));
#7760 = ORIENTED_EDGE('',*,*,#7761,.F.);
#7761 = EDGE_CURVE('',#7762,#7754,#7764,.T.);
#7762 = VERTEX_POINT('',#7763);
#7763 = CARTESIAN_POINT('',(48.994401,-19.516494,0.));
#7764 = LINE('',#7765,#7766);
#7765 = CARTESIAN_POINT('',(48.994401,-19.516494,0.));
#7766 = VECTOR('',#7767,1.);
#7767 = DIRECTION('',(0.,0.,1.));
#7768 = ORIENTED_EDGE('',*,*,#7769,.F.);
#7769 = EDGE_CURVE('',#7744,#7762,#7770,.T.);
#7770 = LINE('',#7771,#7772);
#7771 = CARTESIAN_POINT('',(48.5,-20.010895,0.));
#7772 = VECTOR('',#7773,1.);
#7773 = DIRECTION('',(0.707106781187,0.707106781187,0.));
#7774 = PLANE('',#7775);
#7775 = AXIS2_PLACEMENT_3D('',#7776,#7777,#7778);
#7776 = CARTESIAN_POINT('',(48.5,-20.010895,0.));
#7777 = DIRECTION('',(-0.707106781187,0.707106781187,0.));
#7778 = DIRECTION('',(0.707106781187,0.707106781187,0.));
#7779 = ADVANCED_FACE('',(#7780),#7807,.T.);
#7780 = FACE_BOUND('',#7781,.T.);
#7781 = EDGE_LOOP('',(#7782,#7783,#7792,#7800));
#7782 = ORIENTED_EDGE('',*,*,#7761,.T.);
#7783 = ORIENTED_EDGE('',*,*,#7784,.T.);
#7784 = EDGE_CURVE('',#7754,#7785,#7787,.T.);
#7785 = VERTEX_POINT('',#7786);
#7786 = CARTESIAN_POINT('',(51.466244,-17.044651,1.5162));
#7787 = CIRCLE('',#7788,3.499853529989);
#7788 = AXIS2_PLACEMENT_3D('',#7789,#7790,#7791);
#7789 = CARTESIAN_POINT('',(52.374380664212,-20.42463066421,1.5162));
#7790 = DIRECTION('',(0.,0.,-1.));
#7791 = DIRECTION('',(-0.965748890704,0.259478477151,0.));
#7792 = ORIENTED_EDGE('',*,*,#7793,.F.);
#7793 = EDGE_CURVE('',#7794,#7785,#7796,.T.);
#7794 = VERTEX_POINT('',#7795);
#7795 = CARTESIAN_POINT('',(51.466244,-17.044651,0.));
#7796 = LINE('',#7797,#7798);
#7797 = CARTESIAN_POINT('',(51.466244,-17.044651,0.));
#7798 = VECTOR('',#7799,1.);
#7799 = DIRECTION('',(0.,0.,1.));
#7800 = ORIENTED_EDGE('',*,*,#7801,.F.);
#7801 = EDGE_CURVE('',#7762,#7794,#7802,.T.);
#7802 = CIRCLE('',#7803,3.499853529989);
#7803 = AXIS2_PLACEMENT_3D('',#7804,#7805,#7806);
#7804 = CARTESIAN_POINT('',(52.374380664212,-20.42463066421,0.));
#7805 = DIRECTION('',(0.,0.,-1.));
#7806 = DIRECTION('',(-0.965748890704,0.259478477151,0.));
#7807 = CYLINDRICAL_SURFACE('',#7808,3.499853529989);
#7808 = AXIS2_PLACEMENT_3D('',#7809,#7810,#7811);
#7809 = CARTESIAN_POINT('',(52.374380664212,-20.42463066421,0.));
#7810 = DIRECTION('',(0.,0.,-1.));
#7811 = DIRECTION('',(-0.965748890704,0.259478477151,0.));
#7812 = ADVANCED_FACE('',(#7813),#7838,.T.);
#7813 = FACE_BOUND('',#7814,.T.);
#7814 = EDGE_LOOP('',(#7815,#7816,#7824,#7832));
#7815 = ORIENTED_EDGE('',*,*,#7793,.T.);
#7816 = ORIENTED_EDGE('',*,*,#7817,.T.);
#7817 = EDGE_CURVE('',#7785,#7818,#7820,.T.);
#7818 = VERTEX_POINT('',#7819);
#7819 = CARTESIAN_POINT('',(52.210895,-16.3,1.5162));
#7820 = LINE('',#7821,#7822);
#7821 = CARTESIAN_POINT('',(51.466244,-17.044651,1.5162));
#7822 = VECTOR('',#7823,1.);
#7823 = DIRECTION('',(0.707106781187,0.707106781187,0.));
#7824 = ORIENTED_EDGE('',*,*,#7825,.F.);
#7825 = EDGE_CURVE('',#7826,#7818,#7828,.T.);
#7826 = VERTEX_POINT('',#7827);
#7827 = CARTESIAN_POINT('',(52.210895,-16.3,0.));
#7828 = LINE('',#7829,#7830);
#7829 = CARTESIAN_POINT('',(52.210895,-16.3,0.));
#7830 = VECTOR('',#7831,1.);
#7831 = DIRECTION('',(0.,0.,1.));
#7832 = ORIENTED_EDGE('',*,*,#7833,.F.);
#7833 = EDGE_CURVE('',#7794,#7826,#7834,.T.);
#7834 = LINE('',#7835,#7836);
#7835 = CARTESIAN_POINT('',(51.466244,-17.044651,0.));
#7836 = VECTOR('',#7837,1.);
#7837 = DIRECTION('',(0.707106781187,0.707106781187,0.));
#7838 = PLANE('',#7839);
#7839 = AXIS2_PLACEMENT_3D('',#7840,#7841,#7842);
#7840 = CARTESIAN_POINT('',(51.466244,-17.044651,0.));
#7841 = DIRECTION('',(-0.707106781187,0.707106781187,0.));
#7842 = DIRECTION('',(0.707106781187,0.707106781187,0.));
#7843 = ADVANCED_FACE('',(#7844),#7869,.T.);
#7844 = FACE_BOUND('',#7845,.T.);
#7845 = EDGE_LOOP('',(#7846,#7847,#7855,#7863));
#7846 = ORIENTED_EDGE('',*,*,#7825,.T.);
#7847 = ORIENTED_EDGE('',*,*,#7848,.T.);
#7848 = EDGE_CURVE('',#7818,#7849,#7851,.T.);
#7849 = VERTEX_POINT('',#7850);
#7850 = CARTESIAN_POINT('',(48.5,-16.3,1.5162));
#7851 = LINE('',#7852,#7853);
#7852 = CARTESIAN_POINT('',(52.210895,-16.3,1.5162));
#7853 = VECTOR('',#7854,1.);
#7854 = DIRECTION('',(-1.,0.,0.));
#7855 = ORIENTED_EDGE('',*,*,#7856,.F.);
#7856 = EDGE_CURVE('',#7857,#7849,#7859,.T.);
#7857 = VERTEX_POINT('',#7858);
#7858 = CARTESIAN_POINT('',(48.5,-16.3,0.));
#7859 = LINE('',#7860,#7861);
#7860 = CARTESIAN_POINT('',(48.5,-16.3,0.));
#7861 = VECTOR('',#7862,1.);
#7862 = DIRECTION('',(0.,0.,1.));
#7863 = ORIENTED_EDGE('',*,*,#7864,.F.);
#7864 = EDGE_CURVE('',#7826,#7857,#7865,.T.);
#7865 = LINE('',#7866,#7867);
#7866 = CARTESIAN_POINT('',(52.210895,-16.3,0.));
#7867 = VECTOR('',#7868,1.);
#7868 = DIRECTION('',(-1.,0.,0.));
#7869 = PLANE('',#7870);
#7870 = AXIS2_PLACEMENT_3D('',#7871,#7872,#7873);
#7871 = CARTESIAN_POINT('',(52.210895,-16.3,0.));
#7872 = DIRECTION('',(0.,-1.,0.));
#7873 = DIRECTION('',(-1.,0.,0.));
#7874 = ADVANCED_FACE('',(#7875),#7891,.T.);
#7875 = FACE_BOUND('',#7876,.T.);
#7876 = EDGE_LOOP('',(#7877,#7878,#7884,#7885));
#7877 = ORIENTED_EDGE('',*,*,#7856,.T.);
#7878 = ORIENTED_EDGE('',*,*,#7879,.T.);
#7879 = EDGE_CURVE('',#7849,#7746,#7880,.T.);
#7880 = LINE('',#7881,#7882);
#7881 = CARTESIAN_POINT('',(48.5,-16.3,1.5162));
#7882 = VECTOR('',#7883,1.);
#7883 = DIRECTION('',(0.,-1.,0.));
#7884 = ORIENTED_EDGE('',*,*,#7743,.F.);
#7885 = ORIENTED_EDGE('',*,*,#7886,.F.);
#7886 = EDGE_CURVE('',#7857,#7744,#7887,.T.);
#7887 = LINE('',#7888,#7889);
#7888 = CARTESIAN_POINT('',(48.5,-16.3,0.));
#7889 = VECTOR('',#7890,1.);
#7890 = DIRECTION('',(0.,-1.,0.));
#7891 = PLANE('',#7892);
#7892 = AXIS2_PLACEMENT_3D('',#7893,#7894,#7895);
#7893 = CARTESIAN_POINT('',(48.5,-16.3,0.));
#7894 = DIRECTION('',(1.,0.,-0.));
#7895 = DIRECTION('',(0.,-1.,0.));
#7896 = ADVANCED_FACE('',(#7897),#7931,.T.);
#7897 = FACE_BOUND('',#7898,.T.);
#7898 = EDGE_LOOP('',(#7899,#7909,#7917,#7925));
#7899 = ORIENTED_EDGE('',*,*,#7900,.T.);
#7900 = EDGE_CURVE('',#7901,#7903,#7905,.T.);
#7901 = VERTEX_POINT('',#7902);
#7902 = CARTESIAN_POINT('',(153.,-20.010895,0.));
#7903 = VERTEX_POINT('',#7904);
#7904 = CARTESIAN_POINT('',(153.,-20.010895,1.5162));
#7905 = LINE('',#7906,#7907);
#7906 = CARTESIAN_POINT('',(153.,-20.010895,0.));
#7907 = VECTOR('',#7908,1.);
#7908 = DIRECTION('',(0.,0.,1.));
#7909 = ORIENTED_EDGE('',*,*,#7910,.T.);
#7910 = EDGE_CURVE('',#7903,#7911,#7913,.T.);
#7911 = VERTEX_POINT('',#7912);
#7912 = CARTESIAN_POINT('',(153.,-16.3,1.5162));
#7913 = LINE('',#7914,#7915);
#7914 = CARTESIAN_POINT('',(153.,-20.010895,1.5162));
#7915 = VECTOR('',#7916,1.);
#7916 = DIRECTION('',(0.,1.,0.));
#7917 = ORIENTED_EDGE('',*,*,#7918,.F.);
#7918 = EDGE_CURVE('',#7919,#7911,#7921,.T.);
#7919 = VERTEX_POINT('',#7920);
#7920 = CARTESIAN_POINT('',(153.,-16.3,0.));
#7921 = LINE('',#7922,#7923);
#7922 = CARTESIAN_POINT('',(153.,-16.3,0.));
#7923 = VECTOR('',#7924,1.);
#7924 = DIRECTION('',(0.,0.,1.));
#7925 = ORIENTED_EDGE('',*,*,#7926,.F.);
#7926 = EDGE_CURVE('',#7901,#7919,#7927,.T.);
#7927 = LINE('',#7928,#7929);
#7928 = CARTESIAN_POINT('',(153.,-20.010895,0.));
#7929 = VECTOR('',#7930,1.);
#7930 = DIRECTION('',(0.,1.,0.));
#7931 = PLANE('',#7932);
#7932 = AXIS2_PLACEMENT_3D('',#7933,#7934,#7935);
#7933 = CARTESIAN_POINT('',(153.,-20.010895,0.));
#7934 = DIRECTION('',(-1.,0.,0.));
#7935 = DIRECTION('',(0.,1.,0.));
#7936 = ADVANCED_FACE('',(#7937),#7962,.T.);
#7937 = FACE_BOUND('',#7938,.T.);
#7938 = EDGE_LOOP('',(#7939,#7940,#7948,#7956));
#7939 = ORIENTED_EDGE('',*,*,#7918,.T.);
#7940 = ORIENTED_EDGE('',*,*,#7941,.T.);
#7941 = EDGE_CURVE('',#7911,#7942,#7944,.T.);
#7942 = VERTEX_POINT('',#7943);
#7943 = CARTESIAN_POINT('',(149.289105,-16.3,1.5162));
#7944 = LINE('',#7945,#7946);
#7945 = CARTESIAN_POINT('',(153.,-16.3,1.5162));
#7946 = VECTOR('',#7947,1.);
#7947 = DIRECTION('',(-1.,0.,0.));
#7948 = ORIENTED_EDGE('',*,*,#7949,.F.);
#7949 = EDGE_CURVE('',#7950,#7942,#7952,.T.);
#7950 = VERTEX_POINT('',#7951);
#7951 = CARTESIAN_POINT('',(149.289105,-16.3,0.));
#7952 = LINE('',#7953,#7954);
#7953 = CARTESIAN_POINT('',(149.289105,-16.3,0.));
#7954 = VECTOR('',#7955,1.);
#7955 = DIRECTION('',(0.,0.,1.));
#7956 = ORIENTED_EDGE('',*,*,#7957,.F.);
#7957 = EDGE_CURVE('',#7919,#7950,#7958,.T.);
#7958 = LINE('',#7959,#7960);
#7959 = CARTESIAN_POINT('',(153.,-16.3,0.));
#7960 = VECTOR('',#7961,1.);
#7961 = DIRECTION('',(-1.,0.,0.));
#7962 = PLANE('',#7963);
#7963 = AXIS2_PLACEMENT_3D('',#7964,#7965,#7966);
#7964 = CARTESIAN_POINT('',(153.,-16.3,0.));
#7965 = DIRECTION('',(0.,-1.,0.));
#7966 = DIRECTION('',(-1.,0.,0.));
#7967 = ADVANCED_FACE('',(#7968),#7984,.T.);
#7968 = FACE_BOUND('',#7969,.T.);
#7969 = EDGE_LOOP('',(#7970,#7971,#7977,#7978));
#7970 = ORIENTED_EDGE('',*,*,#7949,.T.);
#7971 = ORIENTED_EDGE('',*,*,#7972,.T.);
#7972 = EDGE_CURVE('',#7942,#7903,#7973,.T.);
#7973 = LINE('',#7974,#7975);
#7974 = CARTESIAN_POINT('',(149.289105,-16.3,1.5162));
#7975 = VECTOR('',#7976,1.);
#7976 = DIRECTION('',(0.707106781187,-0.707106781187,0.));
#7977 = ORIENTED_EDGE('',*,*,#7900,.F.);
#7978 = ORIENTED_EDGE('',*,*,#7979,.F.);
#7979 = EDGE_CURVE('',#7950,#7901,#7980,.T.);
#7980 = LINE('',#7981,#7982);
#7981 = CARTESIAN_POINT('',(149.289105,-16.3,0.));
#7982 = VECTOR('',#7983,1.);
#7983 = DIRECTION('',(0.707106781187,-0.707106781187,0.));
#7984 = PLANE('',#7985);
#7985 = AXIS2_PLACEMENT_3D('',#7986,#7987,#7988);
#7986 = CARTESIAN_POINT('',(149.289105,-16.3,0.));
#7987 = DIRECTION('',(0.707106781187,0.707106781187,-0.));
#7988 = DIRECTION('',(0.707106781187,-0.707106781187,0.));
#7989 = ADVANCED_FACE('',(#7990),#8026,.T.);
#7990 = FACE_BOUND('',#7991,.T.);
#7991 = EDGE_LOOP('',(#7992,#8002,#8011,#8019));
#7992 = ORIENTED_EDGE('',*,*,#7993,.T.);
#7993 = EDGE_CURVE('',#7994,#7996,#7998,.T.);
#7994 = VERTEX_POINT('',#7995);
#7995 = CARTESIAN_POINT('',(54.009309,-17.330013,0.));
#7996 = VERTEX_POINT('',#7997);
#7997 = CARTESIAN_POINT('',(54.009309,-17.330013,1.5162));
#7998 = LINE('',#7999,#8000);
#7999 = CARTESIAN_POINT('',(54.009309,-17.330013,0.));
#8000 = VECTOR('',#8001,1.);
#8001 = DIRECTION('',(0.,0.,1.));
#8002 = ORIENTED_EDGE('',*,*,#8003,.T.);
#8003 = EDGE_CURVE('',#7996,#8004,#8006,.T.);
#8004 = VERTEX_POINT('',#8005);
#8005 = CARTESIAN_POINT('',(55.812592,-19.76937,1.5162));
#8006 = CIRCLE('',#8007,3.500001817581);
#8007 = AXIS2_PLACEMENT_3D('',#8008,#8009,#8010);
#8008 = CARTESIAN_POINT('',(52.374498387993,-20.42475159735,1.5162));
#8009 = DIRECTION('',(0.,0.,-1.));
#8010 = DIRECTION('',(0.467088503725,0.884210568636,0.));
#8011 = ORIENTED_EDGE('',*,*,#8012,.F.);
#8012 = EDGE_CURVE('',#8013,#8004,#8015,.T.);
#8013 = VERTEX_POINT('',#8014);
#8014 = CARTESIAN_POINT('',(55.812592,-19.76937,0.));
#8015 = LINE('',#8016,#8017);
#8016 = CARTESIAN_POINT('',(55.812592,-19.76937,0.));
#8017 = VECTOR('',#8018,1.);
#8018 = DIRECTION('',(0.,0.,1.));
#8019 = ORIENTED_EDGE('',*,*,#8020,.F.);
#8020 = EDGE_CURVE('',#7994,#8013,#8021,.T.);
#8021 = CIRCLE('',#8022,3.500001817581);
#8022 = AXIS2_PLACEMENT_3D('',#8023,#8024,#8025);
#8023 = CARTESIAN_POINT('',(52.374498387993,-20.42475159735,0.));
#8024 = DIRECTION('',(0.,0.,-1.));
#8025 = DIRECTION('',(0.467088503725,0.884210568636,0.));
#8026 = CYLINDRICAL_SURFACE('',#8027,3.500001817581);
#8027 = AXIS2_PLACEMENT_3D('',#8028,#8029,#8030);
#8028 = CARTESIAN_POINT('',(52.374498387993,-20.42475159735,0.));
#8029 = DIRECTION('',(0.,0.,-1.));
#8030 = DIRECTION('',(0.467088503725,0.884210568636,0.));
#8031 = ADVANCED_FACE('',(#8032),#8057,.T.);
#8032 = FACE_BOUND('',#8033,.T.);
#8033 = EDGE_LOOP('',(#8034,#8035,#8043,#8051));
#8034 = ORIENTED_EDGE('',*,*,#8012,.T.);
#8035 = ORIENTED_EDGE('',*,*,#8036,.T.);
#8036 = EDGE_CURVE('',#8004,#8037,#8039,.T.);
#8037 = VERTEX_POINT('',#8038);
#8038 = CARTESIAN_POINT('',(59.281963,-16.3,1.5162));
#8039 = LINE('',#8040,#8041);
#8040 = CARTESIAN_POINT('',(55.812592,-19.76937,1.5162));
#8041 = VECTOR('',#8042,1.);
#8042 = DIRECTION('',(0.707106883094,0.707106679279,0.));
#8043 = ORIENTED_EDGE('',*,*,#8044,.F.);
#8044 = EDGE_CURVE('',#8045,#8037,#8047,.T.);
#8045 = VERTEX_POINT('',#8046);
#8046 = CARTESIAN_POINT('',(59.281963,-16.3,0.));
#8047 = LINE('',#8048,#8049);
#8048 = CARTESIAN_POINT('',(59.281963,-16.3,0.));
#8049 = VECTOR('',#8050,1.);
#8050 = DIRECTION('',(0.,0.,1.));
#8051 = ORIENTED_EDGE('',*,*,#8052,.F.);
#8052 = EDGE_CURVE('',#8013,#8045,#8053,.T.);
#8053 = LINE('',#8054,#8055);
#8054 = CARTESIAN_POINT('',(55.812592,-19.76937,0.));
#8055 = VECTOR('',#8056,1.);
#8056 = DIRECTION('',(0.707106883094,0.707106679279,0.));
#8057 = PLANE('',#8058);
#8058 = AXIS2_PLACEMENT_3D('',#8059,#8060,#8061);
#8059 = CARTESIAN_POINT('',(55.812592,-19.76937,0.));
#8060 = DIRECTION('',(-0.707106679279,0.707106883094,0.));
#8061 = DIRECTION('',(0.707106883094,0.707106679279,0.));
#8062 = ADVANCED_FACE('',(#8063),#8088,.T.);
#8063 = FACE_BOUND('',#8064,.T.);
#8064 = EDGE_LOOP('',(#8065,#8066,#8074,#8082));
#8065 = ORIENTED_EDGE('',*,*,#8044,.T.);
#8066 = ORIENTED_EDGE('',*,*,#8067,.T.);
#8067 = EDGE_CURVE('',#8037,#8068,#8070,.T.);
#8068 = VERTEX_POINT('',#8069);
#8069 = CARTESIAN_POINT('',(55.039322,-16.3,1.5162));
#8070 = LINE('',#8071,#8072);
#8071 = CARTESIAN_POINT('',(59.281963,-16.3,1.5162));
#8072 = VECTOR('',#8073,1.);
#8073 = DIRECTION('',(-1.,0.,0.));
#8074 = ORIENTED_EDGE('',*,*,#8075,.F.);
#8075 = EDGE_CURVE('',#8076,#8068,#8078,.T.);
#8076 = VERTEX_POINT('',#8077);
#8077 = CARTESIAN_POINT('',(55.039322,-16.3,0.));
#8078 = LINE('',#8079,#8080);
#8079 = CARTESIAN_POINT('',(55.039322,-16.3,0.));
#8080 = VECTOR('',#8081,1.);
#8081 = DIRECTION('',(0.,0.,1.));
#8082 = ORIENTED_EDGE('',*,*,#8083,.F.);
#8083 = EDGE_CURVE('',#8045,#8076,#8084,.T.);
#8084 = LINE('',#8085,#8086);
#8085 = CARTESIAN_POINT('',(59.281963,-16.3,0.));
#8086 = VECTOR('',#8087,1.);
#8087 = DIRECTION('',(-1.,0.,0.));
#8088 = PLANE('',#8089);
#8089 = AXIS2_PLACEMENT_3D('',#8090,#8091,#8092);
#8090 = CARTESIAN_POINT('',(59.281963,-16.3,0.));
#8091 = DIRECTION('',(0.,-1.,0.));
#8092 = DIRECTION('',(-1.,0.,0.));
#8093 = ADVANCED_FACE('',(#8094),#8110,.T.);
#8094 = FACE_BOUND('',#8095,.T.);
#8095 = EDGE_LOOP('',(#8096,#8097,#8103,#8104));
#8096 = ORIENTED_EDGE('',*,*,#8075,.T.);
#8097 = ORIENTED_EDGE('',*,*,#8098,.T.);
#8098 = EDGE_CURVE('',#8068,#7996,#8099,.T.);
#8099 = LINE('',#8100,#8101);
#8100 = CARTESIAN_POINT('',(55.039322,-16.3,1.5162));
#8101 = VECTOR('',#8102,1.);
#8102 = DIRECTION('',(-0.707106781187,-0.707106781187,0.));
#8103 = ORIENTED_EDGE('',*,*,#7993,.F.);
#8104 = ORIENTED_EDGE('',*,*,#8105,.F.);
#8105 = EDGE_CURVE('',#8076,#7994,#8106,.T.);
#8106 = LINE('',#8107,#8108);
#8107 = CARTESIAN_POINT('',(55.039322,-16.3,0.));
#8108 = VECTOR('',#8109,1.);
#8109 = DIRECTION('',(-0.707106781187,-0.707106781187,0.));
#8110 = PLANE('',#8111);
#8111 = AXIS2_PLACEMENT_3D('',#8112,#8113,#8114);
#8112 = CARTESIAN_POINT('',(55.039322,-16.3,0.));
#8113 = DIRECTION('',(0.707106781187,-0.707106781187,0.));
#8114 = DIRECTION('',(-0.707106781187,-0.707106781187,0.));
#8115 = ADVANCED_FACE('',(#8116,#8126,#8129,#8132,#8138,#8144,#8150,
    #8157,#8163,#8169,#8175,#8181,#8187,#8193,#8200,#8206,#8212,#8218,
    #8224,#8232,#8238,#8244,#8250,#8256,#8259,#8262,#8268,#8275,#8280),
  #8286,.F.);
#8116 = FACE_BOUND('',#8117,.T.);
#8117 = EDGE_LOOP('',(#8118,#8119,#8120,#8121,#8122,#8123,#8124,#8125));
#8118 = ORIENTED_EDGE('',*,*,#4646,.T.);
#8119 = ORIENTED_EDGE('',*,*,#4678,.T.);
#8120 = ORIENTED_EDGE('',*,*,#4710,.T.);
#8121 = ORIENTED_EDGE('',*,*,#4742,.T.);
#8122 = ORIENTED_EDGE('',*,*,#4774,.T.);
#8123 = ORIENTED_EDGE('',*,*,#4806,.T.);
#8124 = ORIENTED_EDGE('',*,*,#4838,.T.);
#8125 = ORIENTED_EDGE('',*,*,#4861,.T.);
#8126 = FACE_BOUND('',#8127,.T.);
#8127 = EDGE_LOOP('',(#8128));
#8128 = ORIENTED_EDGE('',*,*,#4893,.T.);
#8129 = FACE_BOUND('',#8130,.T.);
#8130 = EDGE_LOOP('',(#8131));
#8131 = ORIENTED_EDGE('',*,*,#4926,.T.);
#8132 = FACE_BOUND('',#8133,.T.);
#8133 = EDGE_LOOP('',(#8134,#8135,#8136,#8137));
#8134 = ORIENTED_EDGE('',*,*,#4967,.T.);
#8135 = ORIENTED_EDGE('',*,*,#4998,.T.);
#8136 = ORIENTED_EDGE('',*,*,#5029,.T.);
#8137 = ORIENTED_EDGE('',*,*,#5051,.T.);
#8138 = FACE_BOUND('',#8139,.T.);
#8139 = EDGE_LOOP('',(#8140,#8141,#8142,#8143));
#8140 = ORIENTED_EDGE('',*,*,#5091,.T.);
#8141 = ORIENTED_EDGE('',*,*,#5122,.T.);
#8142 = ORIENTED_EDGE('',*,*,#5153,.T.);
#8143 = ORIENTED_EDGE('',*,*,#5175,.T.);
#8144 = FACE_BOUND('',#8145,.T.);
#8145 = EDGE_LOOP('',(#8146,#8147,#8148,#8149));
#8146 = ORIENTED_EDGE('',*,*,#5215,.T.);
#8147 = ORIENTED_EDGE('',*,*,#5246,.T.);
#8148 = ORIENTED_EDGE('',*,*,#5277,.T.);
#8149 = ORIENTED_EDGE('',*,*,#5299,.T.);
#8150 = FACE_BOUND('',#8151,.T.);
#8151 = EDGE_LOOP('',(#8152,#8153,#8154,#8155,#8156));
#8152 = ORIENTED_EDGE('',*,*,#5339,.T.);
#8153 = ORIENTED_EDGE('',*,*,#5370,.T.);
#8154 = ORIENTED_EDGE('',*,*,#5401,.T.);
#8155 = ORIENTED_EDGE('',*,*,#5432,.T.);
#8156 = ORIENTED_EDGE('',*,*,#5454,.T.);
#8157 = FACE_BOUND('',#8158,.T.);
#8158 = EDGE_LOOP('',(#8159,#8160,#8161,#8162));
#8159 = ORIENTED_EDGE('',*,*,#5494,.T.);
#8160 = ORIENTED_EDGE('',*,*,#5525,.T.);
#8161 = ORIENTED_EDGE('',*,*,#5556,.T.);
#8162 = ORIENTED_EDGE('',*,*,#5578,.T.);
#8163 = FACE_BOUND('',#8164,.T.);
#8164 = EDGE_LOOP('',(#8165,#8166,#8167,#8168));
#8165 = ORIENTED_EDGE('',*,*,#5618,.T.);
#8166 = ORIENTED_EDGE('',*,*,#5649,.T.);
#8167 = ORIENTED_EDGE('',*,*,#5680,.T.);
#8168 = ORIENTED_EDGE('',*,*,#5702,.T.);
#8169 = FACE_BOUND('',#8170,.T.);
#8170 = EDGE_LOOP('',(#8171,#8172,#8173,#8174));
#8171 = ORIENTED_EDGE('',*,*,#5742,.T.);
#8172 = ORIENTED_EDGE('',*,*,#5773,.T.);
#8173 = ORIENTED_EDGE('',*,*,#5804,.T.);
#8174 = ORIENTED_EDGE('',*,*,#5826,.T.);
#8175 = FACE_BOUND('',#8176,.T.);
#8176 = EDGE_LOOP('',(#8177,#8178,#8179,#8180));
#8177 = ORIENTED_EDGE('',*,*,#5866,.T.);
#8178 = ORIENTED_EDGE('',*,*,#5897,.T.);
#8179 = ORIENTED_EDGE('',*,*,#5928,.T.);
#8180 = ORIENTED_EDGE('',*,*,#5950,.T.);
#8181 = FACE_BOUND('',#8182,.T.);
#8182 = EDGE_LOOP('',(#8183,#8184,#8185,#8186));
#8183 = ORIENTED_EDGE('',*,*,#5990,.T.);
#8184 = ORIENTED_EDGE('',*,*,#6021,.T.);
#8185 = ORIENTED_EDGE('',*,*,#6052,.T.);
#8186 = ORIENTED_EDGE('',*,*,#6074,.T.);
#8187 = FACE_BOUND('',#8188,.T.);
#8188 = EDGE_LOOP('',(#8189,#8190,#8191,#8192));
#8189 = ORIENTED_EDGE('',*,*,#6114,.T.);
#8190 = ORIENTED_EDGE('',*,*,#6145,.T.);
#8191 = ORIENTED_EDGE('',*,*,#6176,.T.);
#8192 = ORIENTED_EDGE('',*,*,#6198,.T.);
#8193 = FACE_BOUND('',#8194,.T.);
#8194 = EDGE_LOOP('',(#8195,#8196,#8197,#8198,#8199));
#8195 = ORIENTED_EDGE('',*,*,#6238,.T.);
#8196 = ORIENTED_EDGE('',*,*,#6269,.T.);
#8197 = ORIENTED_EDGE('',*,*,#6300,.T.);
#8198 = ORIENTED_EDGE('',*,*,#6331,.T.);
#8199 = ORIENTED_EDGE('',*,*,#6353,.T.);
#8200 = FACE_BOUND('',#8201,.T.);
#8201 = EDGE_LOOP('',(#8202,#8203,#8204,#8205));
#8202 = ORIENTED_EDGE('',*,*,#6393,.T.);
#8203 = ORIENTED_EDGE('',*,*,#6424,.T.);
#8204 = ORIENTED_EDGE('',*,*,#6455,.T.);
#8205 = ORIENTED_EDGE('',*,*,#6477,.T.);
#8206 = FACE_BOUND('',#8207,.T.);
#8207 = EDGE_LOOP('',(#8208,#8209,#8210,#8211));
#8208 = ORIENTED_EDGE('',*,*,#6517,.T.);
#8209 = ORIENTED_EDGE('',*,*,#6548,.T.);
#8210 = ORIENTED_EDGE('',*,*,#6579,.T.);
#8211 = ORIENTED_EDGE('',*,*,#6601,.T.);
#8212 = FACE_BOUND('',#8213,.T.);
#8213 = EDGE_LOOP('',(#8214,#8215,#8216,#8217));
#8214 = ORIENTED_EDGE('',*,*,#6642,.T.);
#8215 = ORIENTED_EDGE('',*,*,#6674,.T.);
#8216 = ORIENTED_EDGE('',*,*,#6705,.T.);
#8217 = ORIENTED_EDGE('',*,*,#6727,.T.);
#8218 = FACE_BOUND('',#8219,.T.);
#8219 = EDGE_LOOP('',(#8220,#8221,#8222,#8223));
#8220 = ORIENTED_EDGE('',*,*,#6767,.T.);
#8221 = ORIENTED_EDGE('',*,*,#6798,.T.);
#8222 = ORIENTED_EDGE('',*,*,#6829,.T.);
#8223 = ORIENTED_EDGE('',*,*,#6851,.T.);
#8224 = FACE_BOUND('',#8225,.T.);
#8225 = EDGE_LOOP('',(#8226,#8227,#8228,#8229,#8230,#8231));
#8226 = ORIENTED_EDGE('',*,*,#6892,.T.);
#8227 = ORIENTED_EDGE('',*,*,#6924,.T.);
#8228 = ORIENTED_EDGE('',*,*,#6955,.T.);
#8229 = ORIENTED_EDGE('',*,*,#6986,.T.);
#8230 = ORIENTED_EDGE('',*,*,#7017,.T.);
#8231 = ORIENTED_EDGE('',*,*,#7039,.T.);
#8232 = FACE_BOUND('',#8233,.T.);
#8233 = EDGE_LOOP('',(#8234,#8235,#8236,#8237));
#8234 = ORIENTED_EDGE('',*,*,#7079,.T.);
#8235 = ORIENTED_EDGE('',*,*,#7110,.T.);
#8236 = ORIENTED_EDGE('',*,*,#7141,.T.);
#8237 = ORIENTED_EDGE('',*,*,#7163,.T.);
#8238 = FACE_BOUND('',#8239,.T.);
#8239 = EDGE_LOOP('',(#8240,#8241,#8242,#8243));
#8240 = ORIENTED_EDGE('',*,*,#7203,.T.);
#8241 = ORIENTED_EDGE('',*,*,#7234,.T.);
#8242 = ORIENTED_EDGE('',*,*,#7265,.T.);
#8243 = ORIENTED_EDGE('',*,*,#7287,.T.);
#8244 = FACE_BOUND('',#8245,.T.);
#8245 = EDGE_LOOP('',(#8246,#8247,#8248,#8249));
#8246 = ORIENTED_EDGE('',*,*,#7327,.T.);
#8247 = ORIENTED_EDGE('',*,*,#7358,.T.);
#8248 = ORIENTED_EDGE('',*,*,#7390,.T.);
#8249 = ORIENTED_EDGE('',*,*,#7413,.T.);
#8250 = FACE_BOUND('',#8251,.T.);
#8251 = EDGE_LOOP('',(#8252,#8253,#8254,#8255));
#8252 = ORIENTED_EDGE('',*,*,#7453,.T.);
#8253 = ORIENTED_EDGE('',*,*,#7484,.T.);
#8254 = ORIENTED_EDGE('',*,*,#7515,.T.);
#8255 = ORIENTED_EDGE('',*,*,#7537,.T.);
#8256 = FACE_BOUND('',#8257,.T.);
#8257 = EDGE_LOOP('',(#8258));
#8258 = ORIENTED_EDGE('',*,*,#7569,.T.);
#8259 = FACE_BOUND('',#8260,.T.);
#8260 = EDGE_LOOP('',(#8261));
#8261 = ORIENTED_EDGE('',*,*,#7602,.T.);
#8262 = FACE_BOUND('',#8263,.T.);
#8263 = EDGE_LOOP('',(#8264,#8265,#8266,#8267));
#8264 = ORIENTED_EDGE('',*,*,#7644,.T.);
#8265 = ORIENTED_EDGE('',*,*,#7676,.T.);
#8266 = ORIENTED_EDGE('',*,*,#7707,.T.);
#8267 = ORIENTED_EDGE('',*,*,#7729,.T.);
#8268 = FACE_BOUND('',#8269,.T.);
#8269 = EDGE_LOOP('',(#8270,#8271,#8272,#8273,#8274));
#8270 = ORIENTED_EDGE('',*,*,#7769,.T.);
#8271 = ORIENTED_EDGE('',*,*,#7801,.T.);
#8272 = ORIENTED_EDGE('',*,*,#7833,.T.);
#8273 = ORIENTED_EDGE('',*,*,#7864,.T.);
#8274 = ORIENTED_EDGE('',*,*,#7886,.T.);
#8275 = FACE_BOUND('',#8276,.T.);
#8276 = EDGE_LOOP('',(#8277,#8278,#8279));
#8277 = ORIENTED_EDGE('',*,*,#7926,.T.);
#8278 = ORIENTED_EDGE('',*,*,#7957,.T.);
#8279 = ORIENTED_EDGE('',*,*,#7979,.T.);
#8280 = FACE_BOUND('',#8281,.T.);
#8281 = EDGE_LOOP('',(#8282,#8283,#8284,#8285));
#8282 = ORIENTED_EDGE('',*,*,#8020,.T.);
#8283 = ORIENTED_EDGE('',*,*,#8052,.T.);
#8284 = ORIENTED_EDGE('',*,*,#8083,.T.);
#8285 = ORIENTED_EDGE('',*,*,#8105,.T.);
#8286 = PLANE('',#8287);
#8287 = AXIS2_PLACEMENT_3D('',#8288,#8289,#8290);
#8288 = CARTESIAN_POINT('',(0.,0.,0.));
#8289 = DIRECTION('',(0.,0.,1.));
#8290 = DIRECTION('',(1.,0.,-0.));
#8291 = ADVANCED_FACE('',(#8292,#8302,#8305,#8308,#8314,#8320,#8326,
    #8333,#8339,#8345,#8351,#8357,#8363,#8369,#8376,#8382,#8388,#8394,
    #8400,#8408,#8414,#8420,#8426,#8432,#8435,#8438,#8444,#8451,#8456),
  #8462,.T.);
#8292 = FACE_BOUND('',#8293,.F.);
#8293 = EDGE_LOOP('',(#8294,#8295,#8296,#8297,#8298,#8299,#8300,#8301));
#8294 = ORIENTED_EDGE('',*,*,#4629,.T.);
#8295 = ORIENTED_EDGE('',*,*,#4662,.T.);
#8296 = ORIENTED_EDGE('',*,*,#4693,.T.);
#8297 = ORIENTED_EDGE('',*,*,#4726,.T.);
#8298 = ORIENTED_EDGE('',*,*,#4757,.T.);
#8299 = ORIENTED_EDGE('',*,*,#4790,.T.);
#8300 = ORIENTED_EDGE('',*,*,#4821,.T.);
#8301 = ORIENTED_EDGE('',*,*,#4854,.T.);
#8302 = FACE_BOUND('',#8303,.F.);
#8303 = EDGE_LOOP('',(#8304));
#8304 = ORIENTED_EDGE('',*,*,#4885,.T.);
#8305 = FACE_BOUND('',#8306,.F.);
#8306 = EDGE_LOOP('',(#8307));
#8307 = ORIENTED_EDGE('',*,*,#4918,.T.);
#8308 = FACE_BOUND('',#8309,.F.);
#8309 = EDGE_LOOP('',(#8310,#8311,#8312,#8313));
#8310 = ORIENTED_EDGE('',*,*,#4951,.T.);
#8311 = ORIENTED_EDGE('',*,*,#4982,.T.);
#8312 = ORIENTED_EDGE('',*,*,#5013,.T.);
#8313 = ORIENTED_EDGE('',*,*,#5044,.T.);
#8314 = FACE_BOUND('',#8315,.F.);
#8315 = EDGE_LOOP('',(#8316,#8317,#8318,#8319));
#8316 = ORIENTED_EDGE('',*,*,#5075,.T.);
#8317 = ORIENTED_EDGE('',*,*,#5106,.T.);
#8318 = ORIENTED_EDGE('',*,*,#5137,.T.);
#8319 = ORIENTED_EDGE('',*,*,#5168,.T.);
#8320 = FACE_BOUND('',#8321,.F.);
#8321 = EDGE_LOOP('',(#8322,#8323,#8324,#8325));
#8322 = ORIENTED_EDGE('',*,*,#5199,.T.);
#8323 = ORIENTED_EDGE('',*,*,#5230,.T.);
#8324 = ORIENTED_EDGE('',*,*,#5261,.T.);
#8325 = ORIENTED_EDGE('',*,*,#5292,.T.);
#8326 = FACE_BOUND('',#8327,.F.);
#8327 = EDGE_LOOP('',(#8328,#8329,#8330,#8331,#8332));
#8328 = ORIENTED_EDGE('',*,*,#5323,.T.);
#8329 = ORIENTED_EDGE('',*,*,#5354,.T.);
#8330 = ORIENTED_EDGE('',*,*,#5385,.T.);
#8331 = ORIENTED_EDGE('',*,*,#5416,.T.);
#8332 = ORIENTED_EDGE('',*,*,#5447,.T.);
#8333 = FACE_BOUND('',#8334,.F.);
#8334 = EDGE_LOOP('',(#8335,#8336,#8337,#8338));
#8335 = ORIENTED_EDGE('',*,*,#5478,.T.);
#8336 = ORIENTED_EDGE('',*,*,#5509,.T.);
#8337 = ORIENTED_EDGE('',*,*,#5540,.T.);
#8338 = ORIENTED_EDGE('',*,*,#5571,.T.);
#8339 = FACE_BOUND('',#8340,.F.);
#8340 = EDGE_LOOP('',(#8341,#8342,#8343,#8344));
#8341 = ORIENTED_EDGE('',*,*,#5602,.T.);
#8342 = ORIENTED_EDGE('',*,*,#5633,.T.);
#8343 = ORIENTED_EDGE('',*,*,#5664,.T.);
#8344 = ORIENTED_EDGE('',*,*,#5695,.T.);
#8345 = FACE_BOUND('',#8346,.F.);
#8346 = EDGE_LOOP('',(#8347,#8348,#8349,#8350));
#8347 = ORIENTED_EDGE('',*,*,#5726,.T.);
#8348 = ORIENTED_EDGE('',*,*,#5757,.T.);
#8349 = ORIENTED_EDGE('',*,*,#5788,.T.);
#8350 = ORIENTED_EDGE('',*,*,#5819,.T.);
#8351 = FACE_BOUND('',#8352,.F.);
#8352 = EDGE_LOOP('',(#8353,#8354,#8355,#8356));
#8353 = ORIENTED_EDGE('',*,*,#5850,.T.);
#8354 = ORIENTED_EDGE('',*,*,#5881,.T.);
#8355 = ORIENTED_EDGE('',*,*,#5912,.T.);
#8356 = ORIENTED_EDGE('',*,*,#5943,.T.);
#8357 = FACE_BOUND('',#8358,.F.);
#8358 = EDGE_LOOP('',(#8359,#8360,#8361,#8362));
#8359 = ORIENTED_EDGE('',*,*,#5974,.T.);
#8360 = ORIENTED_EDGE('',*,*,#6005,.T.);
#8361 = ORIENTED_EDGE('',*,*,#6036,.T.);
#8362 = ORIENTED_EDGE('',*,*,#6067,.T.);
#8363 = FACE_BOUND('',#8364,.F.);
#8364 = EDGE_LOOP('',(#8365,#8366,#8367,#8368));
#8365 = ORIENTED_EDGE('',*,*,#6098,.T.);
#8366 = ORIENTED_EDGE('',*,*,#6129,.T.);
#8367 = ORIENTED_EDGE('',*,*,#6160,.T.);
#8368 = ORIENTED_EDGE('',*,*,#6191,.T.);
#8369 = FACE_BOUND('',#8370,.F.);
#8370 = EDGE_LOOP('',(#8371,#8372,#8373,#8374,#8375));
#8371 = ORIENTED_EDGE('',*,*,#6222,.T.);
#8372 = ORIENTED_EDGE('',*,*,#6253,.T.);
#8373 = ORIENTED_EDGE('',*,*,#6284,.T.);
#8374 = ORIENTED_EDGE('',*,*,#6315,.T.);
#8375 = ORIENTED_EDGE('',*,*,#6346,.T.);
#8376 = FACE_BOUND('',#8377,.F.);
#8377 = EDGE_LOOP('',(#8378,#8379,#8380,#8381));
#8378 = ORIENTED_EDGE('',*,*,#6377,.T.);
#8379 = ORIENTED_EDGE('',*,*,#6408,.T.);
#8380 = ORIENTED_EDGE('',*,*,#6439,.T.);
#8381 = ORIENTED_EDGE('',*,*,#6470,.T.);
#8382 = FACE_BOUND('',#8383,.F.);
#8383 = EDGE_LOOP('',(#8384,#8385,#8386,#8387));
#8384 = ORIENTED_EDGE('',*,*,#6501,.T.);
#8385 = ORIENTED_EDGE('',*,*,#6532,.T.);
#8386 = ORIENTED_EDGE('',*,*,#6563,.T.);
#8387 = ORIENTED_EDGE('',*,*,#6594,.T.);
#8388 = FACE_BOUND('',#8389,.F.);
#8389 = EDGE_LOOP('',(#8390,#8391,#8392,#8393));
#8390 = ORIENTED_EDGE('',*,*,#6625,.T.);
#8391 = ORIENTED_EDGE('',*,*,#6658,.T.);
#8392 = ORIENTED_EDGE('',*,*,#6689,.T.);
#8393 = ORIENTED_EDGE('',*,*,#6720,.T.);
#8394 = FACE_BOUND('',#8395,.F.);
#8395 = EDGE_LOOP('',(#8396,#8397,#8398,#8399));
#8396 = ORIENTED_EDGE('',*,*,#6751,.T.);
#8397 = ORIENTED_EDGE('',*,*,#6782,.T.);
#8398 = ORIENTED_EDGE('',*,*,#6813,.T.);
#8399 = ORIENTED_EDGE('',*,*,#6844,.T.);
#8400 = FACE_BOUND('',#8401,.F.);
#8401 = EDGE_LOOP('',(#8402,#8403,#8404,#8405,#8406,#8407));
#8402 = ORIENTED_EDGE('',*,*,#6875,.T.);
#8403 = ORIENTED_EDGE('',*,*,#6908,.T.);
#8404 = ORIENTED_EDGE('',*,*,#6939,.T.);
#8405 = ORIENTED_EDGE('',*,*,#6970,.T.);
#8406 = ORIENTED_EDGE('',*,*,#7001,.T.);
#8407 = ORIENTED_EDGE('',*,*,#7032,.T.);
#8408 = FACE_BOUND('',#8409,.F.);
#8409 = EDGE_LOOP('',(#8410,#8411,#8412,#8413));
#8410 = ORIENTED_EDGE('',*,*,#7063,.T.);
#8411 = ORIENTED_EDGE('',*,*,#7094,.T.);
#8412 = ORIENTED_EDGE('',*,*,#7125,.T.);
#8413 = ORIENTED_EDGE('',*,*,#7156,.T.);
#8414 = FACE_BOUND('',#8415,.F.);
#8415 = EDGE_LOOP('',(#8416,#8417,#8418,#8419));
#8416 = ORIENTED_EDGE('',*,*,#7187,.T.);
#8417 = ORIENTED_EDGE('',*,*,#7218,.T.);
#8418 = ORIENTED_EDGE('',*,*,#7249,.T.);
#8419 = ORIENTED_EDGE('',*,*,#7280,.T.);
#8420 = FACE_BOUND('',#8421,.F.);
#8421 = EDGE_LOOP('',(#8422,#8423,#8424,#8425));
#8422 = ORIENTED_EDGE('',*,*,#7311,.T.);
#8423 = ORIENTED_EDGE('',*,*,#7342,.T.);
#8424 = ORIENTED_EDGE('',*,*,#7373,.T.);
#8425 = ORIENTED_EDGE('',*,*,#7406,.T.);
#8426 = FACE_BOUND('',#8427,.F.);
#8427 = EDGE_LOOP('',(#8428,#8429,#8430,#8431));
#8428 = ORIENTED_EDGE('',*,*,#7437,.T.);
#8429 = ORIENTED_EDGE('',*,*,#7468,.T.);
#8430 = ORIENTED_EDGE('',*,*,#7499,.T.);
#8431 = ORIENTED_EDGE('',*,*,#7530,.T.);
#8432 = FACE_BOUND('',#8433,.F.);
#8433 = EDGE_LOOP('',(#8434));
#8434 = ORIENTED_EDGE('',*,*,#7561,.T.);
#8435 = FACE_BOUND('',#8436,.F.);
#8436 = EDGE_LOOP('',(#8437));
#8437 = ORIENTED_EDGE('',*,*,#7594,.T.);
#8438 = FACE_BOUND('',#8439,.F.);
#8439 = EDGE_LOOP('',(#8440,#8441,#8442,#8443));
#8440 = ORIENTED_EDGE('',*,*,#7627,.T.);
#8441 = ORIENTED_EDGE('',*,*,#7660,.T.);
#8442 = ORIENTED_EDGE('',*,*,#7691,.T.);
#8443 = ORIENTED_EDGE('',*,*,#7722,.T.);
#8444 = FACE_BOUND('',#8445,.F.);
#8445 = EDGE_LOOP('',(#8446,#8447,#8448,#8449,#8450));
#8446 = ORIENTED_EDGE('',*,*,#7753,.T.);
#8447 = ORIENTED_EDGE('',*,*,#7784,.T.);
#8448 = ORIENTED_EDGE('',*,*,#7817,.T.);
#8449 = ORIENTED_EDGE('',*,*,#7848,.T.);
#8450 = ORIENTED_EDGE('',*,*,#7879,.T.);
#8451 = FACE_BOUND('',#8452,.F.);
#8452 = EDGE_LOOP('',(#8453,#8454,#8455));
#8453 = ORIENTED_EDGE('',*,*,#7910,.T.);
#8454 = ORIENTED_EDGE('',*,*,#7941,.T.);
#8455 = ORIENTED_EDGE('',*,*,#7972,.T.);
#8456 = FACE_BOUND('',#8457,.F.);
#8457 = EDGE_LOOP('',(#8458,#8459,#8460,#8461));
#8458 = ORIENTED_EDGE('',*,*,#8003,.T.);
#8459 = ORIENTED_EDGE('',*,*,#8036,.T.);
#8460 = ORIENTED_EDGE('',*,*,#8067,.T.);
#8461 = ORIENTED_EDGE('',*,*,#8098,.T.);
#8462 = PLANE('',#8463);
#8463 = AXIS2_PLACEMENT_3D('',#8464,#8465,#8466);
#8464 = CARTESIAN_POINT('',(0.,0.,1.5162));
#8465 = DIRECTION('',(0.,0.,1.));
#8466 = DIRECTION('',(1.,0.,-0.));
#8467 = ( GEOMETRIC_REPRESENTATION_CONTEXT(3) 
GLOBAL_UNCERTAINTY_ASSIGNED_CONTEXT((#8471)) 
GLOBAL_UNIT_ASSIGNED_CONTEXT((#8468,#8469,#8470)) REPRESENTATION_CONTEXT
('Context #1','3D Context with UNIT and UNCERTAINTY') );
#8468 = ( LENGTH_UNIT() NAMED_UNIT(*) SI_UNIT(.MILLI.,.METRE.) );
#8469 = ( NAMED_UNIT(*) PLANE_ANGLE_UNIT() SI_UNIT($,.RADIAN.) );
#8470 = ( NAMED_UNIT(*) SI_UNIT($,.STERADIAN.) SOLID_ANGLE_UNIT() );
#8471 = UNCERTAINTY_MEASURE_WITH_UNIT(LENGTH_MEASURE(1.E-07),#8468,
  'distance_accuracy_value','confusion accuracy');
#8472 = CONTEXT_DEPENDENT_SHAPE_REPRESENTATION(#8473,#8475);
#8473 = ( REPRESENTATION_RELATIONSHIP('','',#4612,#10) 
REPRESENTATION_RELATIONSHIP_WITH_TRANSFORMATION(#8474) 
SHAPE_REPRESENTATION_RELATIONSHIP() );
#8474 = ITEM_DEFINED_TRANSFORMATION('','',#11,#19);
#8475 = PRODUCT_DEFINITION_SHAPE('Placement','Placement of an item',
  #8476);
#8476 = NEXT_ASSEMBLY_USAGE_OCCURRENCE('2','=>[0:1:1:3]','',#5,#4607,$);
#8477 = PRODUCT_RELATED_PRODUCT_CATEGORY('part',$,(#4609));
#8478 = MECHANICAL_DESIGN_GEOMETRIC_PRESENTATION_REPRESENTATION('',(
    #8479,#8487,#8494,#8501,#8508,#8515,#8522,#8529,#8536,#8543,#8550,
    #8557,#8564,#8571,#8578,#8585,#8592,#8599),#4594);
#8479 = STYLED_ITEM('color',(#8480),#39);
#8480 = PRESENTATION_STYLE_ASSIGNMENT((#8481));
#8481 = SURFACE_STYLE_USAGE(.BOTH.,#8482);
#8482 = SURFACE_SIDE_STYLE('',(#8483));
#8483 = SURFACE_STYLE_FILL_AREA(#8484);
#8484 = FILL_AREA_STYLE('',(#8485));
#8485 = FILL_AREA_STYLE_COLOUR('',#8486);
#8486 = COLOUR_RGB('',0.982560078588,0.982560078588,0.982560078588);
#8487 = STYLED_ITEM('color',(#8488),#871);
#8488 = PRESENTATION_STYLE_ASSIGNMENT((#8489));
#8489 = SURFACE_STYLE_USAGE(.BOTH.,#8490);
#8490 = SURFACE_SIDE_STYLE('',(#8491));
#8491 = SURFACE_STYLE_FILL_AREA(#8492);
#8492 = FILL_AREA_STYLE('',(#8493));
#8493 = FILL_AREA_STYLE_COLOUR('',#8486);
#8494 = STYLED_ITEM('color',(#8495),#1335);
#8495 = PRESENTATION_STYLE_ASSIGNMENT((#8496));
#8496 = SURFACE_STYLE_USAGE(.BOTH.,#8497);
#8497 = SURFACE_SIDE_STYLE('',(#8498));
#8498 = SURFACE_STYLE_FILL_AREA(#8499);
#8499 = FILL_AREA_STYLE('',(#8500));
#8500 = FILL_AREA_STYLE_COLOUR('',#8486);
#8501 = STYLED_ITEM('color',(#8502),#1847);
#8502 = PRESENTATION_STYLE_ASSIGNMENT((#8503));
#8503 = SURFACE_STYLE_USAGE(.BOTH.,#8504);
#8504 = SURFACE_SIDE_STYLE('',(#8505));
#8505 = SURFACE_STYLE_FILL_AREA(#8506);
#8506 = FILL_AREA_STYLE('',(#8507));
#8507 = FILL_AREA_STYLE_COLOUR('',#8486);
#8508 = STYLED_ITEM('color',(#8509),#2234);
#8509 = PRESENTATION_STYLE_ASSIGNMENT((#8510));
#8510 = SURFACE_STYLE_USAGE(.BOTH.,#8511);
#8511 = SURFACE_SIDE_STYLE('',(#8512));
#8512 = SURFACE_STYLE_FILL_AREA(#8513);
#8513 = FILL_AREA_STYLE('',(#8514));
#8514 = FILL_AREA_STYLE_COLOUR('',#8486);
#8515 = STYLED_ITEM('color',(#8516),#2698);
#8516 = PRESENTATION_STYLE_ASSIGNMENT((#8517));
#8517 = SURFACE_STYLE_USAGE(.BOTH.,#8518);
#8518 = SURFACE_SIDE_STYLE('',(#8519));
#8519 = SURFACE_STYLE_FILL_AREA(#8520);
#8520 = FILL_AREA_STYLE('',(#8521));
#8521 = FILL_AREA_STYLE_COLOUR('',#8486);
#8522 = STYLED_ITEM('color',(#8523),#2740);
#8523 = PRESENTATION_STYLE_ASSIGNMENT((#8524));
#8524 = SURFACE_STYLE_USAGE(.BOTH.,#8525);
#8525 = SURFACE_SIDE_STYLE('',(#8526));
#8526 = SURFACE_STYLE_FILL_AREA(#8527);
#8527 = FILL_AREA_STYLE('',(#8528));
#8528 = FILL_AREA_STYLE_COLOUR('',#8486);
#8529 = STYLED_ITEM('color',(#8530),#2943);
#8530 = PRESENTATION_STYLE_ASSIGNMENT((#8531));
#8531 = SURFACE_STYLE_USAGE(.BOTH.,#8532);
#8532 = SURFACE_SIDE_STYLE('',(#8533));
#8533 = SURFACE_STYLE_FILL_AREA(#8534);
#8534 = FILL_AREA_STYLE('',(#8535));
#8535 = FILL_AREA_STYLE_COLOUR('',#8486);
#8536 = STYLED_ITEM('color',(#8537),#2985);
#8537 = PRESENTATION_STYLE_ASSIGNMENT((#8538));
#8538 = SURFACE_STYLE_USAGE(.BOTH.,#8539);
#8539 = SURFACE_SIDE_STYLE('',(#8540));
#8540 = SURFACE_STYLE_FILL_AREA(#8541);
#8541 = FILL_AREA_STYLE('',(#8542));
#8542 = FILL_AREA_STYLE_COLOUR('',#8486);
#8543 = STYLED_ITEM('color',(#8544),#3245);
#8544 = PRESENTATION_STYLE_ASSIGNMENT((#8545));
#8545 = SURFACE_STYLE_USAGE(.BOTH.,#8546);
#8546 = SURFACE_SIDE_STYLE('',(#8547));
#8547 = SURFACE_STYLE_FILL_AREA(#8548);
#8548 = FILL_AREA_STYLE('',(#8549));
#8549 = FILL_AREA_STYLE_COLOUR('',#8486);
#8550 = STYLED_ITEM('color',(#8551),#3359);
#8551 = PRESENTATION_STYLE_ASSIGNMENT((#8552));
#8552 = SURFACE_STYLE_USAGE(.BOTH.,#8553);
#8553 = SURFACE_SIDE_STYLE('',(#8554));
#8554 = SURFACE_STYLE_FILL_AREA(#8555);
#8555 = FILL_AREA_STYLE('',(#8556));
#8556 = FILL_AREA_STYLE_COLOUR('',#8486);
#8557 = STYLED_ITEM('color',(#8558),#3538);
#8558 = PRESENTATION_STYLE_ASSIGNMENT((#8559));
#8559 = SURFACE_STYLE_USAGE(.BOTH.,#8560);
#8560 = SURFACE_SIDE_STYLE('',(#8561));
#8561 = SURFACE_STYLE_FILL_AREA(#8562);
#8562 = FILL_AREA_STYLE('',(#8563));
#8563 = FILL_AREA_STYLE_COLOUR('',#8486);
#8564 = STYLED_ITEM('color',(#8565),#3652);
#8565 = PRESENTATION_STYLE_ASSIGNMENT((#8566));
#8566 = SURFACE_STYLE_USAGE(.BOTH.,#8567);
#8567 = SURFACE_SIDE_STYLE('',(#8568));
#8568 = SURFACE_STYLE_FILL_AREA(#8569);
#8569 = FILL_AREA_STYLE('',(#8570));
#8570 = FILL_AREA_STYLE_COLOUR('',#8486);
#8571 = STYLED_ITEM('color',(#8572),#3922);
#8572 = PRESENTATION_STYLE_ASSIGNMENT((#8573));
#8573 = SURFACE_STYLE_USAGE(.BOTH.,#8574);
#8574 = SURFACE_SIDE_STYLE('',(#8575));
#8575 = SURFACE_STYLE_FILL_AREA(#8576);
#8576 = FILL_AREA_STYLE('',(#8577));
#8577 = FILL_AREA_STYLE_COLOUR('',#8486);
#8578 = STYLED_ITEM('color',(#8579),#4372);
#8579 = PRESENTATION_STYLE_ASSIGNMENT((#8580));
#8580 = SURFACE_STYLE_USAGE(.BOTH.,#8581);
#8581 = SURFACE_SIDE_STYLE('',(#8582));
#8582 = SURFACE_STYLE_FILL_AREA(#8583);
#8583 = FILL_AREA_STYLE('',(#8584));
#8584 = FILL_AREA_STYLE_COLOUR('',#8486);
#8585 = STYLED_ITEM('color',(#8586),#4414);
#8586 = PRESENTATION_STYLE_ASSIGNMENT((#8587));
#8587 = SURFACE_STYLE_USAGE(.BOTH.,#8588);
#8588 = SURFACE_SIDE_STYLE('',(#8589));
#8589 = SURFACE_STYLE_FILL_AREA(#8590);
#8590 = FILL_AREA_STYLE('',(#8591));
#8591 = FILL_AREA_STYLE_COLOUR('',#8486);
#8592 = STYLED_ITEM('color',(#8593),#4512);
#8593 = PRESENTATION_STYLE_ASSIGNMENT((#8594));
#8594 = SURFACE_STYLE_USAGE(.BOTH.,#8595);
#8595 = SURFACE_SIDE_STYLE('',(#8596));
#8596 = SURFACE_STYLE_FILL_AREA(#8597);
#8597 = FILL_AREA_STYLE('',(#8598));
#8598 = FILL_AREA_STYLE_COLOUR('',#8486);
#8599 = STYLED_ITEM('color',(#8600),#4554);
#8600 = PRESENTATION_STYLE_ASSIGNMENT((#8601));
#8601 = SURFACE_STYLE_USAGE(.BOTH.,#8602);
#8602 = SURFACE_SIDE_STYLE('',(#8603));
#8603 = SURFACE_STYLE_FILL_AREA(#8604);
#8604 = FILL_AREA_STYLE('',(#8605));
#8605 = FILL_AREA_STYLE_COLOUR('',#8486);
#8606 = MECHANICAL_DESIGN_GEOMETRIC_PRESENTATION_REPRESENTATION('',(
    #8607),#8467);
#8607 = STYLED_ITEM('color',(#8608),#4613);
#8608 = PRESENTATION_STYLE_ASSIGNMENT((#8609));
#8609 = SURFACE_STYLE_USAGE(.BOTH.,#8610);
#8610 = SURFACE_SIDE_STYLE('',(#8611));
#8611 = SURFACE_STYLE_FILL_AREA(#8612);
#8612 = FILL_AREA_STYLE('',(#8613));
#8613 = FILL_AREA_STYLE_COLOUR('',#8614);
#8614 = COLOUR_RGB('',0.204454873135,0.204454873135,0.204454873135);
ENDSEC;
END-ISO-10303-21;
