ISO-10303-21;
HEADER;
FILE_DESCRIPTION(('KiCad electronic assembly'),'2;1');
FILE_NAME('status-strip.step','2026-09-27T21:49:08',('Pcbnew'),('Kicad')
  ,'Open CASCADE STEP processor 7.8','KiCad to STEP converter','Unknown'
  );
FILE_SCHEMA(('AUTOMOTIVE_DESIGN { 1 0 10303 214 1 1 1 1 }'));
ENDSEC;
DATA;
#1 = APPLICATION_PROTOCOL_DEFINITION('international standard',
  'automotive_design',2000,#2);
#2 = APPLICATION_CONTEXT(
  'core data for automotive mechanical design processes');
#3 = SHAPE_DEFINITION_REPRESENTATION(#4,#10);
#4 = PRODUCT_DEFINITION_SHAPE('','',#5);
#5 = PRODUCT_DEFINITION('design','',#6,#9);
#6 = PRODUCT_DEFINITION_FORMATION('','',#7);
#7 = PRODUCT('status-strip 1','status-strip 1','',(#8));
#8 = PRODUCT_CONTEXT('',#2,'mechanical');
#9 = PRODUCT_DEFINITION_CONTEXT('part definition',#2,'design');
#10 = SHAPE_REPRESENTATION('',(#11,#15,#19,#23,#27,#31,#35,#39,#43,#47,
    #51,#55,#59,#63,#67,#71,#75,#79,#83),#87);
#11 = AXIS2_PLACEMENT_3D('',#12,#13,#14);
#12 = CARTESIAN_POINT('',(0.,0.,0.));
#13 = DIRECTION('',(0.,0.,1.));
#14 = DIRECTION('',(1.,0.,-0.));
#15 = AXIS2_PLACEMENT_3D('',#16,#17,#18);
#16 = CARTESIAN_POINT('',(43.5,-25.,1.6012));
#17 = DIRECTION('',(0.,0.,1.));
#18 = DIRECTION('',(1.,0.,0.));
#19 = AXIS2_PLACEMENT_3D('',#20,#21,#22);
#20 = CARTESIAN_POINT('',(78.98,-25.,1.6012));
#21 = DIRECTION('',(0.,0.,1.));
#22 = DIRECTION('',(1.,0.,0.));
#23 = AXIS2_PLACEMENT_3D('',#24,#25,#26);
#24 = CARTESIAN_POINT('',(96.75,-27.05,1.6012));
#25 = DIRECTION('',(0.,0.,1.));
#26 = DIRECTION('',(-1.,1.224646799147E-16,0.));
#27 = AXIS2_PLACEMENT_3D('',#28,#29,#30);
#28 = CARTESIAN_POINT('',(132.23,-25.,1.6012));
#29 = DIRECTION('',(0.,0.,1.));
#30 = DIRECTION('',(1.,0.,0.));
#31 = AXIS2_PLACEMENT_3D('',#32,#33,#34);
#32 = CARTESIAN_POINT('',(114.5,-27.05,1.6012));
#33 = DIRECTION('',(0.,0.,1.));
#34 = DIRECTION('',(-1.,1.224646799147E-16,0.));
#35 = AXIS2_PLACEMENT_3D('',#36,#37,#38);
#36 = CARTESIAN_POINT('',(61.25,-27.05,1.6012));
#37 = DIRECTION('',(0.,0.,1.));
#38 = DIRECTION('',(-1.,1.224646799147E-16,0.));
#39 = AXIS2_PLACEMENT_3D('',#40,#41,#42);
#40 = CARTESIAN_POINT('',(114.48,-25.,1.6012));
#41 = DIRECTION('',(0.,0.,1.));
#42 = DIRECTION('',(1.,0.,0.));
#43 = AXIS2_PLACEMENT_3D('',#44,#45,#46);
#44 = CARTESIAN_POINT('',(96.73,-25.,1.6012));
#45 = DIRECTION('',(0.,0.,1.));
#46 = DIRECTION('',(1.,0.,0.));
#47 = AXIS2_PLACEMENT_3D('',#48,#49,#50);
#48 = CARTESIAN_POINT('',(25.75,-27.05,1.6012));
#49 = DIRECTION('',(0.,0.,1.));
#50 = DIRECTION('',(-1.,1.224646799147E-16,0.));
#51 = AXIS2_PLACEMENT_3D('',#52,#53,#54);
#52 = CARTESIAN_POINT('',(61.25,-25.,1.6012));
#53 = DIRECTION('',(0.,0.,1.));
#54 = DIRECTION('',(1.,0.,0.));
#55 = AXIS2_PLACEMENT_3D('',#56,#57,#58);
#56 = CARTESIAN_POINT('',(25.75,-25.,1.6012));
#57 = DIRECTION('',(0.,0.,1.));
#58 = DIRECTION('',(1.,0.,0.));
#59 = AXIS2_PLACEMENT_3D('',#60,#61,#62);
#60 = CARTESIAN_POINT('',(132.25,-27.,1.6012));
#61 = DIRECTION('',(0.,0.,1.));
#62 = DIRECTION('',(-1.,1.224646799147E-16,0.));
#63 = AXIS2_PLACEMENT_3D('',#64,#65,#66);
#64 = CARTESIAN_POINT('',(79.,-27.05,1.6012));
#65 = DIRECTION('',(0.,0.,1.));
#66 = DIRECTION('',(-1.,1.224646799147E-16,0.));
#67 = AXIS2_PLACEMENT_3D('',#68,#69,#70);
#68 = CARTESIAN_POINT('',(43.5,-27.05,1.6012));
#69 = DIRECTION('',(0.,0.,1.));
#70 = DIRECTION('',(-1.,1.224646799147E-16,0.));
#71 = AXIS2_PLACEMENT_3D('',#72,#73,#74);
#72 = CARTESIAN_POINT('',(52.15,-26.85,-8.5E-02));
#73 = DIRECTION('',(0.,-1.224646799147E-16,-1.));
#74 = DIRECTION('',(1.,0.,0.));
#75 = AXIS2_PLACEMENT_3D('',#76,#77,#78);
#76 = CARTESIAN_POINT('',(0.,0.,0.));
#77 = DIRECTION('',(0.,0.,1.));
#78 = DIRECTION('',(1.,0.,-0.));
#79 = AXIS2_PLACEMENT_3D('',#80,#81,#82);
#80 = CARTESIAN_POINT('',(0.,0.,0.));
#81 = DIRECTION('',(0.,0.,1.));
#82 = DIRECTION('',(1.,0.,-0.));
#83 = AXIS2_PLACEMENT_3D('',#84,#85,#86);
#84 = CARTESIAN_POINT('',(0.,0.,0.));
#85 = DIRECTION('',(0.,0.,1.));
#86 = DIRECTION('',(1.,0.,-0.));
#87 = ( GEOMETRIC_REPRESENTATION_CONTEXT(3) 
GLOBAL_UNCERTAINTY_ASSIGNED_CONTEXT((#91)) GLOBAL_UNIT_ASSIGNED_CONTEXT(
(#88,#89,#90)) REPRESENTATION_CONTEXT('Context #1',
  '3D Context with UNIT and UNCERTAINTY') );
#88 = ( LENGTH_UNIT() NAMED_UNIT(*) SI_UNIT(.MILLI.,.METRE.) );
#89 = ( NAMED_UNIT(*) PLANE_ANGLE_UNIT() SI_UNIT($,.RADIAN.) );
#90 = ( NAMED_UNIT(*) SI_UNIT($,.STERADIAN.) SOLID_ANGLE_UNIT() );
#91 = UNCERTAINTY_MEASURE_WITH_UNIT(LENGTH_MEASURE(1.E-07),#88,
  'distance_accuracy_value','confusion accuracy');
#92 = PRODUCT_RELATED_PRODUCT_CATEGORY('part',$,(#7));
#93 = SHAPE_DEFINITION_REPRESENTATION(#94,#100);
#94 = PRODUCT_DEFINITION_SHAPE('','',#95);
#95 = PRODUCT_DEFINITION('design','',#96,#99);
#96 = PRODUCT_DEFINITION_FORMATION('','',#97);
#97 = PRODUCT('C_0402_1005Metric','C_0402_1005Metric','',(#98));
#98 = PRODUCT_CONTEXT('',#2,'mechanical');
#99 = PRODUCT_DEFINITION_CONTEXT('part definition',#2,'design');
#100 = SHAPE_REPRESENTATION('',(#11,#101),#105);
#101 = AXIS2_PLACEMENT_3D('',#102,#103,#104);
#102 = CARTESIAN_POINT('',(0.,0.,0.));
#103 = DIRECTION('',(0.,0.,1.));
#104 = DIRECTION('',(1.,0.,-0.));
#105 = ( GEOMETRIC_REPRESENTATION_CONTEXT(3) 
GLOBAL_UNCERTAINTY_ASSIGNED_CONTEXT((#109)) GLOBAL_UNIT_ASSIGNED_CONTEXT
((#106,#107,#108)) REPRESENTATION_CONTEXT('Context #1',
  '3D Context with UNIT and UNCERTAINTY') );
#106 = ( LENGTH_UNIT() NAMED_UNIT(*) SI_UNIT(.MILLI.,.METRE.) );
#107 = ( NAMED_UNIT(*) PLANE_ANGLE_UNIT() SI_UNIT($,.RADIAN.) );
#108 = ( NAMED_UNIT(*) SI_UNIT($,.STERADIAN.) SOLID_ANGLE_UNIT() );
#109 = UNCERTAINTY_MEASURE_WITH_UNIT(LENGTH_MEASURE(1.E-07),#106,
  'distance_accuracy_value','confusion accuracy');
#110 = CONTEXT_DEPENDENT_SHAPE_REPRESENTATION(#111,#113);
#111 = ( REPRESENTATION_RELATIONSHIP('','',#100,#10) 
REPRESENTATION_RELATIONSHIP_WITH_TRANSFORMATION(#112) 
SHAPE_REPRESENTATION_RELATIONSHIP() );
#112 = ITEM_DEFINED_TRANSFORMATION('','',#11,#15);
#113 = PRODUCT_DEFINITION_SHAPE('Placement','Placement of an item',#114
  );
#114 = NEXT_ASSEMBLY_USAGE_OCCURRENCE('2','C2','',#5,#95,$);
#115 = PRODUCT_RELATED_PRODUCT_CATEGORY('part',$,(#97));
#116 = SHAPE_DEFINITION_REPRESENTATION(#117,#123);
#117 = PRODUCT_DEFINITION_SHAPE('','',#118);
#118 = PRODUCT_DEFINITION('design','',#119,#122);
#119 = PRODUCT_DEFINITION_FORMATION('','',#120);
#120 = PRODUCT('C_0402_1005Metric','C_0402_1005Metric','',(#121));
#121 = PRODUCT_CONTEXT('',#2,'mechanical');
#122 = PRODUCT_DEFINITION_CONTEXT('part definition',#2,'design');
#123 = ADVANCED_BREP_SHAPE_REPRESENTATION('',(#11,#124),#978);
#124 = MANIFOLD_SOLID_BREP('',#125);
#125 = CLOSED_SHELL('',(#126,#202,#233,#258,#283,#307,#331,#356,#381,
    #398,#484,#516,#540,#565,#589,#614,#638,#663,#680,#766,#797,#822,
    #847,#871,#895,#920,#945,#962));
#126 = ADVANCED_FACE('',(#127),#197,.F.);
#127 = FACE_BOUND('',#128,.F.);
#128 = EDGE_LOOP('',(#129,#139,#148,#156,#165,#173,#182,#190));
#129 = ORIENTED_EDGE('',*,*,#130,.F.);
#130 = EDGE_CURVE('',#131,#133,#135,.T.);
#131 = VERTEX_POINT('',#132);
#132 = CARTESIAN_POINT('',(-0.5,-0.25,2.E-02));
#133 = VERTEX_POINT('',#134);
#134 = CARTESIAN_POINT('',(-0.5,-0.25,0.48));
#135 = LINE('',#136,#137);
#136 = CARTESIAN_POINT('',(-0.5,-0.25,0.));
#137 = VECTOR('',#138,1.);
#138 = DIRECTION('',(0.,0.,1.));
#139 = ORIENTED_EDGE('',*,*,#140,.T.);
#140 = EDGE_CURVE('',#131,#141,#143,.T.);
#141 = VERTEX_POINT('',#142);
#142 = CARTESIAN_POINT('',(-0.5,-0.23,0.));
#143 = CIRCLE('',#144,2.E-02);
#144 = AXIS2_PLACEMENT_3D('',#145,#146,#147);
#145 = CARTESIAN_POINT('',(-0.5,-0.23,2.E-02));
#146 = DIRECTION('',(1.,0.,-0.));
#147 = DIRECTION('',(0.,0.,1.));
#148 = ORIENTED_EDGE('',*,*,#149,.T.);
#149 = EDGE_CURVE('',#141,#150,#152,.T.);
#150 = VERTEX_POINT('',#151);
#151 = CARTESIAN_POINT('',(-0.5,0.23,0.));
#152 = LINE('',#153,#154);
#153 = CARTESIAN_POINT('',(-0.5,-0.25,0.));
#154 = VECTOR('',#155,1.);
#155 = DIRECTION('',(0.,1.,0.));
#156 = ORIENTED_EDGE('',*,*,#157,.F.);
#157 = EDGE_CURVE('',#158,#150,#160,.T.);
#158 = VERTEX_POINT('',#159);
#159 = CARTESIAN_POINT('',(-0.5,0.25,2.E-02));
#160 = CIRCLE('',#161,2.E-02);
#161 = AXIS2_PLACEMENT_3D('',#162,#163,#164);
#162 = CARTESIAN_POINT('',(-0.5,0.23,2.E-02));
#163 = DIRECTION('',(-1.,0.,0.));
#164 = DIRECTION('',(0.,0.,1.));
#165 = ORIENTED_EDGE('',*,*,#166,.T.);
#166 = EDGE_CURVE('',#158,#167,#169,.T.);
#167 = VERTEX_POINT('',#168);
#168 = CARTESIAN_POINT('',(-0.5,0.25,0.48));
#169 = LINE('',#170,#171);
#170 = CARTESIAN_POINT('',(-0.5,0.25,0.));
#171 = VECTOR('',#172,1.);
#172 = DIRECTION('',(0.,0.,1.));
#173 = ORIENTED_EDGE('',*,*,#174,.T.);
#174 = EDGE_CURVE('',#167,#175,#177,.T.);
#175 = VERTEX_POINT('',#176);
#176 = CARTESIAN_POINT('',(-0.5,0.23,0.5));
#177 = CIRCLE('',#178,2.E-02);
#178 = AXIS2_PLACEMENT_3D('',#179,#180,#181);
#179 = CARTESIAN_POINT('',(-0.5,0.23,0.48));
#180 = DIRECTION('',(1.,0.,-0.));
#181 = DIRECTION('',(0.,0.,1.));
#182 = ORIENTED_EDGE('',*,*,#183,.F.);
#183 = EDGE_CURVE('',#184,#175,#186,.T.);
#184 = VERTEX_POINT('',#185);
#185 = CARTESIAN_POINT('',(-0.5,-0.23,0.5));
#186 = LINE('',#187,#188);
#187 = CARTESIAN_POINT('',(-0.5,-0.25,0.5));
#188 = VECTOR('',#189,1.);
#189 = DIRECTION('',(0.,1.,0.));
#190 = ORIENTED_EDGE('',*,*,#191,.F.);
#191 = EDGE_CURVE('',#133,#184,#192,.T.);
#192 = CIRCLE('',#193,2.E-02);
#193 = AXIS2_PLACEMENT_3D('',#194,#195,#196);
#194 = CARTESIAN_POINT('',(-0.5,-0.23,0.48));
#195 = DIRECTION('',(-1.,0.,0.));
#196 = DIRECTION('',(0.,0.,1.));
#197 = PLANE('',#198);
#198 = AXIS2_PLACEMENT_3D('',#199,#200,#201);
#199 = CARTESIAN_POINT('',(-0.5,-0.25,0.));
#200 = DIRECTION('',(1.,0.,0.));
#201 = DIRECTION('',(0.,0.,1.));
#202 = ADVANCED_FACE('',(#203),#228,.F.);
#203 = FACE_BOUND('',#204,.F.);
#204 = EDGE_LOOP('',(#205,#215,#221,#222));
#205 = ORIENTED_EDGE('',*,*,#206,.F.);
#206 = EDGE_CURVE('',#207,#209,#211,.T.);
#207 = VERTEX_POINT('',#208);
#208 = CARTESIAN_POINT('',(-0.3,-0.25,2.E-02));
#209 = VERTEX_POINT('',#210);
#210 = CARTESIAN_POINT('',(-0.3,-0.25,0.48));
#211 = LINE('',#212,#213);
#212 = CARTESIAN_POINT('',(-0.3,-0.25,0.));
#213 = VECTOR('',#214,1.);
#214 = DIRECTION('',(0.,0.,1.));
#215 = ORIENTED_EDGE('',*,*,#216,.F.);
#216 = EDGE_CURVE('',#131,#207,#217,.T.);
#217 = LINE('',#218,#219);
#218 = CARTESIAN_POINT('',(-0.5,-0.25,2.E-02));
#219 = VECTOR('',#220,1.);
#220 = DIRECTION('',(1.,0.,0.));
#221 = ORIENTED_EDGE('',*,*,#130,.T.);
#222 = ORIENTED_EDGE('',*,*,#223,.T.);
#223 = EDGE_CURVE('',#133,#209,#224,.T.);
#224 = LINE('',#225,#226);
#225 = CARTESIAN_POINT('',(-0.5,-0.25,0.48));
#226 = VECTOR('',#227,1.);
#227 = DIRECTION('',(1.,0.,0.));
#228 = PLANE('',#229);
#229 = AXIS2_PLACEMENT_3D('',#230,#231,#232);
#230 = CARTESIAN_POINT('',(-0.5,-0.25,0.));
#231 = DIRECTION('',(0.,1.,0.));
#232 = DIRECTION('',(0.,-0.,1.));
#233 = ADVANCED_FACE('',(#234),#253,.T.);
#234 = FACE_BOUND('',#235,.T.);
#235 = EDGE_LOOP('',(#236,#237,#245,#252));
#236 = ORIENTED_EDGE('',*,*,#140,.T.);
#237 = ORIENTED_EDGE('',*,*,#238,.T.);
#238 = EDGE_CURVE('',#141,#239,#241,.T.);
#239 = VERTEX_POINT('',#240);
#240 = CARTESIAN_POINT('',(-0.3,-0.23,0.));
#241 = LINE('',#242,#243);
#242 = CARTESIAN_POINT('',(-0.5,-0.23,0.));
#243 = VECTOR('',#244,1.);
#244 = DIRECTION('',(1.,0.,0.));
#245 = ORIENTED_EDGE('',*,*,#246,.F.);
#246 = EDGE_CURVE('',#207,#239,#247,.T.);
#247 = CIRCLE('',#248,2.E-02);
#248 = AXIS2_PLACEMENT_3D('',#249,#250,#251);
#249 = CARTESIAN_POINT('',(-0.3,-0.23,2.E-02));
#250 = DIRECTION('',(1.,0.,-0.));
#251 = DIRECTION('',(0.,0.,1.));
#252 = ORIENTED_EDGE('',*,*,#216,.F.);
#253 = CYLINDRICAL_SURFACE('',#254,2.E-02);
#254 = AXIS2_PLACEMENT_3D('',#255,#256,#257);
#255 = CARTESIAN_POINT('',(-0.5,-0.23,2.E-02));
#256 = DIRECTION('',(1.,0.,0.));
#257 = DIRECTION('',(0.,-1.,0.));
#258 = ADVANCED_FACE('',(#259),#278,.T.);
#259 = FACE_BOUND('',#260,.T.);
#260 = EDGE_LOOP('',(#261,#262,#271,#277));
#261 = ORIENTED_EDGE('',*,*,#223,.T.);
#262 = ORIENTED_EDGE('',*,*,#263,.T.);
#263 = EDGE_CURVE('',#209,#264,#266,.T.);
#264 = VERTEX_POINT('',#265);
#265 = CARTESIAN_POINT('',(-0.3,-0.23,0.5));
#266 = CIRCLE('',#267,2.E-02);
#267 = AXIS2_PLACEMENT_3D('',#268,#269,#270);
#268 = CARTESIAN_POINT('',(-0.3,-0.23,0.48));
#269 = DIRECTION('',(-1.,0.,0.));
#270 = DIRECTION('',(0.,0.,1.));
#271 = ORIENTED_EDGE('',*,*,#272,.F.);
#272 = EDGE_CURVE('',#184,#264,#273,.T.);
#273 = LINE('',#274,#275);
#274 = CARTESIAN_POINT('',(-0.5,-0.23,0.5));
#275 = VECTOR('',#276,1.);
#276 = DIRECTION('',(1.,0.,0.));
#277 = ORIENTED_EDGE('',*,*,#191,.F.);
#278 = CYLINDRICAL_SURFACE('',#279,2.E-02);
#279 = AXIS2_PLACEMENT_3D('',#280,#281,#282);
#280 = CARTESIAN_POINT('',(-0.5,-0.23,0.48));
#281 = DIRECTION('',(1.,0.,0.));
#282 = DIRECTION('',(0.,-1.,0.));
#283 = ADVANCED_FACE('',(#284),#302,.F.);
#284 = FACE_BOUND('',#285,.F.);
#285 = EDGE_LOOP('',(#286,#287,#288,#296));
#286 = ORIENTED_EDGE('',*,*,#149,.F.);
#287 = ORIENTED_EDGE('',*,*,#238,.T.);
#288 = ORIENTED_EDGE('',*,*,#289,.T.);
#289 = EDGE_CURVE('',#239,#290,#292,.T.);
#290 = VERTEX_POINT('',#291);
#291 = CARTESIAN_POINT('',(-0.3,0.23,0.));
#292 = LINE('',#293,#294);
#293 = CARTESIAN_POINT('',(-0.3,-0.25,0.));
#294 = VECTOR('',#295,1.);
#295 = DIRECTION('',(0.,1.,0.));
#296 = ORIENTED_EDGE('',*,*,#297,.F.);
#297 = EDGE_CURVE('',#150,#290,#298,.T.);
#298 = LINE('',#299,#300);
#299 = CARTESIAN_POINT('',(-0.5,0.23,0.));
#300 = VECTOR('',#301,1.);
#301 = DIRECTION('',(1.,0.,0.));
#302 = PLANE('',#303);
#303 = AXIS2_PLACEMENT_3D('',#304,#305,#306);
#304 = CARTESIAN_POINT('',(-0.5,-0.25,0.));
#305 = DIRECTION('',(0.,0.,1.));
#306 = DIRECTION('',(1.,0.,-0.));
#307 = ADVANCED_FACE('',(#308),#326,.T.);
#308 = FACE_BOUND('',#309,.T.);
#309 = EDGE_LOOP('',(#310,#311,#312,#320));
#310 = ORIENTED_EDGE('',*,*,#183,.F.);
#311 = ORIENTED_EDGE('',*,*,#272,.T.);
#312 = ORIENTED_EDGE('',*,*,#313,.T.);
#313 = EDGE_CURVE('',#264,#314,#316,.T.);
#314 = VERTEX_POINT('',#315);
#315 = CARTESIAN_POINT('',(-0.3,0.23,0.5));
#316 = LINE('',#317,#318);
#317 = CARTESIAN_POINT('',(-0.3,-0.25,0.5));
#318 = VECTOR('',#319,1.);
#319 = DIRECTION('',(0.,1.,0.));
#320 = ORIENTED_EDGE('',*,*,#321,.F.);
#321 = EDGE_CURVE('',#175,#314,#322,.T.);
#322 = LINE('',#323,#324);
#323 = CARTESIAN_POINT('',(-0.5,0.23,0.5));
#324 = VECTOR('',#325,1.);
#325 = DIRECTION('',(1.,0.,0.));
#326 = PLANE('',#327);
#327 = AXIS2_PLACEMENT_3D('',#328,#329,#330);
#328 = CARTESIAN_POINT('',(-0.5,-0.25,0.5));
#329 = DIRECTION('',(0.,0.,1.));
#330 = DIRECTION('',(1.,0.,-0.));
#331 = ADVANCED_FACE('',(#332),#351,.T.);
#332 = FACE_BOUND('',#333,.T.);
#333 = EDGE_LOOP('',(#334,#342,#349,#350));
#334 = ORIENTED_EDGE('',*,*,#335,.T.);
#335 = EDGE_CURVE('',#158,#336,#338,.T.);
#336 = VERTEX_POINT('',#337);
#337 = CARTESIAN_POINT('',(-0.3,0.25,2.E-02));
#338 = LINE('',#339,#340);
#339 = CARTESIAN_POINT('',(-0.5,0.25,2.E-02));
#340 = VECTOR('',#341,1.);
#341 = DIRECTION('',(1.,0.,0.));
#342 = ORIENTED_EDGE('',*,*,#343,.T.);
#343 = EDGE_CURVE('',#336,#290,#344,.T.);
#344 = CIRCLE('',#345,2.E-02);
#345 = AXIS2_PLACEMENT_3D('',#346,#347,#348);
#346 = CARTESIAN_POINT('',(-0.3,0.23,2.E-02));
#347 = DIRECTION('',(-1.,0.,0.));
#348 = DIRECTION('',(0.,0.,1.));
#349 = ORIENTED_EDGE('',*,*,#297,.F.);
#350 = ORIENTED_EDGE('',*,*,#157,.F.);
#351 = CYLINDRICAL_SURFACE('',#352,2.E-02);
#352 = AXIS2_PLACEMENT_3D('',#353,#354,#355);
#353 = CARTESIAN_POINT('',(-0.5,0.23,2.E-02));
#354 = DIRECTION('',(1.,0.,0.));
#355 = DIRECTION('',(-0.,1.,0.));
#356 = ADVANCED_FACE('',(#357),#376,.T.);
#357 = FACE_BOUND('',#358,.T.);
#358 = EDGE_LOOP('',(#359,#360,#361,#370));
#359 = ORIENTED_EDGE('',*,*,#174,.T.);
#360 = ORIENTED_EDGE('',*,*,#321,.T.);
#361 = ORIENTED_EDGE('',*,*,#362,.F.);
#362 = EDGE_CURVE('',#363,#314,#365,.T.);
#363 = VERTEX_POINT('',#364);
#364 = CARTESIAN_POINT('',(-0.3,0.25,0.48));
#365 = CIRCLE('',#366,2.E-02);
#366 = AXIS2_PLACEMENT_3D('',#367,#368,#369);
#367 = CARTESIAN_POINT('',(-0.3,0.23,0.48));
#368 = DIRECTION('',(1.,0.,-0.));
#369 = DIRECTION('',(0.,0.,1.));
#370 = ORIENTED_EDGE('',*,*,#371,.F.);
#371 = EDGE_CURVE('',#167,#363,#372,.T.);
#372 = LINE('',#373,#374);
#373 = CARTESIAN_POINT('',(-0.5,0.25,0.48));
#374 = VECTOR('',#375,1.);
#375 = DIRECTION('',(1.,0.,0.));
#376 = CYLINDRICAL_SURFACE('',#377,2.E-02);
#377 = AXIS2_PLACEMENT_3D('',#378,#379,#380);
#378 = CARTESIAN_POINT('',(-0.5,0.23,0.48));
#379 = DIRECTION('',(1.,0.,0.));
#380 = DIRECTION('',(-0.,1.,0.));
#381 = ADVANCED_FACE('',(#382),#393,.T.);
#382 = FACE_BOUND('',#383,.T.);
#383 = EDGE_LOOP('',(#384,#390,#391,#392));
#384 = ORIENTED_EDGE('',*,*,#385,.F.);
#385 = EDGE_CURVE('',#336,#363,#386,.T.);
#386 = LINE('',#387,#388);
#387 = CARTESIAN_POINT('',(-0.3,0.25,0.));
#388 = VECTOR('',#389,1.);
#389 = DIRECTION('',(0.,0.,1.));
#390 = ORIENTED_EDGE('',*,*,#335,.F.);
#391 = ORIENTED_EDGE('',*,*,#166,.T.);
#392 = ORIENTED_EDGE('',*,*,#371,.T.);
#393 = PLANE('',#394);
#394 = AXIS2_PLACEMENT_3D('',#395,#396,#397);
#395 = CARTESIAN_POINT('',(-0.5,0.25,0.));
#396 = DIRECTION('',(0.,1.,0.));
#397 = DIRECTION('',(0.,-0.,1.));
#398 = ADVANCED_FACE('',(#399,#409),#479,.T.);
#399 = FACE_BOUND('',#400,.T.);
#400 = EDGE_LOOP('',(#401,#402,#403,#404,#405,#406,#407,#408));
#401 = ORIENTED_EDGE('',*,*,#206,.F.);
#402 = ORIENTED_EDGE('',*,*,#246,.T.);
#403 = ORIENTED_EDGE('',*,*,#289,.T.);
#404 = ORIENTED_EDGE('',*,*,#343,.F.);
#405 = ORIENTED_EDGE('',*,*,#385,.T.);
#406 = ORIENTED_EDGE('',*,*,#362,.T.);
#407 = ORIENTED_EDGE('',*,*,#313,.F.);
#408 = ORIENTED_EDGE('',*,*,#263,.F.);
#409 = FACE_BOUND('',#410,.T.);
#410 = EDGE_LOOP('',(#411,#422,#430,#439,#447,#456,#464,#473));
#411 = ORIENTED_EDGE('',*,*,#412,.F.);
#412 = EDGE_CURVE('',#413,#415,#417,.T.);
#413 = VERTEX_POINT('',#414);
#414 = CARTESIAN_POINT('',(-0.3,-0.23,4.E-02));
#415 = VERTEX_POINT('',#416);
#416 = CARTESIAN_POINT('',(-0.3,-0.21,2.E-02));
#417 = CIRCLE('',#418,2.E-02);
#418 = AXIS2_PLACEMENT_3D('',#419,#420,#421);
#419 = CARTESIAN_POINT('',(-0.3,-0.21,4.E-02));
#420 = DIRECTION('',(1.,0.,-0.));
#421 = DIRECTION('',(0.,0.,1.));
#422 = ORIENTED_EDGE('',*,*,#423,.T.);
#423 = EDGE_CURVE('',#413,#424,#426,.T.);
#424 = VERTEX_POINT('',#425);
#425 = CARTESIAN_POINT('',(-0.3,-0.23,0.46));
#426 = LINE('',#427,#428);
#427 = CARTESIAN_POINT('',(-0.3,-0.23,2.E-02));
#428 = VECTOR('',#429,1.);
#429 = DIRECTION('',(0.,0.,1.));
#430 = ORIENTED_EDGE('',*,*,#431,.T.);
#431 = EDGE_CURVE('',#424,#432,#434,.T.);
#432 = VERTEX_POINT('',#433);
#433 = CARTESIAN_POINT('',(-0.3,-0.21,0.48));
#434 = CIRCLE('',#435,2.E-02);
#435 = AXIS2_PLACEMENT_3D('',#436,#437,#438);
#436 = CARTESIAN_POINT('',(-0.3,-0.21,0.46));
#437 = DIRECTION('',(-1.,0.,0.));
#438 = DIRECTION('',(0.,0.,1.));
#439 = ORIENTED_EDGE('',*,*,#440,.T.);
#440 = EDGE_CURVE('',#432,#441,#443,.T.);
#441 = VERTEX_POINT('',#442);
#442 = CARTESIAN_POINT('',(-0.3,0.21,0.48));
#443 = LINE('',#444,#445);
#444 = CARTESIAN_POINT('',(-0.3,-0.23,0.48));
#445 = VECTOR('',#446,1.);
#446 = DIRECTION('',(0.,1.,0.));
#447 = ORIENTED_EDGE('',*,*,#448,.F.);
#448 = EDGE_CURVE('',#449,#441,#451,.T.);
#449 = VERTEX_POINT('',#450);
#450 = CARTESIAN_POINT('',(-0.3,0.23,0.46));
#451 = CIRCLE('',#452,2.E-02);
#452 = AXIS2_PLACEMENT_3D('',#453,#454,#455);
#453 = CARTESIAN_POINT('',(-0.3,0.21,0.46));
#454 = DIRECTION('',(1.,0.,-0.));
#455 = DIRECTION('',(0.,0.,1.));
#456 = ORIENTED_EDGE('',*,*,#457,.F.);
#457 = EDGE_CURVE('',#458,#449,#460,.T.);
#458 = VERTEX_POINT('',#459);
#459 = CARTESIAN_POINT('',(-0.3,0.23,4.E-02));
#460 = LINE('',#461,#462);
#461 = CARTESIAN_POINT('',(-0.3,0.23,2.E-02));
#462 = VECTOR('',#463,1.);
#463 = DIRECTION('',(0.,0.,1.));
#464 = ORIENTED_EDGE('',*,*,#465,.T.);
#465 = EDGE_CURVE('',#458,#466,#468,.T.);
#466 = VERTEX_POINT('',#467);
#467 = CARTESIAN_POINT('',(-0.3,0.21,2.E-02));
#468 = CIRCLE('',#469,2.E-02);
#469 = AXIS2_PLACEMENT_3D('',#470,#471,#472);
#470 = CARTESIAN_POINT('',(-0.3,0.21,4.E-02));
#471 = DIRECTION('',(-1.,0.,0.));
#472 = DIRECTION('',(0.,0.,1.));
#473 = ORIENTED_EDGE('',*,*,#474,.F.);
#474 = EDGE_CURVE('',#415,#466,#475,.T.);
#475 = LINE('',#476,#477);
#476 = CARTESIAN_POINT('',(-0.3,-0.23,2.E-02));
#477 = VECTOR('',#478,1.);
#478 = DIRECTION('',(0.,1.,0.));
#479 = PLANE('',#480);
#480 = AXIS2_PLACEMENT_3D('',#481,#482,#483);
#481 = CARTESIAN_POINT('',(-0.3,-0.25,0.));
#482 = DIRECTION('',(1.,0.,0.));
#483 = DIRECTION('',(0.,0.,1.));
#484 = ADVANCED_FACE('',(#485),#511,.T.);
#485 = FACE_BOUND('',#486,.T.);
#486 = EDGE_LOOP('',(#487,#488,#496,#505));
#487 = ORIENTED_EDGE('',*,*,#412,.T.);
#488 = ORIENTED_EDGE('',*,*,#489,.T.);
#489 = EDGE_CURVE('',#415,#490,#492,.T.);
#490 = VERTEX_POINT('',#491);
#491 = CARTESIAN_POINT('',(0.3,-0.21,2.E-02));
#492 = LINE('',#493,#494);
#493 = CARTESIAN_POINT('',(-0.3,-0.21,2.E-02));
#494 = VECTOR('',#495,1.);
#495 = DIRECTION('',(1.,0.,0.));
#496 = ORIENTED_EDGE('',*,*,#497,.F.);
#497 = EDGE_CURVE('',#498,#490,#500,.T.);
#498 = VERTEX_POINT('',#499);
#499 = CARTESIAN_POINT('',(0.3,-0.23,4.E-02));
#500 = CIRCLE('',#501,2.E-02);
#501 = AXIS2_PLACEMENT_3D('',#502,#503,#504);
#502 = CARTESIAN_POINT('',(0.3,-0.21,4.E-02));
#503 = DIRECTION('',(1.,0.,-0.));
#504 = DIRECTION('',(0.,0.,1.));
#505 = ORIENTED_EDGE('',*,*,#506,.F.);
#506 = EDGE_CURVE('',#413,#498,#507,.T.);
#507 = LINE('',#508,#509);
#508 = CARTESIAN_POINT('',(-0.3,-0.23,4.E-02));
#509 = VECTOR('',#510,1.);
#510 = DIRECTION('',(1.,0.,0.));
#511 = CYLINDRICAL_SURFACE('',#512,2.E-02);
#512 = AXIS2_PLACEMENT_3D('',#513,#514,#515);
#513 = CARTESIAN_POINT('',(-0.3,-0.21,4.E-02));
#514 = DIRECTION('',(1.,0.,0.));
#515 = DIRECTION('',(0.,-1.,0.));
#516 = ADVANCED_FACE('',(#517),#535,.F.);
#517 = FACE_BOUND('',#518,.F.);
#518 = EDGE_LOOP('',(#519,#520,#521,#529));
#519 = ORIENTED_EDGE('',*,*,#474,.F.);
#520 = ORIENTED_EDGE('',*,*,#489,.T.);
#521 = ORIENTED_EDGE('',*,*,#522,.T.);
#522 = EDGE_CURVE('',#490,#523,#525,.T.);
#523 = VERTEX_POINT('',#524);
#524 = CARTESIAN_POINT('',(0.3,0.21,2.E-02));
#525 = LINE('',#526,#527);
#526 = CARTESIAN_POINT('',(0.3,-0.23,2.E-02));
#527 = VECTOR('',#528,1.);
#528 = DIRECTION('',(0.,1.,0.));
#529 = ORIENTED_EDGE('',*,*,#530,.F.);
#530 = EDGE_CURVE('',#466,#523,#531,.T.);
#531 = LINE('',#532,#533);
#532 = CARTESIAN_POINT('',(-0.3,0.21,2.E-02));
#533 = VECTOR('',#534,1.);
#534 = DIRECTION('',(1.,0.,0.));
#535 = PLANE('',#536);
#536 = AXIS2_PLACEMENT_3D('',#537,#538,#539);
#537 = CARTESIAN_POINT('',(-0.3,-0.23,2.E-02));
#538 = DIRECTION('',(0.,0.,1.));
#539 = DIRECTION('',(1.,0.,-0.));
#540 = ADVANCED_FACE('',(#541),#560,.T.);
#541 = FACE_BOUND('',#542,.T.);
#542 = EDGE_LOOP('',(#543,#551,#558,#559));
#543 = ORIENTED_EDGE('',*,*,#544,.T.);
#544 = EDGE_CURVE('',#458,#545,#547,.T.);
#545 = VERTEX_POINT('',#546);
#546 = CARTESIAN_POINT('',(0.3,0.23,4.E-02));
#547 = LINE('',#548,#549);
#548 = CARTESIAN_POINT('',(-0.3,0.23,4.E-02));
#549 = VECTOR('',#550,1.);
#550 = DIRECTION('',(1.,0.,0.));
#551 = ORIENTED_EDGE('',*,*,#552,.T.);
#552 = EDGE_CURVE('',#545,#523,#553,.T.);
#553 = CIRCLE('',#554,2.E-02);
#554 = AXIS2_PLACEMENT_3D('',#555,#556,#557);
#555 = CARTESIAN_POINT('',(0.3,0.21,4.E-02));
#556 = DIRECTION('',(-1.,0.,0.));
#557 = DIRECTION('',(0.,0.,1.));
#558 = ORIENTED_EDGE('',*,*,#530,.F.);
#559 = ORIENTED_EDGE('',*,*,#465,.F.);
#560 = CYLINDRICAL_SURFACE('',#561,2.E-02);
#561 = AXIS2_PLACEMENT_3D('',#562,#563,#564);
#562 = CARTESIAN_POINT('',(-0.3,0.21,4.E-02));
#563 = DIRECTION('',(1.,0.,0.));
#564 = DIRECTION('',(-0.,1.,0.));
#565 = ADVANCED_FACE('',(#566),#584,.T.);
#566 = FACE_BOUND('',#567,.T.);
#567 = EDGE_LOOP('',(#568,#576,#577,#578));
#568 = ORIENTED_EDGE('',*,*,#569,.F.);
#569 = EDGE_CURVE('',#545,#570,#572,.T.);
#570 = VERTEX_POINT('',#571);
#571 = CARTESIAN_POINT('',(0.3,0.23,0.46));
#572 = LINE('',#573,#574);
#573 = CARTESIAN_POINT('',(0.3,0.23,2.E-02));
#574 = VECTOR('',#575,1.);
#575 = DIRECTION('',(0.,0.,1.));
#576 = ORIENTED_EDGE('',*,*,#544,.F.);
#577 = ORIENTED_EDGE('',*,*,#457,.T.);
#578 = ORIENTED_EDGE('',*,*,#579,.T.);
#579 = EDGE_CURVE('',#449,#570,#580,.T.);
#580 = LINE('',#581,#582);
#581 = CARTESIAN_POINT('',(-0.3,0.23,0.46));
#582 = VECTOR('',#583,1.);
#583 = DIRECTION('',(1.,0.,0.));
#584 = PLANE('',#585);
#585 = AXIS2_PLACEMENT_3D('',#586,#587,#588);
#586 = CARTESIAN_POINT('',(-0.3,0.23,2.E-02));
#587 = DIRECTION('',(0.,1.,0.));
#588 = DIRECTION('',(0.,-0.,1.));
#589 = ADVANCED_FACE('',(#590),#609,.T.);
#590 = FACE_BOUND('',#591,.T.);
#591 = EDGE_LOOP('',(#592,#593,#601,#608));
#592 = ORIENTED_EDGE('',*,*,#448,.T.);
#593 = ORIENTED_EDGE('',*,*,#594,.T.);
#594 = EDGE_CURVE('',#441,#595,#597,.T.);
#595 = VERTEX_POINT('',#596);
#596 = CARTESIAN_POINT('',(0.3,0.21,0.48));
#597 = LINE('',#598,#599);
#598 = CARTESIAN_POINT('',(-0.3,0.21,0.48));
#599 = VECTOR('',#600,1.);
#600 = DIRECTION('',(1.,0.,0.));
#601 = ORIENTED_EDGE('',*,*,#602,.F.);
#602 = EDGE_CURVE('',#570,#595,#603,.T.);
#603 = CIRCLE('',#604,2.E-02);
#604 = AXIS2_PLACEMENT_3D('',#605,#606,#607);
#605 = CARTESIAN_POINT('',(0.3,0.21,0.46));
#606 = DIRECTION('',(1.,0.,-0.));
#607 = DIRECTION('',(0.,0.,1.));
#608 = ORIENTED_EDGE('',*,*,#579,.F.);
#609 = CYLINDRICAL_SURFACE('',#610,2.E-02);
#610 = AXIS2_PLACEMENT_3D('',#611,#612,#613);
#611 = CARTESIAN_POINT('',(-0.3,0.21,0.46));
#612 = DIRECTION('',(1.,0.,0.));
#613 = DIRECTION('',(-0.,1.,0.));
#614 = ADVANCED_FACE('',(#615),#633,.T.);
#615 = FACE_BOUND('',#616,.T.);
#616 = EDGE_LOOP('',(#617,#618,#626,#632));
#617 = ORIENTED_EDGE('',*,*,#440,.F.);
#618 = ORIENTED_EDGE('',*,*,#619,.T.);
#619 = EDGE_CURVE('',#432,#620,#622,.T.);
#620 = VERTEX_POINT('',#621);
#621 = CARTESIAN_POINT('',(0.3,-0.21,0.48));
#622 = LINE('',#623,#624);
#623 = CARTESIAN_POINT('',(-0.3,-0.21,0.48));
#624 = VECTOR('',#625,1.);
#625 = DIRECTION('',(1.,0.,0.));
#626 = ORIENTED_EDGE('',*,*,#627,.T.);
#627 = EDGE_CURVE('',#620,#595,#628,.T.);
#628 = LINE('',#629,#630);
#629 = CARTESIAN_POINT('',(0.3,-0.23,0.48));
#630 = VECTOR('',#631,1.);
#631 = DIRECTION('',(0.,1.,0.));
#632 = ORIENTED_EDGE('',*,*,#594,.F.);
#633 = PLANE('',#634);
#634 = AXIS2_PLACEMENT_3D('',#635,#636,#637);
#635 = CARTESIAN_POINT('',(-0.3,-0.23,0.48));
#636 = DIRECTION('',(0.,0.,1.));
#637 = DIRECTION('',(1.,0.,-0.));
#638 = ADVANCED_FACE('',(#639),#658,.T.);
#639 = FACE_BOUND('',#640,.T.);
#640 = EDGE_LOOP('',(#641,#649,#656,#657));
#641 = ORIENTED_EDGE('',*,*,#642,.T.);
#642 = EDGE_CURVE('',#424,#643,#645,.T.);
#643 = VERTEX_POINT('',#644);
#644 = CARTESIAN_POINT('',(0.3,-0.23,0.46));
#645 = LINE('',#646,#647);
#646 = CARTESIAN_POINT('',(-0.3,-0.23,0.46));
#647 = VECTOR('',#648,1.);
#648 = DIRECTION('',(1.,0.,0.));
#649 = ORIENTED_EDGE('',*,*,#650,.T.);
#650 = EDGE_CURVE('',#643,#620,#651,.T.);
#651 = CIRCLE('',#652,2.E-02);
#652 = AXIS2_PLACEMENT_3D('',#653,#654,#655);
#653 = CARTESIAN_POINT('',(0.3,-0.21,0.46));
#654 = DIRECTION('',(-1.,0.,0.));
#655 = DIRECTION('',(0.,0.,1.));
#656 = ORIENTED_EDGE('',*,*,#619,.F.);
#657 = ORIENTED_EDGE('',*,*,#431,.F.);
#658 = CYLINDRICAL_SURFACE('',#659,2.E-02);
#659 = AXIS2_PLACEMENT_3D('',#660,#661,#662);
#660 = CARTESIAN_POINT('',(-0.3,-0.21,0.46));
#661 = DIRECTION('',(1.,0.,0.));
#662 = DIRECTION('',(0.,-1.,0.));
#663 = ADVANCED_FACE('',(#664),#675,.F.);
#664 = FACE_BOUND('',#665,.F.);
#665 = EDGE_LOOP('',(#666,#672,#673,#674));
#666 = ORIENTED_EDGE('',*,*,#667,.F.);
#667 = EDGE_CURVE('',#498,#643,#668,.T.);
#668 = LINE('',#669,#670);
#669 = CARTESIAN_POINT('',(0.3,-0.23,2.E-02));
#670 = VECTOR('',#671,1.);
#671 = DIRECTION('',(0.,0.,1.));
#672 = ORIENTED_EDGE('',*,*,#506,.F.);
#673 = ORIENTED_EDGE('',*,*,#423,.T.);
#674 = ORIENTED_EDGE('',*,*,#642,.T.);
#675 = PLANE('',#676);
#676 = AXIS2_PLACEMENT_3D('',#677,#678,#679);
#677 = CARTESIAN_POINT('',(-0.3,-0.23,2.E-02));
#678 = DIRECTION('',(0.,1.,0.));
#679 = DIRECTION('',(0.,-0.,1.));
#680 = ADVANCED_FACE('',(#681,#751),#761,.F.);
#681 = FACE_BOUND('',#682,.F.);
#682 = EDGE_LOOP('',(#683,#693,#702,#710,#719,#727,#736,#744));
#683 = ORIENTED_EDGE('',*,*,#684,.F.);
#684 = EDGE_CURVE('',#685,#687,#689,.T.);
#685 = VERTEX_POINT('',#686);
#686 = CARTESIAN_POINT('',(0.3,-0.25,2.E-02));
#687 = VERTEX_POINT('',#688);
#688 = CARTESIAN_POINT('',(0.3,-0.25,0.48));
#689 = LINE('',#690,#691);
#690 = CARTESIAN_POINT('',(0.3,-0.25,0.));
#691 = VECTOR('',#692,1.);
#692 = DIRECTION('',(0.,0.,1.));
#693 = ORIENTED_EDGE('',*,*,#694,.T.);
#694 = EDGE_CURVE('',#685,#695,#697,.T.);
#695 = VERTEX_POINT('',#696);
#696 = CARTESIAN_POINT('',(0.3,-0.23,0.));
#697 = CIRCLE('',#698,2.E-02);
#698 = AXIS2_PLACEMENT_3D('',#699,#700,#701);
#699 = CARTESIAN_POINT('',(0.3,-0.23,2.E-02));
#700 = DIRECTION('',(1.,0.,-0.));
#701 = DIRECTION('',(0.,0.,1.));
#702 = ORIENTED_EDGE('',*,*,#703,.T.);
#703 = EDGE_CURVE('',#695,#704,#706,.T.);
#704 = VERTEX_POINT('',#705);
#705 = CARTESIAN_POINT('',(0.3,0.23,0.));
#706 = LINE('',#707,#708);
#707 = CARTESIAN_POINT('',(0.3,-0.25,0.));
#708 = VECTOR('',#709,1.);
#709 = DIRECTION('',(0.,1.,0.));
#710 = ORIENTED_EDGE('',*,*,#711,.F.);
#711 = EDGE_CURVE('',#712,#704,#714,.T.);
#712 = VERTEX_POINT('',#713);
#713 = CARTESIAN_POINT('',(0.3,0.25,2.E-02));
#714 = CIRCLE('',#715,2.E-02);
#715 = AXIS2_PLACEMENT_3D('',#716,#717,#718);
#716 = CARTESIAN_POINT('',(0.3,0.23,2.E-02));
#717 = DIRECTION('',(-1.,0.,0.));
#718 = DIRECTION('',(0.,0.,1.));
#719 = ORIENTED_EDGE('',*,*,#720,.T.);
#720 = EDGE_CURVE('',#712,#721,#723,.T.);
#721 = VERTEX_POINT('',#722);
#722 = CARTESIAN_POINT('',(0.3,0.25,0.48));
#723 = LINE('',#724,#725);
#724 = CARTESIAN_POINT('',(0.3,0.25,0.));
#725 = VECTOR('',#726,1.);
#726 = DIRECTION('',(0.,0.,1.));
#727 = ORIENTED_EDGE('',*,*,#728,.T.);
#728 = EDGE_CURVE('',#721,#729,#731,.T.);
#729 = VERTEX_POINT('',#730);
#730 = CARTESIAN_POINT('',(0.3,0.23,0.5));
#731 = CIRCLE('',#732,2.E-02);
#732 = AXIS2_PLACEMENT_3D('',#733,#734,#735);
#733 = CARTESIAN_POINT('',(0.3,0.23,0.48));
#734 = DIRECTION('',(1.,0.,-0.));
#735 = DIRECTION('',(0.,0.,1.));
#736 = ORIENTED_EDGE('',*,*,#737,.F.);
#737 = EDGE_CURVE('',#738,#729,#740,.T.);
#738 = VERTEX_POINT('',#739);
#739 = CARTESIAN_POINT('',(0.3,-0.23,0.5));
#740 = LINE('',#741,#742);
#741 = CARTESIAN_POINT('',(0.3,-0.25,0.5));
#742 = VECTOR('',#743,1.);
#743 = DIRECTION('',(0.,1.,0.));
#744 = ORIENTED_EDGE('',*,*,#745,.F.);
#745 = EDGE_CURVE('',#687,#738,#746,.T.);
#746 = CIRCLE('',#747,2.E-02);
#747 = AXIS2_PLACEMENT_3D('',#748,#749,#750);
#748 = CARTESIAN_POINT('',(0.3,-0.23,0.48));
#749 = DIRECTION('',(-1.,0.,0.));
#750 = DIRECTION('',(0.,0.,1.));
#751 = FACE_BOUND('',#752,.F.);
#752 = EDGE_LOOP('',(#753,#754,#755,#756,#757,#758,#759,#760));
#753 = ORIENTED_EDGE('',*,*,#497,.F.);
#754 = ORIENTED_EDGE('',*,*,#667,.T.);
#755 = ORIENTED_EDGE('',*,*,#650,.T.);
#756 = ORIENTED_EDGE('',*,*,#627,.T.);
#757 = ORIENTED_EDGE('',*,*,#602,.F.);
#758 = ORIENTED_EDGE('',*,*,#569,.F.);
#759 = ORIENTED_EDGE('',*,*,#552,.T.);
#760 = ORIENTED_EDGE('',*,*,#522,.F.);
#761 = PLANE('',#762);
#762 = AXIS2_PLACEMENT_3D('',#763,#764,#765);
#763 = CARTESIAN_POINT('',(0.3,-0.25,0.));
#764 = DIRECTION('',(1.,0.,0.));
#765 = DIRECTION('',(0.,0.,1.));
#766 = ADVANCED_FACE('',(#767),#792,.F.);
#767 = FACE_BOUND('',#768,.F.);
#768 = EDGE_LOOP('',(#769,#779,#785,#786));
#769 = ORIENTED_EDGE('',*,*,#770,.F.);
#770 = EDGE_CURVE('',#771,#773,#775,.T.);
#771 = VERTEX_POINT('',#772);
#772 = CARTESIAN_POINT('',(0.5,-0.25,2.E-02));
#773 = VERTEX_POINT('',#774);
#774 = CARTESIAN_POINT('',(0.5,-0.25,0.48));
#775 = LINE('',#776,#777);
#776 = CARTESIAN_POINT('',(0.5,-0.25,0.));
#777 = VECTOR('',#778,1.);
#778 = DIRECTION('',(0.,0.,1.));
#779 = ORIENTED_EDGE('',*,*,#780,.F.);
#780 = EDGE_CURVE('',#685,#771,#781,.T.);
#781 = LINE('',#782,#783);
#782 = CARTESIAN_POINT('',(0.3,-0.25,2.E-02));
#783 = VECTOR('',#784,1.);
#784 = DIRECTION('',(1.,0.,0.));
#785 = ORIENTED_EDGE('',*,*,#684,.T.);
#786 = ORIENTED_EDGE('',*,*,#787,.T.);
#787 = EDGE_CURVE('',#687,#773,#788,.T.);
#788 = LINE('',#789,#790);
#789 = CARTESIAN_POINT('',(0.3,-0.25,0.48));
#790 = VECTOR('',#791,1.);
#791 = DIRECTION('',(1.,0.,0.));
#792 = PLANE('',#793);
#793 = AXIS2_PLACEMENT_3D('',#794,#795,#796);
#794 = CARTESIAN_POINT('',(0.3,-0.25,0.));
#795 = DIRECTION('',(0.,1.,0.));
#796 = DIRECTION('',(0.,-0.,1.));
#797 = ADVANCED_FACE('',(#798),#817,.T.);
#798 = FACE_BOUND('',#799,.T.);
#799 = EDGE_LOOP('',(#800,#801,#809,#816));
#800 = ORIENTED_EDGE('',*,*,#694,.T.);
#801 = ORIENTED_EDGE('',*,*,#802,.T.);
#802 = EDGE_CURVE('',#695,#803,#805,.T.);
#803 = VERTEX_POINT('',#804);
#804 = CARTESIAN_POINT('',(0.5,-0.23,0.));
#805 = LINE('',#806,#807);
#806 = CARTESIAN_POINT('',(0.3,-0.23,0.));
#807 = VECTOR('',#808,1.);
#808 = DIRECTION('',(1.,0.,0.));
#809 = ORIENTED_EDGE('',*,*,#810,.F.);
#810 = EDGE_CURVE('',#771,#803,#811,.T.);
#811 = CIRCLE('',#812,2.E-02);
#812 = AXIS2_PLACEMENT_3D('',#813,#814,#815);
#813 = CARTESIAN_POINT('',(0.5,-0.23,2.E-02));
#814 = DIRECTION('',(1.,0.,-0.));
#815 = DIRECTION('',(0.,0.,1.));
#816 = ORIENTED_EDGE('',*,*,#780,.F.);
#817 = CYLINDRICAL_SURFACE('',#818,2.E-02);
#818 = AXIS2_PLACEMENT_3D('',#819,#820,#821);
#819 = CARTESIAN_POINT('',(0.3,-0.23,2.E-02));
#820 = DIRECTION('',(1.,0.,0.));
#821 = DIRECTION('',(0.,-1.,0.));
#822 = ADVANCED_FACE('',(#823),#842,.T.);
#823 = FACE_BOUND('',#824,.T.);
#824 = EDGE_LOOP('',(#825,#826,#835,#841));
#825 = ORIENTED_EDGE('',*,*,#787,.T.);
#826 = ORIENTED_EDGE('',*,*,#827,.T.);
#827 = EDGE_CURVE('',#773,#828,#830,.T.);
#828 = VERTEX_POINT('',#829);
#829 = CARTESIAN_POINT('',(0.5,-0.23,0.5));
#830 = CIRCLE('',#831,2.E-02);
#831 = AXIS2_PLACEMENT_3D('',#832,#833,#834);
#832 = CARTESIAN_POINT('',(0.5,-0.23,0.48));
#833 = DIRECTION('',(-1.,0.,0.));
#834 = DIRECTION('',(0.,0.,1.));
#835 = ORIENTED_EDGE('',*,*,#836,.F.);
#836 = EDGE_CURVE('',#738,#828,#837,.T.);
#837 = LINE('',#838,#839);
#838 = CARTESIAN_POINT('',(0.3,-0.23,0.5));
#839 = VECTOR('',#840,1.);
#840 = DIRECTION('',(1.,0.,0.));
#841 = ORIENTED_EDGE('',*,*,#745,.F.);
#842 = CYLINDRICAL_SURFACE('',#843,2.E-02);
#843 = AXIS2_PLACEMENT_3D('',#844,#845,#846);
#844 = CARTESIAN_POINT('',(0.3,-0.23,0.48));
#845 = DIRECTION('',(1.,0.,0.));
#846 = DIRECTION('',(0.,-1.,0.));
#847 = ADVANCED_FACE('',(#848),#866,.F.);
#848 = FACE_BOUND('',#849,.F.);
#849 = EDGE_LOOP('',(#850,#851,#852,#860));
#850 = ORIENTED_EDGE('',*,*,#703,.F.);
#851 = ORIENTED_EDGE('',*,*,#802,.T.);
#852 = ORIENTED_EDGE('',*,*,#853,.T.);
#853 = EDGE_CURVE('',#803,#854,#856,.T.);
#854 = VERTEX_POINT('',#855);
#855 = CARTESIAN_POINT('',(0.5,0.23,0.));
#856 = LINE('',#857,#858);
#857 = CARTESIAN_POINT('',(0.5,-0.25,0.));
#858 = VECTOR('',#859,1.);
#859 = DIRECTION('',(0.,1.,0.));
#860 = ORIENTED_EDGE('',*,*,#861,.F.);
#861 = EDGE_CURVE('',#704,#854,#862,.T.);
#862 = LINE('',#863,#864);
#863 = CARTESIAN_POINT('',(0.3,0.23,0.));
#864 = VECTOR('',#865,1.);
#865 = DIRECTION('',(1.,0.,0.));
#866 = PLANE('',#867);
#867 = AXIS2_PLACEMENT_3D('',#868,#869,#870);
#868 = CARTESIAN_POINT('',(0.3,-0.25,0.));
#869 = DIRECTION('',(0.,0.,1.));
#870 = DIRECTION('',(1.,0.,-0.));
#871 = ADVANCED_FACE('',(#872),#890,.T.);
#872 = FACE_BOUND('',#873,.T.);
#873 = EDGE_LOOP('',(#874,#875,#876,#884));
#874 = ORIENTED_EDGE('',*,*,#737,.F.);
#875 = ORIENTED_EDGE('',*,*,#836,.T.);
#876 = ORIENTED_EDGE('',*,*,#877,.T.);
#877 = EDGE_CURVE('',#828,#878,#880,.T.);
#878 = VERTEX_POINT('',#879);
#879 = CARTESIAN_POINT('',(0.5,0.23,0.5));
#880 = LINE('',#881,#882);
#881 = CARTESIAN_POINT('',(0.5,-0.25,0.5));
#882 = VECTOR('',#883,1.);
#883 = DIRECTION('',(0.,1.,0.));
#884 = ORIENTED_EDGE('',*,*,#885,.F.);
#885 = EDGE_CURVE('',#729,#878,#886,.T.);
#886 = LINE('',#887,#888);
#887 = CARTESIAN_POINT('',(0.3,0.23,0.5));
#888 = VECTOR('',#889,1.);
#889 = DIRECTION('',(1.,0.,0.));
#890 = PLANE('',#891);
#891 = AXIS2_PLACEMENT_3D('',#892,#893,#894);
#892 = CARTESIAN_POINT('',(0.3,-0.25,0.5));
#893 = DIRECTION('',(0.,0.,1.));
#894 = DIRECTION('',(1.,0.,-0.));
#895 = ADVANCED_FACE('',(#896),#915,.T.);
#896 = FACE_BOUND('',#897,.T.);
#897 = EDGE_LOOP('',(#898,#906,#913,#914));
#898 = ORIENTED_EDGE('',*,*,#899,.T.);
#899 = EDGE_CURVE('',#712,#900,#902,.T.);
#900 = VERTEX_POINT('',#901);
#901 = CARTESIAN_POINT('',(0.5,0.25,2.E-02));
#902 = LINE('',#903,#904);
#903 = CARTESIAN_POINT('',(0.3,0.25,2.E-02));
#904 = VECTOR('',#905,1.);
#905 = DIRECTION('',(1.,0.,0.));
#906 = ORIENTED_EDGE('',*,*,#907,.T.);
#907 = EDGE_CURVE('',#900,#854,#908,.T.);
#908 = CIRCLE('',#909,2.E-02);
#909 = AXIS2_PLACEMENT_3D('',#910,#911,#912);
#910 = CARTESIAN_POINT('',(0.5,0.23,2.E-02));
#911 = DIRECTION('',(-1.,0.,0.));
#912 = DIRECTION('',(0.,0.,1.));
#913 = ORIENTED_EDGE('',*,*,#861,.F.);
#914 = ORIENTED_EDGE('',*,*,#711,.F.);
#915 = CYLINDRICAL_SURFACE('',#916,2.E-02);
#916 = AXIS2_PLACEMENT_3D('',#917,#918,#919);
#917 = CARTESIAN_POINT('',(0.3,0.23,2.E-02));
#918 = DIRECTION('',(1.,0.,0.));
#919 = DIRECTION('',(-0.,1.,0.));
#920 = ADVANCED_FACE('',(#921),#940,.T.);
#921 = FACE_BOUND('',#922,.T.);
#922 = EDGE_LOOP('',(#923,#924,#925,#934));
#923 = ORIENTED_EDGE('',*,*,#728,.T.);
#924 = ORIENTED_EDGE('',*,*,#885,.T.);
#925 = ORIENTED_EDGE('',*,*,#926,.F.);
#926 = EDGE_CURVE('',#927,#878,#929,.T.);
#927 = VERTEX_POINT('',#928);
#928 = CARTESIAN_POINT('',(0.5,0.25,0.48));
#929 = CIRCLE('',#930,2.E-02);
#930 = AXIS2_PLACEMENT_3D('',#931,#932,#933);
#931 = CARTESIAN_POINT('',(0.5,0.23,0.48));
#932 = DIRECTION('',(1.,0.,-0.));
#933 = DIRECTION('',(0.,0.,1.));
#934 = ORIENTED_EDGE('',*,*,#935,.F.);
#935 = EDGE_CURVE('',#721,#927,#936,.T.);
#936 = LINE('',#937,#938);
#937 = CARTESIAN_POINT('',(0.3,0.25,0.48));
#938 = VECTOR('',#939,1.);
#939 = DIRECTION('',(1.,0.,0.));
#940 = CYLINDRICAL_SURFACE('',#941,2.E-02);
#941 = AXIS2_PLACEMENT_3D('',#942,#943,#944);
#942 = CARTESIAN_POINT('',(0.3,0.23,0.48));
#943 = DIRECTION('',(1.,0.,0.));
#944 = DIRECTION('',(-0.,1.,0.));
#945 = ADVANCED_FACE('',(#946),#957,.T.);
#946 = FACE_BOUND('',#947,.T.);
#947 = EDGE_LOOP('',(#948,#954,#955,#956));
#948 = ORIENTED_EDGE('',*,*,#949,.F.);
#949 = EDGE_CURVE('',#900,#927,#950,.T.);
#950 = LINE('',#951,#952);
#951 = CARTESIAN_POINT('',(0.5,0.25,0.));
#952 = VECTOR('',#953,1.);
#953 = DIRECTION('',(0.,0.,1.));
#954 = ORIENTED_EDGE('',*,*,#899,.F.);
#955 = ORIENTED_EDGE('',*,*,#720,.T.);
#956 = ORIENTED_EDGE('',*,*,#935,.T.);
#957 = PLANE('',#958);
#958 = AXIS2_PLACEMENT_3D('',#959,#960,#961);
#959 = CARTESIAN_POINT('',(0.3,0.25,0.));
#960 = DIRECTION('',(0.,1.,0.));
#961 = DIRECTION('',(0.,-0.,1.));
#962 = ADVANCED_FACE('',(#963),#973,.T.);
#963 = FACE_BOUND('',#964,.T.);
#964 = EDGE_LOOP('',(#965,#966,#967,#968,#969,#970,#971,#972));
#965 = ORIENTED_EDGE('',*,*,#770,.F.);
#966 = ORIENTED_EDGE('',*,*,#810,.T.);
#967 = ORIENTED_EDGE('',*,*,#853,.T.);
#968 = ORIENTED_EDGE('',*,*,#907,.F.);
#969 = ORIENTED_EDGE('',*,*,#949,.T.);
#970 = ORIENTED_EDGE('',*,*,#926,.T.);
#971 = ORIENTED_EDGE('',*,*,#877,.F.);
#972 = ORIENTED_EDGE('',*,*,#827,.F.);
#973 = PLANE('',#974);
#974 = AXIS2_PLACEMENT_3D('',#975,#976,#977);
#975 = CARTESIAN_POINT('',(0.5,-0.25,0.));
#976 = DIRECTION('',(1.,0.,0.));
#977 = DIRECTION('',(0.,0.,1.));
#978 = ( GEOMETRIC_REPRESENTATION_CONTEXT(3) 
GLOBAL_UNCERTAINTY_ASSIGNED_CONTEXT((#982)) GLOBAL_UNIT_ASSIGNED_CONTEXT
((#979,#980,#981)) REPRESENTATION_CONTEXT('Context #1',
  '3D Context with UNIT and UNCERTAINTY') );
#979 = ( LENGTH_UNIT() NAMED_UNIT(*) SI_UNIT(.MILLI.,.METRE.) );
#980 = ( NAMED_UNIT(*) PLANE_ANGLE_UNIT() SI_UNIT($,.RADIAN.) );
#981 = ( NAMED_UNIT(*) SI_UNIT($,.STERADIAN.) SOLID_ANGLE_UNIT() );
#982 = UNCERTAINTY_MEASURE_WITH_UNIT(LENGTH_MEASURE(1.E-07),#979,
  'distance_accuracy_value','confusion accuracy');
#983 = CONTEXT_DEPENDENT_SHAPE_REPRESENTATION(#984,#986);
#984 = ( REPRESENTATION_RELATIONSHIP('','',#123,#100) 
REPRESENTATION_RELATIONSHIP_WITH_TRANSFORMATION(#985) 
SHAPE_REPRESENTATION_RELATIONSHIP() );
#985 = ITEM_DEFINED_TRANSFORMATION('','',#11,#101);
#986 = PRODUCT_DEFINITION_SHAPE('Placement','Placement of an item',#987
  );
#987 = NEXT_ASSEMBLY_USAGE_OCCURRENCE('1','=>[0:1:1:3]','',#95,#118,$);
#988 = PRODUCT_RELATED_PRODUCT_CATEGORY('part',$,(#120));
#989 = CONTEXT_DEPENDENT_SHAPE_REPRESENTATION(#990,#992);
#990 = ( REPRESENTATION_RELATIONSHIP('','',#100,#10) 
REPRESENTATION_RELATIONSHIP_WITH_TRANSFORMATION(#991) 
SHAPE_REPRESENTATION_RELATIONSHIP() );
#991 = ITEM_DEFINED_TRANSFORMATION('','',#11,#19);
#992 = PRODUCT_DEFINITION_SHAPE('Placement','Placement of an item',#993
  );
#993 = NEXT_ASSEMBLY_USAGE_OCCURRENCE('3','C4','',#5,#95,$);
#994 = SHAPE_DEFINITION_REPRESENTATION(#995,#1001);
#995 = PRODUCT_DEFINITION_SHAPE('','',#996);
#996 = PRODUCT_DEFINITION('design','',#997,#1000);
#997 = PRODUCT_DEFINITION_FORMATION('','',#998);
#998 = PRODUCT('LED_WS2812_2020','LED_WS2812_2020','',(#999));
#999 = PRODUCT_CONTEXT('',#2,'mechanical');
#1000 = PRODUCT_DEFINITION_CONTEXT('part definition',#2,'design');
#1001 = SHAPE_REPRESENTATION('',(#11,#1002),#1006);
#1002 = AXIS2_PLACEMENT_3D('',#1003,#1004,#1005);
#1003 = CARTESIAN_POINT('',(0.,0.,0.));
#1004 = DIRECTION('',(0.,0.,1.));
#1005 = DIRECTION('',(1.,0.,-0.));
#1006 = ( GEOMETRIC_REPRESENTATION_CONTEXT(3) 
GLOBAL_UNCERTAINTY_ASSIGNED_CONTEXT((#1010)) 
GLOBAL_UNIT_ASSIGNED_CONTEXT((#1007,#1008,#1009)) REPRESENTATION_CONTEXT
('Context #1','3D Context with UNIT and UNCERTAINTY') );
#1007 = ( LENGTH_UNIT() NAMED_UNIT(*) SI_UNIT(.MILLI.,.METRE.) );
#1008 = ( NAMED_UNIT(*) PLANE_ANGLE_UNIT() SI_UNIT($,.RADIAN.) );
#1009 = ( NAMED_UNIT(*) SI_UNIT($,.STERADIAN.) SOLID_ANGLE_UNIT() );
#1010 = UNCERTAINTY_MEASURE_WITH_UNIT(LENGTH_MEASURE(1.E-07),#1007,
  'distance_accuracy_value','confusion accuracy');
#1011 = CONTEXT_DEPENDENT_SHAPE_REPRESENTATION(#1012,#1014);
#1012 = ( REPRESENTATION_RELATIONSHIP('','',#1001,#10) 
REPRESENTATION_RELATIONSHIP_WITH_TRANSFORMATION(#1013) 
SHAPE_REPRESENTATION_RELATIONSHIP() );
#1013 = ITEM_DEFINED_TRANSFORMATION('','',#11,#23);
#1014 = PRODUCT_DEFINITION_SHAPE('Placement','Placement of an item',
  #1015);
#1015 = NEXT_ASSEMBLY_USAGE_OCCURRENCE('5','D5','',#5,#996,$);
#1016 = PRODUCT_RELATED_PRODUCT_CATEGORY('part',$,(#998));
#1017 = SHAPE_DEFINITION_REPRESENTATION(#1018,#1024);
#1018 = PRODUCT_DEFINITION_SHAPE('','',#1019);
#1019 = PRODUCT_DEFINITION('design','',#1020,#1023);
#1020 = PRODUCT_DEFINITION_FORMATION('','',#1021);
#1021 = PRODUCT('LED_WS2812_2020 v3','LED_WS2812_2020 v3','',(#1022));
#1022 = PRODUCT_CONTEXT('',#2,'mechanical');
#1023 = PRODUCT_DEFINITION_CONTEXT('part definition',#2,'design');
#1024 = SHAPE_REPRESENTATION('',(#11,#1025,#2907,#3761),#3911);
#1025 = MANIFOLD_SOLID_BREP('',#1026);
#1026 = CLOSED_SHELL('',(#1027,#1069,#1100,#1287,#1319,#1343,#1368,#1392
    ,#1424,#1448,#1488,#1519,#1543,#1583,#1614,#1654,#1685,#1716,#1756,
    #1787,#1827,#1858,#1898,#1929,#1969,#2000,#2031,#2071,#2102,#2149,
    #2173,#2204,#2235,#2257,#2279,#2310,#2350,#2382,#2408,#2434,#2456,
    #2487,#2527,#2558,#2585,#2611,#2633,#2664,#2704,#2736,#2762,#2788,
    #2810,#2822,#2834,#2846,#2863,#2875));
#1027 = ADVANCED_FACE('',(#1028),#1064,.T.);
#1028 = FACE_BOUND('',#1029,.T.);
#1029 = EDGE_LOOP('',(#1030,#1041,#1049,#1058));
#1030 = ORIENTED_EDGE('',*,*,#1031,.T.);
#1031 = EDGE_CURVE('',#1032,#1034,#1036,.T.);
#1032 = VERTEX_POINT('',#1033);
#1033 = CARTESIAN_POINT('',(1.1,-0.95,0.28));
#1034 = VERTEX_POINT('',#1035);
#1035 = CARTESIAN_POINT('',(1.05,-1.,0.28));
#1036 = CIRCLE('',#1037,5.E-02);
#1037 = AXIS2_PLACEMENT_3D('',#1038,#1039,#1040);
#1038 = CARTESIAN_POINT('',(1.05,-0.95,0.28));
#1039 = DIRECTION('',(0.,0.,-1.));
#1040 = DIRECTION('',(0.707106781187,-0.707106781187,0.));
#1041 = ORIENTED_EDGE('',*,*,#1042,.T.);
#1042 = EDGE_CURVE('',#1034,#1043,#1045,.T.);
#1043 = VERTEX_POINT('',#1044);
#1044 = CARTESIAN_POINT('',(1.05,-1.,0.));
#1045 = LINE('',#1046,#1047);
#1046 = CARTESIAN_POINT('',(1.05,-1.,0.));
#1047 = VECTOR('',#1048,1.);
#1048 = DIRECTION('',(0.,0.,-1.));
#1049 = ORIENTED_EDGE('',*,*,#1050,.T.);
#1050 = EDGE_CURVE('',#1043,#1051,#1053,.T.);
#1051 = VERTEX_POINT('',#1052);
#1052 = CARTESIAN_POINT('',(1.1,-0.95,0.));
#1053 = CIRCLE('',#1054,5.E-02);
#1054 = AXIS2_PLACEMENT_3D('',#1055,#1056,#1057);
#1055 = CARTESIAN_POINT('',(1.05,-0.95,0.));
#1056 = DIRECTION('',(0.,0.,1.));
#1057 = DIRECTION('',(0.707106781187,-0.707106781187,0.));
#1058 = ORIENTED_EDGE('',*,*,#1059,.T.);
#1059 = EDGE_CURVE('',#1051,#1032,#1060,.T.);
#1060 = LINE('',#1061,#1062);
#1061 = CARTESIAN_POINT('',(1.1,-0.95,0.));
#1062 = VECTOR('',#1063,1.);
#1063 = DIRECTION('',(0.,0.,1.));
#1064 = CYLINDRICAL_SURFACE('',#1065,5.E-02);
#1065 = AXIS2_PLACEMENT_3D('',#1066,#1067,#1068);
#1066 = CARTESIAN_POINT('',(1.05,-0.95,0.));
#1067 = DIRECTION('',(0.,0.,1.));
#1068 = DIRECTION('',(0.707106781187,-0.707106781187,0.));
#1069 = ADVANCED_FACE('',(#1070),#1095,.T.);
#1070 = FACE_BOUND('',#1071,.T.);
#1071 = EDGE_LOOP('',(#1072,#1073,#1081,#1089));
#1072 = ORIENTED_EDGE('',*,*,#1059,.F.);
#1073 = ORIENTED_EDGE('',*,*,#1074,.F.);
#1074 = EDGE_CURVE('',#1075,#1051,#1077,.T.);
#1075 = VERTEX_POINT('',#1076);
#1076 = CARTESIAN_POINT('',(1.1,-0.895,0.));
#1077 = LINE('',#1078,#1079);
#1078 = CARTESIAN_POINT('',(1.1,1.,0.));
#1079 = VECTOR('',#1080,1.);
#1080 = DIRECTION('',(-1.224646799147E-16,-1.,0.));
#1081 = ORIENTED_EDGE('',*,*,#1082,.T.);
#1082 = EDGE_CURVE('',#1075,#1083,#1085,.T.);
#1083 = VERTEX_POINT('',#1084);
#1084 = CARTESIAN_POINT('',(1.1,-0.895,0.28));
#1085 = LINE('',#1086,#1087);
#1086 = CARTESIAN_POINT('',(1.1,-0.895,0.1405));
#1087 = VECTOR('',#1088,1.);
#1088 = DIRECTION('',(0.,0.,1.));
#1089 = ORIENTED_EDGE('',*,*,#1090,.F.);
#1090 = EDGE_CURVE('',#1032,#1083,#1091,.T.);
#1091 = LINE('',#1092,#1093);
#1092 = CARTESIAN_POINT('',(1.1,1.,0.28));
#1093 = VECTOR('',#1094,1.);
#1094 = DIRECTION('',(1.224646799147E-16,1.,0.));
#1095 = PLANE('',#1096);
#1096 = AXIS2_PLACEMENT_3D('',#1097,#1098,#1099);
#1097 = CARTESIAN_POINT('',(1.1,-1.,0.));
#1098 = DIRECTION('',(1.,-1.224646799147E-16,0.));
#1099 = DIRECTION('',(1.224646799147E-16,1.,0.));
#1100 = ADVANCED_FACE('',(#1101),#1282,.F.);
#1101 = FACE_BOUND('',#1102,.T.);
#1102 = EDGE_LOOP('',(#1103,#1104,#1112,#1121,#1129,#1137,#1145,#1153,
    #1161,#1169,#1177,#1185,#1193,#1202,#1210,#1219,#1227,#1235,#1243,
    #1251,#1259,#1267,#1275,#1281));
#1103 = ORIENTED_EDGE('',*,*,#1050,.F.);
#1104 = ORIENTED_EDGE('',*,*,#1105,.T.);
#1105 = EDGE_CURVE('',#1043,#1106,#1108,.T.);
#1106 = VERTEX_POINT('',#1107);
#1107 = CARTESIAN_POINT('',(-1.05,-1.,0.));
#1108 = LINE('',#1109,#1110);
#1109 = CARTESIAN_POINT('',(1.1,-1.,0.));
#1110 = VECTOR('',#1111,1.);
#1111 = DIRECTION('',(-1.,1.224646799147E-16,0.));
#1112 = ORIENTED_EDGE('',*,*,#1113,.F.);
#1113 = EDGE_CURVE('',#1114,#1106,#1116,.T.);
#1114 = VERTEX_POINT('',#1115);
#1115 = CARTESIAN_POINT('',(-1.1,-0.95,0.));
#1116 = CIRCLE('',#1117,5.E-02);
#1117 = AXIS2_PLACEMENT_3D('',#1118,#1119,#1120);
#1118 = CARTESIAN_POINT('',(-1.05,-0.95,0.));
#1119 = DIRECTION('',(0.,0.,1.));
#1120 = DIRECTION('',(-0.707106781187,-0.707106781187,0.));
#1121 = ORIENTED_EDGE('',*,*,#1122,.T.);
#1122 = EDGE_CURVE('',#1114,#1123,#1125,.T.);
#1123 = VERTEX_POINT('',#1124);
#1124 = CARTESIAN_POINT('',(-1.1,-0.895,0.));
#1125 = LINE('',#1126,#1127);
#1126 = CARTESIAN_POINT('',(-1.1,-1.,0.));
#1127 = VECTOR('',#1128,1.);
#1128 = DIRECTION('',(1.224646799147E-16,1.,0.));
#1129 = ORIENTED_EDGE('',*,*,#1130,.T.);
#1130 = EDGE_CURVE('',#1123,#1131,#1133,.T.);
#1131 = VERTEX_POINT('',#1132);
#1132 = CARTESIAN_POINT('',(-0.565,-0.895,0.));
#1133 = LINE('',#1134,#1135);
#1134 = CARTESIAN_POINT('',(-0.55,-0.895,0.));
#1135 = VECTOR('',#1136,1.);
#1136 = DIRECTION('',(1.,-1.224646799147E-16,0.));
#1137 = ORIENTED_EDGE('',*,*,#1138,.T.);
#1138 = EDGE_CURVE('',#1131,#1139,#1141,.T.);
#1139 = VERTEX_POINT('',#1140);
#1140 = CARTESIAN_POINT('',(-0.565,-0.105,0.));
#1141 = LINE('',#1142,#1143);
#1142 = CARTESIAN_POINT('',(-0.565,-0.4475,0.));
#1143 = VECTOR('',#1144,1.);
#1144 = DIRECTION('',(1.224646799147E-16,1.,0.));
#1145 = ORIENTED_EDGE('',*,*,#1146,.T.);
#1146 = EDGE_CURVE('',#1139,#1147,#1149,.T.);
#1147 = VERTEX_POINT('',#1148);
#1148 = CARTESIAN_POINT('',(-1.1,-0.105,0.));
#1149 = LINE('',#1150,#1151);
#1150 = CARTESIAN_POINT('',(-0.2825,-0.105,0.));
#1151 = VECTOR('',#1152,1.);
#1152 = DIRECTION('',(-1.,1.224646799147E-16,0.));
#1153 = ORIENTED_EDGE('',*,*,#1154,.T.);
#1154 = EDGE_CURVE('',#1147,#1155,#1157,.T.);
#1155 = VERTEX_POINT('',#1156);
#1156 = CARTESIAN_POINT('',(-1.1,0.105,0.));
#1157 = LINE('',#1158,#1159);
#1158 = CARTESIAN_POINT('',(-1.1,-1.,0.));
#1159 = VECTOR('',#1160,1.);
#1160 = DIRECTION('',(1.224646799147E-16,1.,0.));
#1161 = ORIENTED_EDGE('',*,*,#1162,.T.);
#1162 = EDGE_CURVE('',#1155,#1163,#1165,.T.);
#1163 = VERTEX_POINT('',#1164);
#1164 = CARTESIAN_POINT('',(-0.565,0.105,0.));
#1165 = LINE('',#1166,#1167);
#1166 = CARTESIAN_POINT('',(-0.55,0.105,0.));
#1167 = VECTOR('',#1168,1.);
#1168 = DIRECTION('',(1.,-1.224646799147E-16,0.));
#1169 = ORIENTED_EDGE('',*,*,#1170,.T.);
#1170 = EDGE_CURVE('',#1163,#1171,#1173,.T.);
#1171 = VERTEX_POINT('',#1172);
#1172 = CARTESIAN_POINT('',(-0.565,0.895,0.));
#1173 = LINE('',#1174,#1175);
#1174 = CARTESIAN_POINT('',(-0.565,5.25E-02,0.));
#1175 = VECTOR('',#1176,1.);
#1176 = DIRECTION('',(1.224646799147E-16,1.,0.));
#1177 = ORIENTED_EDGE('',*,*,#1178,.T.);
#1178 = EDGE_CURVE('',#1171,#1179,#1181,.T.);
#1179 = VERTEX_POINT('',#1180);
#1180 = CARTESIAN_POINT('',(-1.1,0.895,0.));
#1181 = LINE('',#1182,#1183);
#1182 = CARTESIAN_POINT('',(-0.2825,0.895,0.));
#1183 = VECTOR('',#1184,1.);
#1184 = DIRECTION('',(-1.,1.224646799147E-16,0.));
#1185 = ORIENTED_EDGE('',*,*,#1186,.T.);
#1186 = EDGE_CURVE('',#1179,#1187,#1189,.T.);
#1187 = VERTEX_POINT('',#1188);
#1188 = CARTESIAN_POINT('',(-1.1,0.95,0.));
#1189 = LINE('',#1190,#1191);
#1190 = CARTESIAN_POINT('',(-1.1,-1.,0.));
#1191 = VECTOR('',#1192,1.);
#1192 = DIRECTION('',(1.224646799147E-16,1.,0.));
#1193 = ORIENTED_EDGE('',*,*,#1194,.F.);
#1194 = EDGE_CURVE('',#1195,#1187,#1197,.T.);
#1195 = VERTEX_POINT('',#1196);
#1196 = CARTESIAN_POINT('',(-1.05,1.,0.));
#1197 = CIRCLE('',#1198,5.E-02);
#1198 = AXIS2_PLACEMENT_3D('',#1199,#1200,#1201);
#1199 = CARTESIAN_POINT('',(-1.05,0.95,0.));
#1200 = DIRECTION('',(0.,0.,1.));
#1201 = DIRECTION('',(-0.707106781187,0.707106781187,0.));
#1202 = ORIENTED_EDGE('',*,*,#1203,.T.);
#1203 = EDGE_CURVE('',#1195,#1204,#1206,.T.);
#1204 = VERTEX_POINT('',#1205);
#1205 = CARTESIAN_POINT('',(1.05,1.,0.));
#1206 = LINE('',#1207,#1208);
#1207 = CARTESIAN_POINT('',(-1.1,1.,0.));
#1208 = VECTOR('',#1209,1.);
#1209 = DIRECTION('',(1.,-1.224646799147E-16,0.));
#1210 = ORIENTED_EDGE('',*,*,#1211,.F.);
#1211 = EDGE_CURVE('',#1212,#1204,#1214,.T.);
#1212 = VERTEX_POINT('',#1213);
#1213 = CARTESIAN_POINT('',(1.1,0.95,0.));
#1214 = CIRCLE('',#1215,5.E-02);
#1215 = AXIS2_PLACEMENT_3D('',#1216,#1217,#1218);
#1216 = CARTESIAN_POINT('',(1.05,0.95,0.));
#1217 = DIRECTION('',(0.,0.,1.));
#1218 = DIRECTION('',(0.707106781187,0.707106781187,-0.));
#1219 = ORIENTED_EDGE('',*,*,#1220,.T.);
#1220 = EDGE_CURVE('',#1212,#1221,#1223,.T.);
#1221 = VERTEX_POINT('',#1222);
#1222 = CARTESIAN_POINT('',(1.1,0.895,0.));
#1223 = LINE('',#1224,#1225);
#1224 = CARTESIAN_POINT('',(1.1,1.,0.));
#1225 = VECTOR('',#1226,1.);
#1226 = DIRECTION('',(-1.224646799147E-16,-1.,0.));
#1227 = ORIENTED_EDGE('',*,*,#1228,.T.);
#1228 = EDGE_CURVE('',#1221,#1229,#1231,.T.);
#1229 = VERTEX_POINT('',#1230);
#1230 = CARTESIAN_POINT('',(0.565,0.895,0.));
#1231 = LINE('',#1232,#1233);
#1232 = CARTESIAN_POINT('',(0.55,0.895,0.));
#1233 = VECTOR('',#1234,1.);
#1234 = DIRECTION('',(-1.,1.224646799147E-16,0.));
#1235 = ORIENTED_EDGE('',*,*,#1236,.T.);
#1236 = EDGE_CURVE('',#1229,#1237,#1239,.T.);
#1237 = VERTEX_POINT('',#1238);
#1238 = CARTESIAN_POINT('',(0.565,0.105,0.));
#1239 = LINE('',#1240,#1241);
#1240 = CARTESIAN_POINT('',(0.565,0.4475,0.));
#1241 = VECTOR('',#1242,1.);
#1242 = DIRECTION('',(-1.224646799147E-16,-1.,0.));
#1243 = ORIENTED_EDGE('',*,*,#1244,.T.);
#1244 = EDGE_CURVE('',#1237,#1245,#1247,.T.);
#1245 = VERTEX_POINT('',#1246);
#1246 = CARTESIAN_POINT('',(1.1,0.105,0.));
#1247 = LINE('',#1248,#1249);
#1248 = CARTESIAN_POINT('',(0.2825,0.105,0.));
#1249 = VECTOR('',#1250,1.);
#1250 = DIRECTION('',(1.,-1.224646799147E-16,0.));
#1251 = ORIENTED_EDGE('',*,*,#1252,.T.);
#1252 = EDGE_CURVE('',#1245,#1253,#1255,.T.);
#1253 = VERTEX_POINT('',#1254);
#1254 = CARTESIAN_POINT('',(1.1,-0.105,0.));
#1255 = LINE('',#1256,#1257);
#1256 = CARTESIAN_POINT('',(1.1,1.,0.));
#1257 = VECTOR('',#1258,1.);
#1258 = DIRECTION('',(-1.224646799147E-16,-1.,0.));
#1259 = ORIENTED_EDGE('',*,*,#1260,.T.);
#1260 = EDGE_CURVE('',#1253,#1261,#1263,.T.);
#1261 = VERTEX_POINT('',#1262);
#1262 = CARTESIAN_POINT('',(0.565,-0.105,0.));
#1263 = LINE('',#1264,#1265);
#1264 = CARTESIAN_POINT('',(0.55,-0.105,0.));
#1265 = VECTOR('',#1266,1.);
#1266 = DIRECTION('',(-1.,1.224646799147E-16,0.));
#1267 = ORIENTED_EDGE('',*,*,#1268,.T.);
#1268 = EDGE_CURVE('',#1261,#1269,#1271,.T.);
#1269 = VERTEX_POINT('',#1270);
#1270 = CARTESIAN_POINT('',(0.565,-0.895,0.));
#1271 = LINE('',#1272,#1273);
#1272 = CARTESIAN_POINT('',(0.565,-5.25E-02,0.));
#1273 = VECTOR('',#1274,1.);
#1274 = DIRECTION('',(-1.224646799147E-16,-1.,0.));
#1275 = ORIENTED_EDGE('',*,*,#1276,.T.);
#1276 = EDGE_CURVE('',#1269,#1075,#1277,.T.);
#1277 = LINE('',#1278,#1279);
#1278 = CARTESIAN_POINT('',(0.2825,-0.895,0.));
#1279 = VECTOR('',#1280,1.);
#1280 = DIRECTION('',(1.,-1.224646799147E-16,0.));
#1281 = ORIENTED_EDGE('',*,*,#1074,.T.);
#1282 = PLANE('',#1283);
#1283 = AXIS2_PLACEMENT_3D('',#1284,#1285,#1286);
#1284 = CARTESIAN_POINT('',(0.,0.,0.));
#1285 = DIRECTION('',(0.,0.,1.));
#1286 = DIRECTION('',(-1.,1.224646799147E-16,0.));
#1287 = ADVANCED_FACE('',(#1288),#1314,.T.);
#1288 = FACE_BOUND('',#1289,.T.);
#1289 = EDGE_LOOP('',(#1290,#1301,#1307,#1308));
#1290 = ORIENTED_EDGE('',*,*,#1291,.T.);
#1291 = EDGE_CURVE('',#1292,#1294,#1296,.T.);
#1292 = VERTEX_POINT('',#1293);
#1293 = CARTESIAN_POINT('',(1.05,1.,0.28));
#1294 = VERTEX_POINT('',#1295);
#1295 = CARTESIAN_POINT('',(1.1,0.95,0.28));
#1296 = CIRCLE('',#1297,5.E-02);
#1297 = AXIS2_PLACEMENT_3D('',#1298,#1299,#1300);
#1298 = CARTESIAN_POINT('',(1.05,0.95,0.28));
#1299 = DIRECTION('',(0.,0.,-1.));
#1300 = DIRECTION('',(0.707106781187,0.707106781187,0.));
#1301 = ORIENTED_EDGE('',*,*,#1302,.T.);
#1302 = EDGE_CURVE('',#1294,#1212,#1303,.T.);
#1303 = LINE('',#1304,#1305);
#1304 = CARTESIAN_POINT('',(1.1,0.95,0.));
#1305 = VECTOR('',#1306,1.);
#1306 = DIRECTION('',(0.,0.,-1.));
#1307 = ORIENTED_EDGE('',*,*,#1211,.T.);
#1308 = ORIENTED_EDGE('',*,*,#1309,.T.);
#1309 = EDGE_CURVE('',#1204,#1292,#1310,.T.);
#1310 = LINE('',#1311,#1312);
#1311 = CARTESIAN_POINT('',(1.05,1.,0.));
#1312 = VECTOR('',#1313,1.);
#1313 = DIRECTION('',(0.,0.,1.));
#1314 = CYLINDRICAL_SURFACE('',#1315,5.E-02);
#1315 = AXIS2_PLACEMENT_3D('',#1316,#1317,#1318);
#1316 = CARTESIAN_POINT('',(1.05,0.95,0.));
#1317 = DIRECTION('',(0.,0.,1.));
#1318 = DIRECTION('',(0.707106781187,0.707106781187,-0.));
#1319 = ADVANCED_FACE('',(#1320),#1338,.T.);
#1320 = FACE_BOUND('',#1321,.T.);
#1321 = EDGE_LOOP('',(#1322,#1323,#1324,#1332));
#1322 = ORIENTED_EDGE('',*,*,#1309,.F.);
#1323 = ORIENTED_EDGE('',*,*,#1203,.F.);
#1324 = ORIENTED_EDGE('',*,*,#1325,.F.);
#1325 = EDGE_CURVE('',#1326,#1195,#1328,.T.);
#1326 = VERTEX_POINT('',#1327);
#1327 = CARTESIAN_POINT('',(-1.05,1.,0.28));
#1328 = LINE('',#1329,#1330);
#1329 = CARTESIAN_POINT('',(-1.05,1.,0.));
#1330 = VECTOR('',#1331,1.);
#1331 = DIRECTION('',(0.,0.,-1.));
#1332 = ORIENTED_EDGE('',*,*,#1333,.F.);
#1333 = EDGE_CURVE('',#1292,#1326,#1334,.T.);
#1334 = LINE('',#1335,#1336);
#1335 = CARTESIAN_POINT('',(-1.1,1.,0.28));
#1336 = VECTOR('',#1337,1.);
#1337 = DIRECTION('',(-1.,1.224646799147E-16,0.));
#1338 = PLANE('',#1339);
#1339 = AXIS2_PLACEMENT_3D('',#1340,#1341,#1342);
#1340 = CARTESIAN_POINT('',(1.1,1.,0.));
#1341 = DIRECTION('',(1.224646799147E-16,1.,0.));
#1342 = DIRECTION('',(-1.,1.224646799147E-16,0.));
#1343 = ADVANCED_FACE('',(#1344),#1363,.T.);
#1344 = FACE_BOUND('',#1345,.T.);
#1345 = EDGE_LOOP('',(#1346,#1355,#1356,#1357));
#1346 = ORIENTED_EDGE('',*,*,#1347,.T.);
#1347 = EDGE_CURVE('',#1348,#1326,#1350,.T.);
#1348 = VERTEX_POINT('',#1349);
#1349 = CARTESIAN_POINT('',(-1.1,0.95,0.28));
#1350 = CIRCLE('',#1351,5.E-02);
#1351 = AXIS2_PLACEMENT_3D('',#1352,#1353,#1354);
#1352 = CARTESIAN_POINT('',(-1.05,0.95,0.28));
#1353 = DIRECTION('',(0.,0.,-1.));
#1354 = DIRECTION('',(-0.707106781187,0.707106781187,0.));
#1355 = ORIENTED_EDGE('',*,*,#1325,.T.);
#1356 = ORIENTED_EDGE('',*,*,#1194,.T.);
#1357 = ORIENTED_EDGE('',*,*,#1358,.T.);
#1358 = EDGE_CURVE('',#1187,#1348,#1359,.T.);
#1359 = LINE('',#1360,#1361);
#1360 = CARTESIAN_POINT('',(-1.1,0.95,0.));
#1361 = VECTOR('',#1362,1.);
#1362 = DIRECTION('',(0.,0.,1.));
#1363 = CYLINDRICAL_SURFACE('',#1364,5.E-02);
#1364 = AXIS2_PLACEMENT_3D('',#1365,#1366,#1367);
#1365 = CARTESIAN_POINT('',(-1.05,0.95,0.));
#1366 = DIRECTION('',(0.,0.,1.));
#1367 = DIRECTION('',(-0.707106781187,0.707106781187,0.));
#1368 = ADVANCED_FACE('',(#1369),#1387,.T.);
#1369 = FACE_BOUND('',#1370,.T.);
#1370 = EDGE_LOOP('',(#1371,#1372,#1373,#1381));
#1371 = ORIENTED_EDGE('',*,*,#1358,.F.);
#1372 = ORIENTED_EDGE('',*,*,#1186,.F.);
#1373 = ORIENTED_EDGE('',*,*,#1374,.T.);
#1374 = EDGE_CURVE('',#1179,#1375,#1377,.T.);
#1375 = VERTEX_POINT('',#1376);
#1376 = CARTESIAN_POINT('',(-1.1,0.895,0.28));
#1377 = LINE('',#1378,#1379);
#1378 = CARTESIAN_POINT('',(-1.1,0.895,0.1405));
#1379 = VECTOR('',#1380,1.);
#1380 = DIRECTION('',(0.,0.,1.));
#1381 = ORIENTED_EDGE('',*,*,#1382,.F.);
#1382 = EDGE_CURVE('',#1348,#1375,#1383,.T.);
#1383 = LINE('',#1384,#1385);
#1384 = CARTESIAN_POINT('',(-1.1,-1.,0.28));
#1385 = VECTOR('',#1386,1.);
#1386 = DIRECTION('',(-1.224646799147E-16,-1.,0.));
#1387 = PLANE('',#1388);
#1388 = AXIS2_PLACEMENT_3D('',#1389,#1390,#1391);
#1389 = CARTESIAN_POINT('',(-1.1,1.,0.));
#1390 = DIRECTION('',(-1.,1.224646799147E-16,0.));
#1391 = DIRECTION('',(-1.224646799147E-16,-1.,0.));
#1392 = ADVANCED_FACE('',(#1393),#1419,.T.);
#1393 = FACE_BOUND('',#1394,.T.);
#1394 = EDGE_LOOP('',(#1395,#1406,#1412,#1413));
#1395 = ORIENTED_EDGE('',*,*,#1396,.T.);
#1396 = EDGE_CURVE('',#1397,#1399,#1401,.T.);
#1397 = VERTEX_POINT('',#1398);
#1398 = CARTESIAN_POINT('',(-1.05,-1.,0.28));
#1399 = VERTEX_POINT('',#1400);
#1400 = CARTESIAN_POINT('',(-1.1,-0.95,0.28));
#1401 = CIRCLE('',#1402,5.E-02);
#1402 = AXIS2_PLACEMENT_3D('',#1403,#1404,#1405);
#1403 = CARTESIAN_POINT('',(-1.05,-0.95,0.28));
#1404 = DIRECTION('',(0.,0.,-1.));
#1405 = DIRECTION('',(-0.707106781187,-0.707106781187,-0.));
#1406 = ORIENTED_EDGE('',*,*,#1407,.T.);
#1407 = EDGE_CURVE('',#1399,#1114,#1408,.T.);
#1408 = LINE('',#1409,#1410);
#1409 = CARTESIAN_POINT('',(-1.1,-0.95,0.));
#1410 = VECTOR('',#1411,1.);
#1411 = DIRECTION('',(0.,0.,-1.));
#1412 = ORIENTED_EDGE('',*,*,#1113,.T.);
#1413 = ORIENTED_EDGE('',*,*,#1414,.T.);
#1414 = EDGE_CURVE('',#1106,#1397,#1415,.T.);
#1415 = LINE('',#1416,#1417);
#1416 = CARTESIAN_POINT('',(-1.05,-1.,0.));
#1417 = VECTOR('',#1418,1.);
#1418 = DIRECTION('',(0.,0.,1.));
#1419 = CYLINDRICAL_SURFACE('',#1420,5.E-02);
#1420 = AXIS2_PLACEMENT_3D('',#1421,#1422,#1423);
#1421 = CARTESIAN_POINT('',(-1.05,-0.95,0.));
#1422 = DIRECTION('',(0.,0.,1.));
#1423 = DIRECTION('',(-0.707106781187,-0.707106781187,0.));
#1424 = ADVANCED_FACE('',(#1425),#1443,.T.);
#1425 = FACE_BOUND('',#1426,.T.);
#1426 = EDGE_LOOP('',(#1427,#1428,#1436,#1442));
#1427 = ORIENTED_EDGE('',*,*,#1407,.F.);
#1428 = ORIENTED_EDGE('',*,*,#1429,.F.);
#1429 = EDGE_CURVE('',#1430,#1399,#1432,.T.);
#1430 = VERTEX_POINT('',#1431);
#1431 = CARTESIAN_POINT('',(-1.1,-0.895,0.28));
#1432 = LINE('',#1433,#1434);
#1433 = CARTESIAN_POINT('',(-1.1,-1.,0.28));
#1434 = VECTOR('',#1435,1.);
#1435 = DIRECTION('',(-1.224646799147E-16,-1.,0.));
#1436 = ORIENTED_EDGE('',*,*,#1437,.T.);
#1437 = EDGE_CURVE('',#1430,#1123,#1438,.T.);
#1438 = LINE('',#1439,#1440);
#1439 = CARTESIAN_POINT('',(-1.1,-0.895,-5.E-04));
#1440 = VECTOR('',#1441,1.);
#1441 = DIRECTION('',(0.,0.,-1.));
#1442 = ORIENTED_EDGE('',*,*,#1122,.F.);
#1443 = PLANE('',#1444);
#1444 = AXIS2_PLACEMENT_3D('',#1445,#1446,#1447);
#1445 = CARTESIAN_POINT('',(-1.1,-0.744948974278,0.));
#1446 = DIRECTION('',(-1.,1.224646799147E-16,0.));
#1447 = DIRECTION('',(-1.224646799147E-16,-1.,0.));
#1448 = ADVANCED_FACE('',(#1449),#1483,.T.);
#1449 = FACE_BOUND('',#1450,.T.);
#1450 = EDGE_LOOP('',(#1451,#1461,#1469,#1477));
#1451 = ORIENTED_EDGE('',*,*,#1452,.F.);
#1452 = EDGE_CURVE('',#1453,#1455,#1457,.T.);
#1453 = VERTEX_POINT('',#1454);
#1454 = CARTESIAN_POINT('',(1.1,0.744948974278,-1.E-03));
#1455 = VERTEX_POINT('',#1456);
#1456 = CARTESIAN_POINT('',(1.1,0.744948974278,0.281));
#1457 = LINE('',#1458,#1459);
#1458 = CARTESIAN_POINT('',(1.1,0.744948974278,0.));
#1459 = VECTOR('',#1460,1.);
#1460 = DIRECTION('',(0.,0.,1.));
#1461 = ORIENTED_EDGE('',*,*,#1462,.T.);
#1462 = EDGE_CURVE('',#1453,#1463,#1465,.T.);
#1463 = VERTEX_POINT('',#1464);
#1464 = CARTESIAN_POINT('',(1.101,0.744948974278,-1.E-03));
#1465 = LINE('',#1466,#1467);
#1466 = CARTESIAN_POINT('',(1.1,0.744948974278,-1.E-03));
#1467 = VECTOR('',#1468,1.);
#1468 = DIRECTION('',(1.,-1.224646799147E-16,0.));
#1469 = ORIENTED_EDGE('',*,*,#1470,.F.);
#1470 = EDGE_CURVE('',#1471,#1463,#1473,.T.);
#1471 = VERTEX_POINT('',#1472);
#1472 = CARTESIAN_POINT('',(1.101,0.744948974278,0.281));
#1473 = LINE('',#1474,#1475);
#1474 = CARTESIAN_POINT('',(1.101,0.744948974278,-1.E-03));
#1475 = VECTOR('',#1476,1.);
#1476 = DIRECTION('',(0.,0.,-1.));
#1477 = ORIENTED_EDGE('',*,*,#1478,.F.);
#1478 = EDGE_CURVE('',#1455,#1471,#1479,.T.);
#1479 = LINE('',#1480,#1481);
#1480 = CARTESIAN_POINT('',(1.1,0.744948974278,0.281));
#1481 = VECTOR('',#1482,1.);
#1482 = DIRECTION('',(1.,-1.224646799147E-16,0.));
#1483 = PLANE('',#1484);
#1484 = AXIS2_PLACEMENT_3D('',#1485,#1486,#1487);
#1485 = CARTESIAN_POINT('',(1.1,0.744948974278,0.281));
#1486 = DIRECTION('',(-1.224646799147E-16,-1.,0.));
#1487 = DIRECTION('',(-0.,0.,-1.));
#1488 = ADVANCED_FACE('',(#1489),#1514,.T.);
#1489 = FACE_BOUND('',#1490,.T.);
#1490 = EDGE_LOOP('',(#1491,#1501,#1507,#1508));
#1491 = ORIENTED_EDGE('',*,*,#1492,.T.);
#1492 = EDGE_CURVE('',#1493,#1495,#1497,.T.);
#1493 = VERTEX_POINT('',#1494);
#1494 = CARTESIAN_POINT('',(1.101,0.895,-1.E-03));
#1495 = VERTEX_POINT('',#1496);
#1496 = CARTESIAN_POINT('',(1.101,0.895,0.281));
#1497 = LINE('',#1498,#1499);
#1498 = CARTESIAN_POINT('',(1.101,0.895,0.28));
#1499 = VECTOR('',#1500,1.);
#1500 = DIRECTION('',(0.,0.,1.));
#1501 = ORIENTED_EDGE('',*,*,#1502,.T.);
#1502 = EDGE_CURVE('',#1495,#1471,#1503,.T.);
#1503 = LINE('',#1504,#1505);
#1504 = CARTESIAN_POINT('',(1.101,0.744948974278,0.281));
#1505 = VECTOR('',#1506,1.);
#1506 = DIRECTION('',(-1.224646799147E-16,-1.,0.));
#1507 = ORIENTED_EDGE('',*,*,#1470,.T.);
#1508 = ORIENTED_EDGE('',*,*,#1509,.T.);
#1509 = EDGE_CURVE('',#1463,#1493,#1510,.T.);
#1510 = LINE('',#1511,#1512);
#1511 = CARTESIAN_POINT('',(1.101,0.895,-1.E-03));
#1512 = VECTOR('',#1513,1.);
#1513 = DIRECTION('',(1.224646799147E-16,1.,0.));
#1514 = PLANE('',#1515);
#1515 = AXIS2_PLACEMENT_3D('',#1516,#1517,#1518);
#1516 = CARTESIAN_POINT('',(1.101,0.819974487139,0.14));
#1517 = DIRECTION('',(1.,-1.224646799147E-16,0.));
#1518 = DIRECTION('',(0.,0.,1.));
#1519 = ADVANCED_FACE('',(#1520),#1538,.T.);
#1520 = FACE_BOUND('',#1521,.T.);
#1521 = EDGE_LOOP('',(#1522,#1523,#1531,#1537));
#1522 = ORIENTED_EDGE('',*,*,#1302,.F.);
#1523 = ORIENTED_EDGE('',*,*,#1524,.F.);
#1524 = EDGE_CURVE('',#1525,#1294,#1527,.T.);
#1525 = VERTEX_POINT('',#1526);
#1526 = CARTESIAN_POINT('',(1.1,0.895,0.28));
#1527 = LINE('',#1528,#1529);
#1528 = CARTESIAN_POINT('',(1.1,1.,0.28));
#1529 = VECTOR('',#1530,1.);
#1530 = DIRECTION('',(1.224646799147E-16,1.,0.));
#1531 = ORIENTED_EDGE('',*,*,#1532,.T.);
#1532 = EDGE_CURVE('',#1525,#1221,#1533,.T.);
#1533 = LINE('',#1534,#1535);
#1534 = CARTESIAN_POINT('',(1.1,0.895,-5.E-04));
#1535 = VECTOR('',#1536,1.);
#1536 = DIRECTION('',(0.,0.,-1.));
#1537 = ORIENTED_EDGE('',*,*,#1220,.F.);
#1538 = PLANE('',#1539);
#1539 = AXIS2_PLACEMENT_3D('',#1540,#1541,#1542);
#1540 = CARTESIAN_POINT('',(1.1,0.744948974278,0.));
#1541 = DIRECTION('',(1.,-1.224646799147E-16,0.));
#1542 = DIRECTION('',(1.224646799147E-16,1.,0.));
#1543 = ADVANCED_FACE('',(#1544),#1578,.T.);
#1544 = FACE_BOUND('',#1545,.T.);
#1545 = EDGE_LOOP('',(#1546,#1556,#1564,#1572));
#1546 = ORIENTED_EDGE('',*,*,#1547,.T.);
#1547 = EDGE_CURVE('',#1548,#1550,#1552,.T.);
#1548 = VERTEX_POINT('',#1549);
#1549 = CARTESIAN_POINT('',(1.1,-0.744948974278,-1.E-03));
#1550 = VERTEX_POINT('',#1551);
#1551 = CARTESIAN_POINT('',(1.1,-0.744948974278,0.281));
#1552 = LINE('',#1553,#1554);
#1553 = CARTESIAN_POINT('',(1.1,-0.744948974278,0.));
#1554 = VECTOR('',#1555,1.);
#1555 = DIRECTION('',(0.,0.,1.));
#1556 = ORIENTED_EDGE('',*,*,#1557,.T.);
#1557 = EDGE_CURVE('',#1550,#1558,#1560,.T.);
#1558 = VERTEX_POINT('',#1559);
#1559 = CARTESIAN_POINT('',(1.101,-0.744948974278,0.281));
#1560 = LINE('',#1561,#1562);
#1561 = CARTESIAN_POINT('',(1.1,-0.744948974278,0.281));
#1562 = VECTOR('',#1563,1.);
#1563 = DIRECTION('',(1.,-1.224646799147E-16,0.));
#1564 = ORIENTED_EDGE('',*,*,#1565,.F.);
#1565 = EDGE_CURVE('',#1566,#1558,#1568,.T.);
#1566 = VERTEX_POINT('',#1567);
#1567 = CARTESIAN_POINT('',(1.101,-0.744948974278,-1.E-03));
#1568 = LINE('',#1569,#1570);
#1569 = CARTESIAN_POINT('',(1.101,-0.744948974278,0.281));
#1570 = VECTOR('',#1571,1.);
#1571 = DIRECTION('',(0.,0.,1.));
#1572 = ORIENTED_EDGE('',*,*,#1573,.F.);
#1573 = EDGE_CURVE('',#1548,#1566,#1574,.T.);
#1574 = LINE('',#1575,#1576);
#1575 = CARTESIAN_POINT('',(1.1,-0.744948974278,-1.E-03));
#1576 = VECTOR('',#1577,1.);
#1577 = DIRECTION('',(1.,-1.224646799147E-16,0.));
#1578 = PLANE('',#1579);
#1579 = AXIS2_PLACEMENT_3D('',#1580,#1581,#1582);
#1580 = CARTESIAN_POINT('',(1.1,-0.744948974278,-1.E-03));
#1581 = DIRECTION('',(1.224646799147E-16,1.,0.));
#1582 = DIRECTION('',(0.,-0.,1.));
#1583 = ADVANCED_FACE('',(#1584),#1609,.T.);
#1584 = FACE_BOUND('',#1585,.T.);
#1585 = EDGE_LOOP('',(#1586,#1596,#1602,#1603));
#1586 = ORIENTED_EDGE('',*,*,#1587,.T.);
#1587 = EDGE_CURVE('',#1588,#1590,#1592,.T.);
#1588 = VERTEX_POINT('',#1589);
#1589 = CARTESIAN_POINT('',(1.101,-0.895,0.281));
#1590 = VERTEX_POINT('',#1591);
#1591 = CARTESIAN_POINT('',(1.101,-0.895,-1.E-03));
#1592 = LINE('',#1593,#1594);
#1593 = CARTESIAN_POINT('',(1.101,-0.895,0.28));
#1594 = VECTOR('',#1595,1.);
#1595 = DIRECTION('',(0.,0.,-1.));
#1596 = ORIENTED_EDGE('',*,*,#1597,.T.);
#1597 = EDGE_CURVE('',#1590,#1566,#1598,.T.);
#1598 = LINE('',#1599,#1600);
#1599 = CARTESIAN_POINT('',(1.101,-0.744948974278,-1.E-03));
#1600 = VECTOR('',#1601,1.);
#1601 = DIRECTION('',(1.224646799147E-16,1.,0.));
#1602 = ORIENTED_EDGE('',*,*,#1565,.T.);
#1603 = ORIENTED_EDGE('',*,*,#1604,.T.);
#1604 = EDGE_CURVE('',#1558,#1588,#1605,.T.);
#1605 = LINE('',#1606,#1607);
#1606 = CARTESIAN_POINT('',(1.101,-0.895,0.281));
#1607 = VECTOR('',#1608,1.);
#1608 = DIRECTION('',(-1.224646799147E-16,-1.,0.));
#1609 = PLANE('',#1610);
#1610 = AXIS2_PLACEMENT_3D('',#1611,#1612,#1613);
#1611 = CARTESIAN_POINT('',(1.101,-0.819974487139,0.14));
#1612 = DIRECTION('',(1.,-1.224646799147E-16,0.));
#1613 = DIRECTION('',(0.,0.,1.));
#1614 = ADVANCED_FACE('',(#1615),#1649,.T.);
#1615 = FACE_BOUND('',#1616,.T.);
#1616 = EDGE_LOOP('',(#1617,#1627,#1635,#1643));
#1617 = ORIENTED_EDGE('',*,*,#1618,.T.);
#1618 = EDGE_CURVE('',#1619,#1621,#1623,.T.);
#1619 = VERTEX_POINT('',#1620);
#1620 = CARTESIAN_POINT('',(1.1,0.255051025722,-1.E-03));
#1621 = VERTEX_POINT('',#1622);
#1622 = CARTESIAN_POINT('',(1.1,0.255051025722,0.281));
#1623 = LINE('',#1624,#1625);
#1624 = CARTESIAN_POINT('',(1.1,0.255051025722,0.));
#1625 = VECTOR('',#1626,1.);
#1626 = DIRECTION('',(0.,0.,1.));
#1627 = ORIENTED_EDGE('',*,*,#1628,.T.);
#1628 = EDGE_CURVE('',#1621,#1629,#1631,.T.);
#1629 = VERTEX_POINT('',#1630);
#1630 = CARTESIAN_POINT('',(1.101,0.255051025722,0.281));
#1631 = LINE('',#1632,#1633);
#1632 = CARTESIAN_POINT('',(1.1,0.255051025722,0.281));
#1633 = VECTOR('',#1634,1.);
#1634 = DIRECTION('',(1.,-1.224646799147E-16,0.));
#1635 = ORIENTED_EDGE('',*,*,#1636,.F.);
#1636 = EDGE_CURVE('',#1637,#1629,#1639,.T.);
#1637 = VERTEX_POINT('',#1638);
#1638 = CARTESIAN_POINT('',(1.101,0.255051025722,-1.E-03));
#1639 = LINE('',#1640,#1641);
#1640 = CARTESIAN_POINT('',(1.101,0.255051025722,0.281));
#1641 = VECTOR('',#1642,1.);
#1642 = DIRECTION('',(0.,0.,1.));
#1643 = ORIENTED_EDGE('',*,*,#1644,.F.);
#1644 = EDGE_CURVE('',#1619,#1637,#1645,.T.);
#1645 = LINE('',#1646,#1647);
#1646 = CARTESIAN_POINT('',(1.1,0.255051025722,-1.E-03));
#1647 = VECTOR('',#1648,1.);
#1648 = DIRECTION('',(1.,-1.224646799147E-16,0.));
#1649 = PLANE('',#1650);
#1650 = AXIS2_PLACEMENT_3D('',#1651,#1652,#1653);
#1651 = CARTESIAN_POINT('',(1.1,0.255051025722,-1.E-03));
#1652 = DIRECTION('',(1.224646799147E-16,1.,0.));
#1653 = DIRECTION('',(0.,-0.,1.));
#1654 = ADVANCED_FACE('',(#1655),#1680,.T.);
#1655 = FACE_BOUND('',#1656,.T.);
#1656 = EDGE_LOOP('',(#1657,#1667,#1673,#1674));
#1657 = ORIENTED_EDGE('',*,*,#1658,.T.);
#1658 = EDGE_CURVE('',#1659,#1661,#1663,.T.);
#1659 = VERTEX_POINT('',#1660);
#1660 = CARTESIAN_POINT('',(1.101,0.105,0.281));
#1661 = VERTEX_POINT('',#1662);
#1662 = CARTESIAN_POINT('',(1.101,0.105,-1.E-03));
#1663 = LINE('',#1664,#1665);
#1664 = CARTESIAN_POINT('',(1.101,0.105,0.28));
#1665 = VECTOR('',#1666,1.);
#1666 = DIRECTION('',(0.,0.,-1.));
#1667 = ORIENTED_EDGE('',*,*,#1668,.T.);
#1668 = EDGE_CURVE('',#1661,#1637,#1669,.T.);
#1669 = LINE('',#1670,#1671);
#1670 = CARTESIAN_POINT('',(1.101,0.255051025722,-1.E-03));
#1671 = VECTOR('',#1672,1.);
#1672 = DIRECTION('',(1.224646799147E-16,1.,0.));
#1673 = ORIENTED_EDGE('',*,*,#1636,.T.);
#1674 = ORIENTED_EDGE('',*,*,#1675,.T.);
#1675 = EDGE_CURVE('',#1629,#1659,#1676,.T.);
#1676 = LINE('',#1677,#1678);
#1677 = CARTESIAN_POINT('',(1.101,0.105,0.281));
#1678 = VECTOR('',#1679,1.);
#1679 = DIRECTION('',(-1.224646799147E-16,-1.,0.));
#1680 = PLANE('',#1681);
#1681 = AXIS2_PLACEMENT_3D('',#1682,#1683,#1684);
#1682 = CARTESIAN_POINT('',(1.101,0.180025512861,0.14));
#1683 = DIRECTION('',(1.,-1.224646799147E-16,0.));
#1684 = DIRECTION('',(0.,0.,1.));
#1685 = ADVANCED_FACE('',(#1686),#1711,.T.);
#1686 = FACE_BOUND('',#1687,.T.);
#1687 = EDGE_LOOP('',(#1688,#1696,#1704,#1710));
#1688 = ORIENTED_EDGE('',*,*,#1689,.T.);
#1689 = EDGE_CURVE('',#1245,#1690,#1692,.T.);
#1690 = VERTEX_POINT('',#1691);
#1691 = CARTESIAN_POINT('',(1.1,0.105,0.28));
#1692 = LINE('',#1693,#1694);
#1693 = CARTESIAN_POINT('',(1.1,0.105,0.1405));
#1694 = VECTOR('',#1695,1.);
#1695 = DIRECTION('',(0.,0.,1.));
#1696 = ORIENTED_EDGE('',*,*,#1697,.F.);
#1697 = EDGE_CURVE('',#1698,#1690,#1700,.T.);
#1698 = VERTEX_POINT('',#1699);
#1699 = CARTESIAN_POINT('',(1.1,-0.105,0.28));
#1700 = LINE('',#1701,#1702);
#1701 = CARTESIAN_POINT('',(1.1,1.,0.28));
#1702 = VECTOR('',#1703,1.);
#1703 = DIRECTION('',(1.224646799147E-16,1.,0.));
#1704 = ORIENTED_EDGE('',*,*,#1705,.T.);
#1705 = EDGE_CURVE('',#1698,#1253,#1706,.T.);
#1706 = LINE('',#1707,#1708);
#1707 = CARTESIAN_POINT('',(1.1,-0.105,-4.999999999974E-04));
#1708 = VECTOR('',#1709,1.);
#1709 = DIRECTION('',(4.248847104522E-30,3.469446951954E-14,-1.));
#1710 = ORIENTED_EDGE('',*,*,#1252,.F.);
#1711 = PLANE('',#1712);
#1712 = AXIS2_PLACEMENT_3D('',#1713,#1714,#1715);
#1713 = CARTESIAN_POINT('',(1.1,-0.255051025722,0.));
#1714 = DIRECTION('',(1.,-1.224646799147E-16,0.));
#1715 = DIRECTION('',(1.224646799147E-16,1.,0.));
#1716 = ADVANCED_FACE('',(#1717),#1751,.T.);
#1717 = FACE_BOUND('',#1718,.T.);
#1718 = EDGE_LOOP('',(#1719,#1729,#1737,#1745));
#1719 = ORIENTED_EDGE('',*,*,#1720,.F.);
#1720 = EDGE_CURVE('',#1721,#1723,#1725,.T.);
#1721 = VERTEX_POINT('',#1722);
#1722 = CARTESIAN_POINT('',(1.1,-0.255051025722,-1.E-03));
#1723 = VERTEX_POINT('',#1724);
#1724 = CARTESIAN_POINT('',(1.1,-0.255051025722,0.281));
#1725 = LINE('',#1726,#1727);
#1726 = CARTESIAN_POINT('',(1.1,-0.255051025722,0.));
#1727 = VECTOR('',#1728,1.);
#1728 = DIRECTION('',(0.,0.,1.));
#1729 = ORIENTED_EDGE('',*,*,#1730,.T.);
#1730 = EDGE_CURVE('',#1721,#1731,#1733,.T.);
#1731 = VERTEX_POINT('',#1732);
#1732 = CARTESIAN_POINT('',(1.101,-0.255051025722,-1.E-03));
#1733 = LINE('',#1734,#1735);
#1734 = CARTESIAN_POINT('',(1.1,-0.255051025722,-1.E-03));
#1735 = VECTOR('',#1736,1.);
#1736 = DIRECTION('',(1.,-1.224646799147E-16,0.));
#1737 = ORIENTED_EDGE('',*,*,#1738,.F.);
#1738 = EDGE_CURVE('',#1739,#1731,#1741,.T.);
#1739 = VERTEX_POINT('',#1740);
#1740 = CARTESIAN_POINT('',(1.101,-0.255051025722,0.281));
#1741 = LINE('',#1742,#1743);
#1742 = CARTESIAN_POINT('',(1.101,-0.255051025722,-1.E-03));
#1743 = VECTOR('',#1744,1.);
#1744 = DIRECTION('',(0.,0.,-1.));
#1745 = ORIENTED_EDGE('',*,*,#1746,.F.);
#1746 = EDGE_CURVE('',#1723,#1739,#1747,.T.);
#1747 = LINE('',#1748,#1749);
#1748 = CARTESIAN_POINT('',(1.1,-0.255051025722,0.281));
#1749 = VECTOR('',#1750,1.);
#1750 = DIRECTION('',(1.,-1.224646799147E-16,0.));
#1751 = PLANE('',#1752);
#1752 = AXIS2_PLACEMENT_3D('',#1753,#1754,#1755);
#1753 = CARTESIAN_POINT('',(1.1,-0.255051025722,0.281));
#1754 = DIRECTION('',(-1.224646799147E-16,-1.,0.));
#1755 = DIRECTION('',(-0.,0.,-1.));
#1756 = ADVANCED_FACE('',(#1757),#1782,.T.);
#1757 = FACE_BOUND('',#1758,.T.);
#1758 = EDGE_LOOP('',(#1759,#1769,#1775,#1776));
#1759 = ORIENTED_EDGE('',*,*,#1760,.T.);
#1760 = EDGE_CURVE('',#1761,#1763,#1765,.T.);
#1761 = VERTEX_POINT('',#1762);
#1762 = CARTESIAN_POINT('',(1.101,-0.105,-1.E-03));
#1763 = VERTEX_POINT('',#1764);
#1764 = CARTESIAN_POINT('',(1.101,-0.105,0.281));
#1765 = LINE('',#1766,#1767);
#1766 = CARTESIAN_POINT('',(1.101,-0.105,0.));
#1767 = VECTOR('',#1768,1.);
#1768 = DIRECTION('',(-4.248847104522E-30,-3.469446951954E-14,1.));
#1769 = ORIENTED_EDGE('',*,*,#1770,.T.);
#1770 = EDGE_CURVE('',#1763,#1739,#1771,.T.);
#1771 = LINE('',#1772,#1773);
#1772 = CARTESIAN_POINT('',(1.101,-0.255051025722,0.281));
#1773 = VECTOR('',#1774,1.);
#1774 = DIRECTION('',(-1.224646799147E-16,-1.,0.));
#1775 = ORIENTED_EDGE('',*,*,#1738,.T.);
#1776 = ORIENTED_EDGE('',*,*,#1777,.T.);
#1777 = EDGE_CURVE('',#1731,#1761,#1778,.T.);
#1778 = LINE('',#1779,#1780);
#1779 = CARTESIAN_POINT('',(1.101,-0.105,-1.E-03));
#1780 = VECTOR('',#1781,1.);
#1781 = DIRECTION('',(1.224646799147E-16,1.,0.));
#1782 = PLANE('',#1783);
#1783 = AXIS2_PLACEMENT_3D('',#1784,#1785,#1786);
#1784 = CARTESIAN_POINT('',(1.101,-0.180025512861,0.14));
#1785 = DIRECTION('',(1.,-1.224646799147E-16,0.));
#1786 = DIRECTION('',(0.,0.,1.));
#1787 = ADVANCED_FACE('',(#1788),#1822,.T.);
#1788 = FACE_BOUND('',#1789,.T.);
#1789 = EDGE_LOOP('',(#1790,#1800,#1808,#1816));
#1790 = ORIENTED_EDGE('',*,*,#1791,.F.);
#1791 = EDGE_CURVE('',#1792,#1794,#1796,.T.);
#1792 = VERTEX_POINT('',#1793);
#1793 = CARTESIAN_POINT('',(-1.1,-0.744948974278,-1.E-03));
#1794 = VERTEX_POINT('',#1795);
#1795 = CARTESIAN_POINT('',(-1.1,-0.744948974278,0.281));
#1796 = LINE('',#1797,#1798);
#1797 = CARTESIAN_POINT('',(-1.1,-0.744948974278,0.));
#1798 = VECTOR('',#1799,1.);
#1799 = DIRECTION('',(0.,0.,1.));
#1800 = ORIENTED_EDGE('',*,*,#1801,.T.);
#1801 = EDGE_CURVE('',#1792,#1802,#1804,.T.);
#1802 = VERTEX_POINT('',#1803);
#1803 = CARTESIAN_POINT('',(-1.101,-0.744948974278,-1.E-03));
#1804 = LINE('',#1805,#1806);
#1805 = CARTESIAN_POINT('',(-1.1,-0.744948974278,-1.E-03));
#1806 = VECTOR('',#1807,1.);
#1807 = DIRECTION('',(-1.,1.224646799147E-16,0.));
#1808 = ORIENTED_EDGE('',*,*,#1809,.F.);
#1809 = EDGE_CURVE('',#1810,#1802,#1812,.T.);
#1810 = VERTEX_POINT('',#1811);
#1811 = CARTESIAN_POINT('',(-1.101,-0.744948974278,0.281));
#1812 = LINE('',#1813,#1814);
#1813 = CARTESIAN_POINT('',(-1.101,-0.744948974278,0.281));
#1814 = VECTOR('',#1815,1.);
#1815 = DIRECTION('',(0.,0.,-1.));
#1816 = ORIENTED_EDGE('',*,*,#1817,.F.);
#1817 = EDGE_CURVE('',#1794,#1810,#1818,.T.);
#1818 = LINE('',#1819,#1820);
#1819 = CARTESIAN_POINT('',(-1.1,-0.744948974278,0.281));
#1820 = VECTOR('',#1821,1.);
#1821 = DIRECTION('',(-1.,1.224646799147E-16,0.));
#1822 = PLANE('',#1823);
#1823 = AXIS2_PLACEMENT_3D('',#1824,#1825,#1826);
#1824 = CARTESIAN_POINT('',(-1.1,-0.744948974278,0.281));
#1825 = DIRECTION('',(1.224646799147E-16,1.,0.));
#1826 = DIRECTION('',(0.,0.,-1.));
#1827 = ADVANCED_FACE('',(#1828),#1853,.T.);
#1828 = FACE_BOUND('',#1829,.T.);
#1829 = EDGE_LOOP('',(#1830,#1840,#1846,#1847));
#1830 = ORIENTED_EDGE('',*,*,#1831,.T.);
#1831 = EDGE_CURVE('',#1832,#1834,#1836,.T.);
#1832 = VERTEX_POINT('',#1833);
#1833 = CARTESIAN_POINT('',(-1.101,-0.895,-1.E-03));
#1834 = VERTEX_POINT('',#1835);
#1835 = CARTESIAN_POINT('',(-1.101,-0.895,0.281));
#1836 = LINE('',#1837,#1838);
#1837 = CARTESIAN_POINT('',(-1.101,-0.895,0.));
#1838 = VECTOR('',#1839,1.);
#1839 = DIRECTION('',(0.,0.,1.));
#1840 = ORIENTED_EDGE('',*,*,#1841,.T.);
#1841 = EDGE_CURVE('',#1834,#1810,#1842,.T.);
#1842 = LINE('',#1843,#1844);
#1843 = CARTESIAN_POINT('',(-1.101,-0.895,0.281));
#1844 = VECTOR('',#1845,1.);
#1845 = DIRECTION('',(1.224646799147E-16,1.,0.));
#1846 = ORIENTED_EDGE('',*,*,#1809,.T.);
#1847 = ORIENTED_EDGE('',*,*,#1848,.T.);
#1848 = EDGE_CURVE('',#1802,#1832,#1849,.T.);
#1849 = LINE('',#1850,#1851);
#1850 = CARTESIAN_POINT('',(-1.101,-0.744948974278,-1.E-03));
#1851 = VECTOR('',#1852,1.);
#1852 = DIRECTION('',(-1.224646799147E-16,-1.,0.));
#1853 = PLANE('',#1854);
#1854 = AXIS2_PLACEMENT_3D('',#1855,#1856,#1857);
#1855 = CARTESIAN_POINT('',(-1.101,-0.819974487139,0.14));
#1856 = DIRECTION('',(-1.,1.224646799147E-16,0.));
#1857 = DIRECTION('',(0.,0.,-1.));
#1858 = ADVANCED_FACE('',(#1859),#1893,.T.);
#1859 = FACE_BOUND('',#1860,.T.);
#1860 = EDGE_LOOP('',(#1861,#1871,#1879,#1887));
#1861 = ORIENTED_EDGE('',*,*,#1862,.T.);
#1862 = EDGE_CURVE('',#1863,#1865,#1867,.T.);
#1863 = VERTEX_POINT('',#1864);
#1864 = CARTESIAN_POINT('',(-1.1,0.744948974278,-1.E-03));
#1865 = VERTEX_POINT('',#1866);
#1866 = CARTESIAN_POINT('',(-1.1,0.744948974278,0.281));
#1867 = LINE('',#1868,#1869);
#1868 = CARTESIAN_POINT('',(-1.1,0.744948974278,0.));
#1869 = VECTOR('',#1870,1.);
#1870 = DIRECTION('',(0.,0.,1.));
#1871 = ORIENTED_EDGE('',*,*,#1872,.T.);
#1872 = EDGE_CURVE('',#1865,#1873,#1875,.T.);
#1873 = VERTEX_POINT('',#1874);
#1874 = CARTESIAN_POINT('',(-1.101,0.744948974278,0.281));
#1875 = LINE('',#1876,#1877);
#1876 = CARTESIAN_POINT('',(-1.1,0.744948974278,0.281));
#1877 = VECTOR('',#1878,1.);
#1878 = DIRECTION('',(-1.,1.224646799147E-16,0.));
#1879 = ORIENTED_EDGE('',*,*,#1880,.F.);
#1880 = EDGE_CURVE('',#1881,#1873,#1883,.T.);
#1881 = VERTEX_POINT('',#1882);
#1882 = CARTESIAN_POINT('',(-1.101,0.744948974278,-1.E-03));
#1883 = LINE('',#1884,#1885);
#1884 = CARTESIAN_POINT('',(-1.101,0.744948974278,-1.E-03));
#1885 = VECTOR('',#1886,1.);
#1886 = DIRECTION('',(0.,0.,1.));
#1887 = ORIENTED_EDGE('',*,*,#1888,.F.);
#1888 = EDGE_CURVE('',#1863,#1881,#1889,.T.);
#1889 = LINE('',#1890,#1891);
#1890 = CARTESIAN_POINT('',(-1.1,0.744948974278,-1.E-03));
#1891 = VECTOR('',#1892,1.);
#1892 = DIRECTION('',(-1.,1.224646799147E-16,0.));
#1893 = PLANE('',#1894);
#1894 = AXIS2_PLACEMENT_3D('',#1895,#1896,#1897);
#1895 = CARTESIAN_POINT('',(-1.1,0.744948974278,-1.E-03));
#1896 = DIRECTION('',(-1.224646799147E-16,-1.,0.));
#1897 = DIRECTION('',(0.,0.,1.));
#1898 = ADVANCED_FACE('',(#1899),#1924,.T.);
#1899 = FACE_BOUND('',#1900,.T.);
#1900 = EDGE_LOOP('',(#1901,#1911,#1917,#1918));
#1901 = ORIENTED_EDGE('',*,*,#1902,.T.);
#1902 = EDGE_CURVE('',#1903,#1905,#1907,.T.);
#1903 = VERTEX_POINT('',#1904);
#1904 = CARTESIAN_POINT('',(-1.101,0.895,0.281));
#1905 = VERTEX_POINT('',#1906);
#1906 = CARTESIAN_POINT('',(-1.101,0.895,-1.E-03));
#1907 = LINE('',#1908,#1909);
#1908 = CARTESIAN_POINT('',(-1.101,0.895,0.28));
#1909 = VECTOR('',#1910,1.);
#1910 = DIRECTION('',(0.,0.,-1.));
#1911 = ORIENTED_EDGE('',*,*,#1912,.T.);
#1912 = EDGE_CURVE('',#1905,#1881,#1913,.T.);
#1913 = LINE('',#1914,#1915);
#1914 = CARTESIAN_POINT('',(-1.101,0.895,-1.E-03));
#1915 = VECTOR('',#1916,1.);
#1916 = DIRECTION('',(-1.224646799147E-16,-1.,0.));
#1917 = ORIENTED_EDGE('',*,*,#1880,.T.);
#1918 = ORIENTED_EDGE('',*,*,#1919,.T.);
#1919 = EDGE_CURVE('',#1873,#1903,#1920,.T.);
#1920 = LINE('',#1921,#1922);
#1921 = CARTESIAN_POINT('',(-1.101,0.744948974278,0.281));
#1922 = VECTOR('',#1923,1.);
#1923 = DIRECTION('',(1.224646799147E-16,1.,0.));
#1924 = PLANE('',#1925);
#1925 = AXIS2_PLACEMENT_3D('',#1926,#1927,#1928);
#1926 = CARTESIAN_POINT('',(-1.101,0.819974487139,0.14));
#1927 = DIRECTION('',(-1.,1.224646799147E-16,0.));
#1928 = DIRECTION('',(0.,0.,-1.));
#1929 = ADVANCED_FACE('',(#1930),#1964,.T.);
#1930 = FACE_BOUND('',#1931,.T.);
#1931 = EDGE_LOOP('',(#1932,#1942,#1950,#1958));
#1932 = ORIENTED_EDGE('',*,*,#1933,.T.);
#1933 = EDGE_CURVE('',#1934,#1936,#1938,.T.);
#1934 = VERTEX_POINT('',#1935);
#1935 = CARTESIAN_POINT('',(-1.1,-0.255051025722,-1.E-03));
#1936 = VERTEX_POINT('',#1937);
#1937 = CARTESIAN_POINT('',(-1.1,-0.255051025722,0.281));
#1938 = LINE('',#1939,#1940);
#1939 = CARTESIAN_POINT('',(-1.1,-0.255051025722,0.28));
#1940 = VECTOR('',#1941,1.);
#1941 = DIRECTION('',(0.,0.,1.));
#1942 = ORIENTED_EDGE('',*,*,#1943,.T.);
#1943 = EDGE_CURVE('',#1936,#1944,#1946,.T.);
#1944 = VERTEX_POINT('',#1945);
#1945 = CARTESIAN_POINT('',(-1.101,-0.255051025722,0.281));
#1946 = LINE('',#1947,#1948);
#1947 = CARTESIAN_POINT('',(-1.1,-0.255051025722,0.281));
#1948 = VECTOR('',#1949,1.);
#1949 = DIRECTION('',(-1.,1.224646799147E-16,0.));
#1950 = ORIENTED_EDGE('',*,*,#1951,.F.);
#1951 = EDGE_CURVE('',#1952,#1944,#1954,.T.);
#1952 = VERTEX_POINT('',#1953);
#1953 = CARTESIAN_POINT('',(-1.101,-0.255051025722,-1.E-03));
#1954 = LINE('',#1955,#1956);
#1955 = CARTESIAN_POINT('',(-1.101,-0.255051025722,-1.E-03));
#1956 = VECTOR('',#1957,1.);
#1957 = DIRECTION('',(0.,0.,1.));
#1958 = ORIENTED_EDGE('',*,*,#1959,.F.);
#1959 = EDGE_CURVE('',#1934,#1952,#1960,.T.);
#1960 = LINE('',#1961,#1962);
#1961 = CARTESIAN_POINT('',(-1.1,-0.255051025722,-1.E-03));
#1962 = VECTOR('',#1963,1.);
#1963 = DIRECTION('',(-1.,1.224646799147E-16,0.));
#1964 = PLANE('',#1965);
#1965 = AXIS2_PLACEMENT_3D('',#1966,#1967,#1968);
#1966 = CARTESIAN_POINT('',(-1.1,-0.255051025722,-1.E-03));
#1967 = DIRECTION('',(-1.224646799147E-16,-1.,0.));
#1968 = DIRECTION('',(0.,0.,1.));
#1969 = ADVANCED_FACE('',(#1970),#1995,.T.);
#1970 = FACE_BOUND('',#1971,.T.);
#1971 = EDGE_LOOP('',(#1972,#1982,#1988,#1989));
#1972 = ORIENTED_EDGE('',*,*,#1973,.T.);
#1973 = EDGE_CURVE('',#1974,#1976,#1978,.T.);
#1974 = VERTEX_POINT('',#1975);
#1975 = CARTESIAN_POINT('',(-1.101,-0.105,0.281));
#1976 = VERTEX_POINT('',#1977);
#1977 = CARTESIAN_POINT('',(-1.101,-0.105,-1.E-03));
#1978 = LINE('',#1979,#1980);
#1979 = CARTESIAN_POINT('',(-1.101,-0.105,0.28));
#1980 = VECTOR('',#1981,1.);
#1981 = DIRECTION('',(0.,0.,-1.));
#1982 = ORIENTED_EDGE('',*,*,#1983,.T.);
#1983 = EDGE_CURVE('',#1976,#1952,#1984,.T.);
#1984 = LINE('',#1985,#1986);
#1985 = CARTESIAN_POINT('',(-1.101,-0.105,-1.E-03));
#1986 = VECTOR('',#1987,1.);
#1987 = DIRECTION('',(-1.224646799147E-16,-1.,0.));
#1988 = ORIENTED_EDGE('',*,*,#1951,.T.);
#1989 = ORIENTED_EDGE('',*,*,#1990,.T.);
#1990 = EDGE_CURVE('',#1944,#1974,#1991,.T.);
#1991 = LINE('',#1992,#1993);
#1992 = CARTESIAN_POINT('',(-1.101,-0.255051025722,0.281));
#1993 = VECTOR('',#1994,1.);
#1994 = DIRECTION('',(1.224646799147E-16,1.,0.));
#1995 = PLANE('',#1996);
#1996 = AXIS2_PLACEMENT_3D('',#1997,#1998,#1999);
#1997 = CARTESIAN_POINT('',(-1.101,-0.180025512861,0.14));
#1998 = DIRECTION('',(-1.,1.224646799147E-16,0.));
#1999 = DIRECTION('',(0.,0.,-1.));
#2000 = ADVANCED_FACE('',(#2001),#2026,.T.);
#2001 = FACE_BOUND('',#2002,.T.);
#2002 = EDGE_LOOP('',(#2003,#2011,#2019,#2025));
#2003 = ORIENTED_EDGE('',*,*,#2004,.T.);
#2004 = EDGE_CURVE('',#1147,#2005,#2007,.T.);
#2005 = VERTEX_POINT('',#2006);
#2006 = CARTESIAN_POINT('',(-1.1,-0.105,0.28));
#2007 = LINE('',#2008,#2009);
#2008 = CARTESIAN_POINT('',(-1.1,-0.105,0.1405));
#2009 = VECTOR('',#2010,1.);
#2010 = DIRECTION('',(0.,0.,1.));
#2011 = ORIENTED_EDGE('',*,*,#2012,.F.);
#2012 = EDGE_CURVE('',#2013,#2005,#2015,.T.);
#2013 = VERTEX_POINT('',#2014);
#2014 = CARTESIAN_POINT('',(-1.1,0.105,0.28));
#2015 = LINE('',#2016,#2017);
#2016 = CARTESIAN_POINT('',(-1.1,-1.,0.28));
#2017 = VECTOR('',#2018,1.);
#2018 = DIRECTION('',(-1.224646799147E-16,-1.,0.));
#2019 = ORIENTED_EDGE('',*,*,#2020,.T.);
#2020 = EDGE_CURVE('',#2013,#1155,#2021,.T.);
#2021 = LINE('',#2022,#2023);
#2022 = CARTESIAN_POINT('',(-1.1,0.105,-5.E-04));
#2023 = VECTOR('',#2024,1.);
#2024 = DIRECTION('',(0.,0.,-1.));
#2025 = ORIENTED_EDGE('',*,*,#1154,.F.);
#2026 = PLANE('',#2027);
#2027 = AXIS2_PLACEMENT_3D('',#2028,#2029,#2030);
#2028 = CARTESIAN_POINT('',(-1.1,0.255051025722,0.));
#2029 = DIRECTION('',(-1.,1.224646799147E-16,0.));
#2030 = DIRECTION('',(-1.224646799147E-16,-1.,0.));
#2031 = ADVANCED_FACE('',(#2032),#2066,.T.);
#2032 = FACE_BOUND('',#2033,.T.);
#2033 = EDGE_LOOP('',(#2034,#2044,#2052,#2060));
#2034 = ORIENTED_EDGE('',*,*,#2035,.F.);
#2035 = EDGE_CURVE('',#2036,#2038,#2040,.T.);
#2036 = VERTEX_POINT('',#2037);
#2037 = CARTESIAN_POINT('',(-1.1,0.255051025722,-1.E-03));
#2038 = VERTEX_POINT('',#2039);
#2039 = CARTESIAN_POINT('',(-1.1,0.255051025722,0.281));
#2040 = LINE('',#2041,#2042);
#2041 = CARTESIAN_POINT('',(-1.1,0.255051025722,0.));
#2042 = VECTOR('',#2043,1.);
#2043 = DIRECTION('',(0.,0.,1.));
#2044 = ORIENTED_EDGE('',*,*,#2045,.T.);
#2045 = EDGE_CURVE('',#2036,#2046,#2048,.T.);
#2046 = VERTEX_POINT('',#2047);
#2047 = CARTESIAN_POINT('',(-1.101,0.255051025722,-1.E-03));
#2048 = LINE('',#2049,#2050);
#2049 = CARTESIAN_POINT('',(-1.1,0.255051025722,-1.E-03));
#2050 = VECTOR('',#2051,1.);
#2051 = DIRECTION('',(-1.,1.224646799147E-16,0.));
#2052 = ORIENTED_EDGE('',*,*,#2053,.F.);
#2053 = EDGE_CURVE('',#2054,#2046,#2056,.T.);
#2054 = VERTEX_POINT('',#2055);
#2055 = CARTESIAN_POINT('',(-1.101,0.255051025722,0.281));
#2056 = LINE('',#2057,#2058);
#2057 = CARTESIAN_POINT('',(-1.101,0.255051025722,0.281));
#2058 = VECTOR('',#2059,1.);
#2059 = DIRECTION('',(0.,0.,-1.));
#2060 = ORIENTED_EDGE('',*,*,#2061,.F.);
#2061 = EDGE_CURVE('',#2038,#2054,#2062,.T.);
#2062 = LINE('',#2063,#2064);
#2063 = CARTESIAN_POINT('',(-1.1,0.255051025722,0.281));
#2064 = VECTOR('',#2065,1.);
#2065 = DIRECTION('',(-1.,1.224646799147E-16,0.));
#2066 = PLANE('',#2067);
#2067 = AXIS2_PLACEMENT_3D('',#2068,#2069,#2070);
#2068 = CARTESIAN_POINT('',(-1.1,0.255051025722,0.281));
#2069 = DIRECTION('',(1.224646799147E-16,1.,0.));
#2070 = DIRECTION('',(0.,0.,-1.));
#2071 = ADVANCED_FACE('',(#2072),#2097,.T.);
#2072 = FACE_BOUND('',#2073,.T.);
#2073 = EDGE_LOOP('',(#2074,#2082,#2083,#2091));
#2074 = ORIENTED_EDGE('',*,*,#2075,.T.);
#2075 = EDGE_CURVE('',#2076,#2054,#2078,.T.);
#2076 = VERTEX_POINT('',#2077);
#2077 = CARTESIAN_POINT('',(-1.101,0.105,0.281));
#2078 = LINE('',#2079,#2080);
#2079 = CARTESIAN_POINT('',(-1.101,0.105,0.281));
#2080 = VECTOR('',#2081,1.);
#2081 = DIRECTION('',(1.224646799147E-16,1.,0.));
#2082 = ORIENTED_EDGE('',*,*,#2053,.T.);
#2083 = ORIENTED_EDGE('',*,*,#2084,.T.);
#2084 = EDGE_CURVE('',#2046,#2085,#2087,.T.);
#2085 = VERTEX_POINT('',#2086);
#2086 = CARTESIAN_POINT('',(-1.101,0.105,-1.E-03));
#2087 = LINE('',#2088,#2089);
#2088 = CARTESIAN_POINT('',(-1.101,0.255051025722,-1.E-03));
#2089 = VECTOR('',#2090,1.);
#2090 = DIRECTION('',(-1.224646799147E-16,-1.,0.));
#2091 = ORIENTED_EDGE('',*,*,#2092,.T.);
#2092 = EDGE_CURVE('',#2085,#2076,#2093,.T.);
#2093 = LINE('',#2094,#2095);
#2094 = CARTESIAN_POINT('',(-1.101,0.105,-1.E-03));
#2095 = VECTOR('',#2096,1.);
#2096 = DIRECTION('',(0.,0.,1.));
#2097 = PLANE('',#2098);
#2098 = AXIS2_PLACEMENT_3D('',#2099,#2100,#2101);
#2099 = CARTESIAN_POINT('',(-1.101,0.180025512861,0.14));
#2100 = DIRECTION('',(-1.,1.224646799147E-16,0.));
#2101 = DIRECTION('',(0.,0.,-1.));
#2102 = ADVANCED_FACE('',(#2103),#2144,.T.);
#2103 = FACE_BOUND('',#2104,.T.);
#2104 = EDGE_LOOP('',(#2105,#2106,#2107,#2115,#2123,#2129,#2130,#2138));
#2105 = ORIENTED_EDGE('',*,*,#1162,.F.);
#2106 = ORIENTED_EDGE('',*,*,#2020,.F.);
#2107 = ORIENTED_EDGE('',*,*,#2108,.F.);
#2108 = EDGE_CURVE('',#2109,#2013,#2111,.T.);
#2109 = VERTEX_POINT('',#2110);
#2110 = CARTESIAN_POINT('',(-0.565,0.105,0.28));
#2111 = LINE('',#2112,#2113);
#2112 = CARTESIAN_POINT('',(-0.55,0.105,0.28));
#2113 = VECTOR('',#2114,1.);
#2114 = DIRECTION('',(-1.,1.224646799147E-16,0.));
#2115 = ORIENTED_EDGE('',*,*,#2116,.T.);
#2116 = EDGE_CURVE('',#2109,#2117,#2119,.T.);
#2117 = VERTEX_POINT('',#2118);
#2118 = CARTESIAN_POINT('',(-0.565,0.105,0.281));
#2119 = LINE('',#2120,#2121);
#2120 = CARTESIAN_POINT('',(-0.565,0.105,0.28));
#2121 = VECTOR('',#2122,1.);
#2122 = DIRECTION('',(0.,0.,1.));
#2123 = ORIENTED_EDGE('',*,*,#2124,.T.);
#2124 = EDGE_CURVE('',#2117,#2076,#2125,.T.);
#2125 = LINE('',#2126,#2127);
#2126 = CARTESIAN_POINT('',(-1.1,0.105,0.281));
#2127 = VECTOR('',#2128,1.);
#2128 = DIRECTION('',(-1.,1.224646799147E-16,0.));
#2129 = ORIENTED_EDGE('',*,*,#2092,.F.);
#2130 = ORIENTED_EDGE('',*,*,#2131,.F.);
#2131 = EDGE_CURVE('',#2132,#2085,#2134,.T.);
#2132 = VERTEX_POINT('',#2133);
#2133 = CARTESIAN_POINT('',(-0.565,0.105,-1.E-03));
#2134 = LINE('',#2135,#2136);
#2135 = CARTESIAN_POINT('',(-0.565,0.105,-1.E-03));
#2136 = VECTOR('',#2137,1.);
#2137 = DIRECTION('',(-1.,1.224646799147E-16,0.));
#2138 = ORIENTED_EDGE('',*,*,#2139,.T.);
#2139 = EDGE_CURVE('',#2132,#1163,#2140,.T.);
#2140 = LINE('',#2141,#2142);
#2141 = CARTESIAN_POINT('',(-0.565,0.105,0.28));
#2142 = VECTOR('',#2143,1.);
#2143 = DIRECTION('',(0.,0.,1.));
#2144 = PLANE('',#2145);
#2145 = AXIS2_PLACEMENT_3D('',#2146,#2147,#2148);
#2146 = CARTESIAN_POINT('',(-1.1,0.105,0.28));
#2147 = DIRECTION('',(-1.224646799147E-16,-1.,0.));
#2148 = DIRECTION('',(1.,-1.224646799147E-16,0.));
#2149 = ADVANCED_FACE('',(#2150),#2168,.T.);
#2150 = FACE_BOUND('',#2151,.T.);
#2151 = EDGE_LOOP('',(#2152,#2153,#2154,#2162));
#2152 = ORIENTED_EDGE('',*,*,#1170,.F.);
#2153 = ORIENTED_EDGE('',*,*,#2139,.F.);
#2154 = ORIENTED_EDGE('',*,*,#2155,.F.);
#2155 = EDGE_CURVE('',#2156,#2132,#2158,.T.);
#2156 = VERTEX_POINT('',#2157);
#2157 = CARTESIAN_POINT('',(-0.565,0.895,-1.E-03));
#2158 = LINE('',#2159,#2160);
#2159 = CARTESIAN_POINT('',(-0.565,0.895,-1.E-03));
#2160 = VECTOR('',#2161,1.);
#2161 = DIRECTION('',(-1.224646799147E-16,-1.,0.));
#2162 = ORIENTED_EDGE('',*,*,#2163,.T.);
#2163 = EDGE_CURVE('',#2156,#1171,#2164,.T.);
#2164 = LINE('',#2165,#2166);
#2165 = CARTESIAN_POINT('',(-0.565,0.895,0.28));
#2166 = VECTOR('',#2167,1.);
#2167 = DIRECTION('',(0.,0.,1.));
#2168 = PLANE('',#2169);
#2169 = AXIS2_PLACEMENT_3D('',#2170,#2171,#2172);
#2170 = CARTESIAN_POINT('',(-0.565,0.105,0.28));
#2171 = DIRECTION('',(1.,-1.224646799147E-16,0.));
#2172 = DIRECTION('',(1.224646799147E-16,1.,0.));
#2173 = ADVANCED_FACE('',(#2174),#2199,.T.);
#2174 = FACE_BOUND('',#2175,.T.);
#2175 = EDGE_LOOP('',(#2176,#2184,#2192,#2198));
#2176 = ORIENTED_EDGE('',*,*,#2177,.F.);
#2177 = EDGE_CURVE('',#2178,#2109,#2180,.T.);
#2178 = VERTEX_POINT('',#2179);
#2179 = CARTESIAN_POINT('',(-0.565,0.895,0.28));
#2180 = LINE('',#2181,#2182);
#2181 = CARTESIAN_POINT('',(-0.565,5.25E-02,0.28));
#2182 = VECTOR('',#2183,1.);
#2183 = DIRECTION('',(-1.224646799147E-16,-1.,0.));
#2184 = ORIENTED_EDGE('',*,*,#2185,.T.);
#2185 = EDGE_CURVE('',#2178,#2186,#2188,.T.);
#2186 = VERTEX_POINT('',#2187);
#2187 = CARTESIAN_POINT('',(-0.565,0.895,0.281));
#2188 = LINE('',#2189,#2190);
#2189 = CARTESIAN_POINT('',(-0.565,0.895,0.28));
#2190 = VECTOR('',#2191,1.);
#2191 = DIRECTION('',(0.,0.,1.));
#2192 = ORIENTED_EDGE('',*,*,#2193,.F.);
#2193 = EDGE_CURVE('',#2117,#2186,#2194,.T.);
#2194 = LINE('',#2195,#2196);
#2195 = CARTESIAN_POINT('',(-0.565,0.895,0.281));
#2196 = VECTOR('',#2197,1.);
#2197 = DIRECTION('',(1.224646799147E-16,1.,0.));
#2198 = ORIENTED_EDGE('',*,*,#2116,.F.);
#2199 = PLANE('',#2200);
#2200 = AXIS2_PLACEMENT_3D('',#2201,#2202,#2203);
#2201 = CARTESIAN_POINT('',(-0.565,0.105,0.28));
#2202 = DIRECTION('',(1.,-1.224646799147E-16,0.));
#2203 = DIRECTION('',(1.224646799147E-16,1.,0.));
#2204 = ADVANCED_FACE('',(#2205),#2230,.T.);
#2205 = FACE_BOUND('',#2206,.T.);
#2206 = EDGE_LOOP('',(#2207,#2208,#2209,#2215,#2216,#2222,#2223,#2229));
#2207 = ORIENTED_EDGE('',*,*,#1178,.F.);
#2208 = ORIENTED_EDGE('',*,*,#2163,.F.);
#2209 = ORIENTED_EDGE('',*,*,#2210,.T.);
#2210 = EDGE_CURVE('',#2156,#1905,#2211,.T.);
#2211 = LINE('',#2212,#2213);
#2212 = CARTESIAN_POINT('',(-1.1,0.895,-1.E-03));
#2213 = VECTOR('',#2214,1.);
#2214 = DIRECTION('',(-1.,1.224646799147E-16,0.));
#2215 = ORIENTED_EDGE('',*,*,#1902,.F.);
#2216 = ORIENTED_EDGE('',*,*,#2217,.F.);
#2217 = EDGE_CURVE('',#2186,#1903,#2218,.T.);
#2218 = LINE('',#2219,#2220);
#2219 = CARTESIAN_POINT('',(-1.735,0.895,0.281));
#2220 = VECTOR('',#2221,1.);
#2221 = DIRECTION('',(-1.,1.224646799147E-16,0.));
#2222 = ORIENTED_EDGE('',*,*,#2185,.F.);
#2223 = ORIENTED_EDGE('',*,*,#2224,.F.);
#2224 = EDGE_CURVE('',#1375,#2178,#2225,.T.);
#2225 = LINE('',#2226,#2227);
#2226 = CARTESIAN_POINT('',(-0.2825,0.895,0.28));
#2227 = VECTOR('',#2228,1.);
#2228 = DIRECTION('',(1.,-1.224646799147E-16,0.));
#2229 = ORIENTED_EDGE('',*,*,#1374,.F.);
#2230 = PLANE('',#2231);
#2231 = AXIS2_PLACEMENT_3D('',#2232,#2233,#2234);
#2232 = CARTESIAN_POINT('',(-0.565,0.895,0.28));
#2233 = DIRECTION('',(1.224646799147E-16,1.,0.));
#2234 = DIRECTION('',(-1.,1.224646799147E-16,0.));
#2235 = ADVANCED_FACE('',(#2236),#2252,.F.);
#2236 = FACE_BOUND('',#2237,.T.);
#2237 = EDGE_LOOP('',(#2238,#2239,#2240,#2241,#2242,#2243,#2250,#2251));
#2238 = ORIENTED_EDGE('',*,*,#2210,.F.);
#2239 = ORIENTED_EDGE('',*,*,#2155,.T.);
#2240 = ORIENTED_EDGE('',*,*,#2131,.T.);
#2241 = ORIENTED_EDGE('',*,*,#2084,.F.);
#2242 = ORIENTED_EDGE('',*,*,#2045,.F.);
#2243 = ORIENTED_EDGE('',*,*,#2244,.T.);
#2244 = EDGE_CURVE('',#2036,#1863,#2245,.T.);
#2245 = CIRCLE('',#2246,0.25);
#2246 = AXIS2_PLACEMENT_3D('',#2247,#2248,#2249);
#2247 = CARTESIAN_POINT('',(-1.15,0.5,-1.E-03));
#2248 = DIRECTION('',(0.,0.,1.));
#2249 = DIRECTION('',(0.2,-0.979795897113,0.));
#2250 = ORIENTED_EDGE('',*,*,#1888,.T.);
#2251 = ORIENTED_EDGE('',*,*,#1912,.F.);
#2252 = PLANE('',#2253);
#2253 = AXIS2_PLACEMENT_3D('',#2254,#2255,#2256);
#2254 = CARTESIAN_POINT('',(-0.8325,0.5,-1.E-03));
#2255 = DIRECTION('',(0.,0.,1.));
#2256 = DIRECTION('',(1.,-1.224646799147E-16,0.));
#2257 = ADVANCED_FACE('',(#2258),#2274,.T.);
#2258 = FACE_BOUND('',#2259,.T.);
#2259 = EDGE_LOOP('',(#2260,#2267,#2268,#2269,#2270,#2271,#2272,#2273));
#2260 = ORIENTED_EDGE('',*,*,#2261,.T.);
#2261 = EDGE_CURVE('',#1865,#2038,#2262,.T.);
#2262 = CIRCLE('',#2263,0.25);
#2263 = AXIS2_PLACEMENT_3D('',#2264,#2265,#2266);
#2264 = CARTESIAN_POINT('',(-1.15,0.5,0.281));
#2265 = DIRECTION('',(0.,0.,-1.));
#2266 = DIRECTION('',(0.2,-0.979795897113,0.));
#2267 = ORIENTED_EDGE('',*,*,#2061,.T.);
#2268 = ORIENTED_EDGE('',*,*,#2075,.F.);
#2269 = ORIENTED_EDGE('',*,*,#2124,.F.);
#2270 = ORIENTED_EDGE('',*,*,#2193,.T.);
#2271 = ORIENTED_EDGE('',*,*,#2217,.T.);
#2272 = ORIENTED_EDGE('',*,*,#1919,.F.);
#2273 = ORIENTED_EDGE('',*,*,#1872,.F.);
#2274 = PLANE('',#2275);
#2275 = AXIS2_PLACEMENT_3D('',#2276,#2277,#2278);
#2276 = CARTESIAN_POINT('',(-0.8325,0.5,0.281));
#2277 = DIRECTION('',(0.,0.,1.));
#2278 = DIRECTION('',(1.,-1.224646799147E-16,0.));
#2279 = ADVANCED_FACE('',(#2280),#2305,.T.);
#2280 = FACE_BOUND('',#2281,.T.);
#2281 = EDGE_LOOP('',(#2282,#2283,#2291,#2299));
#2282 = ORIENTED_EDGE('',*,*,#1236,.F.);
#2283 = ORIENTED_EDGE('',*,*,#2284,.F.);
#2284 = EDGE_CURVE('',#2285,#1229,#2287,.T.);
#2285 = VERTEX_POINT('',#2286);
#2286 = CARTESIAN_POINT('',(0.565,0.895,-1.E-03));
#2287 = LINE('',#2288,#2289);
#2288 = CARTESIAN_POINT('',(0.565,0.895,0.28));
#2289 = VECTOR('',#2290,1.);
#2290 = DIRECTION('',(0.,0.,1.));
#2291 = ORIENTED_EDGE('',*,*,#2292,.F.);
#2292 = EDGE_CURVE('',#2293,#2285,#2295,.T.);
#2293 = VERTEX_POINT('',#2294);
#2294 = CARTESIAN_POINT('',(0.565,0.105,-1.E-03));
#2295 = LINE('',#2296,#2297);
#2296 = CARTESIAN_POINT('',(0.565,0.895,-1.E-03));
#2297 = VECTOR('',#2298,1.);
#2298 = DIRECTION('',(1.224646799147E-16,1.,0.));
#2299 = ORIENTED_EDGE('',*,*,#2300,.T.);
#2300 = EDGE_CURVE('',#2293,#1237,#2301,.T.);
#2301 = LINE('',#2302,#2303);
#2302 = CARTESIAN_POINT('',(0.565,0.105,0.28));
#2303 = VECTOR('',#2304,1.);
#2304 = DIRECTION('',(0.,0.,1.));
#2305 = PLANE('',#2306);
#2306 = AXIS2_PLACEMENT_3D('',#2307,#2308,#2309);
#2307 = CARTESIAN_POINT('',(0.565,0.895,0.28));
#2308 = DIRECTION('',(-1.,1.224646799147E-16,0.));
#2309 = DIRECTION('',(-1.224646799147E-16,-1.,0.));
#2310 = ADVANCED_FACE('',(#2311),#2345,.T.);
#2311 = FACE_BOUND('',#2312,.T.);
#2312 = EDGE_LOOP('',(#2313,#2323,#2331,#2339));
#2313 = ORIENTED_EDGE('',*,*,#2314,.F.);
#2314 = EDGE_CURVE('',#2315,#2317,#2319,.T.);
#2315 = VERTEX_POINT('',#2316);
#2316 = CARTESIAN_POINT('',(0.565,0.105,0.28));
#2317 = VERTEX_POINT('',#2318);
#2318 = CARTESIAN_POINT('',(0.565,0.895,0.28));
#2319 = LINE('',#2320,#2321);
#2320 = CARTESIAN_POINT('',(0.565,0.4475,0.28));
#2321 = VECTOR('',#2322,1.);
#2322 = DIRECTION('',(1.224646799147E-16,1.,0.));
#2323 = ORIENTED_EDGE('',*,*,#2324,.T.);
#2324 = EDGE_CURVE('',#2315,#2325,#2327,.T.);
#2325 = VERTEX_POINT('',#2326);
#2326 = CARTESIAN_POINT('',(0.565,0.105,0.281));
#2327 = LINE('',#2328,#2329);
#2328 = CARTESIAN_POINT('',(0.565,0.105,0.28));
#2329 = VECTOR('',#2330,1.);
#2330 = DIRECTION('',(0.,0.,1.));
#2331 = ORIENTED_EDGE('',*,*,#2332,.F.);
#2332 = EDGE_CURVE('',#2333,#2325,#2335,.T.);
#2333 = VERTEX_POINT('',#2334);
#2334 = CARTESIAN_POINT('',(0.565,0.895,0.281));
#2335 = LINE('',#2336,#2337);
#2336 = CARTESIAN_POINT('',(0.565,0.895,0.281));
#2337 = VECTOR('',#2338,1.);
#2338 = DIRECTION('',(-1.224646799147E-16,-1.,0.));
#2339 = ORIENTED_EDGE('',*,*,#2340,.F.);
#2340 = EDGE_CURVE('',#2317,#2333,#2341,.T.);
#2341 = LINE('',#2342,#2343);
#2342 = CARTESIAN_POINT('',(0.565,0.895,0.28));
#2343 = VECTOR('',#2344,1.);
#2344 = DIRECTION('',(0.,0.,1.));
#2345 = PLANE('',#2346);
#2346 = AXIS2_PLACEMENT_3D('',#2347,#2348,#2349);
#2347 = CARTESIAN_POINT('',(0.565,0.895,0.28));
#2348 = DIRECTION('',(-1.,1.224646799147E-16,0.));
#2349 = DIRECTION('',(-1.224646799147E-16,-1.,0.));
#2350 = ADVANCED_FACE('',(#2351),#2377,.F.);
#2351 = FACE_BOUND('',#2352,.T.);
#2352 = EDGE_LOOP('',(#2353,#2360,#2361,#2362,#2368,#2369,#2375,#2376));
#2353 = ORIENTED_EDGE('',*,*,#2354,.T.);
#2354 = EDGE_CURVE('',#1453,#1619,#2355,.T.);
#2355 = CIRCLE('',#2356,0.25);
#2356 = AXIS2_PLACEMENT_3D('',#2357,#2358,#2359);
#2357 = CARTESIAN_POINT('',(1.15,0.5,-1.E-03));
#2358 = DIRECTION('',(0.,0.,1.));
#2359 = DIRECTION('',(-0.2,0.979795897113,0.));
#2360 = ORIENTED_EDGE('',*,*,#1644,.T.);
#2361 = ORIENTED_EDGE('',*,*,#1668,.F.);
#2362 = ORIENTED_EDGE('',*,*,#2363,.F.);
#2363 = EDGE_CURVE('',#2293,#1661,#2364,.T.);
#2364 = LINE('',#2365,#2366);
#2365 = CARTESIAN_POINT('',(1.1,0.105,-1.E-03));
#2366 = VECTOR('',#2367,1.);
#2367 = DIRECTION('',(1.,-1.224646799147E-16,0.));
#2368 = ORIENTED_EDGE('',*,*,#2292,.T.);
#2369 = ORIENTED_EDGE('',*,*,#2370,.T.);
#2370 = EDGE_CURVE('',#2285,#1493,#2371,.T.);
#2371 = LINE('',#2372,#2373);
#2372 = CARTESIAN_POINT('',(1.735,0.895,-1.E-03));
#2373 = VECTOR('',#2374,1.);
#2374 = DIRECTION('',(1.,-1.224646799147E-16,0.));
#2375 = ORIENTED_EDGE('',*,*,#1509,.F.);
#2376 = ORIENTED_EDGE('',*,*,#1462,.F.);
#2377 = PLANE('',#2378);
#2378 = AXIS2_PLACEMENT_3D('',#2379,#2380,#2381);
#2379 = CARTESIAN_POINT('',(0.8325,0.5,-1.E-03));
#2380 = DIRECTION('',(0.,0.,1.));
#2381 = DIRECTION('',(1.,-1.224646799147E-16,0.));
#2382 = ADVANCED_FACE('',(#2383),#2403,.T.);
#2383 = FACE_BOUND('',#2384,.T.);
#2384 = EDGE_LOOP('',(#2385,#2386,#2387,#2388,#2389,#2395,#2396,#2402));
#2385 = ORIENTED_EDGE('',*,*,#1244,.F.);
#2386 = ORIENTED_EDGE('',*,*,#2300,.F.);
#2387 = ORIENTED_EDGE('',*,*,#2363,.T.);
#2388 = ORIENTED_EDGE('',*,*,#1658,.F.);
#2389 = ORIENTED_EDGE('',*,*,#2390,.F.);
#2390 = EDGE_CURVE('',#2325,#1659,#2391,.T.);
#2391 = LINE('',#2392,#2393);
#2392 = CARTESIAN_POINT('',(0.565,0.105,0.281));
#2393 = VECTOR('',#2394,1.);
#2394 = DIRECTION('',(1.,-1.224646799147E-16,0.));
#2395 = ORIENTED_EDGE('',*,*,#2324,.F.);
#2396 = ORIENTED_EDGE('',*,*,#2397,.F.);
#2397 = EDGE_CURVE('',#1690,#2315,#2398,.T.);
#2398 = LINE('',#2399,#2400);
#2399 = CARTESIAN_POINT('',(0.2825,0.105,0.28));
#2400 = VECTOR('',#2401,1.);
#2401 = DIRECTION('',(-1.,1.224646799147E-16,0.));
#2402 = ORIENTED_EDGE('',*,*,#1689,.F.);
#2403 = PLANE('',#2404);
#2404 = AXIS2_PLACEMENT_3D('',#2405,#2406,#2407);
#2405 = CARTESIAN_POINT('',(0.565,0.105,0.28));
#2406 = DIRECTION('',(-1.224646799147E-16,-1.,0.));
#2407 = DIRECTION('',(1.,-1.224646799147E-16,0.));
#2408 = ADVANCED_FACE('',(#2409),#2429,.T.);
#2409 = FACE_BOUND('',#2410,.T.);
#2410 = EDGE_LOOP('',(#2411,#2417,#2418,#2424,#2425,#2426,#2427,#2428));
#2411 = ORIENTED_EDGE('',*,*,#2412,.F.);
#2412 = EDGE_CURVE('',#2317,#1525,#2413,.T.);
#2413 = LINE('',#2414,#2415);
#2414 = CARTESIAN_POINT('',(0.55,0.895,0.28));
#2415 = VECTOR('',#2416,1.);
#2416 = DIRECTION('',(1.,-1.224646799147E-16,0.));
#2417 = ORIENTED_EDGE('',*,*,#2340,.T.);
#2418 = ORIENTED_EDGE('',*,*,#2419,.T.);
#2419 = EDGE_CURVE('',#2333,#1495,#2420,.T.);
#2420 = LINE('',#2421,#2422);
#2421 = CARTESIAN_POINT('',(1.1,0.895,0.281));
#2422 = VECTOR('',#2423,1.);
#2423 = DIRECTION('',(1.,-1.224646799147E-16,0.));
#2424 = ORIENTED_EDGE('',*,*,#1492,.F.);
#2425 = ORIENTED_EDGE('',*,*,#2370,.F.);
#2426 = ORIENTED_EDGE('',*,*,#2284,.T.);
#2427 = ORIENTED_EDGE('',*,*,#1228,.F.);
#2428 = ORIENTED_EDGE('',*,*,#1532,.F.);
#2429 = PLANE('',#2430);
#2430 = AXIS2_PLACEMENT_3D('',#2431,#2432,#2433);
#2431 = CARTESIAN_POINT('',(1.1,0.895,0.28));
#2432 = DIRECTION('',(1.224646799147E-16,1.,0.));
#2433 = DIRECTION('',(-1.,1.224646799147E-16,0.));
#2434 = ADVANCED_FACE('',(#2435),#2451,.T.);
#2435 = FACE_BOUND('',#2436,.T.);
#2436 = EDGE_LOOP('',(#2437,#2438,#2439,#2440,#2441,#2442,#2449,#2450));
#2437 = ORIENTED_EDGE('',*,*,#2419,.F.);
#2438 = ORIENTED_EDGE('',*,*,#2332,.T.);
#2439 = ORIENTED_EDGE('',*,*,#2390,.T.);
#2440 = ORIENTED_EDGE('',*,*,#1675,.F.);
#2441 = ORIENTED_EDGE('',*,*,#1628,.F.);
#2442 = ORIENTED_EDGE('',*,*,#2443,.T.);
#2443 = EDGE_CURVE('',#1621,#1455,#2444,.T.);
#2444 = CIRCLE('',#2445,0.25);
#2445 = AXIS2_PLACEMENT_3D('',#2446,#2447,#2448);
#2446 = CARTESIAN_POINT('',(1.15,0.5,0.281));
#2447 = DIRECTION('',(0.,0.,-1.));
#2448 = DIRECTION('',(-0.2,0.979795897113,0.));
#2449 = ORIENTED_EDGE('',*,*,#1478,.T.);
#2450 = ORIENTED_EDGE('',*,*,#1502,.F.);
#2451 = PLANE('',#2452);
#2452 = AXIS2_PLACEMENT_3D('',#2453,#2454,#2455);
#2453 = CARTESIAN_POINT('',(0.8325,0.5,0.281));
#2454 = DIRECTION('',(0.,0.,1.));
#2455 = DIRECTION('',(1.,-1.224646799147E-16,0.));
#2456 = ADVANCED_FACE('',(#2457),#2482,.T.);
#2457 = FACE_BOUND('',#2458,.T.);
#2458 = EDGE_LOOP('',(#2459,#2460,#2468,#2476));
#2459 = ORIENTED_EDGE('',*,*,#1138,.F.);
#2460 = ORIENTED_EDGE('',*,*,#2461,.F.);
#2461 = EDGE_CURVE('',#2462,#1131,#2464,.T.);
#2462 = VERTEX_POINT('',#2463);
#2463 = CARTESIAN_POINT('',(-0.565,-0.895,-1.E-03));
#2464 = LINE('',#2465,#2466);
#2465 = CARTESIAN_POINT('',(-0.565,-0.895,0.28));
#2466 = VECTOR('',#2467,1.);
#2467 = DIRECTION('',(0.,0.,1.));
#2468 = ORIENTED_EDGE('',*,*,#2469,.F.);
#2469 = EDGE_CURVE('',#2470,#2462,#2472,.T.);
#2470 = VERTEX_POINT('',#2471);
#2471 = CARTESIAN_POINT('',(-0.565,-0.105,-1.E-03));
#2472 = LINE('',#2473,#2474);
#2473 = CARTESIAN_POINT('',(-0.565,-0.895,-1.E-03));
#2474 = VECTOR('',#2475,1.);
#2475 = DIRECTION('',(-1.224646799147E-16,-1.,0.));
#2476 = ORIENTED_EDGE('',*,*,#2477,.T.);
#2477 = EDGE_CURVE('',#2470,#1139,#2478,.T.);
#2478 = LINE('',#2479,#2480);
#2479 = CARTESIAN_POINT('',(-0.565,-0.105,0.28));
#2480 = VECTOR('',#2481,1.);
#2481 = DIRECTION('',(0.,0.,1.));
#2482 = PLANE('',#2483);
#2483 = AXIS2_PLACEMENT_3D('',#2484,#2485,#2486);
#2484 = CARTESIAN_POINT('',(-0.565,-0.895,0.28));
#2485 = DIRECTION('',(1.,-1.224646799147E-16,0.));
#2486 = DIRECTION('',(1.224646799147E-16,1.,0.));
#2487 = ADVANCED_FACE('',(#2488),#2522,.T.);
#2488 = FACE_BOUND('',#2489,.T.);
#2489 = EDGE_LOOP('',(#2490,#2500,#2508,#2516));
#2490 = ORIENTED_EDGE('',*,*,#2491,.F.);
#2491 = EDGE_CURVE('',#2492,#2494,#2496,.T.);
#2492 = VERTEX_POINT('',#2493);
#2493 = CARTESIAN_POINT('',(-0.565,-0.105,0.28));
#2494 = VERTEX_POINT('',#2495);
#2495 = CARTESIAN_POINT('',(-0.565,-0.895,0.28));
#2496 = LINE('',#2497,#2498);
#2497 = CARTESIAN_POINT('',(-0.565,-0.4475,0.28));
#2498 = VECTOR('',#2499,1.);
#2499 = DIRECTION('',(-1.224646799147E-16,-1.,0.));
#2500 = ORIENTED_EDGE('',*,*,#2501,.T.);
#2501 = EDGE_CURVE('',#2492,#2502,#2504,.T.);
#2502 = VERTEX_POINT('',#2503);
#2503 = CARTESIAN_POINT('',(-0.565,-0.105,0.281));
#2504 = LINE('',#2505,#2506);
#2505 = CARTESIAN_POINT('',(-0.565,-0.105,0.28));
#2506 = VECTOR('',#2507,1.);
#2507 = DIRECTION('',(0.,0.,1.));
#2508 = ORIENTED_EDGE('',*,*,#2509,.F.);
#2509 = EDGE_CURVE('',#2510,#2502,#2512,.T.);
#2510 = VERTEX_POINT('',#2511);
#2511 = CARTESIAN_POINT('',(-0.565,-0.895,0.281));
#2512 = LINE('',#2513,#2514);
#2513 = CARTESIAN_POINT('',(-0.565,-0.895,0.281));
#2514 = VECTOR('',#2515,1.);
#2515 = DIRECTION('',(1.224646799147E-16,1.,0.));
#2516 = ORIENTED_EDGE('',*,*,#2517,.F.);
#2517 = EDGE_CURVE('',#2494,#2510,#2518,.T.);
#2518 = LINE('',#2519,#2520);
#2519 = CARTESIAN_POINT('',(-0.565,-0.895,0.28));
#2520 = VECTOR('',#2521,1.);
#2521 = DIRECTION('',(0.,0.,1.));
#2522 = PLANE('',#2523);
#2523 = AXIS2_PLACEMENT_3D('',#2524,#2525,#2526);
#2524 = CARTESIAN_POINT('',(-0.565,-0.895,0.28));
#2525 = DIRECTION('',(1.,-1.224646799147E-16,0.));
#2526 = DIRECTION('',(1.224646799147E-16,1.,0.));
#2527 = ADVANCED_FACE('',(#2528),#2553,.T.);
#2528 = FACE_BOUND('',#2529,.T.);
#2529 = EDGE_LOOP('',(#2530,#2531,#2532,#2538,#2539,#2545,#2546,#2552));
#2530 = ORIENTED_EDGE('',*,*,#1146,.F.);
#2531 = ORIENTED_EDGE('',*,*,#2477,.F.);
#2532 = ORIENTED_EDGE('',*,*,#2533,.T.);
#2533 = EDGE_CURVE('',#2470,#1976,#2534,.T.);
#2534 = LINE('',#2535,#2536);
#2535 = CARTESIAN_POINT('',(-1.1,-0.105,-1.E-03));
#2536 = VECTOR('',#2537,1.);
#2537 = DIRECTION('',(-1.,1.224646799147E-16,0.));
#2538 = ORIENTED_EDGE('',*,*,#1973,.F.);
#2539 = ORIENTED_EDGE('',*,*,#2540,.F.);
#2540 = EDGE_CURVE('',#2502,#1974,#2541,.T.);
#2541 = LINE('',#2542,#2543);
#2542 = CARTESIAN_POINT('',(-0.565,-0.105,0.281));
#2543 = VECTOR('',#2544,1.);
#2544 = DIRECTION('',(-1.,1.224646799147E-16,0.));
#2545 = ORIENTED_EDGE('',*,*,#2501,.F.);
#2546 = ORIENTED_EDGE('',*,*,#2547,.F.);
#2547 = EDGE_CURVE('',#2005,#2492,#2548,.T.);
#2548 = LINE('',#2549,#2550);
#2549 = CARTESIAN_POINT('',(-0.2825,-0.105,0.28));
#2550 = VECTOR('',#2551,1.);
#2551 = DIRECTION('',(1.,-1.224646799147E-16,0.));
#2552 = ORIENTED_EDGE('',*,*,#2004,.F.);
#2553 = PLANE('',#2554);
#2554 = AXIS2_PLACEMENT_3D('',#2555,#2556,#2557);
#2555 = CARTESIAN_POINT('',(-0.565,-0.105,0.28));
#2556 = DIRECTION('',(1.224646799147E-16,1.,0.));
#2557 = DIRECTION('',(-1.,1.224646799147E-16,0.));
#2558 = ADVANCED_FACE('',(#2559),#2580,.F.);
#2559 = FACE_BOUND('',#2560,.T.);
#2560 = EDGE_LOOP('',(#2561,#2568,#2569,#2570,#2571,#2572,#2578,#2579));
#2561 = ORIENTED_EDGE('',*,*,#2562,.T.);
#2562 = EDGE_CURVE('',#1792,#1934,#2563,.T.);
#2563 = CIRCLE('',#2564,0.25);
#2564 = AXIS2_PLACEMENT_3D('',#2565,#2566,#2567);
#2565 = CARTESIAN_POINT('',(-1.15,-0.5,-1.E-03));
#2566 = DIRECTION('',(0.,0.,1.));
#2567 = DIRECTION('',(0.2,-0.979795897113,0.));
#2568 = ORIENTED_EDGE('',*,*,#1959,.T.);
#2569 = ORIENTED_EDGE('',*,*,#1983,.F.);
#2570 = ORIENTED_EDGE('',*,*,#2533,.F.);
#2571 = ORIENTED_EDGE('',*,*,#2469,.T.);
#2572 = ORIENTED_EDGE('',*,*,#2573,.T.);
#2573 = EDGE_CURVE('',#2462,#1832,#2574,.T.);
#2574 = LINE('',#2575,#2576);
#2575 = CARTESIAN_POINT('',(-1.735,-0.895,-1.E-03));
#2576 = VECTOR('',#2577,1.);
#2577 = DIRECTION('',(-1.,1.224646799147E-16,0.));
#2578 = ORIENTED_EDGE('',*,*,#1848,.F.);
#2579 = ORIENTED_EDGE('',*,*,#1801,.F.);
#2580 = PLANE('',#2581);
#2581 = AXIS2_PLACEMENT_3D('',#2582,#2583,#2584);
#2582 = CARTESIAN_POINT('',(-0.8325,-0.5,-1.E-03));
#2583 = DIRECTION('',(0.,0.,1.));
#2584 = DIRECTION('',(1.,-1.224646799147E-16,0.));
#2585 = ADVANCED_FACE('',(#2586),#2606,.T.);
#2586 = FACE_BOUND('',#2587,.T.);
#2587 = EDGE_LOOP('',(#2588,#2594,#2595,#2601,#2602,#2603,#2604,#2605));
#2588 = ORIENTED_EDGE('',*,*,#2589,.F.);
#2589 = EDGE_CURVE('',#2494,#1430,#2590,.T.);
#2590 = LINE('',#2591,#2592);
#2591 = CARTESIAN_POINT('',(-0.55,-0.895,0.28));
#2592 = VECTOR('',#2593,1.);
#2593 = DIRECTION('',(-1.,1.224646799147E-16,0.));
#2594 = ORIENTED_EDGE('',*,*,#2517,.T.);
#2595 = ORIENTED_EDGE('',*,*,#2596,.T.);
#2596 = EDGE_CURVE('',#2510,#1834,#2597,.T.);
#2597 = LINE('',#2598,#2599);
#2598 = CARTESIAN_POINT('',(-1.1,-0.895,0.281));
#2599 = VECTOR('',#2600,1.);
#2600 = DIRECTION('',(-1.,1.224646799147E-16,0.));
#2601 = ORIENTED_EDGE('',*,*,#1831,.F.);
#2602 = ORIENTED_EDGE('',*,*,#2573,.F.);
#2603 = ORIENTED_EDGE('',*,*,#2461,.T.);
#2604 = ORIENTED_EDGE('',*,*,#1130,.F.);
#2605 = ORIENTED_EDGE('',*,*,#1437,.F.);
#2606 = PLANE('',#2607);
#2607 = AXIS2_PLACEMENT_3D('',#2608,#2609,#2610);
#2608 = CARTESIAN_POINT('',(-1.1,-0.895,0.28));
#2609 = DIRECTION('',(-1.224646799147E-16,-1.,0.));
#2610 = DIRECTION('',(1.,-1.224646799147E-16,0.));
#2611 = ADVANCED_FACE('',(#2612),#2628,.T.);
#2612 = FACE_BOUND('',#2613,.T.);
#2613 = EDGE_LOOP('',(#2614,#2615,#2616,#2617,#2618,#2619,#2626,#2627));
#2614 = ORIENTED_EDGE('',*,*,#2596,.F.);
#2615 = ORIENTED_EDGE('',*,*,#2509,.T.);
#2616 = ORIENTED_EDGE('',*,*,#2540,.T.);
#2617 = ORIENTED_EDGE('',*,*,#1990,.F.);
#2618 = ORIENTED_EDGE('',*,*,#1943,.F.);
#2619 = ORIENTED_EDGE('',*,*,#2620,.T.);
#2620 = EDGE_CURVE('',#1936,#1794,#2621,.T.);
#2621 = CIRCLE('',#2622,0.25);
#2622 = AXIS2_PLACEMENT_3D('',#2623,#2624,#2625);
#2623 = CARTESIAN_POINT('',(-1.15,-0.5,0.281));
#2624 = DIRECTION('',(0.,0.,-1.));
#2625 = DIRECTION('',(0.2,-0.979795897113,0.));
#2626 = ORIENTED_EDGE('',*,*,#1817,.T.);
#2627 = ORIENTED_EDGE('',*,*,#1841,.F.);
#2628 = PLANE('',#2629);
#2629 = AXIS2_PLACEMENT_3D('',#2630,#2631,#2632);
#2630 = CARTESIAN_POINT('',(-0.8325,-0.5,0.281));
#2631 = DIRECTION('',(0.,0.,1.));
#2632 = DIRECTION('',(1.,-1.224646799147E-16,0.));
#2633 = ADVANCED_FACE('',(#2634),#2659,.T.);
#2634 = FACE_BOUND('',#2635,.T.);
#2635 = EDGE_LOOP('',(#2636,#2637,#2645,#2653));
#2636 = ORIENTED_EDGE('',*,*,#1268,.F.);
#2637 = ORIENTED_EDGE('',*,*,#2638,.F.);
#2638 = EDGE_CURVE('',#2639,#1261,#2641,.T.);
#2639 = VERTEX_POINT('',#2640);
#2640 = CARTESIAN_POINT('',(0.565,-0.105,-1.E-03));
#2641 = LINE('',#2642,#2643);
#2642 = CARTESIAN_POINT('',(0.565,-0.105,0.28));
#2643 = VECTOR('',#2644,1.);
#2644 = DIRECTION('',(0.,0.,1.));
#2645 = ORIENTED_EDGE('',*,*,#2646,.F.);
#2646 = EDGE_CURVE('',#2647,#2639,#2649,.T.);
#2647 = VERTEX_POINT('',#2648);
#2648 = CARTESIAN_POINT('',(0.565,-0.895,-1.E-03));
#2649 = LINE('',#2650,#2651);
#2650 = CARTESIAN_POINT('',(0.565,-0.895,-1.E-03));
#2651 = VECTOR('',#2652,1.);
#2652 = DIRECTION('',(1.224646799147E-16,1.,0.));
#2653 = ORIENTED_EDGE('',*,*,#2654,.T.);
#2654 = EDGE_CURVE('',#2647,#1269,#2655,.T.);
#2655 = LINE('',#2656,#2657);
#2656 = CARTESIAN_POINT('',(0.565,-0.895,0.28));
#2657 = VECTOR('',#2658,1.);
#2658 = DIRECTION('',(0.,0.,1.));
#2659 = PLANE('',#2660);
#2660 = AXIS2_PLACEMENT_3D('',#2661,#2662,#2663);
#2661 = CARTESIAN_POINT('',(0.565,-0.105,0.28));
#2662 = DIRECTION('',(-1.,1.224646799147E-16,0.));
#2663 = DIRECTION('',(-1.224646799147E-16,-1.,0.));
#2664 = ADVANCED_FACE('',(#2665),#2699,.T.);
#2665 = FACE_BOUND('',#2666,.T.);
#2666 = EDGE_LOOP('',(#2667,#2677,#2685,#2693));
#2667 = ORIENTED_EDGE('',*,*,#2668,.F.);
#2668 = EDGE_CURVE('',#2669,#2671,#2673,.T.);
#2669 = VERTEX_POINT('',#2670);
#2670 = CARTESIAN_POINT('',(0.565,-0.895,0.28));
#2671 = VERTEX_POINT('',#2672);
#2672 = CARTESIAN_POINT('',(0.565,-0.105,0.28));
#2673 = LINE('',#2674,#2675);
#2674 = CARTESIAN_POINT('',(0.565,-5.25E-02,0.28));
#2675 = VECTOR('',#2676,1.);
#2676 = DIRECTION('',(1.224646799147E-16,1.,0.));
#2677 = ORIENTED_EDGE('',*,*,#2678,.T.);
#2678 = EDGE_CURVE('',#2669,#2679,#2681,.T.);
#2679 = VERTEX_POINT('',#2680);
#2680 = CARTESIAN_POINT('',(0.565,-0.895,0.281));
#2681 = LINE('',#2682,#2683);
#2682 = CARTESIAN_POINT('',(0.565,-0.895,0.28));
#2683 = VECTOR('',#2684,1.);
#2684 = DIRECTION('',(0.,0.,1.));
#2685 = ORIENTED_EDGE('',*,*,#2686,.F.);
#2686 = EDGE_CURVE('',#2687,#2679,#2689,.T.);
#2687 = VERTEX_POINT('',#2688);
#2688 = CARTESIAN_POINT('',(0.565,-0.105,0.281));
#2689 = LINE('',#2690,#2691);
#2690 = CARTESIAN_POINT('',(0.565,-0.895,0.281));
#2691 = VECTOR('',#2692,1.);
#2692 = DIRECTION('',(-1.224646799147E-16,-1.,0.));
#2693 = ORIENTED_EDGE('',*,*,#2694,.F.);
#2694 = EDGE_CURVE('',#2671,#2687,#2695,.T.);
#2695 = LINE('',#2696,#2697);
#2696 = CARTESIAN_POINT('',(0.565,-0.105,0.28));
#2697 = VECTOR('',#2698,1.);
#2698 = DIRECTION('',(0.,0.,1.));
#2699 = PLANE('',#2700);
#2700 = AXIS2_PLACEMENT_3D('',#2701,#2702,#2703);
#2701 = CARTESIAN_POINT('',(0.565,-0.105,0.28));
#2702 = DIRECTION('',(-1.,1.224646799147E-16,0.));
#2703 = DIRECTION('',(-1.224646799147E-16,-1.,0.));
#2704 = ADVANCED_FACE('',(#2705),#2731,.F.);
#2705 = FACE_BOUND('',#2706,.T.);
#2706 = EDGE_LOOP('',(#2707,#2713,#2714,#2720,#2721,#2722,#2729,#2730));
#2707 = ORIENTED_EDGE('',*,*,#2708,.F.);
#2708 = EDGE_CURVE('',#2647,#1590,#2709,.T.);
#2709 = LINE('',#2710,#2711);
#2710 = CARTESIAN_POINT('',(1.1,-0.895,-1.E-03));
#2711 = VECTOR('',#2712,1.);
#2712 = DIRECTION('',(1.,-1.224646799147E-16,0.));
#2713 = ORIENTED_EDGE('',*,*,#2646,.T.);
#2714 = ORIENTED_EDGE('',*,*,#2715,.T.);
#2715 = EDGE_CURVE('',#2639,#1761,#2716,.T.);
#2716 = LINE('',#2717,#2718);
#2717 = CARTESIAN_POINT('',(0.565,-0.105,-1.E-03));
#2718 = VECTOR('',#2719,1.);
#2719 = DIRECTION('',(1.,-1.224646799147E-16,0.));
#2720 = ORIENTED_EDGE('',*,*,#1777,.F.);
#2721 = ORIENTED_EDGE('',*,*,#1730,.F.);
#2722 = ORIENTED_EDGE('',*,*,#2723,.T.);
#2723 = EDGE_CURVE('',#1721,#1548,#2724,.T.);
#2724 = CIRCLE('',#2725,0.25);
#2725 = AXIS2_PLACEMENT_3D('',#2726,#2727,#2728);
#2726 = CARTESIAN_POINT('',(1.15,-0.5,-1.E-03));
#2727 = DIRECTION('',(0.,0.,1.));
#2728 = DIRECTION('',(-0.2,0.979795897113,0.));
#2729 = ORIENTED_EDGE('',*,*,#1573,.T.);
#2730 = ORIENTED_EDGE('',*,*,#1597,.F.);
#2731 = PLANE('',#2732);
#2732 = AXIS2_PLACEMENT_3D('',#2733,#2734,#2735);
#2733 = CARTESIAN_POINT('',(0.8325,-0.5,-1.E-03));
#2734 = DIRECTION('',(0.,0.,1.));
#2735 = DIRECTION('',(1.,-1.224646799147E-16,0.));
#2736 = ADVANCED_FACE('',(#2737),#2757,.T.);
#2737 = FACE_BOUND('',#2738,.T.);
#2738 = EDGE_LOOP('',(#2739,#2740,#2741,#2742,#2743,#2749,#2750,#2756));
#2739 = ORIENTED_EDGE('',*,*,#1276,.F.);
#2740 = ORIENTED_EDGE('',*,*,#2654,.F.);
#2741 = ORIENTED_EDGE('',*,*,#2708,.T.);
#2742 = ORIENTED_EDGE('',*,*,#1587,.F.);
#2743 = ORIENTED_EDGE('',*,*,#2744,.F.);
#2744 = EDGE_CURVE('',#2679,#1588,#2745,.T.);
#2745 = LINE('',#2746,#2747);
#2746 = CARTESIAN_POINT('',(1.735,-0.895,0.281));
#2747 = VECTOR('',#2748,1.);
#2748 = DIRECTION('',(1.,-1.224646799147E-16,0.));
#2749 = ORIENTED_EDGE('',*,*,#2678,.F.);
#2750 = ORIENTED_EDGE('',*,*,#2751,.F.);
#2751 = EDGE_CURVE('',#1083,#2669,#2752,.T.);
#2752 = LINE('',#2753,#2754);
#2753 = CARTESIAN_POINT('',(0.2825,-0.895,0.28));
#2754 = VECTOR('',#2755,1.);
#2755 = DIRECTION('',(-1.,1.224646799147E-16,0.));
#2756 = ORIENTED_EDGE('',*,*,#1082,.F.);
#2757 = PLANE('',#2758);
#2758 = AXIS2_PLACEMENT_3D('',#2759,#2760,#2761);
#2759 = CARTESIAN_POINT('',(0.565,-0.895,0.28));
#2760 = DIRECTION('',(-1.224646799147E-16,-1.,0.));
#2761 = DIRECTION('',(1.,-1.224646799147E-16,0.));
#2762 = ADVANCED_FACE('',(#2763),#2783,.T.);
#2763 = FACE_BOUND('',#2764,.T.);
#2764 = EDGE_LOOP('',(#2765,#2771,#2772,#2778,#2779,#2780,#2781,#2782));
#2765 = ORIENTED_EDGE('',*,*,#2766,.F.);
#2766 = EDGE_CURVE('',#2671,#1698,#2767,.T.);
#2767 = LINE('',#2768,#2769);
#2768 = CARTESIAN_POINT('',(0.55,-0.105,0.28));
#2769 = VECTOR('',#2770,1.);
#2770 = DIRECTION('',(1.,-1.224646799147E-16,0.));
#2771 = ORIENTED_EDGE('',*,*,#2694,.T.);
#2772 = ORIENTED_EDGE('',*,*,#2773,.T.);
#2773 = EDGE_CURVE('',#2687,#1763,#2774,.T.);
#2774 = LINE('',#2775,#2776);
#2775 = CARTESIAN_POINT('',(1.1,-0.105,0.281));
#2776 = VECTOR('',#2777,1.);
#2777 = DIRECTION('',(1.,-1.224646799147E-16,0.));
#2778 = ORIENTED_EDGE('',*,*,#1760,.F.);
#2779 = ORIENTED_EDGE('',*,*,#2715,.F.);
#2780 = ORIENTED_EDGE('',*,*,#2638,.T.);
#2781 = ORIENTED_EDGE('',*,*,#1260,.F.);
#2782 = ORIENTED_EDGE('',*,*,#1705,.F.);
#2783 = PLANE('',#2784);
#2784 = AXIS2_PLACEMENT_3D('',#2785,#2786,#2787);
#2785 = CARTESIAN_POINT('',(1.1,-0.105,0.28));
#2786 = DIRECTION('',(1.224646799147E-16,1.,0.));
#2787 = DIRECTION('',(-1.,1.224646799147E-16,0.));
#2788 = ADVANCED_FACE('',(#2789),#2805,.T.);
#2789 = FACE_BOUND('',#2790,.T.);
#2790 = EDGE_LOOP('',(#2791,#2798,#2799,#2800,#2801,#2802,#2803,#2804));
#2791 = ORIENTED_EDGE('',*,*,#2792,.T.);
#2792 = EDGE_CURVE('',#1550,#1723,#2793,.T.);
#2793 = CIRCLE('',#2794,0.25);
#2794 = AXIS2_PLACEMENT_3D('',#2795,#2796,#2797);
#2795 = CARTESIAN_POINT('',(1.15,-0.5,0.281));
#2796 = DIRECTION('',(0.,0.,-1.));
#2797 = DIRECTION('',(-0.2,0.979795897113,0.));
#2798 = ORIENTED_EDGE('',*,*,#1746,.T.);
#2799 = ORIENTED_EDGE('',*,*,#1770,.F.);
#2800 = ORIENTED_EDGE('',*,*,#2773,.F.);
#2801 = ORIENTED_EDGE('',*,*,#2686,.T.);
#2802 = ORIENTED_EDGE('',*,*,#2744,.T.);
#2803 = ORIENTED_EDGE('',*,*,#1604,.F.);
#2804 = ORIENTED_EDGE('',*,*,#1557,.F.);
#2805 = PLANE('',#2806);
#2806 = AXIS2_PLACEMENT_3D('',#2807,#2808,#2809);
#2807 = CARTESIAN_POINT('',(0.8325,-0.5,0.281));
#2808 = DIRECTION('',(0.,0.,1.));
#2809 = DIRECTION('',(1.,-1.224646799147E-16,0.));
#2810 = ADVANCED_FACE('',(#2811),#2817,.F.);
#2811 = FACE_BOUND('',#2812,.F.);
#2812 = EDGE_LOOP('',(#2813,#2814,#2815,#2816));
#2813 = ORIENTED_EDGE('',*,*,#2244,.T.);
#2814 = ORIENTED_EDGE('',*,*,#1862,.T.);
#2815 = ORIENTED_EDGE('',*,*,#2261,.T.);
#2816 = ORIENTED_EDGE('',*,*,#2035,.F.);
#2817 = CYLINDRICAL_SURFACE('',#2818,0.25);
#2818 = AXIS2_PLACEMENT_3D('',#2819,#2820,#2821);
#2819 = CARTESIAN_POINT('',(-1.15,0.5,0.));
#2820 = DIRECTION('',(0.,0.,1.));
#2821 = DIRECTION('',(1.,-2.449293598295E-16,0.));
#2822 = ADVANCED_FACE('',(#2823),#2829,.F.);
#2823 = FACE_BOUND('',#2824,.F.);
#2824 = EDGE_LOOP('',(#2825,#2826,#2827,#2828));
#2825 = ORIENTED_EDGE('',*,*,#2354,.T.);
#2826 = ORIENTED_EDGE('',*,*,#1618,.T.);
#2827 = ORIENTED_EDGE('',*,*,#2443,.T.);
#2828 = ORIENTED_EDGE('',*,*,#1452,.F.);
#2829 = CYLINDRICAL_SURFACE('',#2830,0.25);
#2830 = AXIS2_PLACEMENT_3D('',#2831,#2832,#2833);
#2831 = CARTESIAN_POINT('',(1.15,0.5,0.));
#2832 = DIRECTION('',(0.,0.,1.));
#2833 = DIRECTION('',(-1.,1.224646799147E-16,0.));
#2834 = ADVANCED_FACE('',(#2835),#2841,.F.);
#2835 = FACE_BOUND('',#2836,.F.);
#2836 = EDGE_LOOP('',(#2837,#2838,#2839,#2840));
#2837 = ORIENTED_EDGE('',*,*,#2723,.T.);
#2838 = ORIENTED_EDGE('',*,*,#1547,.T.);
#2839 = ORIENTED_EDGE('',*,*,#2792,.T.);
#2840 = ORIENTED_EDGE('',*,*,#1720,.F.);
#2841 = CYLINDRICAL_SURFACE('',#2842,0.25);
#2842 = AXIS2_PLACEMENT_3D('',#2843,#2844,#2845);
#2843 = CARTESIAN_POINT('',(1.15,-0.5,0.));
#2844 = DIRECTION('',(0.,0.,1.));
#2845 = DIRECTION('',(-1.,1.224646799147E-16,0.));
#2846 = ADVANCED_FACE('',(#2847),#2858,.T.);
#2847 = FACE_BOUND('',#2848,.T.);
#2848 = EDGE_LOOP('',(#2849,#2850,#2856,#2857));
#2849 = ORIENTED_EDGE('',*,*,#1042,.F.);
#2850 = ORIENTED_EDGE('',*,*,#2851,.F.);
#2851 = EDGE_CURVE('',#1397,#1034,#2852,.T.);
#2852 = LINE('',#2853,#2854);
#2853 = CARTESIAN_POINT('',(1.1,-1.,0.28));
#2854 = VECTOR('',#2855,1.);
#2855 = DIRECTION('',(1.,-1.224646799147E-16,0.));
#2856 = ORIENTED_EDGE('',*,*,#1414,.F.);
#2857 = ORIENTED_EDGE('',*,*,#1105,.F.);
#2858 = PLANE('',#2859);
#2859 = AXIS2_PLACEMENT_3D('',#2860,#2861,#2862);
#2860 = CARTESIAN_POINT('',(-1.1,-1.,0.));
#2861 = DIRECTION('',(-1.224646799147E-16,-1.,0.));
#2862 = DIRECTION('',(1.,-1.224646799147E-16,0.));
#2863 = ADVANCED_FACE('',(#2864),#2870,.F.);
#2864 = FACE_BOUND('',#2865,.F.);
#2865 = EDGE_LOOP('',(#2866,#2867,#2868,#2869));
#2866 = ORIENTED_EDGE('',*,*,#2562,.T.);
#2867 = ORIENTED_EDGE('',*,*,#1933,.T.);
#2868 = ORIENTED_EDGE('',*,*,#2620,.T.);
#2869 = ORIENTED_EDGE('',*,*,#1791,.F.);
#2870 = CYLINDRICAL_SURFACE('',#2871,0.25);
#2871 = AXIS2_PLACEMENT_3D('',#2872,#2873,#2874);
#2872 = CARTESIAN_POINT('',(-1.15,-0.5,0.));
#2873 = DIRECTION('',(0.,0.,1.));
#2874 = DIRECTION('',(1.,-2.449293598295E-16,0.));
#2875 = ADVANCED_FACE('',(#2876),#2902,.T.);
#2876 = FACE_BOUND('',#2877,.T.);
#2877 = EDGE_LOOP('',(#2878,#2879,#2880,#2881,#2882,#2883,#2884,#2885,
    #2886,#2887,#2888,#2889,#2890,#2891,#2892,#2893,#2894,#2895,#2896,
    #2897,#2898,#2899,#2900,#2901));
#2878 = ORIENTED_EDGE('',*,*,#1031,.F.);
#2879 = ORIENTED_EDGE('',*,*,#1090,.T.);
#2880 = ORIENTED_EDGE('',*,*,#2751,.T.);
#2881 = ORIENTED_EDGE('',*,*,#2668,.T.);
#2882 = ORIENTED_EDGE('',*,*,#2766,.T.);
#2883 = ORIENTED_EDGE('',*,*,#1697,.T.);
#2884 = ORIENTED_EDGE('',*,*,#2397,.T.);
#2885 = ORIENTED_EDGE('',*,*,#2314,.T.);
#2886 = ORIENTED_EDGE('',*,*,#2412,.T.);
#2887 = ORIENTED_EDGE('',*,*,#1524,.T.);
#2888 = ORIENTED_EDGE('',*,*,#1291,.F.);
#2889 = ORIENTED_EDGE('',*,*,#1333,.T.);
#2890 = ORIENTED_EDGE('',*,*,#1347,.F.);
#2891 = ORIENTED_EDGE('',*,*,#1382,.T.);
#2892 = ORIENTED_EDGE('',*,*,#2224,.T.);
#2893 = ORIENTED_EDGE('',*,*,#2177,.T.);
#2894 = ORIENTED_EDGE('',*,*,#2108,.T.);
#2895 = ORIENTED_EDGE('',*,*,#2012,.T.);
#2896 = ORIENTED_EDGE('',*,*,#2547,.T.);
#2897 = ORIENTED_EDGE('',*,*,#2491,.T.);
#2898 = ORIENTED_EDGE('',*,*,#2589,.T.);
#2899 = ORIENTED_EDGE('',*,*,#1429,.T.);
#2900 = ORIENTED_EDGE('',*,*,#1396,.F.);
#2901 = ORIENTED_EDGE('',*,*,#2851,.T.);
#2902 = PLANE('',#2903);
#2903 = AXIS2_PLACEMENT_3D('',#2904,#2905,#2906);
#2904 = CARTESIAN_POINT('',(0.,0.,0.28));
#2905 = DIRECTION('',(0.,0.,1.));
#2906 = DIRECTION('',(-1.,1.224646799147E-16,0.));
#2907 = MANIFOLD_SOLID_BREP('',#2908);
#2908 = CLOSED_SHELL('',(#2909,#2951,#3015,#3175,#3200,#3224,#3248,#3272
    ,#3296,#3327,#3351,#3375,#3392,#3404,#3435,#3459,#3483,#3500,#3512,
    #3543,#3567,#3591,#3608,#3620,#3651,#3675,#3699,#3716,#3728,#3749));
#2909 = ADVANCED_FACE('',(#2910),#2946,.T.);
#2910 = FACE_BOUND('',#2911,.T.);
#2911 = EDGE_LOOP('',(#2912,#2923,#2931,#2940));
#2912 = ORIENTED_EDGE('',*,*,#2913,.T.);
#2913 = EDGE_CURVE('',#2914,#2916,#2918,.T.);
#2914 = VERTEX_POINT('',#2915);
#2915 = CARTESIAN_POINT('',(0.625763736772,-1.,0.840000001788));
#2916 = VERTEX_POINT('',#2917);
#2917 = CARTESIAN_POINT('',(0.675391044354,-1.,0.796093468958));
#2918 = CIRCLE('',#2919,5.E-02);
#2919 = AXIS2_PLACEMENT_3D('',#2920,#2921,#2922);
#2920 = CARTESIAN_POINT('',(0.625763736772,-1.,0.790000001788));
#2921 = DIRECTION('',(1.224646799147E-16,1.,0.));
#2922 = DIRECTION('',(0.662620048216,-8.114755210983E-17,0.748955720789)
  );
#2923 = ORIENTED_EDGE('',*,*,#2924,.T.);
#2924 = EDGE_CURVE('',#2916,#2925,#2927,.T.);
#2925 = VERTEX_POINT('',#2926);
#2926 = CARTESIAN_POINT('',(0.675391044354,1.,0.796093468958));
#2927 = LINE('',#2928,#2929);
#2928 = CARTESIAN_POINT('',(0.675391044354,0.5,0.796093468958));
#2929 = VECTOR('',#2930,1.);
#2930 = DIRECTION('',(0.,1.,0.));
#2931 = ORIENTED_EDGE('',*,*,#2932,.T.);
#2932 = EDGE_CURVE('',#2925,#2933,#2935,.T.);
#2933 = VERTEX_POINT('',#2934);
#2934 = CARTESIAN_POINT('',(0.625763736772,1.,0.840000001788));
#2935 = CIRCLE('',#2936,5.E-02);
#2936 = AXIS2_PLACEMENT_3D('',#2937,#2938,#2939);
#2937 = CARTESIAN_POINT('',(0.625763736772,1.,0.790000001788));
#2938 = DIRECTION('',(-1.224646799147E-16,-1.,0.));
#2939 = DIRECTION('',(0.662620048216,-8.114755210983E-17,0.748955720789)
  );
#2940 = ORIENTED_EDGE('',*,*,#2941,.T.);
#2941 = EDGE_CURVE('',#2933,#2914,#2942,.T.);
#2942 = LINE('',#2943,#2944);
#2943 = CARTESIAN_POINT('',(0.625763736772,0.5,0.840000001788));
#2944 = VECTOR('',#2945,1.);
#2945 = DIRECTION('',(0.,-1.,0.));
#2946 = CYLINDRICAL_SURFACE('',#2947,5.E-02);
#2947 = AXIS2_PLACEMENT_3D('',#2948,#2949,#2950);
#2948 = CARTESIAN_POINT('',(0.625763736772,0.5,0.790000001788));
#2949 = DIRECTION('',(0.,-1.,0.));
#2950 = DIRECTION('',(0.662620048216,0.,0.748955720789));
#2951 = ADVANCED_FACE('',(#2952),#3010,.T.);
#2952 = FACE_BOUND('',#2953,.T.);
#2953 = EDGE_LOOP('',(#2954,#2955,#2963,#2972,#2980,#2988,#2996,#3004));
#2954 = ORIENTED_EDGE('',*,*,#2913,.F.);
#2955 = ORIENTED_EDGE('',*,*,#2956,.F.);
#2956 = EDGE_CURVE('',#2957,#2914,#2959,.T.);
#2957 = VERTEX_POINT('',#2958);
#2958 = CARTESIAN_POINT('',(-0.625763736772,-1.,0.840000001788));
#2959 = LINE('',#2960,#2961);
#2960 = CARTESIAN_POINT('',(-0.565,-1.,0.840000001788));
#2961 = VECTOR('',#2962,1.);
#2962 = DIRECTION('',(1.,0.,0.));
#2963 = ORIENTED_EDGE('',*,*,#2964,.F.);
#2964 = EDGE_CURVE('',#2965,#2957,#2967,.T.);
#2965 = VERTEX_POINT('',#2966);
#2966 = CARTESIAN_POINT('',(-0.675391044354,-1.,0.796093468958));
#2967 = CIRCLE('',#2968,5.E-02);
#2968 = AXIS2_PLACEMENT_3D('',#2969,#2970,#2971);
#2969 = CARTESIAN_POINT('',(-0.625763736772,-1.,0.790000001788));
#2970 = DIRECTION('',(1.224646799147E-16,1.,0.));
#2971 = DIRECTION('',(-0.662620048216,8.114755210983E-17,0.748955720789)
  );
#2972 = ORIENTED_EDGE('',*,*,#2973,.F.);
#2973 = EDGE_CURVE('',#2974,#2965,#2976,.T.);
#2974 = VERTEX_POINT('',#2975);
#2975 = CARTESIAN_POINT('',(-0.73,-1.,0.35133921611));
#2976 = LINE('',#2977,#2978);
#2977 = CARTESIAN_POINT('',(-0.718089328307,-1.,0.448343852569));
#2978 = VECTOR('',#2979,1.);
#2979 = DIRECTION('',(0.121869343405,-1.492469013153E-17,0.992546151641)
  );
#2980 = ORIENTED_EDGE('',*,*,#2981,.F.);
#2981 = EDGE_CURVE('',#2982,#2974,#2984,.T.);
#2982 = VERTEX_POINT('',#2983);
#2983 = CARTESIAN_POINT('',(-0.73,-1.,0.28));
#2984 = LINE('',#2985,#2986);
#2985 = CARTESIAN_POINT('',(-0.73,-1.,0.28));
#2986 = VECTOR('',#2987,1.);
#2987 = DIRECTION('',(0.,0.,1.));
#2988 = ORIENTED_EDGE('',*,*,#2989,.T.);
#2989 = EDGE_CURVE('',#2982,#2990,#2992,.T.);
#2990 = VERTEX_POINT('',#2991);
#2991 = CARTESIAN_POINT('',(0.73,-1.,0.28));
#2992 = LINE('',#2993,#2994);
#2993 = CARTESIAN_POINT('',(0.565,-1.,0.28));
#2994 = VECTOR('',#2995,1.);
#2995 = DIRECTION('',(1.,0.,0.));
#2996 = ORIENTED_EDGE('',*,*,#2997,.T.);
#2997 = EDGE_CURVE('',#2990,#2998,#3000,.T.);
#2998 = VERTEX_POINT('',#2999);
#2999 = CARTESIAN_POINT('',(0.73,-1.,0.35133921611));
#3000 = LINE('',#3001,#3002);
#3001 = CARTESIAN_POINT('',(0.73,-1.,0.33));
#3002 = VECTOR('',#3003,1.);
#3003 = DIRECTION('',(0.,0.,1.));
#3004 = ORIENTED_EDGE('',*,*,#3005,.F.);
#3005 = EDGE_CURVE('',#2916,#2998,#3006,.T.);
#3006 = LINE('',#3007,#3008);
#3007 = CARTESIAN_POINT('',(0.70969787098,-1.,0.516686788075));
#3008 = VECTOR('',#3009,1.);
#3009 = DIRECTION('',(0.121869343405,-1.492469013153E-17,-0.992546151641
    ));
#3010 = PLANE('',#3011);
#3011 = AXIS2_PLACEMENT_3D('',#3012,#3013,#3014);
#3012 = CARTESIAN_POINT('',(-0.565,-1.,0.28));
#3013 = DIRECTION('',(-1.224646799147E-16,-1.,0.));
#3014 = DIRECTION('',(1.,-1.224646799147E-16,0.));
#3015 = ADVANCED_FACE('',(#3016,#3034,#3068,#3102,#3136),#3170,.T.);
#3016 = FACE_BOUND('',#3017,.T.);
#3017 = EDGE_LOOP('',(#3018,#3019,#3027,#3033));
#3018 = ORIENTED_EDGE('',*,*,#2941,.F.);
#3019 = ORIENTED_EDGE('',*,*,#3020,.T.);
#3020 = EDGE_CURVE('',#2933,#3021,#3023,.T.);
#3021 = VERTEX_POINT('',#3022);
#3022 = CARTESIAN_POINT('',(-0.625763736772,1.,0.840000001788));
#3023 = LINE('',#3024,#3025);
#3024 = CARTESIAN_POINT('',(0.565,1.,0.840000001788));
#3025 = VECTOR('',#3026,1.);
#3026 = DIRECTION('',(-1.,0.,0.));
#3027 = ORIENTED_EDGE('',*,*,#3028,.F.);
#3028 = EDGE_CURVE('',#2957,#3021,#3029,.T.);
#3029 = LINE('',#3030,#3031);
#3030 = CARTESIAN_POINT('',(-0.625763736772,1.,0.840000001788));
#3031 = VECTOR('',#3032,1.);
#3032 = DIRECTION('',(0.,1.,0.));
#3033 = ORIENTED_EDGE('',*,*,#2956,.T.);
#3034 = FACE_BOUND('',#3035,.T.);
#3035 = EDGE_LOOP('',(#3036,#3046,#3054,#3062));
#3036 = ORIENTED_EDGE('',*,*,#3037,.T.);
#3037 = EDGE_CURVE('',#3038,#3040,#3042,.T.);
#3038 = VERTEX_POINT('',#3039);
#3039 = CARTESIAN_POINT('',(-0.240329489183,0.293107203376,0.84));
#3040 = VERTEX_POINT('',#3041);
#3041 = CARTESIAN_POINT('',(-0.240329489183,0.119715568448,0.84));
#3042 = LINE('',#3043,#3044);
#3043 = CARTESIAN_POINT('',(-0.240329489183,5.985778422403E-02,0.84));
#3044 = VECTOR('',#3045,1.);
#3045 = DIRECTION('',(-1.224646799147E-16,-1.,0.));
#3046 = ORIENTED_EDGE('',*,*,#3047,.T.);
#3047 = EDGE_CURVE('',#3040,#3048,#3050,.T.);
#3048 = VERTEX_POINT('',#3049);
#3049 = CARTESIAN_POINT('',(-0.364954726787,0.119715568448,0.84));
#3050 = LINE('',#3051,#3052);
#3051 = CARTESIAN_POINT('',(-0.182477363394,0.119715568448,0.84));
#3052 = VECTOR('',#3053,1.);
#3053 = DIRECTION('',(-1.,1.224646799147E-16,0.));
#3054 = ORIENTED_EDGE('',*,*,#3055,.T.);
#3055 = EDGE_CURVE('',#3048,#3056,#3058,.T.);
#3056 = VERTEX_POINT('',#3057);
#3057 = CARTESIAN_POINT('',(-0.364954726787,0.293107203376,0.84));
#3058 = LINE('',#3059,#3060);
#3059 = CARTESIAN_POINT('',(-0.364954726787,0.146553601688,0.84));
#3060 = VECTOR('',#3061,1.);
#3061 = DIRECTION('',(1.224646799147E-16,1.,0.));
#3062 = ORIENTED_EDGE('',*,*,#3063,.T.);
#3063 = EDGE_CURVE('',#3056,#3038,#3064,.T.);
#3064 = LINE('',#3065,#3066);
#3065 = CARTESIAN_POINT('',(-0.120164744591,0.293107203376,0.84));
#3066 = VECTOR('',#3067,1.);
#3067 = DIRECTION('',(1.,-1.224646799147E-16,0.));
#3068 = FACE_BOUND('',#3069,.T.);
#3069 = EDGE_LOOP('',(#3070,#3080,#3088,#3096));
#3070 = ORIENTED_EDGE('',*,*,#3071,.T.);
#3071 = EDGE_CURVE('',#3072,#3074,#3076,.T.);
#3072 = VERTEX_POINT('',#3073);
#3073 = CARTESIAN_POINT('',(9.15E-02,0.301344536458,0.84));
#3074 = VERTEX_POINT('',#3075);
#3075 = CARTESIAN_POINT('',(9.15E-02,0.112576546444,0.84));
#3076 = LINE('',#3077,#3078);
#3077 = CARTESIAN_POINT('',(9.15E-02,5.62882732218E-02,0.84));
#3078 = VECTOR('',#3079,1.);
#3079 = DIRECTION('',(-1.224646799147E-16,-1.,0.));
#3080 = ORIENTED_EDGE('',*,*,#3081,.T.);
#3081 = EDGE_CURVE('',#3074,#3082,#3084,.T.);
#3082 = VERTEX_POINT('',#3083);
#3083 = CARTESIAN_POINT('',(-9.15E-02,0.112576546444,0.84));
#3084 = LINE('',#3085,#3086);
#3085 = CARTESIAN_POINT('',(-4.575E-02,0.112576546444,0.84));
#3086 = VECTOR('',#3087,1.);
#3087 = DIRECTION('',(-1.,1.224646799147E-16,0.));
#3088 = ORIENTED_EDGE('',*,*,#3089,.T.);
#3089 = EDGE_CURVE('',#3082,#3090,#3092,.T.);
#3090 = VERTEX_POINT('',#3091);
#3091 = CARTESIAN_POINT('',(-9.15E-02,0.301344536458,0.84));
#3092 = LINE('',#3093,#3094);
#3093 = CARTESIAN_POINT('',(-9.15E-02,0.150672268229,0.84));
#3094 = VECTOR('',#3095,1.);
#3095 = DIRECTION('',(1.224646799147E-16,1.,0.));
#3096 = ORIENTED_EDGE('',*,*,#3097,.T.);
#3097 = EDGE_CURVE('',#3090,#3072,#3098,.T.);
#3098 = LINE('',#3099,#3100);
#3099 = CARTESIAN_POINT('',(4.575E-02,0.301344536458,0.84));
#3100 = VECTOR('',#3101,1.);
#3101 = DIRECTION('',(1.,-1.224646799147E-16,0.));
#3102 = FACE_BOUND('',#3103,.T.);
#3103 = EDGE_LOOP('',(#3104,#3114,#3122,#3130));
#3104 = ORIENTED_EDGE('',*,*,#3105,.T.);
#3105 = EDGE_CURVE('',#3106,#3108,#3110,.T.);
#3106 = VERTEX_POINT('',#3107);
#3107 = CARTESIAN_POINT('',(0.364954726787,0.293107203376,0.84));
#3108 = VERTEX_POINT('',#3109);
#3109 = CARTESIAN_POINT('',(0.364954726787,0.119715568448,0.84));
#3110 = LINE('',#3111,#3112);
#3111 = CARTESIAN_POINT('',(0.364954726787,5.985778422403E-02,0.84));
#3112 = VECTOR('',#3113,1.);
#3113 = DIRECTION('',(-1.224646799147E-16,-1.,0.));
#3114 = ORIENTED_EDGE('',*,*,#3115,.T.);
#3115 = EDGE_CURVE('',#3108,#3116,#3118,.T.);
#3116 = VERTEX_POINT('',#3117);
#3117 = CARTESIAN_POINT('',(0.240329489183,0.119715568448,0.84));
#3118 = LINE('',#3119,#3120);
#3119 = CARTESIAN_POINT('',(0.120164744591,0.119715568448,0.84));
#3120 = VECTOR('',#3121,1.);
#3121 = DIRECTION('',(-1.,1.224646799147E-16,0.));
#3122 = ORIENTED_EDGE('',*,*,#3123,.T.);
#3123 = EDGE_CURVE('',#3116,#3124,#3126,.T.);
#3124 = VERTEX_POINT('',#3125);
#3125 = CARTESIAN_POINT('',(0.240329489183,0.293107203376,0.84));
#3126 = LINE('',#3127,#3128);
#3127 = CARTESIAN_POINT('',(0.240329489183,0.146553601688,0.84));
#3128 = VECTOR('',#3129,1.);
#3129 = DIRECTION('',(1.224646799147E-16,1.,0.));
#3130 = ORIENTED_EDGE('',*,*,#3131,.T.);
#3131 = EDGE_CURVE('',#3124,#3106,#3132,.T.);
#3132 = LINE('',#3133,#3134);
#3133 = CARTESIAN_POINT('',(0.182477363394,0.293107203376,0.84));
#3134 = VECTOR('',#3135,1.);
#3135 = DIRECTION('',(1.,-1.224646799147E-16,0.));
#3136 = FACE_BOUND('',#3137,.T.);
#3137 = EDGE_LOOP('',(#3138,#3148,#3156,#3164));
#3138 = ORIENTED_EDGE('',*,*,#3139,.T.);
#3139 = EDGE_CURVE('',#3140,#3142,#3144,.T.);
#3140 = VERTEX_POINT('',#3141);
#3141 = CARTESIAN_POINT('',(-0.172895829387,-0.164494558656,0.84));
#3142 = VERTEX_POINT('',#3143);
#3143 = CARTESIAN_POINT('',(0.427104157202,-0.164494558656,0.84));
#3144 = LINE('',#3145,#3146);
#3145 = CARTESIAN_POINT('',(0.213552078601,-0.164494558656,0.84));
#3146 = VECTOR('',#3147,1.);
#3147 = DIRECTION('',(1.,-1.224646799147E-16,0.));
#3148 = ORIENTED_EDGE('',*,*,#3149,.T.);
#3149 = EDGE_CURVE('',#3142,#3150,#3152,.T.);
#3150 = VERTEX_POINT('',#3151);
#3151 = CARTESIAN_POINT('',(0.427104157202,-0.497881943358,0.84));
#3152 = LINE('',#3153,#3154);
#3153 = CARTESIAN_POINT('',(0.427104157202,-0.248940971679,0.84));
#3154 = VECTOR('',#3155,1.);
#3155 = DIRECTION('',(-1.224646799147E-16,-1.,0.));
#3156 = ORIENTED_EDGE('',*,*,#3157,.T.);
#3157 = EDGE_CURVE('',#3150,#3158,#3160,.T.);
#3158 = VERTEX_POINT('',#3159);
#3159 = CARTESIAN_POINT('',(-0.172895829387,-0.497881943358,0.84));
#3160 = LINE('',#3161,#3162);
#3161 = CARTESIAN_POINT('',(-8.644791469332E-02,-0.497881943358,0.84));
#3162 = VECTOR('',#3163,1.);
#3163 = DIRECTION('',(-1.,1.224646799147E-16,0.));
#3164 = ORIENTED_EDGE('',*,*,#3165,.T.);
#3165 = EDGE_CURVE('',#3158,#3140,#3166,.T.);
#3166 = LINE('',#3167,#3168);
#3167 = CARTESIAN_POINT('',(-0.172895829387,-8.224727932791E-02,0.84));
#3168 = VECTOR('',#3169,1.);
#3169 = DIRECTION('',(1.224646799147E-16,1.,0.));
#3170 = PLANE('',#3171);
#3171 = AXIS2_PLACEMENT_3D('',#3172,#3173,#3174);
#3172 = CARTESIAN_POINT('',(0.565,1.,0.840000001788));
#3173 = DIRECTION('',(0.,0.,1.));
#3174 = DIRECTION('',(1.,0.,-0.));
#3175 = ADVANCED_FACE('',(#3176),#3195,.T.);
#3176 = FACE_BOUND('',#3177,.T.);
#3177 = EDGE_LOOP('',(#3178,#3187,#3193,#3194));
#3178 = ORIENTED_EDGE('',*,*,#3179,.T.);
#3179 = EDGE_CURVE('',#3021,#3180,#3182,.T.);
#3180 = VERTEX_POINT('',#3181);
#3181 = CARTESIAN_POINT('',(-0.675391044354,1.,0.796093468958));
#3182 = CIRCLE('',#3183,5.E-02);
#3183 = AXIS2_PLACEMENT_3D('',#3184,#3185,#3186);
#3184 = CARTESIAN_POINT('',(-0.625763736772,1.,0.790000001788));
#3185 = DIRECTION('',(-1.224646799147E-16,-1.,0.));
#3186 = DIRECTION('',(-0.662620048216,8.114755210983E-17,0.748955720789)
  );
#3187 = ORIENTED_EDGE('',*,*,#3188,.T.);
#3188 = EDGE_CURVE('',#3180,#2965,#3189,.T.);
#3189 = LINE('',#3190,#3191);
#3190 = CARTESIAN_POINT('',(-0.675391044354,1.,0.796093468958));
#3191 = VECTOR('',#3192,1.);
#3192 = DIRECTION('',(0.,-1.,0.));
#3193 = ORIENTED_EDGE('',*,*,#2964,.T.);
#3194 = ORIENTED_EDGE('',*,*,#3028,.T.);
#3195 = CYLINDRICAL_SURFACE('',#3196,5.E-02);
#3196 = AXIS2_PLACEMENT_3D('',#3197,#3198,#3199);
#3197 = CARTESIAN_POINT('',(-0.625763736772,1.,0.790000001788));
#3198 = DIRECTION('',(0.,1.,0.));
#3199 = DIRECTION('',(-0.662620048216,0.,0.748955720789));
#3200 = ADVANCED_FACE('',(#3201),#3219,.T.);
#3201 = FACE_BOUND('',#3202,.T.);
#3202 = EDGE_LOOP('',(#3203,#3204,#3205,#3213));
#3203 = ORIENTED_EDGE('',*,*,#2924,.F.);
#3204 = ORIENTED_EDGE('',*,*,#3005,.T.);
#3205 = ORIENTED_EDGE('',*,*,#3206,.T.);
#3206 = EDGE_CURVE('',#2998,#3207,#3209,.T.);
#3207 = VERTEX_POINT('',#3208);
#3208 = CARTESIAN_POINT('',(0.73,1.,0.35133921611));
#3209 = LINE('',#3210,#3211);
#3210 = CARTESIAN_POINT('',(0.73,0.,0.35133921611));
#3211 = VECTOR('',#3212,1.);
#3212 = DIRECTION('',(0.,1.,0.));
#3213 = ORIENTED_EDGE('',*,*,#3214,.T.);
#3214 = EDGE_CURVE('',#3207,#2925,#3215,.T.);
#3215 = LINE('',#3216,#3217);
#3216 = CARTESIAN_POINT('',(0.718089328307,1.,0.448343852569));
#3217 = VECTOR('',#3218,1.);
#3218 = DIRECTION('',(-0.121869343405,1.492469013153E-17,0.992546151641)
  );
#3219 = PLANE('',#3220);
#3220 = AXIS2_PLACEMENT_3D('',#3221,#3222,#3223);
#3221 = CARTESIAN_POINT('',(0.7,0.,0.595669608949));
#3222 = DIRECTION('',(0.992546151641,0.,0.121869343405));
#3223 = DIRECTION('',(0.121869343405,0.,-0.992546151641));
#3224 = ADVANCED_FACE('',(#3225),#3243,.T.);
#3225 = FACE_BOUND('',#3226,.T.);
#3226 = EDGE_LOOP('',(#3227,#3228,#3236,#3242));
#3227 = ORIENTED_EDGE('',*,*,#3188,.F.);
#3228 = ORIENTED_EDGE('',*,*,#3229,.T.);
#3229 = EDGE_CURVE('',#3180,#3230,#3232,.T.);
#3230 = VERTEX_POINT('',#3231);
#3231 = CARTESIAN_POINT('',(-0.73,1.,0.35133921611));
#3232 = LINE('',#3233,#3234);
#3233 = CARTESIAN_POINT('',(-0.70969787098,1.,0.516686788075));
#3234 = VECTOR('',#3235,1.);
#3235 = DIRECTION('',(-0.121869343405,1.492469013153E-17,-0.992546151641
    ));
#3236 = ORIENTED_EDGE('',*,*,#3237,.T.);
#3237 = EDGE_CURVE('',#3230,#2974,#3238,.T.);
#3238 = LINE('',#3239,#3240);
#3239 = CARTESIAN_POINT('',(-0.73,1.,0.35133921611));
#3240 = VECTOR('',#3241,1.);
#3241 = DIRECTION('',(0.,-1.,0.));
#3242 = ORIENTED_EDGE('',*,*,#2973,.T.);
#3243 = PLANE('',#3244);
#3244 = AXIS2_PLACEMENT_3D('',#3245,#3246,#3247);
#3245 = CARTESIAN_POINT('',(-0.7,1.,0.595669608949));
#3246 = DIRECTION('',(-0.992546151641,0.,0.121869343405));
#3247 = DIRECTION('',(0.121869343405,0.,0.992546151641));
#3248 = ADVANCED_FACE('',(#3249),#3267,.T.);
#3249 = FACE_BOUND('',#3250,.T.);
#3250 = EDGE_LOOP('',(#3251,#3252,#3253,#3261));
#3251 = ORIENTED_EDGE('',*,*,#3206,.F.);
#3252 = ORIENTED_EDGE('',*,*,#2997,.F.);
#3253 = ORIENTED_EDGE('',*,*,#3254,.T.);
#3254 = EDGE_CURVE('',#2990,#3255,#3257,.T.);
#3255 = VERTEX_POINT('',#3256);
#3256 = CARTESIAN_POINT('',(0.73,1.,0.28));
#3257 = LINE('',#3258,#3259);
#3258 = CARTESIAN_POINT('',(0.73,1.,0.28));
#3259 = VECTOR('',#3260,1.);
#3260 = DIRECTION('',(1.224646799147E-16,1.,0.));
#3261 = ORIENTED_EDGE('',*,*,#3262,.T.);
#3262 = EDGE_CURVE('',#3255,#3207,#3263,.T.);
#3263 = LINE('',#3264,#3265);
#3264 = CARTESIAN_POINT('',(0.73,1.,0.28));
#3265 = VECTOR('',#3266,1.);
#3266 = DIRECTION('',(0.,0.,1.));
#3267 = PLANE('',#3268);
#3268 = AXIS2_PLACEMENT_3D('',#3269,#3270,#3271);
#3269 = CARTESIAN_POINT('',(0.73,-1.,0.28));
#3270 = DIRECTION('',(1.,0.,0.));
#3271 = DIRECTION('',(0.,0.,-1.));
#3272 = ADVANCED_FACE('',(#3273),#3291,.T.);
#3273 = FACE_BOUND('',#3274,.T.);
#3274 = EDGE_LOOP('',(#3275,#3276,#3284,#3290));
#3275 = ORIENTED_EDGE('',*,*,#3237,.F.);
#3276 = ORIENTED_EDGE('',*,*,#3277,.F.);
#3277 = EDGE_CURVE('',#3278,#3230,#3280,.T.);
#3278 = VERTEX_POINT('',#3279);
#3279 = CARTESIAN_POINT('',(-0.73,1.,0.28));
#3280 = LINE('',#3281,#3282);
#3281 = CARTESIAN_POINT('',(-0.73,1.,0.33));
#3282 = VECTOR('',#3283,1.);
#3283 = DIRECTION('',(0.,0.,1.));
#3284 = ORIENTED_EDGE('',*,*,#3285,.T.);
#3285 = EDGE_CURVE('',#3278,#2982,#3286,.T.);
#3286 = LINE('',#3287,#3288);
#3287 = CARTESIAN_POINT('',(-0.73,-1.,0.28));
#3288 = VECTOR('',#3289,1.);
#3289 = DIRECTION('',(-1.224646799147E-16,-1.,0.));
#3290 = ORIENTED_EDGE('',*,*,#2981,.T.);
#3291 = PLANE('',#3292);
#3292 = AXIS2_PLACEMENT_3D('',#3293,#3294,#3295);
#3293 = CARTESIAN_POINT('',(-0.73,1.,0.28));
#3294 = DIRECTION('',(-1.,0.,0.));
#3295 = DIRECTION('',(0.,0.,1.));
#3296 = ADVANCED_FACE('',(#3297),#3322,.T.);
#3297 = FACE_BOUND('',#3298,.T.);
#3298 = EDGE_LOOP('',(#3299,#3300,#3308,#3316));
#3299 = ORIENTED_EDGE('',*,*,#3047,.F.);
#3300 = ORIENTED_EDGE('',*,*,#3301,.T.);
#3301 = EDGE_CURVE('',#3040,#3302,#3304,.T.);
#3302 = VERTEX_POINT('',#3303);
#3303 = CARTESIAN_POINT('',(-0.240329489183,0.119715568448,0.841));
#3304 = LINE('',#3305,#3306);
#3305 = CARTESIAN_POINT('',(-0.240329489183,0.119715568448,0.28));
#3306 = VECTOR('',#3307,1.);
#3307 = DIRECTION('',(0.,0.,1.));
#3308 = ORIENTED_EDGE('',*,*,#3309,.F.);
#3309 = EDGE_CURVE('',#3310,#3302,#3312,.T.);
#3310 = VERTEX_POINT('',#3311);
#3311 = CARTESIAN_POINT('',(-0.364954726787,0.119715568448,0.841));
#3312 = LINE('',#3313,#3314);
#3313 = CARTESIAN_POINT('',(-0.364954726787,0.119715568448,0.841));
#3314 = VECTOR('',#3315,1.);
#3315 = DIRECTION('',(1.,-1.224646799147E-16,0.));
#3316 = ORIENTED_EDGE('',*,*,#3317,.F.);
#3317 = EDGE_CURVE('',#3048,#3310,#3318,.T.);
#3318 = LINE('',#3319,#3320);
#3319 = CARTESIAN_POINT('',(-0.364954726787,0.119715568448,0.28));
#3320 = VECTOR('',#3321,1.);
#3321 = DIRECTION('',(0.,0.,1.));
#3322 = PLANE('',#3323);
#3323 = AXIS2_PLACEMENT_3D('',#3324,#3325,#3326);
#3324 = CARTESIAN_POINT('',(-0.364954726787,0.119715568448,0.28));
#3325 = DIRECTION('',(-1.224646799147E-16,-1.,0.));
#3326 = DIRECTION('',(1.,-1.224646799147E-16,0.));
#3327 = ADVANCED_FACE('',(#3328),#3346,.T.);
#3328 = FACE_BOUND('',#3329,.T.);
#3329 = EDGE_LOOP('',(#3330,#3331,#3339,#3345));
#3330 = ORIENTED_EDGE('',*,*,#3037,.F.);
#3331 = ORIENTED_EDGE('',*,*,#3332,.T.);
#3332 = EDGE_CURVE('',#3038,#3333,#3335,.T.);
#3333 = VERTEX_POINT('',#3334);
#3334 = CARTESIAN_POINT('',(-0.240329489183,0.293107203376,0.841));
#3335 = LINE('',#3336,#3337);
#3336 = CARTESIAN_POINT('',(-0.240329489183,0.293107203376,0.28));
#3337 = VECTOR('',#3338,1.);
#3338 = DIRECTION('',(0.,0.,1.));
#3339 = ORIENTED_EDGE('',*,*,#3340,.F.);
#3340 = EDGE_CURVE('',#3302,#3333,#3341,.T.);
#3341 = LINE('',#3342,#3343);
#3342 = CARTESIAN_POINT('',(-0.240329489183,0.119715568448,0.841));
#3343 = VECTOR('',#3344,1.);
#3344 = DIRECTION('',(1.224646799147E-16,1.,0.));
#3345 = ORIENTED_EDGE('',*,*,#3301,.F.);
#3346 = PLANE('',#3347);
#3347 = AXIS2_PLACEMENT_3D('',#3348,#3349,#3350);
#3348 = CARTESIAN_POINT('',(-0.240329489183,0.119715568448,0.28));
#3349 = DIRECTION('',(1.,-1.224646799147E-16,0.));
#3350 = DIRECTION('',(1.224646799147E-16,1.,0.));
#3351 = ADVANCED_FACE('',(#3352),#3370,.T.);
#3352 = FACE_BOUND('',#3353,.T.);
#3353 = EDGE_LOOP('',(#3354,#3355,#3356,#3364));
#3354 = ORIENTED_EDGE('',*,*,#3055,.F.);
#3355 = ORIENTED_EDGE('',*,*,#3317,.T.);
#3356 = ORIENTED_EDGE('',*,*,#3357,.F.);
#3357 = EDGE_CURVE('',#3358,#3310,#3360,.T.);
#3358 = VERTEX_POINT('',#3359);
#3359 = CARTESIAN_POINT('',(-0.364954726787,0.293107203376,0.841));
#3360 = LINE('',#3361,#3362);
#3361 = CARTESIAN_POINT('',(-0.364954726787,0.293107203376,0.841));
#3362 = VECTOR('',#3363,1.);
#3363 = DIRECTION('',(-1.224646799147E-16,-1.,0.));
#3364 = ORIENTED_EDGE('',*,*,#3365,.F.);
#3365 = EDGE_CURVE('',#3056,#3358,#3366,.T.);
#3366 = LINE('',#3367,#3368);
#3367 = CARTESIAN_POINT('',(-0.364954726787,0.293107203376,0.28));
#3368 = VECTOR('',#3369,1.);
#3369 = DIRECTION('',(0.,0.,1.));
#3370 = PLANE('',#3371);
#3371 = AXIS2_PLACEMENT_3D('',#3372,#3373,#3374);
#3372 = CARTESIAN_POINT('',(-0.364954726787,0.293107203376,0.28));
#3373 = DIRECTION('',(-1.,1.224646799147E-16,0.));
#3374 = DIRECTION('',(-1.224646799147E-16,-1.,0.));
#3375 = ADVANCED_FACE('',(#3376),#3387,.T.);
#3376 = FACE_BOUND('',#3377,.T.);
#3377 = EDGE_LOOP('',(#3378,#3379,#3380,#3386));
#3378 = ORIENTED_EDGE('',*,*,#3063,.F.);
#3379 = ORIENTED_EDGE('',*,*,#3365,.T.);
#3380 = ORIENTED_EDGE('',*,*,#3381,.F.);
#3381 = EDGE_CURVE('',#3333,#3358,#3382,.T.);
#3382 = LINE('',#3383,#3384);
#3383 = CARTESIAN_POINT('',(-0.240329489183,0.293107203376,0.841));
#3384 = VECTOR('',#3385,1.);
#3385 = DIRECTION('',(-1.,1.224646799147E-16,0.));
#3386 = ORIENTED_EDGE('',*,*,#3332,.F.);
#3387 = PLANE('',#3388);
#3388 = AXIS2_PLACEMENT_3D('',#3389,#3390,#3391);
#3389 = CARTESIAN_POINT('',(-0.240329489183,0.293107203376,0.28));
#3390 = DIRECTION('',(1.224646799147E-16,1.,0.));
#3391 = DIRECTION('',(-1.,1.224646799147E-16,0.));
#3392 = ADVANCED_FACE('',(#3393),#3399,.T.);
#3393 = FACE_BOUND('',#3394,.T.);
#3394 = EDGE_LOOP('',(#3395,#3396,#3397,#3398));
#3395 = ORIENTED_EDGE('',*,*,#3381,.T.);
#3396 = ORIENTED_EDGE('',*,*,#3357,.T.);
#3397 = ORIENTED_EDGE('',*,*,#3309,.T.);
#3398 = ORIENTED_EDGE('',*,*,#3340,.T.);
#3399 = PLANE('',#3400);
#3400 = AXIS2_PLACEMENT_3D('',#3401,#3402,#3403);
#3401 = CARTESIAN_POINT('',(-0.302642107985,0.206411385912,0.841));
#3402 = DIRECTION('',(0.,0.,1.));
#3403 = DIRECTION('',(-1.,1.224646799147E-16,0.));
#3404 = ADVANCED_FACE('',(#3405),#3430,.T.);
#3405 = FACE_BOUND('',#3406,.T.);
#3406 = EDGE_LOOP('',(#3407,#3408,#3416,#3424));
#3407 = ORIENTED_EDGE('',*,*,#3157,.F.);
#3408 = ORIENTED_EDGE('',*,*,#3409,.T.);
#3409 = EDGE_CURVE('',#3150,#3410,#3412,.T.);
#3410 = VERTEX_POINT('',#3411);
#3411 = CARTESIAN_POINT('',(0.427104157202,-0.497881943358,0.841));
#3412 = LINE('',#3413,#3414);
#3413 = CARTESIAN_POINT('',(0.427104157202,-0.497881943358,0.28));
#3414 = VECTOR('',#3415,1.);
#3415 = DIRECTION('',(0.,0.,1.));
#3416 = ORIENTED_EDGE('',*,*,#3417,.F.);
#3417 = EDGE_CURVE('',#3418,#3410,#3420,.T.);
#3418 = VERTEX_POINT('',#3419);
#3419 = CARTESIAN_POINT('',(-0.172895829387,-0.497881943358,0.841));
#3420 = LINE('',#3421,#3422);
#3421 = CARTESIAN_POINT('',(0.427104157202,-0.497881943358,0.841));
#3422 = VECTOR('',#3423,1.);
#3423 = DIRECTION('',(1.,-1.224646799147E-16,0.));
#3424 = ORIENTED_EDGE('',*,*,#3425,.F.);
#3425 = EDGE_CURVE('',#3158,#3418,#3426,.T.);
#3426 = LINE('',#3427,#3428);
#3427 = CARTESIAN_POINT('',(-0.172895829387,-0.497881943358,0.28));
#3428 = VECTOR('',#3429,1.);
#3429 = DIRECTION('',(0.,0.,1.));
#3430 = PLANE('',#3431);
#3431 = AXIS2_PLACEMENT_3D('',#3432,#3433,#3434);
#3432 = CARTESIAN_POINT('',(-0.172895829387,-0.497881943358,0.28));
#3433 = DIRECTION('',(-1.224646799147E-16,-1.,0.));
#3434 = DIRECTION('',(1.,-1.224646799147E-16,0.));
#3435 = ADVANCED_FACE('',(#3436),#3454,.T.);
#3436 = FACE_BOUND('',#3437,.T.);
#3437 = EDGE_LOOP('',(#3438,#3439,#3447,#3453));
#3438 = ORIENTED_EDGE('',*,*,#3149,.F.);
#3439 = ORIENTED_EDGE('',*,*,#3440,.T.);
#3440 = EDGE_CURVE('',#3142,#3441,#3443,.T.);
#3441 = VERTEX_POINT('',#3442);
#3442 = CARTESIAN_POINT('',(0.427104157202,-0.164494558656,0.841));
#3443 = LINE('',#3444,#3445);
#3444 = CARTESIAN_POINT('',(0.427104157202,-0.164494558656,0.28));
#3445 = VECTOR('',#3446,1.);
#3446 = DIRECTION('',(0.,0.,1.));
#3447 = ORIENTED_EDGE('',*,*,#3448,.F.);
#3448 = EDGE_CURVE('',#3410,#3441,#3449,.T.);
#3449 = LINE('',#3450,#3451);
#3450 = CARTESIAN_POINT('',(0.427104157202,-0.164494558656,0.841));
#3451 = VECTOR('',#3452,1.);
#3452 = DIRECTION('',(1.224646799147E-16,1.,0.));
#3453 = ORIENTED_EDGE('',*,*,#3409,.F.);
#3454 = PLANE('',#3455);
#3455 = AXIS2_PLACEMENT_3D('',#3456,#3457,#3458);
#3456 = CARTESIAN_POINT('',(0.427104157202,-0.497881943358,0.28));
#3457 = DIRECTION('',(1.,-1.224646799147E-16,0.));
#3458 = DIRECTION('',(1.224646799147E-16,1.,0.));
#3459 = ADVANCED_FACE('',(#3460),#3478,.T.);
#3460 = FACE_BOUND('',#3461,.T.);
#3461 = EDGE_LOOP('',(#3462,#3463,#3464,#3472));
#3462 = ORIENTED_EDGE('',*,*,#3165,.F.);
#3463 = ORIENTED_EDGE('',*,*,#3425,.T.);
#3464 = ORIENTED_EDGE('',*,*,#3465,.F.);
#3465 = EDGE_CURVE('',#3466,#3418,#3468,.T.);
#3466 = VERTEX_POINT('',#3467);
#3467 = CARTESIAN_POINT('',(-0.172895829387,-0.164494558656,0.841));
#3468 = LINE('',#3469,#3470);
#3469 = CARTESIAN_POINT('',(-0.172895829387,-0.497881943358,0.841));
#3470 = VECTOR('',#3471,1.);
#3471 = DIRECTION('',(-1.224646799147E-16,-1.,0.));
#3472 = ORIENTED_EDGE('',*,*,#3473,.F.);
#3473 = EDGE_CURVE('',#3140,#3466,#3474,.T.);
#3474 = LINE('',#3475,#3476);
#3475 = CARTESIAN_POINT('',(-0.172895829387,-0.164494558656,0.28));
#3476 = VECTOR('',#3477,1.);
#3477 = DIRECTION('',(0.,0.,1.));
#3478 = PLANE('',#3479);
#3479 = AXIS2_PLACEMENT_3D('',#3480,#3481,#3482);
#3480 = CARTESIAN_POINT('',(-0.172895829387,-0.164494558656,0.28));
#3481 = DIRECTION('',(-1.,1.224646799147E-16,0.));
#3482 = DIRECTION('',(-1.224646799147E-16,-1.,0.));
#3483 = ADVANCED_FACE('',(#3484),#3495,.T.);
#3484 = FACE_BOUND('',#3485,.T.);
#3485 = EDGE_LOOP('',(#3486,#3487,#3488,#3494));
#3486 = ORIENTED_EDGE('',*,*,#3139,.F.);
#3487 = ORIENTED_EDGE('',*,*,#3473,.T.);
#3488 = ORIENTED_EDGE('',*,*,#3489,.F.);
#3489 = EDGE_CURVE('',#3441,#3466,#3490,.T.);
#3490 = LINE('',#3491,#3492);
#3491 = CARTESIAN_POINT('',(-0.172895829387,-0.164494558656,0.841));
#3492 = VECTOR('',#3493,1.);
#3493 = DIRECTION('',(-1.,1.224646799147E-16,0.));
#3494 = ORIENTED_EDGE('',*,*,#3440,.F.);
#3495 = PLANE('',#3496);
#3496 = AXIS2_PLACEMENT_3D('',#3497,#3498,#3499);
#3497 = CARTESIAN_POINT('',(0.427104157202,-0.164494558656,0.28));
#3498 = DIRECTION('',(1.224646799147E-16,1.,0.));
#3499 = DIRECTION('',(-1.,1.224646799147E-16,0.));
#3500 = ADVANCED_FACE('',(#3501),#3507,.T.);
#3501 = FACE_BOUND('',#3502,.T.);
#3502 = EDGE_LOOP('',(#3503,#3504,#3505,#3506));
#3503 = ORIENTED_EDGE('',*,*,#3489,.T.);
#3504 = ORIENTED_EDGE('',*,*,#3465,.T.);
#3505 = ORIENTED_EDGE('',*,*,#3417,.T.);
#3506 = ORIENTED_EDGE('',*,*,#3448,.T.);
#3507 = PLANE('',#3508);
#3508 = AXIS2_PLACEMENT_3D('',#3509,#3510,#3511);
#3509 = CARTESIAN_POINT('',(0.127104163908,-0.331188251007,0.841));
#3510 = DIRECTION('',(0.,0.,1.));
#3511 = DIRECTION('',(-1.,1.224646799147E-16,0.));
#3512 = ADVANCED_FACE('',(#3513),#3538,.T.);
#3513 = FACE_BOUND('',#3514,.T.);
#3514 = EDGE_LOOP('',(#3515,#3516,#3524,#3532));
#3515 = ORIENTED_EDGE('',*,*,#3081,.F.);
#3516 = ORIENTED_EDGE('',*,*,#3517,.T.);
#3517 = EDGE_CURVE('',#3074,#3518,#3520,.T.);
#3518 = VERTEX_POINT('',#3519);
#3519 = CARTESIAN_POINT('',(9.15E-02,0.112576546444,0.841));
#3520 = LINE('',#3521,#3522);
#3521 = CARTESIAN_POINT('',(9.15E-02,0.112576546444,0.28));
#3522 = VECTOR('',#3523,1.);
#3523 = DIRECTION('',(0.,0.,1.));
#3524 = ORIENTED_EDGE('',*,*,#3525,.F.);
#3525 = EDGE_CURVE('',#3526,#3518,#3528,.T.);
#3526 = VERTEX_POINT('',#3527);
#3527 = CARTESIAN_POINT('',(-9.15E-02,0.112576546444,0.841));
#3528 = LINE('',#3529,#3530);
#3529 = CARTESIAN_POINT('',(9.15E-02,0.112576546444,0.841));
#3530 = VECTOR('',#3531,1.);
#3531 = DIRECTION('',(1.,-1.224646799147E-16,0.));
#3532 = ORIENTED_EDGE('',*,*,#3533,.F.);
#3533 = EDGE_CURVE('',#3082,#3526,#3534,.T.);
#3534 = LINE('',#3535,#3536);
#3535 = CARTESIAN_POINT('',(-9.15E-02,0.112576546444,0.28));
#3536 = VECTOR('',#3537,1.);
#3537 = DIRECTION('',(0.,0.,1.));
#3538 = PLANE('',#3539);
#3539 = AXIS2_PLACEMENT_3D('',#3540,#3541,#3542);
#3540 = CARTESIAN_POINT('',(-9.15E-02,0.112576546444,0.28));
#3541 = DIRECTION('',(-1.224646799147E-16,-1.,0.));
#3542 = DIRECTION('',(1.,-1.224646799147E-16,0.));
#3543 = ADVANCED_FACE('',(#3544),#3562,.T.);
#3544 = FACE_BOUND('',#3545,.T.);
#3545 = EDGE_LOOP('',(#3546,#3547,#3555,#3561));
#3546 = ORIENTED_EDGE('',*,*,#3071,.F.);
#3547 = ORIENTED_EDGE('',*,*,#3548,.T.);
#3548 = EDGE_CURVE('',#3072,#3549,#3551,.T.);
#3549 = VERTEX_POINT('',#3550);
#3550 = CARTESIAN_POINT('',(9.15E-02,0.301344536458,0.841));
#3551 = LINE('',#3552,#3553);
#3552 = CARTESIAN_POINT('',(9.15E-02,0.301344536458,0.28));
#3553 = VECTOR('',#3554,1.);
#3554 = DIRECTION('',(0.,0.,1.));
#3555 = ORIENTED_EDGE('',*,*,#3556,.F.);
#3556 = EDGE_CURVE('',#3518,#3549,#3557,.T.);
#3557 = LINE('',#3558,#3559);
#3558 = CARTESIAN_POINT('',(9.15E-02,0.301344536458,0.841));
#3559 = VECTOR('',#3560,1.);
#3560 = DIRECTION('',(1.224646799147E-16,1.,0.));
#3561 = ORIENTED_EDGE('',*,*,#3517,.F.);
#3562 = PLANE('',#3563);
#3563 = AXIS2_PLACEMENT_3D('',#3564,#3565,#3566);
#3564 = CARTESIAN_POINT('',(9.15E-02,0.112576546444,0.28));
#3565 = DIRECTION('',(1.,-1.224646799147E-16,0.));
#3566 = DIRECTION('',(1.224646799147E-16,1.,0.));
#3567 = ADVANCED_FACE('',(#3568),#3586,.T.);
#3568 = FACE_BOUND('',#3569,.T.);
#3569 = EDGE_LOOP('',(#3570,#3571,#3572,#3580));
#3570 = ORIENTED_EDGE('',*,*,#3089,.F.);
#3571 = ORIENTED_EDGE('',*,*,#3533,.T.);
#3572 = ORIENTED_EDGE('',*,*,#3573,.F.);
#3573 = EDGE_CURVE('',#3574,#3526,#3576,.T.);
#3574 = VERTEX_POINT('',#3575);
#3575 = CARTESIAN_POINT('',(-9.15E-02,0.301344536458,0.841));
#3576 = LINE('',#3577,#3578);
#3577 = CARTESIAN_POINT('',(-9.15E-02,0.112576546444,0.841));
#3578 = VECTOR('',#3579,1.);
#3579 = DIRECTION('',(-1.224646799147E-16,-1.,0.));
#3580 = ORIENTED_EDGE('',*,*,#3581,.F.);
#3581 = EDGE_CURVE('',#3090,#3574,#3582,.T.);
#3582 = LINE('',#3583,#3584);
#3583 = CARTESIAN_POINT('',(-9.15E-02,0.301344536458,0.28));
#3584 = VECTOR('',#3585,1.);
#3585 = DIRECTION('',(0.,0.,1.));
#3586 = PLANE('',#3587);
#3587 = AXIS2_PLACEMENT_3D('',#3588,#3589,#3590);
#3588 = CARTESIAN_POINT('',(-9.15E-02,0.301344536458,0.28));
#3589 = DIRECTION('',(-1.,1.224646799147E-16,0.));
#3590 = DIRECTION('',(-1.224646799147E-16,-1.,0.));
#3591 = ADVANCED_FACE('',(#3592),#3603,.T.);
#3592 = FACE_BOUND('',#3593,.T.);
#3593 = EDGE_LOOP('',(#3594,#3595,#3596,#3602));
#3594 = ORIENTED_EDGE('',*,*,#3097,.F.);
#3595 = ORIENTED_EDGE('',*,*,#3581,.T.);
#3596 = ORIENTED_EDGE('',*,*,#3597,.F.);
#3597 = EDGE_CURVE('',#3549,#3574,#3598,.T.);
#3598 = LINE('',#3599,#3600);
#3599 = CARTESIAN_POINT('',(-9.15E-02,0.301344536458,0.841));
#3600 = VECTOR('',#3601,1.);
#3601 = DIRECTION('',(-1.,1.224646799147E-16,0.));
#3602 = ORIENTED_EDGE('',*,*,#3548,.F.);
#3603 = PLANE('',#3604);
#3604 = AXIS2_PLACEMENT_3D('',#3605,#3606,#3607);
#3605 = CARTESIAN_POINT('',(9.15E-02,0.301344536458,0.28));
#3606 = DIRECTION('',(1.224646799147E-16,1.,0.));
#3607 = DIRECTION('',(-1.,1.224646799147E-16,0.));
#3608 = ADVANCED_FACE('',(#3609),#3615,.T.);
#3609 = FACE_BOUND('',#3610,.T.);
#3610 = EDGE_LOOP('',(#3611,#3612,#3613,#3614));
#3611 = ORIENTED_EDGE('',*,*,#3597,.T.);
#3612 = ORIENTED_EDGE('',*,*,#3573,.T.);
#3613 = ORIENTED_EDGE('',*,*,#3525,.T.);
#3614 = ORIENTED_EDGE('',*,*,#3556,.T.);
#3615 = PLANE('',#3616);
#3616 = AXIS2_PLACEMENT_3D('',#3617,#3618,#3619);
#3617 = CARTESIAN_POINT('',(2.534535646377E-17,0.206960541451,0.841));
#3618 = DIRECTION('',(0.,0.,1.));
#3619 = DIRECTION('',(-1.,1.224646799147E-16,0.));
#3620 = ADVANCED_FACE('',(#3621),#3646,.T.);
#3621 = FACE_BOUND('',#3622,.T.);
#3622 = EDGE_LOOP('',(#3623,#3624,#3632,#3640));
#3623 = ORIENTED_EDGE('',*,*,#3115,.F.);
#3624 = ORIENTED_EDGE('',*,*,#3625,.T.);
#3625 = EDGE_CURVE('',#3108,#3626,#3628,.T.);
#3626 = VERTEX_POINT('',#3627);
#3627 = CARTESIAN_POINT('',(0.364954726787,0.119715568448,0.841));
#3628 = LINE('',#3629,#3630);
#3629 = CARTESIAN_POINT('',(0.364954726787,0.119715568448,0.28));
#3630 = VECTOR('',#3631,1.);
#3631 = DIRECTION('',(0.,0.,1.));
#3632 = ORIENTED_EDGE('',*,*,#3633,.F.);
#3633 = EDGE_CURVE('',#3634,#3626,#3636,.T.);
#3634 = VERTEX_POINT('',#3635);
#3635 = CARTESIAN_POINT('',(0.240329489183,0.119715568448,0.841));
#3636 = LINE('',#3637,#3638);
#3637 = CARTESIAN_POINT('',(0.364954726787,0.119715568448,0.841));
#3638 = VECTOR('',#3639,1.);
#3639 = DIRECTION('',(1.,-1.224646799147E-16,0.));
#3640 = ORIENTED_EDGE('',*,*,#3641,.F.);
#3641 = EDGE_CURVE('',#3116,#3634,#3642,.T.);
#3642 = LINE('',#3643,#3644);
#3643 = CARTESIAN_POINT('',(0.240329489183,0.119715568448,0.28));
#3644 = VECTOR('',#3645,1.);
#3645 = DIRECTION('',(0.,0.,1.));
#3646 = PLANE('',#3647);
#3647 = AXIS2_PLACEMENT_3D('',#3648,#3649,#3650);
#3648 = CARTESIAN_POINT('',(0.240329489183,0.119715568448,0.28));
#3649 = DIRECTION('',(-1.224646799147E-16,-1.,0.));
#3650 = DIRECTION('',(1.,-1.224646799147E-16,0.));
#3651 = ADVANCED_FACE('',(#3652),#3670,.T.);
#3652 = FACE_BOUND('',#3653,.T.);
#3653 = EDGE_LOOP('',(#3654,#3655,#3663,#3669));
#3654 = ORIENTED_EDGE('',*,*,#3105,.F.);
#3655 = ORIENTED_EDGE('',*,*,#3656,.T.);
#3656 = EDGE_CURVE('',#3106,#3657,#3659,.T.);
#3657 = VERTEX_POINT('',#3658);
#3658 = CARTESIAN_POINT('',(0.364954726787,0.293107203376,0.841));
#3659 = LINE('',#3660,#3661);
#3660 = CARTESIAN_POINT('',(0.364954726787,0.293107203376,0.28));
#3661 = VECTOR('',#3662,1.);
#3662 = DIRECTION('',(0.,0.,1.));
#3663 = ORIENTED_EDGE('',*,*,#3664,.F.);
#3664 = EDGE_CURVE('',#3626,#3657,#3665,.T.);
#3665 = LINE('',#3666,#3667);
#3666 = CARTESIAN_POINT('',(0.364954726787,0.293107203376,0.841));
#3667 = VECTOR('',#3668,1.);
#3668 = DIRECTION('',(1.224646799147E-16,1.,0.));
#3669 = ORIENTED_EDGE('',*,*,#3625,.F.);
#3670 = PLANE('',#3671);
#3671 = AXIS2_PLACEMENT_3D('',#3672,#3673,#3674);
#3672 = CARTESIAN_POINT('',(0.364954726787,0.119715568448,0.28));
#3673 = DIRECTION('',(1.,-1.224646799147E-16,0.));
#3674 = DIRECTION('',(1.224646799147E-16,1.,0.));
#3675 = ADVANCED_FACE('',(#3676),#3694,.T.);
#3676 = FACE_BOUND('',#3677,.T.);
#3677 = EDGE_LOOP('',(#3678,#3679,#3680,#3688));
#3678 = ORIENTED_EDGE('',*,*,#3123,.F.);
#3679 = ORIENTED_EDGE('',*,*,#3641,.T.);
#3680 = ORIENTED_EDGE('',*,*,#3681,.F.);
#3681 = EDGE_CURVE('',#3682,#3634,#3684,.T.);
#3682 = VERTEX_POINT('',#3683);
#3683 = CARTESIAN_POINT('',(0.240329489183,0.293107203376,0.841));
#3684 = LINE('',#3685,#3686);
#3685 = CARTESIAN_POINT('',(0.240329489183,0.119715568448,0.841));
#3686 = VECTOR('',#3687,1.);
#3687 = DIRECTION('',(-1.224646799147E-16,-1.,0.));
#3688 = ORIENTED_EDGE('',*,*,#3689,.F.);
#3689 = EDGE_CURVE('',#3124,#3682,#3690,.T.);
#3690 = LINE('',#3691,#3692);
#3691 = CARTESIAN_POINT('',(0.240329489183,0.293107203376,0.28));
#3692 = VECTOR('',#3693,1.);
#3693 = DIRECTION('',(0.,0.,1.));
#3694 = PLANE('',#3695);
#3695 = AXIS2_PLACEMENT_3D('',#3696,#3697,#3698);
#3696 = CARTESIAN_POINT('',(0.240329489183,0.293107203376,0.28));
#3697 = DIRECTION('',(-1.,1.224646799147E-16,0.));
#3698 = DIRECTION('',(-1.224646799147E-16,-1.,0.));
#3699 = ADVANCED_FACE('',(#3700),#3711,.T.);
#3700 = FACE_BOUND('',#3701,.T.);
#3701 = EDGE_LOOP('',(#3702,#3703,#3704,#3710));
#3702 = ORIENTED_EDGE('',*,*,#3131,.F.);
#3703 = ORIENTED_EDGE('',*,*,#3689,.T.);
#3704 = ORIENTED_EDGE('',*,*,#3705,.F.);
#3705 = EDGE_CURVE('',#3657,#3682,#3706,.T.);
#3706 = LINE('',#3707,#3708);
#3707 = CARTESIAN_POINT('',(0.240329489183,0.293107203376,0.841));
#3708 = VECTOR('',#3709,1.);
#3709 = DIRECTION('',(-1.,1.224646799147E-16,0.));
#3710 = ORIENTED_EDGE('',*,*,#3656,.F.);
#3711 = PLANE('',#3712);
#3712 = AXIS2_PLACEMENT_3D('',#3713,#3714,#3715);
#3713 = CARTESIAN_POINT('',(0.364954726787,0.293107203376,0.28));
#3714 = DIRECTION('',(1.224646799147E-16,1.,0.));
#3715 = DIRECTION('',(-1.,1.224646799147E-16,0.));
#3716 = ADVANCED_FACE('',(#3717),#3723,.T.);
#3717 = FACE_BOUND('',#3718,.T.);
#3718 = EDGE_LOOP('',(#3719,#3720,#3721,#3722));
#3719 = ORIENTED_EDGE('',*,*,#3705,.T.);
#3720 = ORIENTED_EDGE('',*,*,#3681,.T.);
#3721 = ORIENTED_EDGE('',*,*,#3633,.T.);
#3722 = ORIENTED_EDGE('',*,*,#3664,.T.);
#3723 = PLANE('',#3724);
#3724 = AXIS2_PLACEMENT_3D('',#3725,#3726,#3727);
#3725 = CARTESIAN_POINT('',(0.302642107985,0.206411385912,0.841));
#3726 = DIRECTION('',(0.,0.,1.));
#3727 = DIRECTION('',(-1.,1.224646799147E-16,0.));
#3728 = ADVANCED_FACE('',(#3729),#3744,.T.);
#3729 = FACE_BOUND('',#3730,.T.);
#3730 = EDGE_LOOP('',(#3731,#3732,#3733,#3734,#3740,#3741,#3742,#3743));
#3731 = ORIENTED_EDGE('',*,*,#2932,.F.);
#3732 = ORIENTED_EDGE('',*,*,#3214,.F.);
#3733 = ORIENTED_EDGE('',*,*,#3262,.F.);
#3734 = ORIENTED_EDGE('',*,*,#3735,.F.);
#3735 = EDGE_CURVE('',#3278,#3255,#3736,.T.);
#3736 = LINE('',#3737,#3738);
#3737 = CARTESIAN_POINT('',(-0.565,1.,0.28));
#3738 = VECTOR('',#3739,1.);
#3739 = DIRECTION('',(1.,-1.224646799147E-16,0.));
#3740 = ORIENTED_EDGE('',*,*,#3277,.T.);
#3741 = ORIENTED_EDGE('',*,*,#3229,.F.);
#3742 = ORIENTED_EDGE('',*,*,#3179,.F.);
#3743 = ORIENTED_EDGE('',*,*,#3020,.F.);
#3744 = PLANE('',#3745);
#3745 = AXIS2_PLACEMENT_3D('',#3746,#3747,#3748);
#3746 = CARTESIAN_POINT('',(0.565,1.,0.28));
#3747 = DIRECTION('',(1.224646799147E-16,1.,0.));
#3748 = DIRECTION('',(-1.,1.224646799147E-16,0.));
#3749 = ADVANCED_FACE('',(#3750),#3756,.F.);
#3750 = FACE_BOUND('',#3751,.T.);
#3751 = EDGE_LOOP('',(#3752,#3753,#3754,#3755));
#3752 = ORIENTED_EDGE('',*,*,#2989,.F.);
#3753 = ORIENTED_EDGE('',*,*,#3285,.F.);
#3754 = ORIENTED_EDGE('',*,*,#3735,.T.);
#3755 = ORIENTED_EDGE('',*,*,#3254,.F.);
#3756 = PLANE('',#3757);
#3757 = AXIS2_PLACEMENT_3D('',#3758,#3759,#3760);
#3758 = CARTESIAN_POINT('',(0.,0.,0.28));
#3759 = DIRECTION('',(0.,0.,1.));
#3760 = DIRECTION('',(-1.,1.224646799147E-16,0.));
#3761 = MANIFOLD_SOLID_BREP('',#3762);
#3762 = CLOSED_SHELL('',(#3763,#3803,#3834,#3865,#3887,#3899));
#3763 = ADVANCED_FACE('',(#3764),#3798,.T.);
#3764 = FACE_BOUND('',#3765,.T.);
#3765 = EDGE_LOOP('',(#3766,#3776,#3784,#3792));
#3766 = ORIENTED_EDGE('',*,*,#3767,.T.);
#3767 = EDGE_CURVE('',#3768,#3770,#3772,.T.);
#3768 = VERTEX_POINT('',#3769);
#3769 = CARTESIAN_POINT('',(-4.041258546407E-02,-1.,0.));
#3770 = VERTEX_POINT('',#3771);
#3771 = CARTESIAN_POINT('',(-0.491910265772,-1.,0.));
#3772 = LINE('',#3773,#3774);
#3773 = CARTESIAN_POINT('',(-4.041258546407E-02,-1.,0.));
#3774 = VECTOR('',#3775,1.);
#3775 = DIRECTION('',(-1.,1.224646799147E-16,0.));
#3776 = ORIENTED_EDGE('',*,*,#3777,.T.);
#3777 = EDGE_CURVE('',#3770,#3778,#3780,.T.);
#3778 = VERTEX_POINT('',#3779);
#3779 = CARTESIAN_POINT('',(-0.491910265772,-1.,-1.E-03));
#3780 = LINE('',#3781,#3782);
#3781 = CARTESIAN_POINT('',(-0.491910265772,-1.,0.));
#3782 = VECTOR('',#3783,1.);
#3783 = DIRECTION('',(0.,0.,-1.));
#3784 = ORIENTED_EDGE('',*,*,#3785,.F.);
#3785 = EDGE_CURVE('',#3786,#3778,#3788,.T.);
#3786 = VERTEX_POINT('',#3787);
#3787 = CARTESIAN_POINT('',(-4.041258546407E-02,-1.,-1.E-03));
#3788 = LINE('',#3789,#3790);
#3789 = CARTESIAN_POINT('',(-4.041258546407E-02,-1.,-1.E-03));
#3790 = VECTOR('',#3791,1.);
#3791 = DIRECTION('',(-1.,1.224646799147E-16,0.));
#3792 = ORIENTED_EDGE('',*,*,#3793,.F.);
#3793 = EDGE_CURVE('',#3768,#3786,#3794,.T.);
#3794 = LINE('',#3795,#3796);
#3795 = CARTESIAN_POINT('',(-4.041258546407E-02,-1.,0.));
#3796 = VECTOR('',#3797,1.);
#3797 = DIRECTION('',(0.,0.,-1.));
#3798 = PLANE('',#3799);
#3799 = AXIS2_PLACEMENT_3D('',#3800,#3801,#3802);
#3800 = CARTESIAN_POINT('',(-4.041258546407E-02,-1.,0.));
#3801 = DIRECTION('',(-1.224646799147E-16,-1.,0.));
#3802 = DIRECTION('',(-1.,1.224646799147E-16,0.));
#3803 = ADVANCED_FACE('',(#3804),#3829,.T.);
#3804 = FACE_BOUND('',#3805,.T.);
#3805 = EDGE_LOOP('',(#3806,#3814,#3815,#3823));
#3806 = ORIENTED_EDGE('',*,*,#3807,.T.);
#3807 = EDGE_CURVE('',#3808,#3768,#3810,.T.);
#3808 = VERTEX_POINT('',#3809);
#3809 = CARTESIAN_POINT('',(-4.041258546407E-02,1.,0.));
#3810 = LINE('',#3811,#3812);
#3811 = CARTESIAN_POINT('',(-4.041258546407E-02,1.,0.));
#3812 = VECTOR('',#3813,1.);
#3813 = DIRECTION('',(-1.224646799147E-16,-1.,0.));
#3814 = ORIENTED_EDGE('',*,*,#3793,.T.);
#3815 = ORIENTED_EDGE('',*,*,#3816,.F.);
#3816 = EDGE_CURVE('',#3817,#3786,#3819,.T.);
#3817 = VERTEX_POINT('',#3818);
#3818 = CARTESIAN_POINT('',(-4.041258546407E-02,1.,-1.E-03));
#3819 = LINE('',#3820,#3821);
#3820 = CARTESIAN_POINT('',(-4.041258546407E-02,1.,-1.E-03));
#3821 = VECTOR('',#3822,1.);
#3822 = DIRECTION('',(-1.224646799147E-16,-1.,0.));
#3823 = ORIENTED_EDGE('',*,*,#3824,.F.);
#3824 = EDGE_CURVE('',#3808,#3817,#3825,.T.);
#3825 = LINE('',#3826,#3827);
#3826 = CARTESIAN_POINT('',(-4.041258546407E-02,1.,0.));
#3827 = VECTOR('',#3828,1.);
#3828 = DIRECTION('',(0.,0.,-1.));
#3829 = PLANE('',#3830);
#3830 = AXIS2_PLACEMENT_3D('',#3831,#3832,#3833);
#3831 = CARTESIAN_POINT('',(-4.041258546407E-02,1.,0.));
#3832 = DIRECTION('',(1.,-1.224646799147E-16,0.));
#3833 = DIRECTION('',(-1.224646799147E-16,-1.,0.));
#3834 = ADVANCED_FACE('',(#3835),#3860,.T.);
#3835 = FACE_BOUND('',#3836,.T.);
#3836 = EDGE_LOOP('',(#3837,#3845,#3846,#3854));
#3837 = ORIENTED_EDGE('',*,*,#3838,.T.);
#3838 = EDGE_CURVE('',#3839,#3808,#3841,.T.);
#3839 = VERTEX_POINT('',#3840);
#3840 = CARTESIAN_POINT('',(-0.491910265772,1.,0.));
#3841 = LINE('',#3842,#3843);
#3842 = CARTESIAN_POINT('',(-0.491910265772,1.,0.));
#3843 = VECTOR('',#3844,1.);
#3844 = DIRECTION('',(1.,-1.224646799147E-16,0.));
#3845 = ORIENTED_EDGE('',*,*,#3824,.T.);
#3846 = ORIENTED_EDGE('',*,*,#3847,.F.);
#3847 = EDGE_CURVE('',#3848,#3817,#3850,.T.);
#3848 = VERTEX_POINT('',#3849);
#3849 = CARTESIAN_POINT('',(-0.491910265772,1.,-1.E-03));
#3850 = LINE('',#3851,#3852);
#3851 = CARTESIAN_POINT('',(-0.491910265772,1.,-1.E-03));
#3852 = VECTOR('',#3853,1.);
#3853 = DIRECTION('',(1.,-1.224646799147E-16,0.));
#3854 = ORIENTED_EDGE('',*,*,#3855,.F.);
#3855 = EDGE_CURVE('',#3839,#3848,#3856,.T.);
#3856 = LINE('',#3857,#3858);
#3857 = CARTESIAN_POINT('',(-0.491910265772,1.,0.));
#3858 = VECTOR('',#3859,1.);
#3859 = DIRECTION('',(0.,0.,-1.));
#3860 = PLANE('',#3861);
#3861 = AXIS2_PLACEMENT_3D('',#3862,#3863,#3864);
#3862 = CARTESIAN_POINT('',(-0.491910265772,1.,0.));
#3863 = DIRECTION('',(1.224646799147E-16,1.,0.));
#3864 = DIRECTION('',(1.,-1.224646799147E-16,0.));
#3865 = ADVANCED_FACE('',(#3866),#3882,.T.);
#3866 = FACE_BOUND('',#3867,.T.);
#3867 = EDGE_LOOP('',(#3868,#3874,#3875,#3881));
#3868 = ORIENTED_EDGE('',*,*,#3869,.T.);
#3869 = EDGE_CURVE('',#3770,#3839,#3870,.T.);
#3870 = LINE('',#3871,#3872);
#3871 = CARTESIAN_POINT('',(-0.491910265772,-1.,0.));
#3872 = VECTOR('',#3873,1.);
#3873 = DIRECTION('',(1.224646799147E-16,1.,0.));
#3874 = ORIENTED_EDGE('',*,*,#3855,.T.);
#3875 = ORIENTED_EDGE('',*,*,#3876,.F.);
#3876 = EDGE_CURVE('',#3778,#3848,#3877,.T.);
#3877 = LINE('',#3878,#3879);
#3878 = CARTESIAN_POINT('',(-0.491910265772,-1.,-1.E-03));
#3879 = VECTOR('',#3880,1.);
#3880 = DIRECTION('',(1.224646799147E-16,1.,0.));
#3881 = ORIENTED_EDGE('',*,*,#3777,.F.);
#3882 = PLANE('',#3883);
#3883 = AXIS2_PLACEMENT_3D('',#3884,#3885,#3886);
#3884 = CARTESIAN_POINT('',(-0.491910265772,-1.,0.));
#3885 = DIRECTION('',(-1.,1.224646799147E-16,0.));
#3886 = DIRECTION('',(1.224646799147E-16,1.,0.));
#3887 = ADVANCED_FACE('',(#3888),#3894,.T.);
#3888 = FACE_BOUND('',#3889,.T.);
#3889 = EDGE_LOOP('',(#3890,#3891,#3892,#3893));
#3890 = ORIENTED_EDGE('',*,*,#3876,.T.);
#3891 = ORIENTED_EDGE('',*,*,#3847,.T.);
#3892 = ORIENTED_EDGE('',*,*,#3816,.T.);
#3893 = ORIENTED_EDGE('',*,*,#3785,.T.);
#3894 = PLANE('',#3895);
#3895 = AXIS2_PLACEMENT_3D('',#3896,#3897,#3898);
#3896 = CARTESIAN_POINT('',(-0.266161425618,3.259537379396E-17,-1.E-03)
  );
#3897 = DIRECTION('',(0.,0.,-1.));
#3898 = DIRECTION('',(1.,-1.224646799147E-16,0.));
#3899 = ADVANCED_FACE('',(#3900),#3906,.F.);
#3900 = FACE_BOUND('',#3901,.T.);
#3901 = EDGE_LOOP('',(#3902,#3903,#3904,#3905));
#3902 = ORIENTED_EDGE('',*,*,#3869,.F.);
#3903 = ORIENTED_EDGE('',*,*,#3767,.F.);
#3904 = ORIENTED_EDGE('',*,*,#3807,.F.);
#3905 = ORIENTED_EDGE('',*,*,#3838,.F.);
#3906 = PLANE('',#3907);
#3907 = AXIS2_PLACEMENT_3D('',#3908,#3909,#3910);
#3908 = CARTESIAN_POINT('',(-0.266161425618,3.259537379396E-17,0.));
#3909 = DIRECTION('',(0.,0.,-1.));
#3910 = DIRECTION('',(-1.,1.224646799147E-16,0.));
#3911 = ( GEOMETRIC_REPRESENTATION_CONTEXT(3) 
GLOBAL_UNCERTAINTY_ASSIGNED_CONTEXT((#3915)) 
GLOBAL_UNIT_ASSIGNED_CONTEXT((#3912,#3913,#3914)) REPRESENTATION_CONTEXT
('Context #1','3D Context with UNIT and UNCERTAINTY') );
#3912 = ( LENGTH_UNIT() NAMED_UNIT(*) SI_UNIT(.MILLI.,.METRE.) );
#3913 = ( NAMED_UNIT(*) PLANE_ANGLE_UNIT() SI_UNIT($,.RADIAN.) );
#3914 = ( NAMED_UNIT(*) SI_UNIT($,.STERADIAN.) SOLID_ANGLE_UNIT() );
#3915 = UNCERTAINTY_MEASURE_WITH_UNIT(LENGTH_MEASURE(1.E-07),#3912,
  'distance_accuracy_value','confusion accuracy');
#3916 = CONTEXT_DEPENDENT_SHAPE_REPRESENTATION(#3917,#3919);
#3917 = ( REPRESENTATION_RELATIONSHIP('','',#1024,#1001) 
REPRESENTATION_RELATIONSHIP_WITH_TRANSFORMATION(#3918) 
SHAPE_REPRESENTATION_RELATIONSHIP() );
#3918 = ITEM_DEFINED_TRANSFORMATION('','',#11,#1002);
#3919 = PRODUCT_DEFINITION_SHAPE('Placement','Placement of an item',
  #3920);
#3920 = NEXT_ASSEMBLY_USAGE_OCCURRENCE('4','=>[0:1:1:5]','',#996,#1019,$
  );
#3921 = PRODUCT_RELATED_PRODUCT_CATEGORY('part',$,(#1021));
#3922 = CONTEXT_DEPENDENT_SHAPE_REPRESENTATION(#3923,#3925);
#3923 = ( REPRESENTATION_RELATIONSHIP('','',#100,#10) 
REPRESENTATION_RELATIONSHIP_WITH_TRANSFORMATION(#3924) 
SHAPE_REPRESENTATION_RELATIONSHIP() );
#3924 = ITEM_DEFINED_TRANSFORMATION('','',#11,#27);
#3925 = PRODUCT_DEFINITION_SHAPE('Placement','Placement of an item',
  #3926);
#3926 = NEXT_ASSEMBLY_USAGE_OCCURRENCE('6','C7','',#5,#95,$);
#3927 = CONTEXT_DEPENDENT_SHAPE_REPRESENTATION(#3928,#3930);
#3928 = ( REPRESENTATION_RELATIONSHIP('','',#1001,#10) 
REPRESENTATION_RELATIONSHIP_WITH_TRANSFORMATION(#3929) 
SHAPE_REPRESENTATION_RELATIONSHIP() );
#3929 = ITEM_DEFINED_TRANSFORMATION('','',#11,#31);
#3930 = PRODUCT_DEFINITION_SHAPE('Placement','Placement of an item',
  #3931);
#3931 = NEXT_ASSEMBLY_USAGE_OCCURRENCE('7','D6','',#5,#996,$);
#3932 = CONTEXT_DEPENDENT_SHAPE_REPRESENTATION(#3933,#3935);
#3933 = ( REPRESENTATION_RELATIONSHIP('','',#1001,#10) 
REPRESENTATION_RELATIONSHIP_WITH_TRANSFORMATION(#3934) 
SHAPE_REPRESENTATION_RELATIONSHIP() );
#3934 = ITEM_DEFINED_TRANSFORMATION('','',#11,#35);
#3935 = PRODUCT_DEFINITION_SHAPE('Placement','Placement of an item',
  #3936);
#3936 = NEXT_ASSEMBLY_USAGE_OCCURRENCE('8','D3','',#5,#996,$);
#3937 = CONTEXT_DEPENDENT_SHAPE_REPRESENTATION(#3938,#3940);
#3938 = ( REPRESENTATION_RELATIONSHIP('','',#100,#10) 
REPRESENTATION_RELATIONSHIP_WITH_TRANSFORMATION(#3939) 
SHAPE_REPRESENTATION_RELATIONSHIP() );
#3939 = ITEM_DEFINED_TRANSFORMATION('','',#11,#39);
#3940 = PRODUCT_DEFINITION_SHAPE('Placement','Placement of an item',
  #3941);
#3941 = NEXT_ASSEMBLY_USAGE_OCCURRENCE('9','C6','',#5,#95,$);
#3942 = CONTEXT_DEPENDENT_SHAPE_REPRESENTATION(#3943,#3945);
#3943 = ( REPRESENTATION_RELATIONSHIP('','',#100,#10) 
REPRESENTATION_RELATIONSHIP_WITH_TRANSFORMATION(#3944) 
SHAPE_REPRESENTATION_RELATIONSHIP() );
#3944 = ITEM_DEFINED_TRANSFORMATION('','',#11,#43);
#3945 = PRODUCT_DEFINITION_SHAPE('Placement','Placement of an item',
  #3946);
#3946 = NEXT_ASSEMBLY_USAGE_OCCURRENCE('10','C5','',#5,#95,$);
#3947 = CONTEXT_DEPENDENT_SHAPE_REPRESENTATION(#3948,#3950);
#3948 = ( REPRESENTATION_RELATIONSHIP('','',#1001,#10) 
REPRESENTATION_RELATIONSHIP_WITH_TRANSFORMATION(#3949) 
SHAPE_REPRESENTATION_RELATIONSHIP() );
#3949 = ITEM_DEFINED_TRANSFORMATION('','',#11,#47);
#3950 = PRODUCT_DEFINITION_SHAPE('Placement','Placement of an item',
  #3951);
#3951 = NEXT_ASSEMBLY_USAGE_OCCURRENCE('11','D1','',#5,#996,$);
#3952 = CONTEXT_DEPENDENT_SHAPE_REPRESENTATION(#3953,#3955);
#3953 = ( REPRESENTATION_RELATIONSHIP('','',#100,#10) 
REPRESENTATION_RELATIONSHIP_WITH_TRANSFORMATION(#3954) 
SHAPE_REPRESENTATION_RELATIONSHIP() );
#3954 = ITEM_DEFINED_TRANSFORMATION('','',#11,#51);
#3955 = PRODUCT_DEFINITION_SHAPE('Placement','Placement of an item',
  #3956);
#3956 = NEXT_ASSEMBLY_USAGE_OCCURRENCE('12','C3','',#5,#95,$);
#3957 = CONTEXT_DEPENDENT_SHAPE_REPRESENTATION(#3958,#3960);
#3958 = ( REPRESENTATION_RELATIONSHIP('','',#100,#10) 
REPRESENTATION_RELATIONSHIP_WITH_TRANSFORMATION(#3959) 
SHAPE_REPRESENTATION_RELATIONSHIP() );
#3959 = ITEM_DEFINED_TRANSFORMATION('','',#11,#55);
#3960 = PRODUCT_DEFINITION_SHAPE('Placement','Placement of an item',
  #3961);
#3961 = NEXT_ASSEMBLY_USAGE_OCCURRENCE('13','C1','',#5,#95,$);
#3962 = CONTEXT_DEPENDENT_SHAPE_REPRESENTATION(#3963,#3965);
#3963 = ( REPRESENTATION_RELATIONSHIP('','',#1001,#10) 
REPRESENTATION_RELATIONSHIP_WITH_TRANSFORMATION(#3964) 
SHAPE_REPRESENTATION_RELATIONSHIP() );
#3964 = ITEM_DEFINED_TRANSFORMATION('','',#11,#59);
#3965 = PRODUCT_DEFINITION_SHAPE('Placement','Placement of an item',
  #3966);
#3966 = NEXT_ASSEMBLY_USAGE_OCCURRENCE('14','D7','',#5,#996,$);
#3967 = CONTEXT_DEPENDENT_SHAPE_REPRESENTATION(#3968,#3970);
#3968 = ( REPRESENTATION_RELATIONSHIP('','',#1001,#10) 
REPRESENTATION_RELATIONSHIP_WITH_TRANSFORMATION(#3969) 
SHAPE_REPRESENTATION_RELATIONSHIP() );
#3969 = ITEM_DEFINED_TRANSFORMATION('','',#11,#63);
#3970 = PRODUCT_DEFINITION_SHAPE('Placement','Placement of an item',
  #3971);
#3971 = NEXT_ASSEMBLY_USAGE_OCCURRENCE('15','D4','',#5,#996,$);
#3972 = CONTEXT_DEPENDENT_SHAPE_REPRESENTATION(#3973,#3975);
#3973 = ( REPRESENTATION_RELATIONSHIP('','',#1001,#10) 
REPRESENTATION_RELATIONSHIP_WITH_TRANSFORMATION(#3974) 
SHAPE_REPRESENTATION_RELATIONSHIP() );
#3974 = ITEM_DEFINED_TRANSFORMATION('','',#11,#67);
#3975 = PRODUCT_DEFINITION_SHAPE('Placement','Placement of an item',
  #3976);
#3976 = NEXT_ASSEMBLY_USAGE_OCCURRENCE('16','D2','',#5,#996,$);
#3977 = SHAPE_DEFINITION_REPRESENTATION(#3978,#3984);
#3978 = PRODUCT_DEFINITION_SHAPE('','',#3979);
#3979 = PRODUCT_DEFINITION('design','',#3980,#3983);
#3980 = PRODUCT_DEFINITION_FORMATION('','',#3981);
#3981 = PRODUCT('JST_SH_BM05B-SRSS-TB_1x05-1MP_P1.00mm_Vertical',
  'JST_SH_BM05B-SRSS-TB_1x05-1MP_P1.00mm_Vertical','',(#3982));
#3982 = PRODUCT_CONTEXT('',#2,'mechanical');
#3983 = PRODUCT_DEFINITION_CONTEXT('part definition',#2,'design');
#3984 = SHAPE_REPRESENTATION('',(#11,#3985),#3989);
#3985 = AXIS2_PLACEMENT_3D('',#3986,#3987,#3988);
#3986 = CARTESIAN_POINT('',(0.,0.,0.));
#3987 = DIRECTION('',(0.,0.,1.));
#3988 = DIRECTION('',(1.,0.,-0.));
#3989 = ( GEOMETRIC_REPRESENTATION_CONTEXT(3) 
GLOBAL_UNCERTAINTY_ASSIGNED_CONTEXT((#3993)) 
GLOBAL_UNIT_ASSIGNED_CONTEXT((#3990,#3991,#3992)) REPRESENTATION_CONTEXT
('Context #1','3D Context with UNIT and UNCERTAINTY') );
#3990 = ( LENGTH_UNIT() NAMED_UNIT(*) SI_UNIT(.MILLI.,.METRE.) );
#3991 = ( NAMED_UNIT(*) PLANE_ANGLE_UNIT() SI_UNIT($,.RADIAN.) );
#3992 = ( NAMED_UNIT(*) SI_UNIT($,.STERADIAN.) SOLID_ANGLE_UNIT() );
#3993 = UNCERTAINTY_MEASURE_WITH_UNIT(LENGTH_MEASURE(1.E-07),#3990,
  'distance_accuracy_value','confusion accuracy');
#3994 = CONTEXT_DEPENDENT_SHAPE_REPRESENTATION(#3995,#3997);
#3995 = ( REPRESENTATION_RELATIONSHIP('','',#3984,#10) 
REPRESENTATION_RELATIONSHIP_WITH_TRANSFORMATION(#3996) 
SHAPE_REPRESENTATION_RELATIONSHIP() );
#3996 = ITEM_DEFINED_TRANSFORMATION('','',#11,#71);
#3997 = PRODUCT_DEFINITION_SHAPE('Placement','Placement of an item',
  #3998);
#3998 = NEXT_ASSEMBLY_USAGE_OCCURRENCE('18','J1','',#5,#3979,$);
#3999 = PRODUCT_RELATED_PRODUCT_CATEGORY('part',$,(#3981));
#4000 = SHAPE_DEFINITION_REPRESENTATION(#4001,#4007);
#4001 = PRODUCT_DEFINITION_SHAPE('','',#4002);
#4002 = PRODUCT_DEFINITION('design','',#4003,#4006);
#4003 = PRODUCT_DEFINITION_FORMATION('','',#4004);
#4004 = PRODUCT('JST_SH_BM05B-SRSS-TB_1x05-1MP_P1.00mm_Vertical',
  'JST_SH_BM05B-SRSS-TB_1x05-1MP_P1.00mm_Vertical','',(#4005));
#4005 = PRODUCT_CONTEXT('',#2,'mechanical');
#4006 = PRODUCT_DEFINITION_CONTEXT('part definition',#2,'design');
#4007 = ADVANCED_BREP_SHAPE_REPRESENTATION('',(#11,#4008),#7248);
#4008 = MANIFOLD_SOLID_BREP('',#4009);
#4009 = CLOSED_SHELL('',(#4010,#4114,#4337,#4361,#4385,#4409,#4433,#4578
    ,#4650,#4682,#4706,#4730,#4754,#4925,#4997,#5021,#5054,#5068,#5108,
    #5132,#5165,#5205,#5229,#5262,#5302,#5326,#5359,#5399,#5423,#5456,
    #5496,#5520,#5553,#5570,#5624,#5648,#5672,#5689,#5713,#5760,#5784,
    #5808,#5825,#5842,#5865,#5904,#5929,#5945,#5984,#6001,#6028,#6052,
    #6069,#6093,#6117,#6141,#6158,#6175,#6192,#6209,#6226,#6243,#6255,
    #6279,#6296,#6313,#6325,#6342,#6354,#6371,#6383,#6400,#6412,#6429,
    #6441,#6453,#6635,#6647,#6664,#6681,#6696,#6708,#6739,#6763,#6787,
    #6804,#6835,#6859,#6883,#6900,#6931,#6955,#6979,#6996,#7027,#7051,
    #7075,#7092,#7123,#7147,#7171,#7188,#7200,#7212,#7224,#7236));
#4010 = ADVANCED_FACE('',(#4011),#4109,.F.);
#4011 = FACE_BOUND('',#4012,.F.);
#4012 = EDGE_LOOP('',(#4013,#4023,#4031,#4039,#4047,#4055,#4063,#4071,
    #4079,#4087,#4095,#4103));
#4013 = ORIENTED_EDGE('',*,*,#4014,.F.);
#4014 = EDGE_CURVE('',#4015,#4017,#4019,.T.);
#4015 = VERTEX_POINT('',#4016);
#4016 = CARTESIAN_POINT('',(-3.5,-1.1,7.E-02));
#4017 = VERTEX_POINT('',#4018);
#4018 = CARTESIAN_POINT('',(-3.5,-1.1,2.82));
#4019 = LINE('',#4020,#4021);
#4020 = CARTESIAN_POINT('',(-3.5,-1.1,7.E-02));
#4021 = VECTOR('',#4022,1.);
#4022 = DIRECTION('',(0.,0.,1.));
#4023 = ORIENTED_EDGE('',*,*,#4024,.T.);
#4024 = EDGE_CURVE('',#4015,#4025,#4027,.T.);
#4025 = VERTEX_POINT('',#4026);
#4026 = CARTESIAN_POINT('',(-3.5,0.3,7.E-02));
#4027 = LINE('',#4028,#4029);
#4028 = CARTESIAN_POINT('',(-3.5,-1.1,7.E-02));
#4029 = VECTOR('',#4030,1.);
#4030 = DIRECTION('',(0.,1.,0.));
#4031 = ORIENTED_EDGE('',*,*,#4032,.T.);
#4032 = EDGE_CURVE('',#4025,#4033,#4035,.T.);
#4033 = VERTEX_POINT('',#4034);
#4034 = CARTESIAN_POINT('',(-3.5,0.3,0.62));
#4035 = LINE('',#4036,#4037);
#4036 = CARTESIAN_POINT('',(-3.5,0.3,7.E-02));
#4037 = VECTOR('',#4038,1.);
#4038 = DIRECTION('',(0.,0.,1.));
#4039 = ORIENTED_EDGE('',*,*,#4040,.T.);
#4040 = EDGE_CURVE('',#4033,#4041,#4043,.T.);
#4041 = VERTEX_POINT('',#4042);
#4042 = CARTESIAN_POINT('',(-3.5,1.3,0.62));
#4043 = LINE('',#4044,#4045);
#4044 = CARTESIAN_POINT('',(-3.5,0.3,0.62));
#4045 = VECTOR('',#4046,1.);
#4046 = DIRECTION('',(0.,1.,0.));
#4047 = ORIENTED_EDGE('',*,*,#4048,.T.);
#4048 = EDGE_CURVE('',#4041,#4049,#4051,.T.);
#4049 = VERTEX_POINT('',#4050);
#4050 = CARTESIAN_POINT('',(-3.5,1.3,1.27));
#4051 = LINE('',#4052,#4053);
#4052 = CARTESIAN_POINT('',(-3.5,1.3,0.62));
#4053 = VECTOR('',#4054,1.);
#4054 = DIRECTION('',(0.,0.,1.));
#4055 = ORIENTED_EDGE('',*,*,#4056,.T.);
#4056 = EDGE_CURVE('',#4049,#4057,#4059,.T.);
#4057 = VERTEX_POINT('',#4058);
#4058 = CARTESIAN_POINT('',(-3.5,1.8,1.559));
#4059 = LINE('',#4060,#4061);
#4060 = CARTESIAN_POINT('',(-3.5,1.3,1.27));
#4061 = VECTOR('',#4062,1.);
#4062 = DIRECTION('',(0.,0.865781720524,0.500421834463));
#4063 = ORIENTED_EDGE('',*,*,#4064,.T.);
#4064 = EDGE_CURVE('',#4057,#4065,#4067,.T.);
#4065 = VERTEX_POINT('',#4066);
#4066 = CARTESIAN_POINT('',(-3.5,1.8,4.32));
#4067 = LINE('',#4068,#4069);
#4068 = CARTESIAN_POINT('',(-3.5,1.8,7.E-02));
#4069 = VECTOR('',#4070,1.);
#4070 = DIRECTION('',(0.,0.,1.));
#4071 = ORIENTED_EDGE('',*,*,#4072,.F.);
#4072 = EDGE_CURVE('',#4073,#4065,#4075,.T.);
#4073 = VERTEX_POINT('',#4074);
#4074 = CARTESIAN_POINT('',(-3.5,0.1,4.32));
#4075 = LINE('',#4076,#4077);
#4076 = CARTESIAN_POINT('',(-3.5,-1.1,4.32));
#4077 = VECTOR('',#4078,1.);
#4078 = DIRECTION('',(0.,1.,0.));
#4079 = ORIENTED_EDGE('',*,*,#4080,.T.);
#4080 = EDGE_CURVE('',#4073,#4081,#4083,.T.);
#4081 = VERTEX_POINT('',#4082);
#4082 = CARTESIAN_POINT('',(-3.5,0.1,3.82));
#4083 = LINE('',#4084,#4085);
#4084 = CARTESIAN_POINT('',(-3.5,0.1,4.32));
#4085 = VECTOR('',#4086,1.);
#4086 = DIRECTION('',(0.,0.,-1.));
#4087 = ORIENTED_EDGE('',*,*,#4088,.T.);
#4088 = EDGE_CURVE('',#4081,#4089,#4091,.T.);
#4089 = VERTEX_POINT('',#4090);
#4090 = CARTESIAN_POINT('',(-3.5,-0.55,3.82));
#4091 = LINE('',#4092,#4093);
#4092 = CARTESIAN_POINT('',(-3.5,0.1,3.82));
#4093 = VECTOR('',#4094,1.);
#4094 = DIRECTION('',(0.,-1.,0.));
#4095 = ORIENTED_EDGE('',*,*,#4096,.T.);
#4096 = EDGE_CURVE('',#4089,#4097,#4099,.T.);
#4097 = VERTEX_POINT('',#4098);
#4098 = CARTESIAN_POINT('',(-3.5,-0.55,2.82));
#4099 = LINE('',#4100,#4101);
#4100 = CARTESIAN_POINT('',(-3.5,-0.55,3.82));
#4101 = VECTOR('',#4102,1.);
#4102 = DIRECTION('',(0.,0.,-1.));
#4103 = ORIENTED_EDGE('',*,*,#4104,.T.);
#4104 = EDGE_CURVE('',#4097,#4017,#4105,.T.);
#4105 = LINE('',#4106,#4107);
#4106 = CARTESIAN_POINT('',(-3.5,-0.55,2.82));
#4107 = VECTOR('',#4108,1.);
#4108 = DIRECTION('',(0.,-1.,0.));
#4109 = PLANE('',#4110);
#4110 = AXIS2_PLACEMENT_3D('',#4111,#4112,#4113);
#4111 = CARTESIAN_POINT('',(-3.5,-1.1,7.E-02));
#4112 = DIRECTION('',(1.,0.,0.));
#4113 = DIRECTION('',(0.,0.,1.));
#4114 = ADVANCED_FACE('',(#4115),#4332,.F.);
#4115 = FACE_BOUND('',#4116,.F.);
#4116 = EDGE_LOOP('',(#4117,#4127,#4135,#4143,#4151,#4159,#4167,#4175,
    #4183,#4191,#4199,#4207,#4215,#4223,#4231,#4239,#4247,#4255,#4263,
    #4271,#4279,#4287,#4293,#4294,#4302,#4310,#4318,#4326));
#4117 = ORIENTED_EDGE('',*,*,#4118,.F.);
#4118 = EDGE_CURVE('',#4119,#4121,#4123,.T.);
#4119 = VERTEX_POINT('',#4120);
#4120 = CARTESIAN_POINT('',(3.5,-1.1,7.E-02));
#4121 = VERTEX_POINT('',#4122);
#4122 = CARTESIAN_POINT('',(3.5,-1.1,2.82));
#4123 = LINE('',#4124,#4125);
#4124 = CARTESIAN_POINT('',(3.5,-1.1,7.E-02));
#4125 = VECTOR('',#4126,1.);
#4126 = DIRECTION('',(0.,0.,1.));
#4127 = ORIENTED_EDGE('',*,*,#4128,.F.);
#4128 = EDGE_CURVE('',#4129,#4119,#4131,.T.);
#4129 = VERTEX_POINT('',#4130);
#4130 = CARTESIAN_POINT('',(2.1,-1.1,7.E-02));
#4131 = LINE('',#4132,#4133);
#4132 = CARTESIAN_POINT('',(-3.5,-1.1,7.E-02));
#4133 = VECTOR('',#4134,1.);
#4134 = DIRECTION('',(1.,0.,0.));
#4135 = ORIENTED_EDGE('',*,*,#4136,.F.);
#4136 = EDGE_CURVE('',#4137,#4129,#4139,.T.);
#4137 = VERTEX_POINT('',#4138);
#4138 = CARTESIAN_POINT('',(2.1,-1.1,0.2));
#4139 = LINE('',#4140,#4141);
#4140 = CARTESIAN_POINT('',(2.1,-1.1,0.2));
#4141 = VECTOR('',#4142,1.);
#4142 = DIRECTION('',(0.,0.,-1.));
#4143 = ORIENTED_EDGE('',*,*,#4144,.F.);
#4144 = EDGE_CURVE('',#4145,#4137,#4147,.T.);
#4145 = VERTEX_POINT('',#4146);
#4146 = CARTESIAN_POINT('',(1.9,-1.1,0.2));
#4147 = LINE('',#4148,#4149);
#4148 = CARTESIAN_POINT('',(1.9,-1.1,0.2));
#4149 = VECTOR('',#4150,1.);
#4150 = DIRECTION('',(1.,0.,0.));
#4151 = ORIENTED_EDGE('',*,*,#4152,.T.);
#4152 = EDGE_CURVE('',#4145,#4153,#4155,.T.);
#4153 = VERTEX_POINT('',#4154);
#4154 = CARTESIAN_POINT('',(1.9,-1.1,7.E-02));
#4155 = LINE('',#4156,#4157);
#4156 = CARTESIAN_POINT('',(1.9,-1.1,0.2));
#4157 = VECTOR('',#4158,1.);
#4158 = DIRECTION('',(0.,0.,-1.));
#4159 = ORIENTED_EDGE('',*,*,#4160,.F.);
#4160 = EDGE_CURVE('',#4161,#4153,#4163,.T.);
#4161 = VERTEX_POINT('',#4162);
#4162 = CARTESIAN_POINT('',(1.1,-1.1,7.E-02));
#4163 = LINE('',#4164,#4165);
#4164 = CARTESIAN_POINT('',(-3.5,-1.1,7.E-02));
#4165 = VECTOR('',#4166,1.);
#4166 = DIRECTION('',(1.,0.,0.));
#4167 = ORIENTED_EDGE('',*,*,#4168,.F.);
#4168 = EDGE_CURVE('',#4169,#4161,#4171,.T.);
#4169 = VERTEX_POINT('',#4170);
#4170 = CARTESIAN_POINT('',(1.1,-1.1,0.2));
#4171 = LINE('',#4172,#4173);
#4172 = CARTESIAN_POINT('',(1.1,-1.1,0.2));
#4173 = VECTOR('',#4174,1.);
#4174 = DIRECTION('',(0.,0.,-1.));
#4175 = ORIENTED_EDGE('',*,*,#4176,.F.);
#4176 = EDGE_CURVE('',#4177,#4169,#4179,.T.);
#4177 = VERTEX_POINT('',#4178);
#4178 = CARTESIAN_POINT('',(0.9,-1.1,0.2));
#4179 = LINE('',#4180,#4181);
#4180 = CARTESIAN_POINT('',(0.9,-1.1,0.2));
#4181 = VECTOR('',#4182,1.);
#4182 = DIRECTION('',(1.,0.,0.));
#4183 = ORIENTED_EDGE('',*,*,#4184,.T.);
#4184 = EDGE_CURVE('',#4177,#4185,#4187,.T.);
#4185 = VERTEX_POINT('',#4186);
#4186 = CARTESIAN_POINT('',(0.9,-1.1,7.E-02));
#4187 = LINE('',#4188,#4189);
#4188 = CARTESIAN_POINT('',(0.9,-1.1,0.2));
#4189 = VECTOR('',#4190,1.);
#4190 = DIRECTION('',(0.,0.,-1.));
#4191 = ORIENTED_EDGE('',*,*,#4192,.F.);
#4192 = EDGE_CURVE('',#4193,#4185,#4195,.T.);
#4193 = VERTEX_POINT('',#4194);
#4194 = CARTESIAN_POINT('',(0.1,-1.1,7.E-02));
#4195 = LINE('',#4196,#4197);
#4196 = CARTESIAN_POINT('',(-3.5,-1.1,7.E-02));
#4197 = VECTOR('',#4198,1.);
#4198 = DIRECTION('',(1.,0.,0.));
#4199 = ORIENTED_EDGE('',*,*,#4200,.F.);
#4200 = EDGE_CURVE('',#4201,#4193,#4203,.T.);
#4201 = VERTEX_POINT('',#4202);
#4202 = CARTESIAN_POINT('',(0.1,-1.1,0.2));
#4203 = LINE('',#4204,#4205);
#4204 = CARTESIAN_POINT('',(0.1,-1.1,0.2));
#4205 = VECTOR('',#4206,1.);
#4206 = DIRECTION('',(0.,0.,-1.));
#4207 = ORIENTED_EDGE('',*,*,#4208,.F.);
#4208 = EDGE_CURVE('',#4209,#4201,#4211,.T.);
#4209 = VERTEX_POINT('',#4210);
#4210 = CARTESIAN_POINT('',(-0.1,-1.1,0.2));
#4211 = LINE('',#4212,#4213);
#4212 = CARTESIAN_POINT('',(-0.1,-1.1,0.2));
#4213 = VECTOR('',#4214,1.);
#4214 = DIRECTION('',(1.,0.,0.));
#4215 = ORIENTED_EDGE('',*,*,#4216,.T.);
#4216 = EDGE_CURVE('',#4209,#4217,#4219,.T.);
#4217 = VERTEX_POINT('',#4218);
#4218 = CARTESIAN_POINT('',(-0.1,-1.1,7.E-02));
#4219 = LINE('',#4220,#4221);
#4220 = CARTESIAN_POINT('',(-0.1,-1.1,0.2));
#4221 = VECTOR('',#4222,1.);
#4222 = DIRECTION('',(0.,0.,-1.));
#4223 = ORIENTED_EDGE('',*,*,#4224,.F.);
#4224 = EDGE_CURVE('',#4225,#4217,#4227,.T.);
#4225 = VERTEX_POINT('',#4226);
#4226 = CARTESIAN_POINT('',(-0.9,-1.1,7.E-02));
#4227 = LINE('',#4228,#4229);
#4228 = CARTESIAN_POINT('',(-3.5,-1.1,7.E-02));
#4229 = VECTOR('',#4230,1.);
#4230 = DIRECTION('',(1.,0.,0.));
#4231 = ORIENTED_EDGE('',*,*,#4232,.F.);
#4232 = EDGE_CURVE('',#4233,#4225,#4235,.T.);
#4233 = VERTEX_POINT('',#4234);
#4234 = CARTESIAN_POINT('',(-0.9,-1.1,0.2));
#4235 = LINE('',#4236,#4237);
#4236 = CARTESIAN_POINT('',(-0.9,-1.1,0.2));
#4237 = VECTOR('',#4238,1.);
#4238 = DIRECTION('',(0.,0.,-1.));
#4239 = ORIENTED_EDGE('',*,*,#4240,.F.);
#4240 = EDGE_CURVE('',#4241,#4233,#4243,.T.);
#4241 = VERTEX_POINT('',#4242);
#4242 = CARTESIAN_POINT('',(-1.1,-1.1,0.2));
#4243 = LINE('',#4244,#4245);
#4244 = CARTESIAN_POINT('',(-1.1,-1.1,0.2));
#4245 = VECTOR('',#4246,1.);
#4246 = DIRECTION('',(1.,0.,0.));
#4247 = ORIENTED_EDGE('',*,*,#4248,.T.);
#4248 = EDGE_CURVE('',#4241,#4249,#4251,.T.);
#4249 = VERTEX_POINT('',#4250);
#4250 = CARTESIAN_POINT('',(-1.1,-1.1,7.E-02));
#4251 = LINE('',#4252,#4253);
#4252 = CARTESIAN_POINT('',(-1.1,-1.1,0.2));
#4253 = VECTOR('',#4254,1.);
#4254 = DIRECTION('',(0.,0.,-1.));
#4255 = ORIENTED_EDGE('',*,*,#4256,.F.);
#4256 = EDGE_CURVE('',#4257,#4249,#4259,.T.);
#4257 = VERTEX_POINT('',#4258);
#4258 = CARTESIAN_POINT('',(-1.9,-1.1,7.E-02));
#4259 = LINE('',#4260,#4261);
#4260 = CARTESIAN_POINT('',(-3.5,-1.1,7.E-02));
#4261 = VECTOR('',#4262,1.);
#4262 = DIRECTION('',(1.,0.,0.));
#4263 = ORIENTED_EDGE('',*,*,#4264,.F.);
#4264 = EDGE_CURVE('',#4265,#4257,#4267,.T.);
#4265 = VERTEX_POINT('',#4266);
#4266 = CARTESIAN_POINT('',(-1.9,-1.1,0.2));
#4267 = LINE('',#4268,#4269);
#4268 = CARTESIAN_POINT('',(-1.9,-1.1,0.2));
#4269 = VECTOR('',#4270,1.);
#4270 = DIRECTION('',(0.,0.,-1.));
#4271 = ORIENTED_EDGE('',*,*,#4272,.F.);
#4272 = EDGE_CURVE('',#4273,#4265,#4275,.T.);
#4273 = VERTEX_POINT('',#4274);
#4274 = CARTESIAN_POINT('',(-2.1,-1.1,0.2));
#4275 = LINE('',#4276,#4277);
#4276 = CARTESIAN_POINT('',(-2.1,-1.1,0.2));
#4277 = VECTOR('',#4278,1.);
#4278 = DIRECTION('',(1.,0.,0.));
#4279 = ORIENTED_EDGE('',*,*,#4280,.T.);
#4280 = EDGE_CURVE('',#4273,#4281,#4283,.T.);
#4281 = VERTEX_POINT('',#4282);
#4282 = CARTESIAN_POINT('',(-2.1,-1.1,7.E-02));
#4283 = LINE('',#4284,#4285);
#4284 = CARTESIAN_POINT('',(-2.1,-1.1,0.2));
#4285 = VECTOR('',#4286,1.);
#4286 = DIRECTION('',(0.,0.,-1.));
#4287 = ORIENTED_EDGE('',*,*,#4288,.F.);
#4288 = EDGE_CURVE('',#4015,#4281,#4289,.T.);
#4289 = LINE('',#4290,#4291);
#4290 = CARTESIAN_POINT('',(-3.5,-1.1,7.E-02));
#4291 = VECTOR('',#4292,1.);
#4292 = DIRECTION('',(1.,0.,0.));
#4293 = ORIENTED_EDGE('',*,*,#4014,.T.);
#4294 = ORIENTED_EDGE('',*,*,#4295,.T.);
#4295 = EDGE_CURVE('',#4017,#4296,#4298,.T.);
#4296 = VERTEX_POINT('',#4297);
#4297 = CARTESIAN_POINT('',(-3.,-1.1,2.82));
#4298 = LINE('',#4299,#4300);
#4299 = CARTESIAN_POINT('',(-3.5,-1.1,2.82));
#4300 = VECTOR('',#4301,1.);
#4301 = DIRECTION('',(1.,0.,0.));
#4302 = ORIENTED_EDGE('',*,*,#4303,.T.);
#4303 = EDGE_CURVE('',#4296,#4304,#4306,.T.);
#4304 = VERTEX_POINT('',#4305);
#4305 = CARTESIAN_POINT('',(-3.,-1.1,4.32));
#4306 = LINE('',#4307,#4308);
#4307 = CARTESIAN_POINT('',(-3.,-1.1,2.82));
#4308 = VECTOR('',#4309,1.);
#4309 = DIRECTION('',(0.,1.480297366167E-16,1.));
#4310 = ORIENTED_EDGE('',*,*,#4311,.T.);
#4311 = EDGE_CURVE('',#4304,#4312,#4314,.T.);
#4312 = VERTEX_POINT('',#4313);
#4313 = CARTESIAN_POINT('',(3.,-1.1,4.32));
#4314 = LINE('',#4315,#4316);
#4315 = CARTESIAN_POINT('',(-3.5,-1.1,4.32));
#4316 = VECTOR('',#4317,1.);
#4317 = DIRECTION('',(1.,0.,0.));
#4318 = ORIENTED_EDGE('',*,*,#4319,.F.);
#4319 = EDGE_CURVE('',#4320,#4312,#4322,.T.);
#4320 = VERTEX_POINT('',#4321);
#4321 = CARTESIAN_POINT('',(3.,-1.1,2.82));
#4322 = LINE('',#4323,#4324);
#4323 = CARTESIAN_POINT('',(3.,-1.1,2.82));
#4324 = VECTOR('',#4325,1.);
#4325 = DIRECTION('',(0.,1.480297366167E-16,1.));
#4326 = ORIENTED_EDGE('',*,*,#4327,.T.);
#4327 = EDGE_CURVE('',#4320,#4121,#4328,.T.);
#4328 = LINE('',#4329,#4330);
#4329 = CARTESIAN_POINT('',(3.,-1.1,2.82));
#4330 = VECTOR('',#4331,1.);
#4331 = DIRECTION('',(1.,0.,0.));
#4332 = PLANE('',#4333);
#4333 = AXIS2_PLACEMENT_3D('',#4334,#4335,#4336);
#4334 = CARTESIAN_POINT('',(-3.5,-1.1,7.E-02));
#4335 = DIRECTION('',(0.,1.,0.));
#4336 = DIRECTION('',(0.,-0.,1.));
#4337 = ADVANCED_FACE('',(#4338),#4356,.F.);
#4338 = FACE_BOUND('',#4339,.F.);
#4339 = EDGE_LOOP('',(#4340,#4348,#4354,#4355));
#4340 = ORIENTED_EDGE('',*,*,#4341,.T.);
#4341 = EDGE_CURVE('',#4097,#4342,#4344,.T.);
#4342 = VERTEX_POINT('',#4343);
#4343 = CARTESIAN_POINT('',(-3.,-0.55,2.82));
#4344 = LINE('',#4345,#4346);
#4345 = CARTESIAN_POINT('',(-3.5,-0.55,2.82));
#4346 = VECTOR('',#4347,1.);
#4347 = DIRECTION('',(1.,0.,0.));
#4348 = ORIENTED_EDGE('',*,*,#4349,.T.);
#4349 = EDGE_CURVE('',#4342,#4296,#4350,.T.);
#4350 = LINE('',#4351,#4352);
#4351 = CARTESIAN_POINT('',(-3.,-0.55,2.82));
#4352 = VECTOR('',#4353,1.);
#4353 = DIRECTION('',(0.,-1.,0.));
#4354 = ORIENTED_EDGE('',*,*,#4295,.F.);
#4355 = ORIENTED_EDGE('',*,*,#4104,.F.);
#4356 = PLANE('',#4357);
#4357 = AXIS2_PLACEMENT_3D('',#4358,#4359,#4360);
#4358 = CARTESIAN_POINT('',(-3.5,-0.55,2.82));
#4359 = DIRECTION('',(0.,0.,-1.));
#4360 = DIRECTION('',(0.,-1.,0.));
#4361 = ADVANCED_FACE('',(#4362),#4380,.F.);
#4362 = FACE_BOUND('',#4363,.F.);
#4363 = EDGE_LOOP('',(#4364,#4372,#4378,#4379));
#4364 = ORIENTED_EDGE('',*,*,#4365,.T.);
#4365 = EDGE_CURVE('',#4089,#4366,#4368,.T.);
#4366 = VERTEX_POINT('',#4367);
#4367 = CARTESIAN_POINT('',(-3.,-0.55,3.82));
#4368 = LINE('',#4369,#4370);
#4369 = CARTESIAN_POINT('',(-3.5,-0.55,3.82));
#4370 = VECTOR('',#4371,1.);
#4371 = DIRECTION('',(1.,0.,0.));
#4372 = ORIENTED_EDGE('',*,*,#4373,.T.);
#4373 = EDGE_CURVE('',#4366,#4342,#4374,.T.);
#4374 = LINE('',#4375,#4376);
#4375 = CARTESIAN_POINT('',(-3.,-0.55,3.82));
#4376 = VECTOR('',#4377,1.);
#4377 = DIRECTION('',(0.,0.,-1.));
#4378 = ORIENTED_EDGE('',*,*,#4341,.F.);
#4379 = ORIENTED_EDGE('',*,*,#4096,.F.);
#4380 = PLANE('',#4381);
#4381 = AXIS2_PLACEMENT_3D('',#4382,#4383,#4384);
#4382 = CARTESIAN_POINT('',(-3.5,-0.55,3.82));
#4383 = DIRECTION('',(0.,1.,0.));
#4384 = DIRECTION('',(0.,0.,-1.));
#4385 = ADVANCED_FACE('',(#4386),#4404,.F.);
#4386 = FACE_BOUND('',#4387,.F.);
#4387 = EDGE_LOOP('',(#4388,#4396,#4402,#4403));
#4388 = ORIENTED_EDGE('',*,*,#4389,.T.);
#4389 = EDGE_CURVE('',#4081,#4390,#4392,.T.);
#4390 = VERTEX_POINT('',#4391);
#4391 = CARTESIAN_POINT('',(-3.,0.1,3.82));
#4392 = LINE('',#4393,#4394);
#4393 = CARTESIAN_POINT('',(-3.5,0.1,3.82));
#4394 = VECTOR('',#4395,1.);
#4395 = DIRECTION('',(1.,0.,0.));
#4396 = ORIENTED_EDGE('',*,*,#4397,.T.);
#4397 = EDGE_CURVE('',#4390,#4366,#4398,.T.);
#4398 = LINE('',#4399,#4400);
#4399 = CARTESIAN_POINT('',(-3.,0.1,3.82));
#4400 = VECTOR('',#4401,1.);
#4401 = DIRECTION('',(0.,-1.,0.));
#4402 = ORIENTED_EDGE('',*,*,#4365,.F.);
#4403 = ORIENTED_EDGE('',*,*,#4088,.F.);
#4404 = PLANE('',#4405);
#4405 = AXIS2_PLACEMENT_3D('',#4406,#4407,#4408);
#4406 = CARTESIAN_POINT('',(-3.5,0.1,3.82));
#4407 = DIRECTION('',(0.,0.,-1.));
#4408 = DIRECTION('',(0.,-1.,0.));
#4409 = ADVANCED_FACE('',(#4410),#4428,.F.);
#4410 = FACE_BOUND('',#4411,.F.);
#4411 = EDGE_LOOP('',(#4412,#4420,#4426,#4427));
#4412 = ORIENTED_EDGE('',*,*,#4413,.T.);
#4413 = EDGE_CURVE('',#4073,#4414,#4416,.T.);
#4414 = VERTEX_POINT('',#4415);
#4415 = CARTESIAN_POINT('',(-3.,0.1,4.32));
#4416 = LINE('',#4417,#4418);
#4417 = CARTESIAN_POINT('',(-3.5,0.1,4.32));
#4418 = VECTOR('',#4419,1.);
#4419 = DIRECTION('',(1.,0.,0.));
#4420 = ORIENTED_EDGE('',*,*,#4421,.T.);
#4421 = EDGE_CURVE('',#4414,#4390,#4422,.T.);
#4422 = LINE('',#4423,#4424);
#4423 = CARTESIAN_POINT('',(-3.,0.1,4.32));
#4424 = VECTOR('',#4425,1.);
#4425 = DIRECTION('',(0.,0.,-1.));
#4426 = ORIENTED_EDGE('',*,*,#4389,.F.);
#4427 = ORIENTED_EDGE('',*,*,#4080,.F.);
#4428 = PLANE('',#4429);
#4429 = AXIS2_PLACEMENT_3D('',#4430,#4431,#4432);
#4430 = CARTESIAN_POINT('',(-3.5,0.1,4.32));
#4431 = DIRECTION('',(0.,1.,0.));
#4432 = DIRECTION('',(0.,0.,-1.));
#4433 = ADVANCED_FACE('',(#4434,#4475),#4573,.T.);
#4434 = FACE_BOUND('',#4435,.T.);
#4435 = EDGE_LOOP('',(#4436,#4437,#4438,#4444,#4445,#4453,#4461,#4469));
#4436 = ORIENTED_EDGE('',*,*,#4072,.F.);
#4437 = ORIENTED_EDGE('',*,*,#4413,.T.);
#4438 = ORIENTED_EDGE('',*,*,#4439,.F.);
#4439 = EDGE_CURVE('',#4304,#4414,#4440,.T.);
#4440 = LINE('',#4441,#4442);
#4441 = CARTESIAN_POINT('',(-3.,-1.1,4.32));
#4442 = VECTOR('',#4443,1.);
#4443 = DIRECTION('',(0.,1.,0.));
#4444 = ORIENTED_EDGE('',*,*,#4311,.T.);
#4445 = ORIENTED_EDGE('',*,*,#4446,.T.);
#4446 = EDGE_CURVE('',#4312,#4447,#4449,.T.);
#4447 = VERTEX_POINT('',#4448);
#4448 = CARTESIAN_POINT('',(3.,0.1,4.32));
#4449 = LINE('',#4450,#4451);
#4450 = CARTESIAN_POINT('',(3.,-1.1,4.32));
#4451 = VECTOR('',#4452,1.);
#4452 = DIRECTION('',(0.,1.,0.));
#4453 = ORIENTED_EDGE('',*,*,#4454,.T.);
#4454 = EDGE_CURVE('',#4447,#4455,#4457,.T.);
#4455 = VERTEX_POINT('',#4456);
#4456 = CARTESIAN_POINT('',(3.5,0.1,4.32));
#4457 = LINE('',#4458,#4459);
#4458 = CARTESIAN_POINT('',(3.,0.1,4.32));
#4459 = VECTOR('',#4460,1.);
#4460 = DIRECTION('',(1.,0.,0.));
#4461 = ORIENTED_EDGE('',*,*,#4462,.T.);
#4462 = EDGE_CURVE('',#4455,#4463,#4465,.T.);
#4463 = VERTEX_POINT('',#4464);
#4464 = CARTESIAN_POINT('',(3.5,1.8,4.32));
#4465 = LINE('',#4466,#4467);
#4466 = CARTESIAN_POINT('',(3.5,-1.1,4.32));
#4467 = VECTOR('',#4468,1.);
#4468 = DIRECTION('',(0.,1.,0.));
#4469 = ORIENTED_EDGE('',*,*,#4470,.F.);
#4470 = EDGE_CURVE('',#4065,#4463,#4471,.T.);
#4471 = LINE('',#4472,#4473);
#4472 = CARTESIAN_POINT('',(-3.5,1.8,4.32));
#4473 = VECTOR('',#4474,1.);
#4474 = DIRECTION('',(1.,0.,0.));
#4475 = FACE_BOUND('',#4476,.T.);
#4476 = EDGE_LOOP('',(#4477,#4487,#4495,#4503,#4511,#4519,#4527,#4535,
    #4543,#4551,#4559,#4567));
#4477 = ORIENTED_EDGE('',*,*,#4478,.F.);
#4478 = EDGE_CURVE('',#4479,#4481,#4483,.T.);
#4479 = VERTEX_POINT('',#4480);
#4480 = CARTESIAN_POINT('',(2.7,-0.7,4.32));
#4481 = VERTEX_POINT('',#4482);
#4482 = CARTESIAN_POINT('',(2.7,0.3,4.32));
#4483 = LINE('',#4484,#4485);
#4484 = CARTESIAN_POINT('',(2.7,-0.7,4.32));
#4485 = VECTOR('',#4486,1.);
#4486 = DIRECTION('',(0.,1.,0.));
#4487 = ORIENTED_EDGE('',*,*,#4488,.F.);
#4488 = EDGE_CURVE('',#4489,#4479,#4491,.T.);
#4489 = VERTEX_POINT('',#4490);
#4490 = CARTESIAN_POINT('',(-2.7,-0.7,4.32));
#4491 = LINE('',#4492,#4493);
#4492 = CARTESIAN_POINT('',(-2.7,-0.7,4.32));
#4493 = VECTOR('',#4494,1.);
#4494 = DIRECTION('',(1.,0.,0.));
#4495 = ORIENTED_EDGE('',*,*,#4496,.F.);
#4496 = EDGE_CURVE('',#4497,#4489,#4499,.T.);
#4497 = VERTEX_POINT('',#4498);
#4498 = CARTESIAN_POINT('',(-2.7,0.3,4.32));
#4499 = LINE('',#4500,#4501);
#4500 = CARTESIAN_POINT('',(-2.7,1.4,4.32));
#4501 = VECTOR('',#4502,1.);
#4502 = DIRECTION('',(0.,-1.,0.));
#4503 = ORIENTED_EDGE('',*,*,#4504,.F.);
#4504 = EDGE_CURVE('',#4505,#4497,#4507,.T.);
#4505 = VERTEX_POINT('',#4506);
#4506 = CARTESIAN_POINT('',(-3.05,0.3,4.32));
#4507 = LINE('',#4508,#4509);
#4508 = CARTESIAN_POINT('',(-3.05,0.3,4.32));
#4509 = VECTOR('',#4510,1.);
#4510 = DIRECTION('',(1.,0.,0.));
#4511 = ORIENTED_EDGE('',*,*,#4512,.F.);
#4512 = EDGE_CURVE('',#4513,#4505,#4515,.T.);
#4513 = VERTEX_POINT('',#4514);
#4514 = CARTESIAN_POINT('',(-3.05,0.9,4.32));
#4515 = LINE('',#4516,#4517);
#4516 = CARTESIAN_POINT('',(-3.05,0.9,4.32));
#4517 = VECTOR('',#4518,1.);
#4518 = DIRECTION('',(0.,-1.,0.));
#4519 = ORIENTED_EDGE('',*,*,#4520,.F.);
#4520 = EDGE_CURVE('',#4521,#4513,#4523,.T.);
#4521 = VERTEX_POINT('',#4522);
#4522 = CARTESIAN_POINT('',(-2.7,0.9,4.32));
#4523 = LINE('',#4524,#4525);
#4524 = CARTESIAN_POINT('',(3.05,0.9,4.32));
#4525 = VECTOR('',#4526,1.);
#4526 = DIRECTION('',(-1.,0.,0.));
#4527 = ORIENTED_EDGE('',*,*,#4528,.F.);
#4528 = EDGE_CURVE('',#4529,#4521,#4531,.T.);
#4529 = VERTEX_POINT('',#4530);
#4530 = CARTESIAN_POINT('',(-2.7,1.4,4.32));
#4531 = LINE('',#4532,#4533);
#4532 = CARTESIAN_POINT('',(-2.7,1.4,4.32));
#4533 = VECTOR('',#4534,1.);
#4534 = DIRECTION('',(0.,-1.,0.));
#4535 = ORIENTED_EDGE('',*,*,#4536,.F.);
#4536 = EDGE_CURVE('',#4537,#4529,#4539,.T.);
#4537 = VERTEX_POINT('',#4538);
#4538 = CARTESIAN_POINT('',(2.7,1.4,4.32));
#4539 = LINE('',#4540,#4541);
#4540 = CARTESIAN_POINT('',(2.7,1.4,4.32));
#4541 = VECTOR('',#4542,1.);
#4542 = DIRECTION('',(-1.,0.,0.));
#4543 = ORIENTED_EDGE('',*,*,#4544,.F.);
#4544 = EDGE_CURVE('',#4545,#4537,#4547,.T.);
#4545 = VERTEX_POINT('',#4546);
#4546 = CARTESIAN_POINT('',(2.7,0.9,4.32));
#4547 = LINE('',#4548,#4549);
#4548 = CARTESIAN_POINT('',(2.7,-0.7,4.32));
#4549 = VECTOR('',#4550,1.);
#4550 = DIRECTION('',(0.,1.,0.));
#4551 = ORIENTED_EDGE('',*,*,#4552,.F.);
#4552 = EDGE_CURVE('',#4553,#4545,#4555,.T.);
#4553 = VERTEX_POINT('',#4554);
#4554 = CARTESIAN_POINT('',(3.05,0.9,4.32));
#4555 = LINE('',#4556,#4557);
#4556 = CARTESIAN_POINT('',(3.05,0.9,4.32));
#4557 = VECTOR('',#4558,1.);
#4558 = DIRECTION('',(-1.,0.,0.));
#4559 = ORIENTED_EDGE('',*,*,#4560,.F.);
#4560 = EDGE_CURVE('',#4561,#4553,#4563,.T.);
#4561 = VERTEX_POINT('',#4562);
#4562 = CARTESIAN_POINT('',(3.05,0.3,4.32));
#4563 = LINE('',#4564,#4565);
#4564 = CARTESIAN_POINT('',(3.05,0.3,4.32));
#4565 = VECTOR('',#4566,1.);
#4566 = DIRECTION('',(0.,1.,0.));
#4567 = ORIENTED_EDGE('',*,*,#4568,.F.);
#4568 = EDGE_CURVE('',#4481,#4561,#4569,.T.);
#4569 = LINE('',#4570,#4571);
#4570 = CARTESIAN_POINT('',(-3.05,0.3,4.32));
#4571 = VECTOR('',#4572,1.);
#4572 = DIRECTION('',(1.,0.,0.));
#4573 = PLANE('',#4574);
#4574 = AXIS2_PLACEMENT_3D('',#4575,#4576,#4577);
#4575 = CARTESIAN_POINT('',(-3.5,-1.1,4.32));
#4576 = DIRECTION('',(0.,0.,1.));
#4577 = DIRECTION('',(1.,0.,-0.));
#4578 = ADVANCED_FACE('',(#4579),#4645,.T.);
#4579 = FACE_BOUND('',#4580,.T.);
#4580 = EDGE_LOOP('',(#4581,#4591,#4599,#4607,#4613,#4614,#4615,#4623,
    #4631,#4639));
#4581 = ORIENTED_EDGE('',*,*,#4582,.F.);
#4582 = EDGE_CURVE('',#4583,#4585,#4587,.T.);
#4583 = VERTEX_POINT('',#4584);
#4584 = CARTESIAN_POINT('',(-3.,1.8,7.E-02));
#4585 = VERTEX_POINT('',#4586);
#4586 = CARTESIAN_POINT('',(3.,1.8,7.E-02));
#4587 = LINE('',#4588,#4589);
#4588 = CARTESIAN_POINT('',(-3.5,1.8,7.E-02));
#4589 = VECTOR('',#4590,1.);
#4590 = DIRECTION('',(1.,0.,0.));
#4591 = ORIENTED_EDGE('',*,*,#4592,.F.);
#4592 = EDGE_CURVE('',#4593,#4583,#4595,.T.);
#4593 = VERTEX_POINT('',#4594);
#4594 = CARTESIAN_POINT('',(-3.,1.8,1.27));
#4595 = LINE('',#4596,#4597);
#4596 = CARTESIAN_POINT('',(-3.,1.8,1.559));
#4597 = VECTOR('',#4598,1.);
#4598 = DIRECTION('',(0.,0.,-1.));
#4599 = ORIENTED_EDGE('',*,*,#4600,.F.);
#4600 = EDGE_CURVE('',#4601,#4593,#4603,.T.);
#4601 = VERTEX_POINT('',#4602);
#4602 = CARTESIAN_POINT('',(-3.,1.8,1.559));
#4603 = LINE('',#4604,#4605);
#4604 = CARTESIAN_POINT('',(-3.,1.8,1.559));
#4605 = VECTOR('',#4606,1.);
#4606 = DIRECTION('',(0.,0.,-1.));
#4607 = ORIENTED_EDGE('',*,*,#4608,.F.);
#4608 = EDGE_CURVE('',#4057,#4601,#4609,.T.);
#4609 = LINE('',#4610,#4611);
#4610 = CARTESIAN_POINT('',(-3.5,1.8,1.559));
#4611 = VECTOR('',#4612,1.);
#4612 = DIRECTION('',(1.,0.,0.));
#4613 = ORIENTED_EDGE('',*,*,#4064,.T.);
#4614 = ORIENTED_EDGE('',*,*,#4470,.T.);
#4615 = ORIENTED_EDGE('',*,*,#4616,.F.);
#4616 = EDGE_CURVE('',#4617,#4463,#4619,.T.);
#4617 = VERTEX_POINT('',#4618);
#4618 = CARTESIAN_POINT('',(3.5,1.8,1.559));
#4619 = LINE('',#4620,#4621);
#4620 = CARTESIAN_POINT('',(3.5,1.8,7.E-02));
#4621 = VECTOR('',#4622,1.);
#4622 = DIRECTION('',(0.,0.,1.));
#4623 = ORIENTED_EDGE('',*,*,#4624,.F.);
#4624 = EDGE_CURVE('',#4625,#4617,#4627,.T.);
#4625 = VERTEX_POINT('',#4626);
#4626 = CARTESIAN_POINT('',(3.,1.8,1.559));
#4627 = LINE('',#4628,#4629);
#4628 = CARTESIAN_POINT('',(3.,1.8,1.559));
#4629 = VECTOR('',#4630,1.);
#4630 = DIRECTION('',(1.,0.,0.));
#4631 = ORIENTED_EDGE('',*,*,#4632,.T.);
#4632 = EDGE_CURVE('',#4625,#4633,#4635,.T.);
#4633 = VERTEX_POINT('',#4634);
#4634 = CARTESIAN_POINT('',(3.,1.8,1.27));
#4635 = LINE('',#4636,#4637);
#4636 = CARTESIAN_POINT('',(3.,1.8,1.559));
#4637 = VECTOR('',#4638,1.);
#4638 = DIRECTION('',(0.,0.,-1.));
#4639 = ORIENTED_EDGE('',*,*,#4640,.T.);
#4640 = EDGE_CURVE('',#4633,#4585,#4641,.T.);
#4641 = LINE('',#4642,#4643);
#4642 = CARTESIAN_POINT('',(3.,1.8,1.559));
#4643 = VECTOR('',#4644,1.);
#4644 = DIRECTION('',(0.,0.,-1.));
#4645 = PLANE('',#4646);
#4646 = AXIS2_PLACEMENT_3D('',#4647,#4648,#4649);
#4647 = CARTESIAN_POINT('',(-3.5,1.8,7.E-02));
#4648 = DIRECTION('',(0.,1.,0.));
#4649 = DIRECTION('',(0.,-0.,1.));
#4650 = ADVANCED_FACE('',(#4651),#4677,.F.);
#4651 = FACE_BOUND('',#4652,.F.);
#4652 = EDGE_LOOP('',(#4653,#4661,#4669,#4675,#4676));
#4653 = ORIENTED_EDGE('',*,*,#4654,.T.);
#4654 = EDGE_CURVE('',#4049,#4655,#4657,.T.);
#4655 = VERTEX_POINT('',#4656);
#4656 = CARTESIAN_POINT('',(-3.2,1.3,1.27));
#4657 = LINE('',#4658,#4659);
#4658 = CARTESIAN_POINT('',(-3.5,1.3,1.27));
#4659 = VECTOR('',#4660,1.);
#4660 = DIRECTION('',(1.,0.,0.));
#4661 = ORIENTED_EDGE('',*,*,#4662,.T.);
#4662 = EDGE_CURVE('',#4655,#4663,#4665,.T.);
#4663 = VERTEX_POINT('',#4664);
#4664 = CARTESIAN_POINT('',(-3.,1.3,1.27));
#4665 = LINE('',#4666,#4667);
#4666 = CARTESIAN_POINT('',(-3.5,1.3,1.27));
#4667 = VECTOR('',#4668,1.);
#4668 = DIRECTION('',(1.,0.,0.));
#4669 = ORIENTED_EDGE('',*,*,#4670,.T.);
#4670 = EDGE_CURVE('',#4663,#4601,#4671,.T.);
#4671 = LINE('',#4672,#4673);
#4672 = CARTESIAN_POINT('',(-3.,1.3,1.27));
#4673 = VECTOR('',#4674,1.);
#4674 = DIRECTION('',(0.,0.865781720524,0.500421834463));
#4675 = ORIENTED_EDGE('',*,*,#4608,.F.);
#4676 = ORIENTED_EDGE('',*,*,#4056,.F.);
#4677 = PLANE('',#4678);
#4678 = AXIS2_PLACEMENT_3D('',#4679,#4680,#4681);
#4679 = CARTESIAN_POINT('',(-3.5,1.3,1.27));
#4680 = DIRECTION('',(0.,-0.500421834463,0.865781720524));
#4681 = DIRECTION('',(0.,0.865781720524,0.500421834463));
#4682 = ADVANCED_FACE('',(#4683),#4701,.F.);
#4683 = FACE_BOUND('',#4684,.F.);
#4684 = EDGE_LOOP('',(#4685,#4686,#4694,#4700));
#4685 = ORIENTED_EDGE('',*,*,#4048,.F.);
#4686 = ORIENTED_EDGE('',*,*,#4687,.T.);
#4687 = EDGE_CURVE('',#4041,#4688,#4690,.T.);
#4688 = VERTEX_POINT('',#4689);
#4689 = CARTESIAN_POINT('',(-3.2,1.3,0.62));
#4690 = LINE('',#4691,#4692);
#4691 = CARTESIAN_POINT('',(-3.5,1.3,0.62));
#4692 = VECTOR('',#4693,1.);
#4693 = DIRECTION('',(1.,0.,0.));
#4694 = ORIENTED_EDGE('',*,*,#4695,.T.);
#4695 = EDGE_CURVE('',#4688,#4655,#4696,.T.);
#4696 = LINE('',#4697,#4698);
#4697 = CARTESIAN_POINT('',(-3.2,1.3,0.62));
#4698 = VECTOR('',#4699,1.);
#4699 = DIRECTION('',(0.,0.,1.));
#4700 = ORIENTED_EDGE('',*,*,#4654,.F.);
#4701 = PLANE('',#4702);
#4702 = AXIS2_PLACEMENT_3D('',#4703,#4704,#4705);
#4703 = CARTESIAN_POINT('',(-3.5,1.3,0.62));
#4704 = DIRECTION('',(0.,-1.,0.));
#4705 = DIRECTION('',(0.,0.,1.));
#4706 = ADVANCED_FACE('',(#4707),#4725,.F.);
#4707 = FACE_BOUND('',#4708,.F.);
#4708 = EDGE_LOOP('',(#4709,#4710,#4718,#4724));
#4709 = ORIENTED_EDGE('',*,*,#4040,.F.);
#4710 = ORIENTED_EDGE('',*,*,#4711,.T.);
#4711 = EDGE_CURVE('',#4033,#4712,#4714,.T.);
#4712 = VERTEX_POINT('',#4713);
#4713 = CARTESIAN_POINT('',(-3.2,0.3,0.62));
#4714 = LINE('',#4715,#4716);
#4715 = CARTESIAN_POINT('',(-3.5,0.3,0.62));
#4716 = VECTOR('',#4717,1.);
#4717 = DIRECTION('',(1.,0.,0.));
#4718 = ORIENTED_EDGE('',*,*,#4719,.T.);
#4719 = EDGE_CURVE('',#4712,#4688,#4720,.T.);
#4720 = LINE('',#4721,#4722);
#4721 = CARTESIAN_POINT('',(-3.2,0.3,0.62));
#4722 = VECTOR('',#4723,1.);
#4723 = DIRECTION('',(0.,1.,0.));
#4724 = ORIENTED_EDGE('',*,*,#4687,.F.);
#4725 = PLANE('',#4726);
#4726 = AXIS2_PLACEMENT_3D('',#4727,#4728,#4729);
#4727 = CARTESIAN_POINT('',(-3.5,0.3,0.62));
#4728 = DIRECTION('',(0.,0.,1.));
#4729 = DIRECTION('',(0.,1.,0.));
#4730 = ADVANCED_FACE('',(#4731),#4749,.F.);
#4731 = FACE_BOUND('',#4732,.F.);
#4732 = EDGE_LOOP('',(#4733,#4734,#4742,#4748));
#4733 = ORIENTED_EDGE('',*,*,#4032,.F.);
#4734 = ORIENTED_EDGE('',*,*,#4735,.T.);
#4735 = EDGE_CURVE('',#4025,#4736,#4738,.T.);
#4736 = VERTEX_POINT('',#4737);
#4737 = CARTESIAN_POINT('',(-3.2,0.3,7.E-02));
#4738 = LINE('',#4739,#4740);
#4739 = CARTESIAN_POINT('',(-3.5,0.3,7.E-02));
#4740 = VECTOR('',#4741,1.);
#4741 = DIRECTION('',(1.,0.,0.));
#4742 = ORIENTED_EDGE('',*,*,#4743,.T.);
#4743 = EDGE_CURVE('',#4736,#4712,#4744,.T.);
#4744 = LINE('',#4745,#4746);
#4745 = CARTESIAN_POINT('',(-3.2,0.3,2.E-02));
#4746 = VECTOR('',#4747,1.);
#4747 = DIRECTION('',(0.,0.,1.));
#4748 = ORIENTED_EDGE('',*,*,#4711,.F.);
#4749 = PLANE('',#4750);
#4750 = AXIS2_PLACEMENT_3D('',#4751,#4752,#4753);
#4751 = CARTESIAN_POINT('',(-3.5,0.3,7.E-02));
#4752 = DIRECTION('',(0.,-1.,0.));
#4753 = DIRECTION('',(0.,0.,1.));
#4754 = ADVANCED_FACE('',(#4755),#4920,.F.);
#4755 = FACE_BOUND('',#4756,.F.);
#4756 = EDGE_LOOP('',(#4757,#4758,#4759,#4767,#4775,#4781,#4782,#4790,
    #4798,#4804,#4805,#4813,#4821,#4827,#4828,#4836,#4844,#4850,#4851,
    #4859,#4867,#4873,#4874,#4882,#4890,#4898,#4904,#4905,#4913,#4919));
#4757 = ORIENTED_EDGE('',*,*,#4024,.F.);
#4758 = ORIENTED_EDGE('',*,*,#4288,.T.);
#4759 = ORIENTED_EDGE('',*,*,#4760,.T.);
#4760 = EDGE_CURVE('',#4281,#4761,#4763,.T.);
#4761 = VERTEX_POINT('',#4762);
#4762 = CARTESIAN_POINT('',(-2.1,-1.,7.E-02));
#4763 = LINE('',#4764,#4765);
#4764 = CARTESIAN_POINT('',(-2.1,-1.1,7.E-02));
#4765 = VECTOR('',#4766,1.);
#4766 = DIRECTION('',(0.,1.,0.));
#4767 = ORIENTED_EDGE('',*,*,#4768,.T.);
#4768 = EDGE_CURVE('',#4761,#4769,#4771,.T.);
#4769 = VERTEX_POINT('',#4770);
#4770 = CARTESIAN_POINT('',(-1.9,-1.,7.E-02));
#4771 = LINE('',#4772,#4773);
#4772 = CARTESIAN_POINT('',(-2.1,-1.,7.E-02));
#4773 = VECTOR('',#4774,1.);
#4774 = DIRECTION('',(1.,0.,0.));
#4775 = ORIENTED_EDGE('',*,*,#4776,.F.);
#4776 = EDGE_CURVE('',#4257,#4769,#4777,.T.);
#4777 = LINE('',#4778,#4779);
#4778 = CARTESIAN_POINT('',(-1.9,-1.1,7.E-02));
#4779 = VECTOR('',#4780,1.);
#4780 = DIRECTION('',(0.,1.,0.));
#4781 = ORIENTED_EDGE('',*,*,#4256,.T.);
#4782 = ORIENTED_EDGE('',*,*,#4783,.T.);
#4783 = EDGE_CURVE('',#4249,#4784,#4786,.T.);
#4784 = VERTEX_POINT('',#4785);
#4785 = CARTESIAN_POINT('',(-1.1,-1.,7.E-02));
#4786 = LINE('',#4787,#4788);
#4787 = CARTESIAN_POINT('',(-1.1,-1.1,7.E-02));
#4788 = VECTOR('',#4789,1.);
#4789 = DIRECTION('',(0.,1.,0.));
#4790 = ORIENTED_EDGE('',*,*,#4791,.T.);
#4791 = EDGE_CURVE('',#4784,#4792,#4794,.T.);
#4792 = VERTEX_POINT('',#4793);
#4793 = CARTESIAN_POINT('',(-0.9,-1.,7.E-02));
#4794 = LINE('',#4795,#4796);
#4795 = CARTESIAN_POINT('',(-1.1,-1.,7.E-02));
#4796 = VECTOR('',#4797,1.);
#4797 = DIRECTION('',(1.,0.,0.));
#4798 = ORIENTED_EDGE('',*,*,#4799,.F.);
#4799 = EDGE_CURVE('',#4225,#4792,#4800,.T.);
#4800 = LINE('',#4801,#4802);
#4801 = CARTESIAN_POINT('',(-0.9,-1.1,7.E-02));
#4802 = VECTOR('',#4803,1.);
#4803 = DIRECTION('',(0.,1.,0.));
#4804 = ORIENTED_EDGE('',*,*,#4224,.T.);
#4805 = ORIENTED_EDGE('',*,*,#4806,.T.);
#4806 = EDGE_CURVE('',#4217,#4807,#4809,.T.);
#4807 = VERTEX_POINT('',#4808);
#4808 = CARTESIAN_POINT('',(-0.1,-1.,7.E-02));
#4809 = LINE('',#4810,#4811);
#4810 = CARTESIAN_POINT('',(-0.1,-1.1,7.E-02));
#4811 = VECTOR('',#4812,1.);
#4812 = DIRECTION('',(0.,1.,0.));
#4813 = ORIENTED_EDGE('',*,*,#4814,.T.);
#4814 = EDGE_CURVE('',#4807,#4815,#4817,.T.);
#4815 = VERTEX_POINT('',#4816);
#4816 = CARTESIAN_POINT('',(0.1,-1.,7.E-02));
#4817 = LINE('',#4818,#4819);
#4818 = CARTESIAN_POINT('',(-0.1,-1.,7.E-02));
#4819 = VECTOR('',#4820,1.);
#4820 = DIRECTION('',(1.,0.,0.));
#4821 = ORIENTED_EDGE('',*,*,#4822,.F.);
#4822 = EDGE_CURVE('',#4193,#4815,#4823,.T.);
#4823 = LINE('',#4824,#4825);
#4824 = CARTESIAN_POINT('',(0.1,-1.1,7.E-02));
#4825 = VECTOR('',#4826,1.);
#4826 = DIRECTION('',(0.,1.,0.));
#4827 = ORIENTED_EDGE('',*,*,#4192,.T.);
#4828 = ORIENTED_EDGE('',*,*,#4829,.T.);
#4829 = EDGE_CURVE('',#4185,#4830,#4832,.T.);
#4830 = VERTEX_POINT('',#4831);
#4831 = CARTESIAN_POINT('',(0.9,-1.,7.E-02));
#4832 = LINE('',#4833,#4834);
#4833 = CARTESIAN_POINT('',(0.9,-1.1,7.E-02));
#4834 = VECTOR('',#4835,1.);
#4835 = DIRECTION('',(0.,1.,0.));
#4836 = ORIENTED_EDGE('',*,*,#4837,.T.);
#4837 = EDGE_CURVE('',#4830,#4838,#4840,.T.);
#4838 = VERTEX_POINT('',#4839);
#4839 = CARTESIAN_POINT('',(1.1,-1.,7.E-02));
#4840 = LINE('',#4841,#4842);
#4841 = CARTESIAN_POINT('',(0.9,-1.,7.E-02));
#4842 = VECTOR('',#4843,1.);
#4843 = DIRECTION('',(1.,0.,0.));
#4844 = ORIENTED_EDGE('',*,*,#4845,.F.);
#4845 = EDGE_CURVE('',#4161,#4838,#4846,.T.);
#4846 = LINE('',#4847,#4848);
#4847 = CARTESIAN_POINT('',(1.1,-1.1,7.E-02));
#4848 = VECTOR('',#4849,1.);
#4849 = DIRECTION('',(0.,1.,0.));
#4850 = ORIENTED_EDGE('',*,*,#4160,.T.);
#4851 = ORIENTED_EDGE('',*,*,#4852,.T.);
#4852 = EDGE_CURVE('',#4153,#4853,#4855,.T.);
#4853 = VERTEX_POINT('',#4854);
#4854 = CARTESIAN_POINT('',(1.9,-1.,7.E-02));
#4855 = LINE('',#4856,#4857);
#4856 = CARTESIAN_POINT('',(1.9,-1.1,7.E-02));
#4857 = VECTOR('',#4858,1.);
#4858 = DIRECTION('',(0.,1.,0.));
#4859 = ORIENTED_EDGE('',*,*,#4860,.T.);
#4860 = EDGE_CURVE('',#4853,#4861,#4863,.T.);
#4861 = VERTEX_POINT('',#4862);
#4862 = CARTESIAN_POINT('',(2.1,-1.,7.E-02));
#4863 = LINE('',#4864,#4865);
#4864 = CARTESIAN_POINT('',(1.9,-1.,7.E-02));
#4865 = VECTOR('',#4866,1.);
#4866 = DIRECTION('',(1.,0.,0.));
#4867 = ORIENTED_EDGE('',*,*,#4868,.F.);
#4868 = EDGE_CURVE('',#4129,#4861,#4869,.T.);
#4869 = LINE('',#4870,#4871);
#4870 = CARTESIAN_POINT('',(2.1,-1.1,7.E-02));
#4871 = VECTOR('',#4872,1.);
#4872 = DIRECTION('',(0.,1.,0.));
#4873 = ORIENTED_EDGE('',*,*,#4128,.T.);
#4874 = ORIENTED_EDGE('',*,*,#4875,.T.);
#4875 = EDGE_CURVE('',#4119,#4876,#4878,.T.);
#4876 = VERTEX_POINT('',#4877);
#4877 = CARTESIAN_POINT('',(3.5,0.3,7.E-02));
#4878 = LINE('',#4879,#4880);
#4879 = CARTESIAN_POINT('',(3.5,-1.1,7.E-02));
#4880 = VECTOR('',#4881,1.);
#4881 = DIRECTION('',(0.,1.,0.));
#4882 = ORIENTED_EDGE('',*,*,#4883,.F.);
#4883 = EDGE_CURVE('',#4884,#4876,#4886,.T.);
#4884 = VERTEX_POINT('',#4885);
#4885 = CARTESIAN_POINT('',(3.2,0.3,7.E-02));
#4886 = LINE('',#4887,#4888);
#4887 = CARTESIAN_POINT('',(3.,0.3,7.E-02));
#4888 = VECTOR('',#4889,1.);
#4889 = DIRECTION('',(1.,0.,0.));
#4890 = ORIENTED_EDGE('',*,*,#4891,.F.);
#4891 = EDGE_CURVE('',#4892,#4884,#4894,.T.);
#4892 = VERTEX_POINT('',#4893);
#4893 = CARTESIAN_POINT('',(3.,0.3,7.E-02));
#4894 = LINE('',#4895,#4896);
#4895 = CARTESIAN_POINT('',(3.,0.3,7.E-02));
#4896 = VECTOR('',#4897,1.);
#4897 = DIRECTION('',(1.,0.,0.));
#4898 = ORIENTED_EDGE('',*,*,#4899,.F.);
#4899 = EDGE_CURVE('',#4585,#4892,#4900,.T.);
#4900 = LINE('',#4901,#4902);
#4901 = CARTESIAN_POINT('',(3.,1.8,7.E-02));
#4902 = VECTOR('',#4903,1.);
#4903 = DIRECTION('',(0.,-1.,0.));
#4904 = ORIENTED_EDGE('',*,*,#4582,.F.);
#4905 = ORIENTED_EDGE('',*,*,#4906,.T.);
#4906 = EDGE_CURVE('',#4583,#4907,#4909,.T.);
#4907 = VERTEX_POINT('',#4908);
#4908 = CARTESIAN_POINT('',(-3.,0.3,7.E-02));
#4909 = LINE('',#4910,#4911);
#4910 = CARTESIAN_POINT('',(-3.,1.8,7.E-02));
#4911 = VECTOR('',#4912,1.);
#4912 = DIRECTION('',(0.,-1.,0.));
#4913 = ORIENTED_EDGE('',*,*,#4914,.F.);
#4914 = EDGE_CURVE('',#4736,#4907,#4915,.T.);
#4915 = LINE('',#4916,#4917);
#4916 = CARTESIAN_POINT('',(-3.5,0.3,7.E-02));
#4917 = VECTOR('',#4918,1.);
#4918 = DIRECTION('',(1.,0.,0.));
#4919 = ORIENTED_EDGE('',*,*,#4735,.F.);
#4920 = PLANE('',#4921);
#4921 = AXIS2_PLACEMENT_3D('',#4922,#4923,#4924);
#4922 = CARTESIAN_POINT('',(-3.5,-1.1,7.E-02));
#4923 = DIRECTION('',(0.,0.,1.));
#4924 = DIRECTION('',(1.,0.,-0.));
#4925 = ADVANCED_FACE('',(#4926),#4992,.T.);
#4926 = FACE_BOUND('',#4927,.T.);
#4927 = EDGE_LOOP('',(#4928,#4929,#4930,#4938,#4946,#4954,#4960,#4961,
    #4962,#4970,#4978,#4986));
#4928 = ORIENTED_EDGE('',*,*,#4118,.F.);
#4929 = ORIENTED_EDGE('',*,*,#4875,.T.);
#4930 = ORIENTED_EDGE('',*,*,#4931,.T.);
#4931 = EDGE_CURVE('',#4876,#4932,#4934,.T.);
#4932 = VERTEX_POINT('',#4933);
#4933 = CARTESIAN_POINT('',(3.5,0.3,0.62));
#4934 = LINE('',#4935,#4936);
#4935 = CARTESIAN_POINT('',(3.5,0.3,7.E-02));
#4936 = VECTOR('',#4937,1.);
#4937 = DIRECTION('',(0.,0.,1.));
#4938 = ORIENTED_EDGE('',*,*,#4939,.T.);
#4939 = EDGE_CURVE('',#4932,#4940,#4942,.T.);
#4940 = VERTEX_POINT('',#4941);
#4941 = CARTESIAN_POINT('',(3.5,1.3,0.62));
#4942 = LINE('',#4943,#4944);
#4943 = CARTESIAN_POINT('',(3.5,0.3,0.62));
#4944 = VECTOR('',#4945,1.);
#4945 = DIRECTION('',(0.,1.,0.));
#4946 = ORIENTED_EDGE('',*,*,#4947,.T.);
#4947 = EDGE_CURVE('',#4940,#4948,#4950,.T.);
#4948 = VERTEX_POINT('',#4949);
#4949 = CARTESIAN_POINT('',(3.5,1.3,1.27));
#4950 = LINE('',#4951,#4952);
#4951 = CARTESIAN_POINT('',(3.5,1.3,0.62));
#4952 = VECTOR('',#4953,1.);
#4953 = DIRECTION('',(0.,0.,1.));
#4954 = ORIENTED_EDGE('',*,*,#4955,.T.);
#4955 = EDGE_CURVE('',#4948,#4617,#4956,.T.);
#4956 = LINE('',#4957,#4958);
#4957 = CARTESIAN_POINT('',(3.5,1.3,1.27));
#4958 = VECTOR('',#4959,1.);
#4959 = DIRECTION('',(0.,0.865781720524,0.500421834463));
#4960 = ORIENTED_EDGE('',*,*,#4616,.T.);
#4961 = ORIENTED_EDGE('',*,*,#4462,.F.);
#4962 = ORIENTED_EDGE('',*,*,#4963,.T.);
#4963 = EDGE_CURVE('',#4455,#4964,#4966,.T.);
#4964 = VERTEX_POINT('',#4965);
#4965 = CARTESIAN_POINT('',(3.5,0.1,3.82));
#4966 = LINE('',#4967,#4968);
#4967 = CARTESIAN_POINT('',(3.5,0.1,4.32));
#4968 = VECTOR('',#4969,1.);
#4969 = DIRECTION('',(0.,0.,-1.));
#4970 = ORIENTED_EDGE('',*,*,#4971,.T.);
#4971 = EDGE_CURVE('',#4964,#4972,#4974,.T.);
#4972 = VERTEX_POINT('',#4973);
#4973 = CARTESIAN_POINT('',(3.5,-0.55,3.82));
#4974 = LINE('',#4975,#4976);
#4975 = CARTESIAN_POINT('',(3.5,0.1,3.82));
#4976 = VECTOR('',#4977,1.);
#4977 = DIRECTION('',(0.,-1.,0.));
#4978 = ORIENTED_EDGE('',*,*,#4979,.T.);
#4979 = EDGE_CURVE('',#4972,#4980,#4982,.T.);
#4980 = VERTEX_POINT('',#4981);
#4981 = CARTESIAN_POINT('',(3.5,-0.55,2.82));
#4982 = LINE('',#4983,#4984);
#4983 = CARTESIAN_POINT('',(3.5,-0.55,3.82));
#4984 = VECTOR('',#4985,1.);
#4985 = DIRECTION('',(0.,0.,-1.));
#4986 = ORIENTED_EDGE('',*,*,#4987,.T.);
#4987 = EDGE_CURVE('',#4980,#4121,#4988,.T.);
#4988 = LINE('',#4989,#4990);
#4989 = CARTESIAN_POINT('',(3.5,-0.55,2.82));
#4990 = VECTOR('',#4991,1.);
#4991 = DIRECTION('',(0.,-1.,0.));
#4992 = PLANE('',#4993);
#4993 = AXIS2_PLACEMENT_3D('',#4994,#4995,#4996);
#4994 = CARTESIAN_POINT('',(3.5,-1.1,7.E-02));
#4995 = DIRECTION('',(1.,0.,0.));
#4996 = DIRECTION('',(0.,0.,1.));
#4997 = ADVANCED_FACE('',(#4998),#5016,.F.);
#4998 = FACE_BOUND('',#4999,.F.);
#4999 = EDGE_LOOP('',(#5000,#5008,#5009,#5010));
#5000 = ORIENTED_EDGE('',*,*,#5001,.T.);
#5001 = EDGE_CURVE('',#5002,#4980,#5004,.T.);
#5002 = VERTEX_POINT('',#5003);
#5003 = CARTESIAN_POINT('',(3.,-0.55,2.82));
#5004 = LINE('',#5005,#5006);
#5005 = CARTESIAN_POINT('',(3.,-0.55,2.82));
#5006 = VECTOR('',#5007,1.);
#5007 = DIRECTION('',(1.,0.,0.));
#5008 = ORIENTED_EDGE('',*,*,#4987,.T.);
#5009 = ORIENTED_EDGE('',*,*,#4327,.F.);
#5010 = ORIENTED_EDGE('',*,*,#5011,.F.);
#5011 = EDGE_CURVE('',#5002,#4320,#5012,.T.);
#5012 = LINE('',#5013,#5014);
#5013 = CARTESIAN_POINT('',(3.,-0.55,2.82));
#5014 = VECTOR('',#5015,1.);
#5015 = DIRECTION('',(0.,-1.,0.));
#5016 = PLANE('',#5017);
#5017 = AXIS2_PLACEMENT_3D('',#5018,#5019,#5020);
#5018 = CARTESIAN_POINT('',(3.,-0.55,2.82));
#5019 = DIRECTION('',(0.,0.,-1.));
#5020 = DIRECTION('',(0.,-1.,0.));
#5021 = ADVANCED_FACE('',(#5022),#5049,.F.);
#5022 = FACE_BOUND('',#5023,.F.);
#5023 = EDGE_LOOP('',(#5024,#5025,#5033,#5041,#5047,#5048));
#5024 = ORIENTED_EDGE('',*,*,#4446,.T.);
#5025 = ORIENTED_EDGE('',*,*,#5026,.T.);
#5026 = EDGE_CURVE('',#4447,#5027,#5029,.T.);
#5027 = VERTEX_POINT('',#5028);
#5028 = CARTESIAN_POINT('',(3.,0.1,3.82));
#5029 = LINE('',#5030,#5031);
#5030 = CARTESIAN_POINT('',(3.,0.1,4.32));
#5031 = VECTOR('',#5032,1.);
#5032 = DIRECTION('',(0.,0.,-1.));
#5033 = ORIENTED_EDGE('',*,*,#5034,.T.);
#5034 = EDGE_CURVE('',#5027,#5035,#5037,.T.);
#5035 = VERTEX_POINT('',#5036);
#5036 = CARTESIAN_POINT('',(3.,-0.55,3.82));
#5037 = LINE('',#5038,#5039);
#5038 = CARTESIAN_POINT('',(3.,0.1,3.82));
#5039 = VECTOR('',#5040,1.);
#5040 = DIRECTION('',(0.,-1.,0.));
#5041 = ORIENTED_EDGE('',*,*,#5042,.T.);
#5042 = EDGE_CURVE('',#5035,#5002,#5043,.T.);
#5043 = LINE('',#5044,#5045);
#5044 = CARTESIAN_POINT('',(3.,-0.55,3.82));
#5045 = VECTOR('',#5046,1.);
#5046 = DIRECTION('',(0.,0.,-1.));
#5047 = ORIENTED_EDGE('',*,*,#5011,.T.);
#5048 = ORIENTED_EDGE('',*,*,#4319,.T.);
#5049 = PLANE('',#5050);
#5050 = AXIS2_PLACEMENT_3D('',#5051,#5052,#5053);
#5051 = CARTESIAN_POINT('',(3.,-0.62037037037,3.69037037037));
#5052 = DIRECTION('',(-1.,-0.,-0.));
#5053 = DIRECTION('',(0.,0.,-1.));
#5054 = ADVANCED_FACE('',(#5055),#5063,.T.);
#5055 = FACE_BOUND('',#5056,.T.);
#5056 = EDGE_LOOP('',(#5057,#5058,#5059,#5060,#5061,#5062));
#5057 = ORIENTED_EDGE('',*,*,#4439,.T.);
#5058 = ORIENTED_EDGE('',*,*,#4421,.T.);
#5059 = ORIENTED_EDGE('',*,*,#4397,.T.);
#5060 = ORIENTED_EDGE('',*,*,#4373,.T.);
#5061 = ORIENTED_EDGE('',*,*,#4349,.T.);
#5062 = ORIENTED_EDGE('',*,*,#4303,.T.);
#5063 = PLANE('',#5064);
#5064 = AXIS2_PLACEMENT_3D('',#5065,#5066,#5067);
#5065 = CARTESIAN_POINT('',(-3.,-0.62037037037,3.69037037037));
#5066 = DIRECTION('',(-1.,-0.,-0.));
#5067 = DIRECTION('',(0.,0.,-1.));
#5068 = ADVANCED_FACE('',(#5069),#5103,.T.);
#5069 = FACE_BOUND('',#5070,.T.);
#5070 = EDGE_LOOP('',(#5071,#5081,#5087,#5088,#5089,#5097));
#5071 = ORIENTED_EDGE('',*,*,#5072,.T.);
#5072 = EDGE_CURVE('',#5073,#5075,#5077,.T.);
#5073 = VERTEX_POINT('',#5074);
#5074 = CARTESIAN_POINT('',(-2.1,-1.8,0.));
#5075 = VERTEX_POINT('',#5076);
#5076 = CARTESIAN_POINT('',(-2.1,-1.8,0.2));
#5077 = LINE('',#5078,#5079);
#5078 = CARTESIAN_POINT('',(-2.1,-1.8,0.));
#5079 = VECTOR('',#5080,1.);
#5080 = DIRECTION('',(0.,0.,1.));
#5081 = ORIENTED_EDGE('',*,*,#5082,.T.);
#5082 = EDGE_CURVE('',#5075,#4273,#5083,.T.);
#5083 = LINE('',#5084,#5085);
#5084 = CARTESIAN_POINT('',(-2.1,-1.8,0.2));
#5085 = VECTOR('',#5086,1.);
#5086 = DIRECTION('',(0.,1.,0.));
#5087 = ORIENTED_EDGE('',*,*,#4280,.T.);
#5088 = ORIENTED_EDGE('',*,*,#4760,.T.);
#5089 = ORIENTED_EDGE('',*,*,#5090,.T.);
#5090 = EDGE_CURVE('',#4761,#5091,#5093,.T.);
#5091 = VERTEX_POINT('',#5092);
#5092 = CARTESIAN_POINT('',(-2.1,-1.,0.));
#5093 = LINE('',#5094,#5095);
#5094 = CARTESIAN_POINT('',(-2.1,-1.,7.E-02));
#5095 = VECTOR('',#5096,1.);
#5096 = DIRECTION('',(0.,0.,-1.));
#5097 = ORIENTED_EDGE('',*,*,#5098,.T.);
#5098 = EDGE_CURVE('',#5091,#5073,#5099,.T.);
#5099 = LINE('',#5100,#5101);
#5100 = CARTESIAN_POINT('',(-2.1,-1.,0.));
#5101 = VECTOR('',#5102,1.);
#5102 = DIRECTION('',(0.,-1.,0.));
#5103 = PLANE('',#5104);
#5104 = AXIS2_PLACEMENT_3D('',#5105,#5106,#5107);
#5105 = CARTESIAN_POINT('',(-2.1,-1.4065,9.35E-02));
#5106 = DIRECTION('',(-1.,-0.,-0.));
#5107 = DIRECTION('',(0.,0.,-1.));
#5108 = ADVANCED_FACE('',(#5109),#5127,.T.);
#5109 = FACE_BOUND('',#5110,.T.);
#5110 = EDGE_LOOP('',(#5111,#5119,#5125,#5126));
#5111 = ORIENTED_EDGE('',*,*,#5112,.T.);
#5112 = EDGE_CURVE('',#5075,#5113,#5115,.T.);
#5113 = VERTEX_POINT('',#5114);
#5114 = CARTESIAN_POINT('',(-1.9,-1.8,0.2));
#5115 = LINE('',#5116,#5117);
#5116 = CARTESIAN_POINT('',(-2.1,-1.8,0.2));
#5117 = VECTOR('',#5118,1.);
#5118 = DIRECTION('',(1.,0.,0.));
#5119 = ORIENTED_EDGE('',*,*,#5120,.T.);
#5120 = EDGE_CURVE('',#5113,#4265,#5121,.T.);
#5121 = LINE('',#5122,#5123);
#5122 = CARTESIAN_POINT('',(-1.9,-1.8,0.2));
#5123 = VECTOR('',#5124,1.);
#5124 = DIRECTION('',(0.,1.,0.));
#5125 = ORIENTED_EDGE('',*,*,#4272,.F.);
#5126 = ORIENTED_EDGE('',*,*,#5082,.F.);
#5127 = PLANE('',#5128);
#5128 = AXIS2_PLACEMENT_3D('',#5129,#5130,#5131);
#5129 = CARTESIAN_POINT('',(-2.1,-1.8,0.2));
#5130 = DIRECTION('',(0.,0.,1.));
#5131 = DIRECTION('',(0.,1.,0.));
#5132 = ADVANCED_FACE('',(#5133),#5160,.F.);
#5133 = FACE_BOUND('',#5134,.F.);
#5134 = EDGE_LOOP('',(#5135,#5143,#5144,#5145,#5146,#5154));
#5135 = ORIENTED_EDGE('',*,*,#5136,.T.);
#5136 = EDGE_CURVE('',#5137,#5113,#5139,.T.);
#5137 = VERTEX_POINT('',#5138);
#5138 = CARTESIAN_POINT('',(-1.9,-1.8,0.));
#5139 = LINE('',#5140,#5141);
#5140 = CARTESIAN_POINT('',(-1.9,-1.8,0.));
#5141 = VECTOR('',#5142,1.);
#5142 = DIRECTION('',(0.,0.,1.));
#5143 = ORIENTED_EDGE('',*,*,#5120,.T.);
#5144 = ORIENTED_EDGE('',*,*,#4264,.T.);
#5145 = ORIENTED_EDGE('',*,*,#4776,.T.);
#5146 = ORIENTED_EDGE('',*,*,#5147,.T.);
#5147 = EDGE_CURVE('',#4769,#5148,#5150,.T.);
#5148 = VERTEX_POINT('',#5149);
#5149 = CARTESIAN_POINT('',(-1.9,-1.,0.));
#5150 = LINE('',#5151,#5152);
#5151 = CARTESIAN_POINT('',(-1.9,-1.,7.E-02));
#5152 = VECTOR('',#5153,1.);
#5153 = DIRECTION('',(0.,0.,-1.));
#5154 = ORIENTED_EDGE('',*,*,#5155,.T.);
#5155 = EDGE_CURVE('',#5148,#5137,#5156,.T.);
#5156 = LINE('',#5157,#5158);
#5157 = CARTESIAN_POINT('',(-1.9,-1.,0.));
#5158 = VECTOR('',#5159,1.);
#5159 = DIRECTION('',(0.,-1.,0.));
#5160 = PLANE('',#5161);
#5161 = AXIS2_PLACEMENT_3D('',#5162,#5163,#5164);
#5162 = CARTESIAN_POINT('',(-1.9,-1.4065,9.35E-02));
#5163 = DIRECTION('',(-1.,-0.,-0.));
#5164 = DIRECTION('',(0.,0.,-1.));
#5165 = ADVANCED_FACE('',(#5166),#5200,.T.);
#5166 = FACE_BOUND('',#5167,.T.);
#5167 = EDGE_LOOP('',(#5168,#5178,#5184,#5185,#5186,#5194));
#5168 = ORIENTED_EDGE('',*,*,#5169,.T.);
#5169 = EDGE_CURVE('',#5170,#5172,#5174,.T.);
#5170 = VERTEX_POINT('',#5171);
#5171 = CARTESIAN_POINT('',(-1.1,-1.8,0.));
#5172 = VERTEX_POINT('',#5173);
#5173 = CARTESIAN_POINT('',(-1.1,-1.8,0.2));
#5174 = LINE('',#5175,#5176);
#5175 = CARTESIAN_POINT('',(-1.1,-1.8,0.));
#5176 = VECTOR('',#5177,1.);
#5177 = DIRECTION('',(0.,0.,1.));
#5178 = ORIENTED_EDGE('',*,*,#5179,.T.);
#5179 = EDGE_CURVE('',#5172,#4241,#5180,.T.);
#5180 = LINE('',#5181,#5182);
#5181 = CARTESIAN_POINT('',(-1.1,-1.8,0.2));
#5182 = VECTOR('',#5183,1.);
#5183 = DIRECTION('',(0.,1.,0.));
#5184 = ORIENTED_EDGE('',*,*,#4248,.T.);
#5185 = ORIENTED_EDGE('',*,*,#4783,.T.);
#5186 = ORIENTED_EDGE('',*,*,#5187,.T.);
#5187 = EDGE_CURVE('',#4784,#5188,#5190,.T.);
#5188 = VERTEX_POINT('',#5189);
#5189 = CARTESIAN_POINT('',(-1.1,-1.,0.));
#5190 = LINE('',#5191,#5192);
#5191 = CARTESIAN_POINT('',(-1.1,-1.,7.E-02));
#5192 = VECTOR('',#5193,1.);
#5193 = DIRECTION('',(0.,0.,-1.));
#5194 = ORIENTED_EDGE('',*,*,#5195,.T.);
#5195 = EDGE_CURVE('',#5188,#5170,#5196,.T.);
#5196 = LINE('',#5197,#5198);
#5197 = CARTESIAN_POINT('',(-1.1,-1.,0.));
#5198 = VECTOR('',#5199,1.);
#5199 = DIRECTION('',(0.,-1.,0.));
#5200 = PLANE('',#5201);
#5201 = AXIS2_PLACEMENT_3D('',#5202,#5203,#5204);
#5202 = CARTESIAN_POINT('',(-1.1,-1.4065,9.35E-02));
#5203 = DIRECTION('',(-1.,-0.,-0.));
#5204 = DIRECTION('',(0.,0.,-1.));
#5205 = ADVANCED_FACE('',(#5206),#5224,.T.);
#5206 = FACE_BOUND('',#5207,.T.);
#5207 = EDGE_LOOP('',(#5208,#5216,#5222,#5223));
#5208 = ORIENTED_EDGE('',*,*,#5209,.T.);
#5209 = EDGE_CURVE('',#5172,#5210,#5212,.T.);
#5210 = VERTEX_POINT('',#5211);
#5211 = CARTESIAN_POINT('',(-0.9,-1.8,0.2));
#5212 = LINE('',#5213,#5214);
#5213 = CARTESIAN_POINT('',(-1.1,-1.8,0.2));
#5214 = VECTOR('',#5215,1.);
#5215 = DIRECTION('',(1.,0.,0.));
#5216 = ORIENTED_EDGE('',*,*,#5217,.T.);
#5217 = EDGE_CURVE('',#5210,#4233,#5218,.T.);
#5218 = LINE('',#5219,#5220);
#5219 = CARTESIAN_POINT('',(-0.9,-1.8,0.2));
#5220 = VECTOR('',#5221,1.);
#5221 = DIRECTION('',(0.,1.,0.));
#5222 = ORIENTED_EDGE('',*,*,#4240,.F.);
#5223 = ORIENTED_EDGE('',*,*,#5179,.F.);
#5224 = PLANE('',#5225);
#5225 = AXIS2_PLACEMENT_3D('',#5226,#5227,#5228);
#5226 = CARTESIAN_POINT('',(-1.1,-1.8,0.2));
#5227 = DIRECTION('',(0.,0.,1.));
#5228 = DIRECTION('',(0.,1.,0.));
#5229 = ADVANCED_FACE('',(#5230),#5257,.F.);
#5230 = FACE_BOUND('',#5231,.F.);
#5231 = EDGE_LOOP('',(#5232,#5240,#5241,#5242,#5243,#5251));
#5232 = ORIENTED_EDGE('',*,*,#5233,.T.);
#5233 = EDGE_CURVE('',#5234,#5210,#5236,.T.);
#5234 = VERTEX_POINT('',#5235);
#5235 = CARTESIAN_POINT('',(-0.9,-1.8,0.));
#5236 = LINE('',#5237,#5238);
#5237 = CARTESIAN_POINT('',(-0.9,-1.8,0.));
#5238 = VECTOR('',#5239,1.);
#5239 = DIRECTION('',(0.,0.,1.));
#5240 = ORIENTED_EDGE('',*,*,#5217,.T.);
#5241 = ORIENTED_EDGE('',*,*,#4232,.T.);
#5242 = ORIENTED_EDGE('',*,*,#4799,.T.);
#5243 = ORIENTED_EDGE('',*,*,#5244,.T.);
#5244 = EDGE_CURVE('',#4792,#5245,#5247,.T.);
#5245 = VERTEX_POINT('',#5246);
#5246 = CARTESIAN_POINT('',(-0.9,-1.,0.));
#5247 = LINE('',#5248,#5249);
#5248 = CARTESIAN_POINT('',(-0.9,-1.,7.E-02));
#5249 = VECTOR('',#5250,1.);
#5250 = DIRECTION('',(0.,0.,-1.));
#5251 = ORIENTED_EDGE('',*,*,#5252,.T.);
#5252 = EDGE_CURVE('',#5245,#5234,#5253,.T.);
#5253 = LINE('',#5254,#5255);
#5254 = CARTESIAN_POINT('',(-0.9,-1.,0.));
#5255 = VECTOR('',#5256,1.);
#5256 = DIRECTION('',(0.,-1.,0.));
#5257 = PLANE('',#5258);
#5258 = AXIS2_PLACEMENT_3D('',#5259,#5260,#5261);
#5259 = CARTESIAN_POINT('',(-0.9,-1.4065,9.35E-02));
#5260 = DIRECTION('',(-1.,-0.,-0.));
#5261 = DIRECTION('',(0.,0.,-1.));
#5262 = ADVANCED_FACE('',(#5263),#5297,.T.);
#5263 = FACE_BOUND('',#5264,.T.);
#5264 = EDGE_LOOP('',(#5265,#5275,#5281,#5282,#5283,#5291));
#5265 = ORIENTED_EDGE('',*,*,#5266,.T.);
#5266 = EDGE_CURVE('',#5267,#5269,#5271,.T.);
#5267 = VERTEX_POINT('',#5268);
#5268 = CARTESIAN_POINT('',(-0.1,-1.8,0.));
#5269 = VERTEX_POINT('',#5270);
#5270 = CARTESIAN_POINT('',(-0.1,-1.8,0.2));
#5271 = LINE('',#5272,#5273);
#5272 = CARTESIAN_POINT('',(-0.1,-1.8,0.));
#5273 = VECTOR('',#5274,1.);
#5274 = DIRECTION('',(0.,0.,1.));
#5275 = ORIENTED_EDGE('',*,*,#5276,.T.);
#5276 = EDGE_CURVE('',#5269,#4209,#5277,.T.);
#5277 = LINE('',#5278,#5279);
#5278 = CARTESIAN_POINT('',(-0.1,-1.8,0.2));
#5279 = VECTOR('',#5280,1.);
#5280 = DIRECTION('',(0.,1.,0.));
#5281 = ORIENTED_EDGE('',*,*,#4216,.T.);
#5282 = ORIENTED_EDGE('',*,*,#4806,.T.);
#5283 = ORIENTED_EDGE('',*,*,#5284,.T.);
#5284 = EDGE_CURVE('',#4807,#5285,#5287,.T.);
#5285 = VERTEX_POINT('',#5286);
#5286 = CARTESIAN_POINT('',(-0.1,-1.,0.));
#5287 = LINE('',#5288,#5289);
#5288 = CARTESIAN_POINT('',(-0.1,-1.,7.E-02));
#5289 = VECTOR('',#5290,1.);
#5290 = DIRECTION('',(0.,0.,-1.));
#5291 = ORIENTED_EDGE('',*,*,#5292,.T.);
#5292 = EDGE_CURVE('',#5285,#5267,#5293,.T.);
#5293 = LINE('',#5294,#5295);
#5294 = CARTESIAN_POINT('',(-0.1,-1.,0.));
#5295 = VECTOR('',#5296,1.);
#5296 = DIRECTION('',(0.,-1.,0.));
#5297 = PLANE('',#5298);
#5298 = AXIS2_PLACEMENT_3D('',#5299,#5300,#5301);
#5299 = CARTESIAN_POINT('',(-0.1,-1.4065,9.35E-02));
#5300 = DIRECTION('',(-1.,-0.,-0.));
#5301 = DIRECTION('',(0.,0.,-1.));
#5302 = ADVANCED_FACE('',(#5303),#5321,.T.);
#5303 = FACE_BOUND('',#5304,.T.);
#5304 = EDGE_LOOP('',(#5305,#5313,#5319,#5320));
#5305 = ORIENTED_EDGE('',*,*,#5306,.T.);
#5306 = EDGE_CURVE('',#5269,#5307,#5309,.T.);
#5307 = VERTEX_POINT('',#5308);
#5308 = CARTESIAN_POINT('',(0.1,-1.8,0.2));
#5309 = LINE('',#5310,#5311);
#5310 = CARTESIAN_POINT('',(-0.1,-1.8,0.2));
#5311 = VECTOR('',#5312,1.);
#5312 = DIRECTION('',(1.,0.,0.));
#5313 = ORIENTED_EDGE('',*,*,#5314,.T.);
#5314 = EDGE_CURVE('',#5307,#4201,#5315,.T.);
#5315 = LINE('',#5316,#5317);
#5316 = CARTESIAN_POINT('',(0.1,-1.8,0.2));
#5317 = VECTOR('',#5318,1.);
#5318 = DIRECTION('',(0.,1.,0.));
#5319 = ORIENTED_EDGE('',*,*,#4208,.F.);
#5320 = ORIENTED_EDGE('',*,*,#5276,.F.);
#5321 = PLANE('',#5322);
#5322 = AXIS2_PLACEMENT_3D('',#5323,#5324,#5325);
#5323 = CARTESIAN_POINT('',(-0.1,-1.8,0.2));
#5324 = DIRECTION('',(0.,0.,1.));
#5325 = DIRECTION('',(0.,1.,0.));
#5326 = ADVANCED_FACE('',(#5327),#5354,.F.);
#5327 = FACE_BOUND('',#5328,.F.);
#5328 = EDGE_LOOP('',(#5329,#5337,#5338,#5339,#5340,#5348));
#5329 = ORIENTED_EDGE('',*,*,#5330,.T.);
#5330 = EDGE_CURVE('',#5331,#5307,#5333,.T.);
#5331 = VERTEX_POINT('',#5332);
#5332 = CARTESIAN_POINT('',(0.1,-1.8,0.));
#5333 = LINE('',#5334,#5335);
#5334 = CARTESIAN_POINT('',(0.1,-1.8,0.));
#5335 = VECTOR('',#5336,1.);
#5336 = DIRECTION('',(0.,0.,1.));
#5337 = ORIENTED_EDGE('',*,*,#5314,.T.);
#5338 = ORIENTED_EDGE('',*,*,#4200,.T.);
#5339 = ORIENTED_EDGE('',*,*,#4822,.T.);
#5340 = ORIENTED_EDGE('',*,*,#5341,.T.);
#5341 = EDGE_CURVE('',#4815,#5342,#5344,.T.);
#5342 = VERTEX_POINT('',#5343);
#5343 = CARTESIAN_POINT('',(0.1,-1.,0.));
#5344 = LINE('',#5345,#5346);
#5345 = CARTESIAN_POINT('',(0.1,-1.,7.E-02));
#5346 = VECTOR('',#5347,1.);
#5347 = DIRECTION('',(0.,0.,-1.));
#5348 = ORIENTED_EDGE('',*,*,#5349,.T.);
#5349 = EDGE_CURVE('',#5342,#5331,#5350,.T.);
#5350 = LINE('',#5351,#5352);
#5351 = CARTESIAN_POINT('',(0.1,-1.,0.));
#5352 = VECTOR('',#5353,1.);
#5353 = DIRECTION('',(0.,-1.,0.));
#5354 = PLANE('',#5355);
#5355 = AXIS2_PLACEMENT_3D('',#5356,#5357,#5358);
#5356 = CARTESIAN_POINT('',(0.1,-1.4065,9.35E-02));
#5357 = DIRECTION('',(-1.,-0.,-0.));
#5358 = DIRECTION('',(0.,0.,-1.));
#5359 = ADVANCED_FACE('',(#5360),#5394,.T.);
#5360 = FACE_BOUND('',#5361,.T.);
#5361 = EDGE_LOOP('',(#5362,#5372,#5378,#5379,#5380,#5388));
#5362 = ORIENTED_EDGE('',*,*,#5363,.T.);
#5363 = EDGE_CURVE('',#5364,#5366,#5368,.T.);
#5364 = VERTEX_POINT('',#5365);
#5365 = CARTESIAN_POINT('',(0.9,-1.8,0.));
#5366 = VERTEX_POINT('',#5367);
#5367 = CARTESIAN_POINT('',(0.9,-1.8,0.2));
#5368 = LINE('',#5369,#5370);
#5369 = CARTESIAN_POINT('',(0.9,-1.8,0.));
#5370 = VECTOR('',#5371,1.);
#5371 = DIRECTION('',(0.,0.,1.));
#5372 = ORIENTED_EDGE('',*,*,#5373,.T.);
#5373 = EDGE_CURVE('',#5366,#4177,#5374,.T.);
#5374 = LINE('',#5375,#5376);
#5375 = CARTESIAN_POINT('',(0.9,-1.8,0.2));
#5376 = VECTOR('',#5377,1.);
#5377 = DIRECTION('',(0.,1.,0.));
#5378 = ORIENTED_EDGE('',*,*,#4184,.T.);
#5379 = ORIENTED_EDGE('',*,*,#4829,.T.);
#5380 = ORIENTED_EDGE('',*,*,#5381,.T.);
#5381 = EDGE_CURVE('',#4830,#5382,#5384,.T.);
#5382 = VERTEX_POINT('',#5383);
#5383 = CARTESIAN_POINT('',(0.9,-1.,0.));
#5384 = LINE('',#5385,#5386);
#5385 = CARTESIAN_POINT('',(0.9,-1.,7.E-02));
#5386 = VECTOR('',#5387,1.);
#5387 = DIRECTION('',(0.,0.,-1.));
#5388 = ORIENTED_EDGE('',*,*,#5389,.T.);
#5389 = EDGE_CURVE('',#5382,#5364,#5390,.T.);
#5390 = LINE('',#5391,#5392);
#5391 = CARTESIAN_POINT('',(0.9,-1.,0.));
#5392 = VECTOR('',#5393,1.);
#5393 = DIRECTION('',(0.,-1.,0.));
#5394 = PLANE('',#5395);
#5395 = AXIS2_PLACEMENT_3D('',#5396,#5397,#5398);
#5396 = CARTESIAN_POINT('',(0.9,-1.4065,9.35E-02));
#5397 = DIRECTION('',(-1.,-0.,-0.));
#5398 = DIRECTION('',(0.,0.,-1.));
#5399 = ADVANCED_FACE('',(#5400),#5418,.T.);
#5400 = FACE_BOUND('',#5401,.T.);
#5401 = EDGE_LOOP('',(#5402,#5410,#5416,#5417));
#5402 = ORIENTED_EDGE('',*,*,#5403,.T.);
#5403 = EDGE_CURVE('',#5366,#5404,#5406,.T.);
#5404 = VERTEX_POINT('',#5405);
#5405 = CARTESIAN_POINT('',(1.1,-1.8,0.2));
#5406 = LINE('',#5407,#5408);
#5407 = CARTESIAN_POINT('',(0.9,-1.8,0.2));
#5408 = VECTOR('',#5409,1.);
#5409 = DIRECTION('',(1.,0.,0.));
#5410 = ORIENTED_EDGE('',*,*,#5411,.T.);
#5411 = EDGE_CURVE('',#5404,#4169,#5412,.T.);
#5412 = LINE('',#5413,#5414);
#5413 = CARTESIAN_POINT('',(1.1,-1.8,0.2));
#5414 = VECTOR('',#5415,1.);
#5415 = DIRECTION('',(0.,1.,0.));
#5416 = ORIENTED_EDGE('',*,*,#4176,.F.);
#5417 = ORIENTED_EDGE('',*,*,#5373,.F.);
#5418 = PLANE('',#5419);
#5419 = AXIS2_PLACEMENT_3D('',#5420,#5421,#5422);
#5420 = CARTESIAN_POINT('',(0.9,-1.8,0.2));
#5421 = DIRECTION('',(0.,0.,1.));
#5422 = DIRECTION('',(0.,1.,0.));
#5423 = ADVANCED_FACE('',(#5424),#5451,.F.);
#5424 = FACE_BOUND('',#5425,.F.);
#5425 = EDGE_LOOP('',(#5426,#5434,#5435,#5436,#5437,#5445));
#5426 = ORIENTED_EDGE('',*,*,#5427,.T.);
#5427 = EDGE_CURVE('',#5428,#5404,#5430,.T.);
#5428 = VERTEX_POINT('',#5429);
#5429 = CARTESIAN_POINT('',(1.1,-1.8,0.));
#5430 = LINE('',#5431,#5432);
#5431 = CARTESIAN_POINT('',(1.1,-1.8,0.));
#5432 = VECTOR('',#5433,1.);
#5433 = DIRECTION('',(0.,0.,1.));
#5434 = ORIENTED_EDGE('',*,*,#5411,.T.);
#5435 = ORIENTED_EDGE('',*,*,#4168,.T.);
#5436 = ORIENTED_EDGE('',*,*,#4845,.T.);
#5437 = ORIENTED_EDGE('',*,*,#5438,.T.);
#5438 = EDGE_CURVE('',#4838,#5439,#5441,.T.);
#5439 = VERTEX_POINT('',#5440);
#5440 = CARTESIAN_POINT('',(1.1,-1.,0.));
#5441 = LINE('',#5442,#5443);
#5442 = CARTESIAN_POINT('',(1.1,-1.,7.E-02));
#5443 = VECTOR('',#5444,1.);
#5444 = DIRECTION('',(0.,0.,-1.));
#5445 = ORIENTED_EDGE('',*,*,#5446,.T.);
#5446 = EDGE_CURVE('',#5439,#5428,#5447,.T.);
#5447 = LINE('',#5448,#5449);
#5448 = CARTESIAN_POINT('',(1.1,-1.,0.));
#5449 = VECTOR('',#5450,1.);
#5450 = DIRECTION('',(0.,-1.,0.));
#5451 = PLANE('',#5452);
#5452 = AXIS2_PLACEMENT_3D('',#5453,#5454,#5455);
#5453 = CARTESIAN_POINT('',(1.1,-1.4065,9.35E-02));
#5454 = DIRECTION('',(-1.,-0.,-0.));
#5455 = DIRECTION('',(0.,0.,-1.));
#5456 = ADVANCED_FACE('',(#5457),#5491,.T.);
#5457 = FACE_BOUND('',#5458,.T.);
#5458 = EDGE_LOOP('',(#5459,#5469,#5475,#5476,#5477,#5485));
#5459 = ORIENTED_EDGE('',*,*,#5460,.T.);
#5460 = EDGE_CURVE('',#5461,#5463,#5465,.T.);
#5461 = VERTEX_POINT('',#5462);
#5462 = CARTESIAN_POINT('',(1.9,-1.8,0.));
#5463 = VERTEX_POINT('',#5464);
#5464 = CARTESIAN_POINT('',(1.9,-1.8,0.2));
#5465 = LINE('',#5466,#5467);
#5466 = CARTESIAN_POINT('',(1.9,-1.8,0.));
#5467 = VECTOR('',#5468,1.);
#5468 = DIRECTION('',(0.,0.,1.));
#5469 = ORIENTED_EDGE('',*,*,#5470,.T.);
#5470 = EDGE_CURVE('',#5463,#4145,#5471,.T.);
#5471 = LINE('',#5472,#5473);
#5472 = CARTESIAN_POINT('',(1.9,-1.8,0.2));
#5473 = VECTOR('',#5474,1.);
#5474 = DIRECTION('',(0.,1.,0.));
#5475 = ORIENTED_EDGE('',*,*,#4152,.T.);
#5476 = ORIENTED_EDGE('',*,*,#4852,.T.);
#5477 = ORIENTED_EDGE('',*,*,#5478,.T.);
#5478 = EDGE_CURVE('',#4853,#5479,#5481,.T.);
#5479 = VERTEX_POINT('',#5480);
#5480 = CARTESIAN_POINT('',(1.9,-1.,0.));
#5481 = LINE('',#5482,#5483);
#5482 = CARTESIAN_POINT('',(1.9,-1.,7.E-02));
#5483 = VECTOR('',#5484,1.);
#5484 = DIRECTION('',(0.,0.,-1.));
#5485 = ORIENTED_EDGE('',*,*,#5486,.T.);
#5486 = EDGE_CURVE('',#5479,#5461,#5487,.T.);
#5487 = LINE('',#5488,#5489);
#5488 = CARTESIAN_POINT('',(1.9,-1.,0.));
#5489 = VECTOR('',#5490,1.);
#5490 = DIRECTION('',(0.,-1.,0.));
#5491 = PLANE('',#5492);
#5492 = AXIS2_PLACEMENT_3D('',#5493,#5494,#5495);
#5493 = CARTESIAN_POINT('',(1.9,-1.4065,9.35E-02));
#5494 = DIRECTION('',(-1.,-0.,-0.));
#5495 = DIRECTION('',(0.,0.,-1.));
#5496 = ADVANCED_FACE('',(#5497),#5515,.T.);
#5497 = FACE_BOUND('',#5498,.T.);
#5498 = EDGE_LOOP('',(#5499,#5507,#5513,#5514));
#5499 = ORIENTED_EDGE('',*,*,#5500,.T.);
#5500 = EDGE_CURVE('',#5463,#5501,#5503,.T.);
#5501 = VERTEX_POINT('',#5502);
#5502 = CARTESIAN_POINT('',(2.1,-1.8,0.2));
#5503 = LINE('',#5504,#5505);
#5504 = CARTESIAN_POINT('',(1.9,-1.8,0.2));
#5505 = VECTOR('',#5506,1.);
#5506 = DIRECTION('',(1.,0.,0.));
#5507 = ORIENTED_EDGE('',*,*,#5508,.T.);
#5508 = EDGE_CURVE('',#5501,#4137,#5509,.T.);
#5509 = LINE('',#5510,#5511);
#5510 = CARTESIAN_POINT('',(2.1,-1.8,0.2));
#5511 = VECTOR('',#5512,1.);
#5512 = DIRECTION('',(0.,1.,0.));
#5513 = ORIENTED_EDGE('',*,*,#4144,.F.);
#5514 = ORIENTED_EDGE('',*,*,#5470,.F.);
#5515 = PLANE('',#5516);
#5516 = AXIS2_PLACEMENT_3D('',#5517,#5518,#5519);
#5517 = CARTESIAN_POINT('',(1.9,-1.8,0.2));
#5518 = DIRECTION('',(0.,0.,1.));
#5519 = DIRECTION('',(0.,1.,0.));
#5520 = ADVANCED_FACE('',(#5521),#5548,.F.);
#5521 = FACE_BOUND('',#5522,.F.);
#5522 = EDGE_LOOP('',(#5523,#5531,#5532,#5533,#5534,#5542));
#5523 = ORIENTED_EDGE('',*,*,#5524,.T.);
#5524 = EDGE_CURVE('',#5525,#5501,#5527,.T.);
#5525 = VERTEX_POINT('',#5526);
#5526 = CARTESIAN_POINT('',(2.1,-1.8,0.));
#5527 = LINE('',#5528,#5529);
#5528 = CARTESIAN_POINT('',(2.1,-1.8,0.));
#5529 = VECTOR('',#5530,1.);
#5530 = DIRECTION('',(0.,0.,1.));
#5531 = ORIENTED_EDGE('',*,*,#5508,.T.);
#5532 = ORIENTED_EDGE('',*,*,#4136,.T.);
#5533 = ORIENTED_EDGE('',*,*,#4868,.T.);
#5534 = ORIENTED_EDGE('',*,*,#5535,.T.);
#5535 = EDGE_CURVE('',#4861,#5536,#5538,.T.);
#5536 = VERTEX_POINT('',#5537);
#5537 = CARTESIAN_POINT('',(2.1,-1.,0.));
#5538 = LINE('',#5539,#5540);
#5539 = CARTESIAN_POINT('',(2.1,-1.,7.E-02));
#5540 = VECTOR('',#5541,1.);
#5541 = DIRECTION('',(0.,0.,-1.));
#5542 = ORIENTED_EDGE('',*,*,#5543,.T.);
#5543 = EDGE_CURVE('',#5536,#5525,#5544,.T.);
#5544 = LINE('',#5545,#5546);
#5545 = CARTESIAN_POINT('',(2.1,-1.,0.));
#5546 = VECTOR('',#5547,1.);
#5547 = DIRECTION('',(0.,-1.,0.));
#5548 = PLANE('',#5549);
#5549 = AXIS2_PLACEMENT_3D('',#5550,#5551,#5552);
#5550 = CARTESIAN_POINT('',(2.1,-1.4065,9.35E-02));
#5551 = DIRECTION('',(-1.,-0.,-0.));
#5552 = DIRECTION('',(0.,0.,-1.));
#5553 = ADVANCED_FACE('',(#5554),#5565,.F.);
#5554 = FACE_BOUND('',#5555,.F.);
#5555 = EDGE_LOOP('',(#5556,#5557,#5558,#5564));
#5556 = ORIENTED_EDGE('',*,*,#4454,.T.);
#5557 = ORIENTED_EDGE('',*,*,#4963,.T.);
#5558 = ORIENTED_EDGE('',*,*,#5559,.F.);
#5559 = EDGE_CURVE('',#5027,#4964,#5560,.T.);
#5560 = LINE('',#5561,#5562);
#5561 = CARTESIAN_POINT('',(3.,0.1,3.82));
#5562 = VECTOR('',#5563,1.);
#5563 = DIRECTION('',(1.,0.,0.));
#5564 = ORIENTED_EDGE('',*,*,#5026,.F.);
#5565 = PLANE('',#5566);
#5566 = AXIS2_PLACEMENT_3D('',#5567,#5568,#5569);
#5567 = CARTESIAN_POINT('',(3.,0.1,4.32));
#5568 = DIRECTION('',(0.,1.,0.));
#5569 = DIRECTION('',(0.,0.,-1.));
#5570 = ADVANCED_FACE('',(#5571),#5619,.F.);
#5571 = FACE_BOUND('',#5572,.F.);
#5572 = EDGE_LOOP('',(#5573,#5574,#5582,#5590,#5596,#5597,#5605,#5613));
#5573 = ORIENTED_EDGE('',*,*,#4478,.F.);
#5574 = ORIENTED_EDGE('',*,*,#5575,.T.);
#5575 = EDGE_CURVE('',#4479,#5576,#5578,.T.);
#5576 = VERTEX_POINT('',#5577);
#5577 = CARTESIAN_POINT('',(2.7,-0.7,1.32));
#5578 = LINE('',#5579,#5580);
#5579 = CARTESIAN_POINT('',(2.7,-0.7,4.32));
#5580 = VECTOR('',#5581,1.);
#5581 = DIRECTION('',(-0.,-0.,-1.));
#5582 = ORIENTED_EDGE('',*,*,#5583,.T.);
#5583 = EDGE_CURVE('',#5576,#5584,#5586,.T.);
#5584 = VERTEX_POINT('',#5585);
#5585 = CARTESIAN_POINT('',(2.7,1.4,1.32));
#5586 = LINE('',#5587,#5588);
#5587 = CARTESIAN_POINT('',(2.7,-0.7,1.32));
#5588 = VECTOR('',#5589,1.);
#5589 = DIRECTION('',(0.,1.,0.));
#5590 = ORIENTED_EDGE('',*,*,#5591,.F.);
#5591 = EDGE_CURVE('',#4537,#5584,#5592,.T.);
#5592 = LINE('',#5593,#5594);
#5593 = CARTESIAN_POINT('',(2.7,1.4,4.32));
#5594 = VECTOR('',#5595,1.);
#5595 = DIRECTION('',(-0.,-0.,-1.));
#5596 = ORIENTED_EDGE('',*,*,#4544,.F.);
#5597 = ORIENTED_EDGE('',*,*,#5598,.F.);
#5598 = EDGE_CURVE('',#5599,#4545,#5601,.T.);
#5599 = VERTEX_POINT('',#5600);
#5600 = CARTESIAN_POINT('',(2.7,0.9,1.92));
#5601 = LINE('',#5602,#5603);
#5602 = CARTESIAN_POINT('',(2.7,0.9,4.32));
#5603 = VECTOR('',#5604,1.);
#5604 = DIRECTION('',(0.,0.,1.));
#5605 = ORIENTED_EDGE('',*,*,#5606,.T.);
#5606 = EDGE_CURVE('',#5599,#5607,#5609,.T.);
#5607 = VERTEX_POINT('',#5608);
#5608 = CARTESIAN_POINT('',(2.7,0.3,1.92));
#5609 = LINE('',#5610,#5611);
#5610 = CARTESIAN_POINT('',(2.7,-5.E-02,1.92));
#5611 = VECTOR('',#5612,1.);
#5612 = DIRECTION('',(0.,-1.,0.));
#5613 = ORIENTED_EDGE('',*,*,#5614,.F.);
#5614 = EDGE_CURVE('',#4481,#5607,#5615,.T.);
#5615 = LINE('',#5616,#5617);
#5616 = CARTESIAN_POINT('',(2.7,0.3,4.32));
#5617 = VECTOR('',#5618,1.);
#5618 = DIRECTION('',(0.,0.,-1.));
#5619 = PLANE('',#5620);
#5620 = AXIS2_PLACEMENT_3D('',#5621,#5622,#5623);
#5621 = CARTESIAN_POINT('',(2.7,-0.7,4.32));
#5622 = DIRECTION('',(1.,0.,0.));
#5623 = DIRECTION('',(-0.,1.,0.));
#5624 = ADVANCED_FACE('',(#5625),#5643,.F.);
#5625 = FACE_BOUND('',#5626,.F.);
#5626 = EDGE_LOOP('',(#5627,#5628,#5629,#5637));
#5627 = ORIENTED_EDGE('',*,*,#4568,.F.);
#5628 = ORIENTED_EDGE('',*,*,#5614,.T.);
#5629 = ORIENTED_EDGE('',*,*,#5630,.T.);
#5630 = EDGE_CURVE('',#5607,#5631,#5633,.T.);
#5631 = VERTEX_POINT('',#5632);
#5632 = CARTESIAN_POINT('',(3.05,0.3,1.92));
#5633 = LINE('',#5634,#5635);
#5634 = CARTESIAN_POINT('',(-3.05,0.3,1.92));
#5635 = VECTOR('',#5636,1.);
#5636 = DIRECTION('',(1.,0.,0.));
#5637 = ORIENTED_EDGE('',*,*,#5638,.F.);
#5638 = EDGE_CURVE('',#4561,#5631,#5639,.T.);
#5639 = LINE('',#5640,#5641);
#5640 = CARTESIAN_POINT('',(3.05,0.3,4.32));
#5641 = VECTOR('',#5642,1.);
#5642 = DIRECTION('',(-0.,-0.,-1.));
#5643 = PLANE('',#5644);
#5644 = AXIS2_PLACEMENT_3D('',#5645,#5646,#5647);
#5645 = CARTESIAN_POINT('',(-3.05,0.3,4.32));
#5646 = DIRECTION('',(0.,-1.,0.));
#5647 = DIRECTION('',(1.,0.,0.));
#5648 = ADVANCED_FACE('',(#5649),#5667,.F.);
#5649 = FACE_BOUND('',#5650,.F.);
#5650 = EDGE_LOOP('',(#5651,#5652,#5660,#5666));
#5651 = ORIENTED_EDGE('',*,*,#5638,.T.);
#5652 = ORIENTED_EDGE('',*,*,#5653,.T.);
#5653 = EDGE_CURVE('',#5631,#5654,#5656,.T.);
#5654 = VERTEX_POINT('',#5655);
#5655 = CARTESIAN_POINT('',(3.05,0.9,1.92));
#5656 = LINE('',#5657,#5658);
#5657 = CARTESIAN_POINT('',(3.05,0.3,1.92));
#5658 = VECTOR('',#5659,1.);
#5659 = DIRECTION('',(0.,1.,0.));
#5660 = ORIENTED_EDGE('',*,*,#5661,.F.);
#5661 = EDGE_CURVE('',#4553,#5654,#5662,.T.);
#5662 = LINE('',#5663,#5664);
#5663 = CARTESIAN_POINT('',(3.05,0.9,4.32));
#5664 = VECTOR('',#5665,1.);
#5665 = DIRECTION('',(-0.,-0.,-1.));
#5666 = ORIENTED_EDGE('',*,*,#4560,.F.);
#5667 = PLANE('',#5668);
#5668 = AXIS2_PLACEMENT_3D('',#5669,#5670,#5671);
#5669 = CARTESIAN_POINT('',(3.05,0.3,4.32));
#5670 = DIRECTION('',(1.,0.,0.));
#5671 = DIRECTION('',(-0.,1.,0.));
#5672 = ADVANCED_FACE('',(#5673),#5684,.F.);
#5673 = FACE_BOUND('',#5674,.F.);
#5674 = EDGE_LOOP('',(#5675,#5676,#5677,#5683));
#5675 = ORIENTED_EDGE('',*,*,#4552,.F.);
#5676 = ORIENTED_EDGE('',*,*,#5661,.T.);
#5677 = ORIENTED_EDGE('',*,*,#5678,.T.);
#5678 = EDGE_CURVE('',#5654,#5599,#5679,.T.);
#5679 = LINE('',#5680,#5681);
#5680 = CARTESIAN_POINT('',(3.05,0.9,1.92));
#5681 = VECTOR('',#5682,1.);
#5682 = DIRECTION('',(-1.,0.,0.));
#5683 = ORIENTED_EDGE('',*,*,#5598,.T.);
#5684 = PLANE('',#5685);
#5685 = AXIS2_PLACEMENT_3D('',#5686,#5687,#5688);
#5686 = CARTESIAN_POINT('',(3.05,0.9,4.32));
#5687 = DIRECTION('',(0.,1.,0.));
#5688 = DIRECTION('',(-1.,0.,0.));
#5689 = ADVANCED_FACE('',(#5690),#5708,.F.);
#5690 = FACE_BOUND('',#5691,.F.);
#5691 = EDGE_LOOP('',(#5692,#5693,#5701,#5707));
#5692 = ORIENTED_EDGE('',*,*,#5591,.T.);
#5693 = ORIENTED_EDGE('',*,*,#5694,.T.);
#5694 = EDGE_CURVE('',#5584,#5695,#5697,.T.);
#5695 = VERTEX_POINT('',#5696);
#5696 = CARTESIAN_POINT('',(-2.7,1.4,1.32));
#5697 = LINE('',#5698,#5699);
#5698 = CARTESIAN_POINT('',(2.7,1.4,1.32));
#5699 = VECTOR('',#5700,1.);
#5700 = DIRECTION('',(-1.,0.,0.));
#5701 = ORIENTED_EDGE('',*,*,#5702,.F.);
#5702 = EDGE_CURVE('',#4529,#5695,#5703,.T.);
#5703 = LINE('',#5704,#5705);
#5704 = CARTESIAN_POINT('',(-2.7,1.4,4.32));
#5705 = VECTOR('',#5706,1.);
#5706 = DIRECTION('',(-0.,-0.,-1.));
#5707 = ORIENTED_EDGE('',*,*,#4536,.F.);
#5708 = PLANE('',#5709);
#5709 = AXIS2_PLACEMENT_3D('',#5710,#5711,#5712);
#5710 = CARTESIAN_POINT('',(2.7,1.4,4.32));
#5711 = DIRECTION('',(0.,1.,0.));
#5712 = DIRECTION('',(-1.,0.,0.));
#5713 = ADVANCED_FACE('',(#5714),#5755,.F.);
#5714 = FACE_BOUND('',#5715,.F.);
#5715 = EDGE_LOOP('',(#5716,#5717,#5718,#5726,#5732,#5733,#5741,#5749));
#5716 = ORIENTED_EDGE('',*,*,#4528,.F.);
#5717 = ORIENTED_EDGE('',*,*,#5702,.T.);
#5718 = ORIENTED_EDGE('',*,*,#5719,.T.);
#5719 = EDGE_CURVE('',#5695,#5720,#5722,.T.);
#5720 = VERTEX_POINT('',#5721);
#5721 = CARTESIAN_POINT('',(-2.7,-0.7,1.32));
#5722 = LINE('',#5723,#5724);
#5723 = CARTESIAN_POINT('',(-2.7,1.4,1.32));
#5724 = VECTOR('',#5725,1.);
#5725 = DIRECTION('',(0.,-1.,0.));
#5726 = ORIENTED_EDGE('',*,*,#5727,.F.);
#5727 = EDGE_CURVE('',#4489,#5720,#5728,.T.);
#5728 = LINE('',#5729,#5730);
#5729 = CARTESIAN_POINT('',(-2.7,-0.7,4.32));
#5730 = VECTOR('',#5731,1.);
#5731 = DIRECTION('',(-0.,-0.,-1.));
#5732 = ORIENTED_EDGE('',*,*,#4496,.F.);
#5733 = ORIENTED_EDGE('',*,*,#5734,.F.);
#5734 = EDGE_CURVE('',#5735,#4497,#5737,.T.);
#5735 = VERTEX_POINT('',#5736);
#5736 = CARTESIAN_POINT('',(-2.7,0.3,1.92));
#5737 = LINE('',#5738,#5739);
#5738 = CARTESIAN_POINT('',(-2.7,0.3,4.32));
#5739 = VECTOR('',#5740,1.);
#5740 = DIRECTION('',(0.,0.,1.));
#5741 = ORIENTED_EDGE('',*,*,#5742,.T.);
#5742 = EDGE_CURVE('',#5735,#5743,#5745,.T.);
#5743 = VERTEX_POINT('',#5744);
#5744 = CARTESIAN_POINT('',(-2.7,0.9,1.92));
#5745 = LINE('',#5746,#5747);
#5746 = CARTESIAN_POINT('',(-2.7,1.,1.92));
#5747 = VECTOR('',#5748,1.);
#5748 = DIRECTION('',(0.,1.,0.));
#5749 = ORIENTED_EDGE('',*,*,#5750,.F.);
#5750 = EDGE_CURVE('',#4521,#5743,#5751,.T.);
#5751 = LINE('',#5752,#5753);
#5752 = CARTESIAN_POINT('',(-2.7,0.9,4.32));
#5753 = VECTOR('',#5754,1.);
#5754 = DIRECTION('',(0.,0.,-1.));
#5755 = PLANE('',#5756);
#5756 = AXIS2_PLACEMENT_3D('',#5757,#5758,#5759);
#5757 = CARTESIAN_POINT('',(-2.7,1.4,4.32));
#5758 = DIRECTION('',(-1.,0.,0.));
#5759 = DIRECTION('',(0.,-1.,0.));
#5760 = ADVANCED_FACE('',(#5761),#5779,.F.);
#5761 = FACE_BOUND('',#5762,.F.);
#5762 = EDGE_LOOP('',(#5763,#5764,#5765,#5773));
#5763 = ORIENTED_EDGE('',*,*,#4520,.F.);
#5764 = ORIENTED_EDGE('',*,*,#5750,.T.);
#5765 = ORIENTED_EDGE('',*,*,#5766,.T.);
#5766 = EDGE_CURVE('',#5743,#5767,#5769,.T.);
#5767 = VERTEX_POINT('',#5768);
#5768 = CARTESIAN_POINT('',(-3.05,0.9,1.92));
#5769 = LINE('',#5770,#5771);
#5770 = CARTESIAN_POINT('',(3.05,0.9,1.92));
#5771 = VECTOR('',#5772,1.);
#5772 = DIRECTION('',(-1.,0.,0.));
#5773 = ORIENTED_EDGE('',*,*,#5774,.F.);
#5774 = EDGE_CURVE('',#4513,#5767,#5775,.T.);
#5775 = LINE('',#5776,#5777);
#5776 = CARTESIAN_POINT('',(-3.05,0.9,4.32));
#5777 = VECTOR('',#5778,1.);
#5778 = DIRECTION('',(-0.,-0.,-1.));
#5779 = PLANE('',#5780);
#5780 = AXIS2_PLACEMENT_3D('',#5781,#5782,#5783);
#5781 = CARTESIAN_POINT('',(3.05,0.9,4.32));
#5782 = DIRECTION('',(0.,1.,0.));
#5783 = DIRECTION('',(-1.,0.,0.));
#5784 = ADVANCED_FACE('',(#5785),#5803,.F.);
#5785 = FACE_BOUND('',#5786,.F.);
#5786 = EDGE_LOOP('',(#5787,#5788,#5796,#5802));
#5787 = ORIENTED_EDGE('',*,*,#5774,.T.);
#5788 = ORIENTED_EDGE('',*,*,#5789,.T.);
#5789 = EDGE_CURVE('',#5767,#5790,#5792,.T.);
#5790 = VERTEX_POINT('',#5791);
#5791 = CARTESIAN_POINT('',(-3.05,0.3,1.92));
#5792 = LINE('',#5793,#5794);
#5793 = CARTESIAN_POINT('',(-3.05,0.9,1.92));
#5794 = VECTOR('',#5795,1.);
#5795 = DIRECTION('',(0.,-1.,0.));
#5796 = ORIENTED_EDGE('',*,*,#5797,.F.);
#5797 = EDGE_CURVE('',#4505,#5790,#5798,.T.);
#5798 = LINE('',#5799,#5800);
#5799 = CARTESIAN_POINT('',(-3.05,0.3,4.32));
#5800 = VECTOR('',#5801,1.);
#5801 = DIRECTION('',(-0.,-0.,-1.));
#5802 = ORIENTED_EDGE('',*,*,#4512,.F.);
#5803 = PLANE('',#5804);
#5804 = AXIS2_PLACEMENT_3D('',#5805,#5806,#5807);
#5805 = CARTESIAN_POINT('',(-3.05,0.9,4.32));
#5806 = DIRECTION('',(-1.,0.,0.));
#5807 = DIRECTION('',(0.,-1.,0.));
#5808 = ADVANCED_FACE('',(#5809),#5820,.F.);
#5809 = FACE_BOUND('',#5810,.F.);
#5810 = EDGE_LOOP('',(#5811,#5812,#5813,#5819));
#5811 = ORIENTED_EDGE('',*,*,#4504,.F.);
#5812 = ORIENTED_EDGE('',*,*,#5797,.T.);
#5813 = ORIENTED_EDGE('',*,*,#5814,.T.);
#5814 = EDGE_CURVE('',#5790,#5735,#5815,.T.);
#5815 = LINE('',#5816,#5817);
#5816 = CARTESIAN_POINT('',(-3.05,0.3,1.92));
#5817 = VECTOR('',#5818,1.);
#5818 = DIRECTION('',(1.,0.,0.));
#5819 = ORIENTED_EDGE('',*,*,#5734,.T.);
#5820 = PLANE('',#5821);
#5821 = AXIS2_PLACEMENT_3D('',#5822,#5823,#5824);
#5822 = CARTESIAN_POINT('',(-3.05,0.3,4.32));
#5823 = DIRECTION('',(0.,-1.,0.));
#5824 = DIRECTION('',(1.,0.,0.));
#5825 = ADVANCED_FACE('',(#5826),#5837,.F.);
#5826 = FACE_BOUND('',#5827,.F.);
#5827 = EDGE_LOOP('',(#5828,#5829,#5835,#5836));
#5828 = ORIENTED_EDGE('',*,*,#5727,.T.);
#5829 = ORIENTED_EDGE('',*,*,#5830,.T.);
#5830 = EDGE_CURVE('',#5720,#5576,#5831,.T.);
#5831 = LINE('',#5832,#5833);
#5832 = CARTESIAN_POINT('',(-2.7,-0.7,1.32));
#5833 = VECTOR('',#5834,1.);
#5834 = DIRECTION('',(1.,0.,0.));
#5835 = ORIENTED_EDGE('',*,*,#5575,.F.);
#5836 = ORIENTED_EDGE('',*,*,#4488,.F.);
#5837 = PLANE('',#5838);
#5838 = AXIS2_PLACEMENT_3D('',#5839,#5840,#5841);
#5839 = CARTESIAN_POINT('',(-2.7,-0.7,4.32));
#5840 = DIRECTION('',(0.,-1.,0.));
#5841 = DIRECTION('',(1.,0.,0.));
#5842 = ADVANCED_FACE('',(#5843),#5860,.F.);
#5843 = FACE_BOUND('',#5844,.F.);
#5844 = EDGE_LOOP('',(#5845,#5846,#5854));
#5845 = ORIENTED_EDGE('',*,*,#4632,.T.);
#5846 = ORIENTED_EDGE('',*,*,#5847,.F.);
#5847 = EDGE_CURVE('',#5848,#4633,#5850,.T.);
#5848 = VERTEX_POINT('',#5849);
#5849 = CARTESIAN_POINT('',(3.,1.3,1.27));
#5850 = LINE('',#5851,#5852);
#5851 = CARTESIAN_POINT('',(3.,1.3,1.27));
#5852 = VECTOR('',#5853,1.);
#5853 = DIRECTION('',(0.,1.,0.));
#5854 = ORIENTED_EDGE('',*,*,#5855,.T.);
#5855 = EDGE_CURVE('',#5848,#4625,#5856,.T.);
#5856 = LINE('',#5857,#5858);
#5857 = CARTESIAN_POINT('',(3.,1.3,1.27));
#5858 = VECTOR('',#5859,1.);
#5859 = DIRECTION('',(0.,0.865781720524,0.500421834463));
#5860 = PLANE('',#5861);
#5861 = AXIS2_PLACEMENT_3D('',#5862,#5863,#5864);
#5862 = CARTESIAN_POINT('',(3.,1.2070284193,0.61712900941));
#5863 = DIRECTION('',(-1.,-0.,-0.));
#5864 = DIRECTION('',(0.,0.,-1.));
#5865 = ADVANCED_FACE('',(#5866),#5899,.T.);
#5866 = FACE_BOUND('',#5867,.T.);
#5867 = EDGE_LOOP('',(#5868,#5876,#5884,#5892,#5898));
#5868 = ORIENTED_EDGE('',*,*,#5869,.T.);
#5869 = EDGE_CURVE('',#4633,#5870,#5872,.T.);
#5870 = VERTEX_POINT('',#5871);
#5871 = CARTESIAN_POINT('',(3.2,1.8,1.27));
#5872 = LINE('',#5873,#5874);
#5873 = CARTESIAN_POINT('',(3.,1.8,1.27));
#5874 = VECTOR('',#5875,1.);
#5875 = DIRECTION('',(1.,0.,0.));
#5876 = ORIENTED_EDGE('',*,*,#5877,.T.);
#5877 = EDGE_CURVE('',#5870,#5878,#5880,.T.);
#5878 = VERTEX_POINT('',#5879);
#5879 = CARTESIAN_POINT('',(3.2,1.8,2.E-02));
#5880 = LINE('',#5881,#5882);
#5881 = CARTESIAN_POINT('',(3.2,1.8,1.27));
#5882 = VECTOR('',#5883,1.);
#5883 = DIRECTION('',(0.,0.,-1.));
#5884 = ORIENTED_EDGE('',*,*,#5885,.F.);
#5885 = EDGE_CURVE('',#5886,#5878,#5888,.T.);
#5886 = VERTEX_POINT('',#5887);
#5887 = CARTESIAN_POINT('',(3.,1.8,2.E-02));
#5888 = LINE('',#5889,#5890);
#5889 = CARTESIAN_POINT('',(3.,1.8,2.E-02));
#5890 = VECTOR('',#5891,1.);
#5891 = DIRECTION('',(1.,0.,0.));
#5892 = ORIENTED_EDGE('',*,*,#5893,.F.);
#5893 = EDGE_CURVE('',#4585,#5886,#5894,.T.);
#5894 = LINE('',#5895,#5896);
#5895 = CARTESIAN_POINT('',(3.,1.8,1.27));
#5896 = VECTOR('',#5897,1.);
#5897 = DIRECTION('',(0.,0.,-1.));
#5898 = ORIENTED_EDGE('',*,*,#4640,.F.);
#5899 = PLANE('',#5900);
#5900 = AXIS2_PLACEMENT_3D('',#5901,#5902,#5903);
#5901 = CARTESIAN_POINT('',(3.,1.8,1.27));
#5902 = DIRECTION('',(0.,1.,0.));
#5903 = DIRECTION('',(0.,0.,-1.));
#5904 = ADVANCED_FACE('',(#5905),#5924,.F.);
#5905 = FACE_BOUND('',#5906,.F.);
#5906 = EDGE_LOOP('',(#5907,#5915,#5921,#5922,#5923));
#5907 = ORIENTED_EDGE('',*,*,#5908,.T.);
#5908 = EDGE_CURVE('',#5848,#5909,#5911,.T.);
#5909 = VERTEX_POINT('',#5910);
#5910 = CARTESIAN_POINT('',(3.2,1.3,1.27));
#5911 = LINE('',#5912,#5913);
#5912 = CARTESIAN_POINT('',(3.,1.3,1.27));
#5913 = VECTOR('',#5914,1.);
#5914 = DIRECTION('',(1.,0.,0.));
#5915 = ORIENTED_EDGE('',*,*,#5916,.T.);
#5916 = EDGE_CURVE('',#5909,#4948,#5917,.T.);
#5917 = LINE('',#5918,#5919);
#5918 = CARTESIAN_POINT('',(3.,1.3,1.27));
#5919 = VECTOR('',#5920,1.);
#5920 = DIRECTION('',(1.,0.,0.));
#5921 = ORIENTED_EDGE('',*,*,#4955,.T.);
#5922 = ORIENTED_EDGE('',*,*,#4624,.F.);
#5923 = ORIENTED_EDGE('',*,*,#5855,.F.);
#5924 = PLANE('',#5925);
#5925 = AXIS2_PLACEMENT_3D('',#5926,#5927,#5928);
#5926 = CARTESIAN_POINT('',(3.,1.3,1.27));
#5927 = DIRECTION('',(0.,-0.500421834463,0.865781720524));
#5928 = DIRECTION('',(0.,0.865781720524,0.500421834463));
#5929 = ADVANCED_FACE('',(#5930),#5940,.T.);
#5930 = FACE_BOUND('',#5931,.T.);
#5931 = EDGE_LOOP('',(#5932,#5933,#5939));
#5932 = ORIENTED_EDGE('',*,*,#4600,.T.);
#5933 = ORIENTED_EDGE('',*,*,#5934,.F.);
#5934 = EDGE_CURVE('',#4663,#4593,#5935,.T.);
#5935 = LINE('',#5936,#5937);
#5936 = CARTESIAN_POINT('',(-3.,1.3,1.27));
#5937 = VECTOR('',#5938,1.);
#5938 = DIRECTION('',(0.,1.,0.));
#5939 = ORIENTED_EDGE('',*,*,#4670,.T.);
#5940 = PLANE('',#5941);
#5941 = AXIS2_PLACEMENT_3D('',#5942,#5943,#5944);
#5942 = CARTESIAN_POINT('',(-3.,1.2070284193,0.61712900941));
#5943 = DIRECTION('',(-1.,-0.,-0.));
#5944 = DIRECTION('',(0.,0.,-1.));
#5945 = ADVANCED_FACE('',(#5946),#5979,.T.);
#5946 = FACE_BOUND('',#5947,.T.);
#5947 = EDGE_LOOP('',(#5948,#5956,#5957,#5965,#5973));
#5948 = ORIENTED_EDGE('',*,*,#5949,.T.);
#5949 = EDGE_CURVE('',#5950,#4593,#5952,.T.);
#5950 = VERTEX_POINT('',#5951);
#5951 = CARTESIAN_POINT('',(-3.2,1.8,1.27));
#5952 = LINE('',#5953,#5954);
#5953 = CARTESIAN_POINT('',(-3.2,1.8,1.27));
#5954 = VECTOR('',#5955,1.);
#5955 = DIRECTION('',(1.,0.,0.));
#5956 = ORIENTED_EDGE('',*,*,#4592,.T.);
#5957 = ORIENTED_EDGE('',*,*,#5958,.T.);
#5958 = EDGE_CURVE('',#4583,#5959,#5961,.T.);
#5959 = VERTEX_POINT('',#5960);
#5960 = CARTESIAN_POINT('',(-3.,1.8,2.E-02));
#5961 = LINE('',#5962,#5963);
#5962 = CARTESIAN_POINT('',(-3.,1.8,1.27));
#5963 = VECTOR('',#5964,1.);
#5964 = DIRECTION('',(0.,0.,-1.));
#5965 = ORIENTED_EDGE('',*,*,#5966,.F.);
#5966 = EDGE_CURVE('',#5967,#5959,#5969,.T.);
#5967 = VERTEX_POINT('',#5968);
#5968 = CARTESIAN_POINT('',(-3.2,1.8,2.E-02));
#5969 = LINE('',#5970,#5971);
#5970 = CARTESIAN_POINT('',(-3.2,1.8,2.E-02));
#5971 = VECTOR('',#5972,1.);
#5972 = DIRECTION('',(1.,0.,0.));
#5973 = ORIENTED_EDGE('',*,*,#5974,.F.);
#5974 = EDGE_CURVE('',#5950,#5967,#5975,.T.);
#5975 = LINE('',#5976,#5977);
#5976 = CARTESIAN_POINT('',(-3.2,1.8,1.27));
#5977 = VECTOR('',#5978,1.);
#5978 = DIRECTION('',(0.,0.,-1.));
#5979 = PLANE('',#5980);
#5980 = AXIS2_PLACEMENT_3D('',#5981,#5982,#5983);
#5981 = CARTESIAN_POINT('',(-3.2,1.8,1.27));
#5982 = DIRECTION('',(0.,1.,0.));
#5983 = DIRECTION('',(0.,0.,-1.));
#5984 = ADVANCED_FACE('',(#5985),#5996,.T.);
#5985 = FACE_BOUND('',#5986,.T.);
#5986 = EDGE_LOOP('',(#5987,#5988,#5989,#5990));
#5987 = ORIENTED_EDGE('',*,*,#4662,.T.);
#5988 = ORIENTED_EDGE('',*,*,#5934,.T.);
#5989 = ORIENTED_EDGE('',*,*,#5949,.F.);
#5990 = ORIENTED_EDGE('',*,*,#5991,.F.);
#5991 = EDGE_CURVE('',#4655,#5950,#5992,.T.);
#5992 = LINE('',#5993,#5994);
#5993 = CARTESIAN_POINT('',(-3.2,1.3,1.27));
#5994 = VECTOR('',#5995,1.);
#5995 = DIRECTION('',(0.,1.,0.));
#5996 = PLANE('',#5997);
#5997 = AXIS2_PLACEMENT_3D('',#5998,#5999,#6000);
#5998 = CARTESIAN_POINT('',(-3.2,1.3,1.27));
#5999 = DIRECTION('',(0.,0.,1.));
#6000 = DIRECTION('',(0.,1.,0.));
#6001 = ADVANCED_FACE('',(#6002),#6023,.T.);
#6002 = FACE_BOUND('',#6003,.T.);
#6003 = EDGE_LOOP('',(#6004,#6012,#6013,#6014,#6015,#6016,#6017));
#6004 = ORIENTED_EDGE('',*,*,#6005,.T.);
#6005 = EDGE_CURVE('',#6006,#4736,#6008,.T.);
#6006 = VERTEX_POINT('',#6007);
#6007 = CARTESIAN_POINT('',(-3.2,0.3,2.E-02));
#6008 = LINE('',#6009,#6010);
#6009 = CARTESIAN_POINT('',(-3.2,0.3,2.E-02));
#6010 = VECTOR('',#6011,1.);
#6011 = DIRECTION('',(0.,0.,1.));
#6012 = ORIENTED_EDGE('',*,*,#4743,.T.);
#6013 = ORIENTED_EDGE('',*,*,#4719,.T.);
#6014 = ORIENTED_EDGE('',*,*,#4695,.T.);
#6015 = ORIENTED_EDGE('',*,*,#5991,.T.);
#6016 = ORIENTED_EDGE('',*,*,#5974,.T.);
#6017 = ORIENTED_EDGE('',*,*,#6018,.T.);
#6018 = EDGE_CURVE('',#5967,#6006,#6019,.T.);
#6019 = LINE('',#6020,#6021);
#6020 = CARTESIAN_POINT('',(-3.2,1.8,2.E-02));
#6021 = VECTOR('',#6022,1.);
#6022 = DIRECTION('',(0.,-1.,-1.156482317318E-17));
#6023 = PLANE('',#6024);
#6024 = AXIS2_PLACEMENT_3D('',#6025,#6026,#6027);
#6025 = CARTESIAN_POINT('',(-3.2,1.168181818182,0.526818181818));
#6026 = DIRECTION('',(-1.,-0.,-0.));
#6027 = DIRECTION('',(0.,0.,-1.));
#6028 = ADVANCED_FACE('',(#6029),#6047,.T.);
#6029 = FACE_BOUND('',#6030,.T.);
#6030 = EDGE_LOOP('',(#6031,#6032,#6040,#6046));
#6031 = ORIENTED_EDGE('',*,*,#6005,.F.);
#6032 = ORIENTED_EDGE('',*,*,#6033,.T.);
#6033 = EDGE_CURVE('',#6006,#6034,#6036,.T.);
#6034 = VERTEX_POINT('',#6035);
#6035 = CARTESIAN_POINT('',(-3.,0.3,2.E-02));
#6036 = LINE('',#6037,#6038);
#6037 = CARTESIAN_POINT('',(-3.2,0.3,2.E-02));
#6038 = VECTOR('',#6039,1.);
#6039 = DIRECTION('',(1.,0.,0.));
#6040 = ORIENTED_EDGE('',*,*,#6041,.T.);
#6041 = EDGE_CURVE('',#6034,#4907,#6042,.T.);
#6042 = LINE('',#6043,#6044);
#6043 = CARTESIAN_POINT('',(-3.,0.3,2.E-02));
#6044 = VECTOR('',#6045,1.);
#6045 = DIRECTION('',(0.,0.,1.));
#6046 = ORIENTED_EDGE('',*,*,#4914,.F.);
#6047 = PLANE('',#6048);
#6048 = AXIS2_PLACEMENT_3D('',#6049,#6050,#6051);
#6049 = CARTESIAN_POINT('',(-3.2,0.3,2.E-02));
#6050 = DIRECTION('',(0.,-1.,0.));
#6051 = DIRECTION('',(0.,0.,1.));
#6052 = ADVANCED_FACE('',(#6053),#6064,.F.);
#6053 = FACE_BOUND('',#6054,.F.);
#6054 = EDGE_LOOP('',(#6055,#6061,#6062,#6063));
#6055 = ORIENTED_EDGE('',*,*,#6056,.T.);
#6056 = EDGE_CURVE('',#5959,#6034,#6057,.T.);
#6057 = LINE('',#6058,#6059);
#6058 = CARTESIAN_POINT('',(-3.,1.8,2.E-02));
#6059 = VECTOR('',#6060,1.);
#6060 = DIRECTION('',(0.,-1.,-1.156482317318E-17));
#6061 = ORIENTED_EDGE('',*,*,#6041,.T.);
#6062 = ORIENTED_EDGE('',*,*,#4906,.F.);
#6063 = ORIENTED_EDGE('',*,*,#5958,.T.);
#6064 = PLANE('',#6065);
#6065 = AXIS2_PLACEMENT_3D('',#6066,#6067,#6068);
#6066 = CARTESIAN_POINT('',(-3.,1.168181818182,0.526818181818));
#6067 = DIRECTION('',(-1.,-0.,-0.));
#6068 = DIRECTION('',(0.,0.,-1.));
#6069 = ADVANCED_FACE('',(#6070),#6088,.T.);
#6070 = FACE_BOUND('',#6071,.T.);
#6071 = EDGE_LOOP('',(#6072,#6080,#6086,#6087));
#6072 = ORIENTED_EDGE('',*,*,#6073,.T.);
#6073 = EDGE_CURVE('',#5886,#6074,#6076,.T.);
#6074 = VERTEX_POINT('',#6075);
#6075 = CARTESIAN_POINT('',(3.,0.3,2.E-02));
#6076 = LINE('',#6077,#6078);
#6077 = CARTESIAN_POINT('',(3.,1.8,2.E-02));
#6078 = VECTOR('',#6079,1.);
#6079 = DIRECTION('',(0.,-1.,-1.156482317318E-17));
#6080 = ORIENTED_EDGE('',*,*,#6081,.T.);
#6081 = EDGE_CURVE('',#6074,#4892,#6082,.T.);
#6082 = LINE('',#6083,#6084);
#6083 = CARTESIAN_POINT('',(3.,0.3,2.E-02));
#6084 = VECTOR('',#6085,1.);
#6085 = DIRECTION('',(0.,0.,1.));
#6086 = ORIENTED_EDGE('',*,*,#4899,.F.);
#6087 = ORIENTED_EDGE('',*,*,#5893,.T.);
#6088 = PLANE('',#6089);
#6089 = AXIS2_PLACEMENT_3D('',#6090,#6091,#6092);
#6090 = CARTESIAN_POINT('',(3.,1.168181818182,0.526818181818));
#6091 = DIRECTION('',(-1.,-0.,-0.));
#6092 = DIRECTION('',(0.,0.,-1.));
#6093 = ADVANCED_FACE('',(#6094),#6112,.T.);
#6094 = FACE_BOUND('',#6095,.T.);
#6095 = EDGE_LOOP('',(#6096,#6097,#6105,#6111));
#6096 = ORIENTED_EDGE('',*,*,#6081,.F.);
#6097 = ORIENTED_EDGE('',*,*,#6098,.T.);
#6098 = EDGE_CURVE('',#6074,#6099,#6101,.T.);
#6099 = VERTEX_POINT('',#6100);
#6100 = CARTESIAN_POINT('',(3.2,0.3,2.E-02));
#6101 = LINE('',#6102,#6103);
#6102 = CARTESIAN_POINT('',(3.,0.3,2.E-02));
#6103 = VECTOR('',#6104,1.);
#6104 = DIRECTION('',(1.,0.,0.));
#6105 = ORIENTED_EDGE('',*,*,#6106,.T.);
#6106 = EDGE_CURVE('',#6099,#4884,#6107,.T.);
#6107 = LINE('',#6108,#6109);
#6108 = CARTESIAN_POINT('',(3.2,0.3,2.E-02));
#6109 = VECTOR('',#6110,1.);
#6110 = DIRECTION('',(0.,0.,1.));
#6111 = ORIENTED_EDGE('',*,*,#4891,.F.);
#6112 = PLANE('',#6113);
#6113 = AXIS2_PLACEMENT_3D('',#6114,#6115,#6116);
#6114 = CARTESIAN_POINT('',(3.,0.3,2.E-02));
#6115 = DIRECTION('',(0.,-1.,0.));
#6116 = DIRECTION('',(0.,0.,1.));
#6117 = ADVANCED_FACE('',(#6118),#6136,.F.);
#6118 = FACE_BOUND('',#6119,.F.);
#6119 = EDGE_LOOP('',(#6120,#6128,#6129,#6130));
#6120 = ORIENTED_EDGE('',*,*,#6121,.F.);
#6121 = EDGE_CURVE('',#4884,#6122,#6124,.T.);
#6122 = VERTEX_POINT('',#6123);
#6123 = CARTESIAN_POINT('',(3.2,0.3,0.62));
#6124 = LINE('',#6125,#6126);
#6125 = CARTESIAN_POINT('',(3.2,0.3,2.E-02));
#6126 = VECTOR('',#6127,1.);
#6127 = DIRECTION('',(0.,0.,1.));
#6128 = ORIENTED_EDGE('',*,*,#4883,.T.);
#6129 = ORIENTED_EDGE('',*,*,#4931,.T.);
#6130 = ORIENTED_EDGE('',*,*,#6131,.F.);
#6131 = EDGE_CURVE('',#6122,#4932,#6132,.T.);
#6132 = LINE('',#6133,#6134);
#6133 = CARTESIAN_POINT('',(3.,0.3,0.62));
#6134 = VECTOR('',#6135,1.);
#6135 = DIRECTION('',(1.,0.,0.));
#6136 = PLANE('',#6137);
#6137 = AXIS2_PLACEMENT_3D('',#6138,#6139,#6140);
#6138 = CARTESIAN_POINT('',(3.,0.3,7.E-02));
#6139 = DIRECTION('',(0.,-1.,0.));
#6140 = DIRECTION('',(0.,0.,1.));
#6141 = ADVANCED_FACE('',(#6142),#6153,.T.);
#6142 = FACE_BOUND('',#6143,.T.);
#6143 = EDGE_LOOP('',(#6144,#6145,#6146,#6152));
#6144 = ORIENTED_EDGE('',*,*,#4860,.T.);
#6145 = ORIENTED_EDGE('',*,*,#5535,.T.);
#6146 = ORIENTED_EDGE('',*,*,#6147,.F.);
#6147 = EDGE_CURVE('',#5479,#5536,#6148,.T.);
#6148 = LINE('',#6149,#6150);
#6149 = CARTESIAN_POINT('',(1.9,-1.,0.));
#6150 = VECTOR('',#6151,1.);
#6151 = DIRECTION('',(1.,0.,0.));
#6152 = ORIENTED_EDGE('',*,*,#5478,.F.);
#6153 = PLANE('',#6154);
#6154 = AXIS2_PLACEMENT_3D('',#6155,#6156,#6157);
#6155 = CARTESIAN_POINT('',(1.9,-1.,7.E-02));
#6156 = DIRECTION('',(0.,1.,0.));
#6157 = DIRECTION('',(0.,0.,-1.));
#6158 = ADVANCED_FACE('',(#6159),#6170,.T.);
#6159 = FACE_BOUND('',#6160,.T.);
#6160 = EDGE_LOOP('',(#6161,#6162,#6163,#6169));
#6161 = ORIENTED_EDGE('',*,*,#4837,.T.);
#6162 = ORIENTED_EDGE('',*,*,#5438,.T.);
#6163 = ORIENTED_EDGE('',*,*,#6164,.F.);
#6164 = EDGE_CURVE('',#5382,#5439,#6165,.T.);
#6165 = LINE('',#6166,#6167);
#6166 = CARTESIAN_POINT('',(0.9,-1.,0.));
#6167 = VECTOR('',#6168,1.);
#6168 = DIRECTION('',(1.,0.,0.));
#6169 = ORIENTED_EDGE('',*,*,#5381,.F.);
#6170 = PLANE('',#6171);
#6171 = AXIS2_PLACEMENT_3D('',#6172,#6173,#6174);
#6172 = CARTESIAN_POINT('',(0.9,-1.,7.E-02));
#6173 = DIRECTION('',(0.,1.,0.));
#6174 = DIRECTION('',(0.,0.,-1.));
#6175 = ADVANCED_FACE('',(#6176),#6187,.T.);
#6176 = FACE_BOUND('',#6177,.T.);
#6177 = EDGE_LOOP('',(#6178,#6179,#6180,#6186));
#6178 = ORIENTED_EDGE('',*,*,#4814,.T.);
#6179 = ORIENTED_EDGE('',*,*,#5341,.T.);
#6180 = ORIENTED_EDGE('',*,*,#6181,.F.);
#6181 = EDGE_CURVE('',#5285,#5342,#6182,.T.);
#6182 = LINE('',#6183,#6184);
#6183 = CARTESIAN_POINT('',(-0.1,-1.,0.));
#6184 = VECTOR('',#6185,1.);
#6185 = DIRECTION('',(1.,0.,0.));
#6186 = ORIENTED_EDGE('',*,*,#5284,.F.);
#6187 = PLANE('',#6188);
#6188 = AXIS2_PLACEMENT_3D('',#6189,#6190,#6191);
#6189 = CARTESIAN_POINT('',(-0.1,-1.,7.E-02));
#6190 = DIRECTION('',(0.,1.,0.));
#6191 = DIRECTION('',(0.,0.,-1.));
#6192 = ADVANCED_FACE('',(#6193),#6204,.T.);
#6193 = FACE_BOUND('',#6194,.T.);
#6194 = EDGE_LOOP('',(#6195,#6196,#6197,#6203));
#6195 = ORIENTED_EDGE('',*,*,#4791,.T.);
#6196 = ORIENTED_EDGE('',*,*,#5244,.T.);
#6197 = ORIENTED_EDGE('',*,*,#6198,.F.);
#6198 = EDGE_CURVE('',#5188,#5245,#6199,.T.);
#6199 = LINE('',#6200,#6201);
#6200 = CARTESIAN_POINT('',(-1.1,-1.,0.));
#6201 = VECTOR('',#6202,1.);
#6202 = DIRECTION('',(1.,0.,0.));
#6203 = ORIENTED_EDGE('',*,*,#5187,.F.);
#6204 = PLANE('',#6205);
#6205 = AXIS2_PLACEMENT_3D('',#6206,#6207,#6208);
#6206 = CARTESIAN_POINT('',(-1.1,-1.,7.E-02));
#6207 = DIRECTION('',(0.,1.,0.));
#6208 = DIRECTION('',(0.,0.,-1.));
#6209 = ADVANCED_FACE('',(#6210),#6221,.T.);
#6210 = FACE_BOUND('',#6211,.T.);
#6211 = EDGE_LOOP('',(#6212,#6213,#6214,#6220));
#6212 = ORIENTED_EDGE('',*,*,#4768,.T.);
#6213 = ORIENTED_EDGE('',*,*,#5147,.T.);
#6214 = ORIENTED_EDGE('',*,*,#6215,.F.);
#6215 = EDGE_CURVE('',#5091,#5148,#6216,.T.);
#6216 = LINE('',#6217,#6218);
#6217 = CARTESIAN_POINT('',(-2.1,-1.,0.));
#6218 = VECTOR('',#6219,1.);
#6219 = DIRECTION('',(1.,0.,0.));
#6220 = ORIENTED_EDGE('',*,*,#5090,.F.);
#6221 = PLANE('',#6222);
#6222 = AXIS2_PLACEMENT_3D('',#6223,#6224,#6225);
#6223 = CARTESIAN_POINT('',(-2.1,-1.,7.E-02));
#6224 = DIRECTION('',(0.,1.,0.));
#6225 = DIRECTION('',(0.,0.,-1.));
#6226 = ADVANCED_FACE('',(#6227),#6238,.F.);
#6227 = FACE_BOUND('',#6228,.F.);
#6228 = EDGE_LOOP('',(#6229,#6235,#6236,#6237));
#6229 = ORIENTED_EDGE('',*,*,#6230,.T.);
#6230 = EDGE_CURVE('',#5035,#4972,#6231,.T.);
#6231 = LINE('',#6232,#6233);
#6232 = CARTESIAN_POINT('',(3.,-0.55,3.82));
#6233 = VECTOR('',#6234,1.);
#6234 = DIRECTION('',(1.,0.,0.));
#6235 = ORIENTED_EDGE('',*,*,#4979,.T.);
#6236 = ORIENTED_EDGE('',*,*,#5001,.F.);
#6237 = ORIENTED_EDGE('',*,*,#5042,.F.);
#6238 = PLANE('',#6239);
#6239 = AXIS2_PLACEMENT_3D('',#6240,#6241,#6242);
#6240 = CARTESIAN_POINT('',(3.,-0.55,3.82));
#6241 = DIRECTION('',(0.,1.,0.));
#6242 = DIRECTION('',(0.,0.,-1.));
#6243 = ADVANCED_FACE('',(#6244),#6250,.F.);
#6244 = FACE_BOUND('',#6245,.F.);
#6245 = EDGE_LOOP('',(#6246,#6247,#6248,#6249));
#6246 = ORIENTED_EDGE('',*,*,#5559,.T.);
#6247 = ORIENTED_EDGE('',*,*,#4971,.T.);
#6248 = ORIENTED_EDGE('',*,*,#6230,.F.);
#6249 = ORIENTED_EDGE('',*,*,#5034,.F.);
#6250 = PLANE('',#6251);
#6251 = AXIS2_PLACEMENT_3D('',#6252,#6253,#6254);
#6252 = CARTESIAN_POINT('',(3.,0.1,3.82));
#6253 = DIRECTION('',(0.,0.,-1.));
#6254 = DIRECTION('',(0.,-1.,0.));
#6255 = ADVANCED_FACE('',(#6256),#6274,.F.);
#6256 = FACE_BOUND('',#6257,.F.);
#6257 = EDGE_LOOP('',(#6258,#6266,#6272,#6273));
#6258 = ORIENTED_EDGE('',*,*,#6259,.F.);
#6259 = EDGE_CURVE('',#6260,#5909,#6262,.T.);
#6260 = VERTEX_POINT('',#6261);
#6261 = CARTESIAN_POINT('',(3.2,1.3,0.62));
#6262 = LINE('',#6263,#6264);
#6263 = CARTESIAN_POINT('',(3.2,1.3,0.62));
#6264 = VECTOR('',#6265,1.);
#6265 = DIRECTION('',(0.,0.,1.));
#6266 = ORIENTED_EDGE('',*,*,#6267,.T.);
#6267 = EDGE_CURVE('',#6260,#4940,#6268,.T.);
#6268 = LINE('',#6269,#6270);
#6269 = CARTESIAN_POINT('',(3.,1.3,0.62));
#6270 = VECTOR('',#6271,1.);
#6271 = DIRECTION('',(1.,0.,0.));
#6272 = ORIENTED_EDGE('',*,*,#4947,.T.);
#6273 = ORIENTED_EDGE('',*,*,#5916,.F.);
#6274 = PLANE('',#6275);
#6275 = AXIS2_PLACEMENT_3D('',#6276,#6277,#6278);
#6276 = CARTESIAN_POINT('',(3.,1.3,0.62));
#6277 = DIRECTION('',(0.,-1.,0.));
#6278 = DIRECTION('',(0.,0.,1.));
#6279 = ADVANCED_FACE('',(#6280),#6291,.F.);
#6280 = FACE_BOUND('',#6281,.F.);
#6281 = EDGE_LOOP('',(#6282,#6288,#6289,#6290));
#6282 = ORIENTED_EDGE('',*,*,#6283,.F.);
#6283 = EDGE_CURVE('',#6122,#6260,#6284,.T.);
#6284 = LINE('',#6285,#6286);
#6285 = CARTESIAN_POINT('',(3.2,0.3,0.62));
#6286 = VECTOR('',#6287,1.);
#6287 = DIRECTION('',(0.,1.,0.));
#6288 = ORIENTED_EDGE('',*,*,#6131,.T.);
#6289 = ORIENTED_EDGE('',*,*,#4939,.T.);
#6290 = ORIENTED_EDGE('',*,*,#6267,.F.);
#6291 = PLANE('',#6292);
#6292 = AXIS2_PLACEMENT_3D('',#6293,#6294,#6295);
#6293 = CARTESIAN_POINT('',(3.,0.3,0.62));
#6294 = DIRECTION('',(0.,0.,1.));
#6295 = DIRECTION('',(0.,1.,0.));
#6296 = ADVANCED_FACE('',(#6297),#6308,.T.);
#6297 = FACE_BOUND('',#6298,.T.);
#6298 = EDGE_LOOP('',(#6299,#6305,#6306,#6307));
#6299 = ORIENTED_EDGE('',*,*,#6300,.T.);
#6300 = EDGE_CURVE('',#5073,#5137,#6301,.T.);
#6301 = LINE('',#6302,#6303);
#6302 = CARTESIAN_POINT('',(-2.1,-1.8,0.));
#6303 = VECTOR('',#6304,1.);
#6304 = DIRECTION('',(1.,0.,0.));
#6305 = ORIENTED_EDGE('',*,*,#5136,.T.);
#6306 = ORIENTED_EDGE('',*,*,#5112,.F.);
#6307 = ORIENTED_EDGE('',*,*,#5072,.F.);
#6308 = PLANE('',#6309);
#6309 = AXIS2_PLACEMENT_3D('',#6310,#6311,#6312);
#6310 = CARTESIAN_POINT('',(-2.1,-1.8,0.));
#6311 = DIRECTION('',(0.,-1.,0.));
#6312 = DIRECTION('',(0.,0.,1.));
#6313 = ADVANCED_FACE('',(#6314),#6320,.T.);
#6314 = FACE_BOUND('',#6315,.T.);
#6315 = EDGE_LOOP('',(#6316,#6317,#6318,#6319));
#6316 = ORIENTED_EDGE('',*,*,#6215,.T.);
#6317 = ORIENTED_EDGE('',*,*,#5155,.T.);
#6318 = ORIENTED_EDGE('',*,*,#6300,.F.);
#6319 = ORIENTED_EDGE('',*,*,#5098,.F.);
#6320 = PLANE('',#6321);
#6321 = AXIS2_PLACEMENT_3D('',#6322,#6323,#6324);
#6322 = CARTESIAN_POINT('',(-2.1,-1.,0.));
#6323 = DIRECTION('',(0.,0.,-1.));
#6324 = DIRECTION('',(0.,-1.,0.));
#6325 = ADVANCED_FACE('',(#6326),#6337,.T.);
#6326 = FACE_BOUND('',#6327,.T.);
#6327 = EDGE_LOOP('',(#6328,#6334,#6335,#6336));
#6328 = ORIENTED_EDGE('',*,*,#6329,.T.);
#6329 = EDGE_CURVE('',#5170,#5234,#6330,.T.);
#6330 = LINE('',#6331,#6332);
#6331 = CARTESIAN_POINT('',(-1.1,-1.8,0.));
#6332 = VECTOR('',#6333,1.);
#6333 = DIRECTION('',(1.,0.,0.));
#6334 = ORIENTED_EDGE('',*,*,#5233,.T.);
#6335 = ORIENTED_EDGE('',*,*,#5209,.F.);
#6336 = ORIENTED_EDGE('',*,*,#5169,.F.);
#6337 = PLANE('',#6338);
#6338 = AXIS2_PLACEMENT_3D('',#6339,#6340,#6341);
#6339 = CARTESIAN_POINT('',(-1.1,-1.8,0.));
#6340 = DIRECTION('',(0.,-1.,0.));
#6341 = DIRECTION('',(0.,0.,1.));
#6342 = ADVANCED_FACE('',(#6343),#6349,.T.);
#6343 = FACE_BOUND('',#6344,.T.);
#6344 = EDGE_LOOP('',(#6345,#6346,#6347,#6348));
#6345 = ORIENTED_EDGE('',*,*,#6198,.T.);
#6346 = ORIENTED_EDGE('',*,*,#5252,.T.);
#6347 = ORIENTED_EDGE('',*,*,#6329,.F.);
#6348 = ORIENTED_EDGE('',*,*,#5195,.F.);
#6349 = PLANE('',#6350);
#6350 = AXIS2_PLACEMENT_3D('',#6351,#6352,#6353);
#6351 = CARTESIAN_POINT('',(-1.1,-1.,0.));
#6352 = DIRECTION('',(0.,0.,-1.));
#6353 = DIRECTION('',(0.,-1.,0.));
#6354 = ADVANCED_FACE('',(#6355),#6366,.T.);
#6355 = FACE_BOUND('',#6356,.T.);
#6356 = EDGE_LOOP('',(#6357,#6363,#6364,#6365));
#6357 = ORIENTED_EDGE('',*,*,#6358,.T.);
#6358 = EDGE_CURVE('',#5267,#5331,#6359,.T.);
#6359 = LINE('',#6360,#6361);
#6360 = CARTESIAN_POINT('',(-0.1,-1.8,0.));
#6361 = VECTOR('',#6362,1.);
#6362 = DIRECTION('',(1.,0.,0.));
#6363 = ORIENTED_EDGE('',*,*,#5330,.T.);
#6364 = ORIENTED_EDGE('',*,*,#5306,.F.);
#6365 = ORIENTED_EDGE('',*,*,#5266,.F.);
#6366 = PLANE('',#6367);
#6367 = AXIS2_PLACEMENT_3D('',#6368,#6369,#6370);
#6368 = CARTESIAN_POINT('',(-0.1,-1.8,0.));
#6369 = DIRECTION('',(0.,-1.,0.));
#6370 = DIRECTION('',(0.,0.,1.));
#6371 = ADVANCED_FACE('',(#6372),#6378,.T.);
#6372 = FACE_BOUND('',#6373,.T.);
#6373 = EDGE_LOOP('',(#6374,#6375,#6376,#6377));
#6374 = ORIENTED_EDGE('',*,*,#6181,.T.);
#6375 = ORIENTED_EDGE('',*,*,#5349,.T.);
#6376 = ORIENTED_EDGE('',*,*,#6358,.F.);
#6377 = ORIENTED_EDGE('',*,*,#5292,.F.);
#6378 = PLANE('',#6379);
#6379 = AXIS2_PLACEMENT_3D('',#6380,#6381,#6382);
#6380 = CARTESIAN_POINT('',(-0.1,-1.,0.));
#6381 = DIRECTION('',(0.,0.,-1.));
#6382 = DIRECTION('',(0.,-1.,0.));
#6383 = ADVANCED_FACE('',(#6384),#6395,.T.);
#6384 = FACE_BOUND('',#6385,.T.);
#6385 = EDGE_LOOP('',(#6386,#6392,#6393,#6394));
#6386 = ORIENTED_EDGE('',*,*,#6387,.T.);
#6387 = EDGE_CURVE('',#5364,#5428,#6388,.T.);
#6388 = LINE('',#6389,#6390);
#6389 = CARTESIAN_POINT('',(0.9,-1.8,0.));
#6390 = VECTOR('',#6391,1.);
#6391 = DIRECTION('',(1.,0.,0.));
#6392 = ORIENTED_EDGE('',*,*,#5427,.T.);
#6393 = ORIENTED_EDGE('',*,*,#5403,.F.);
#6394 = ORIENTED_EDGE('',*,*,#5363,.F.);
#6395 = PLANE('',#6396);
#6396 = AXIS2_PLACEMENT_3D('',#6397,#6398,#6399);
#6397 = CARTESIAN_POINT('',(0.9,-1.8,0.));
#6398 = DIRECTION('',(0.,-1.,0.));
#6399 = DIRECTION('',(0.,0.,1.));
#6400 = ADVANCED_FACE('',(#6401),#6407,.T.);
#6401 = FACE_BOUND('',#6402,.T.);
#6402 = EDGE_LOOP('',(#6403,#6404,#6405,#6406));
#6403 = ORIENTED_EDGE('',*,*,#6164,.T.);
#6404 = ORIENTED_EDGE('',*,*,#5446,.T.);
#6405 = ORIENTED_EDGE('',*,*,#6387,.F.);
#6406 = ORIENTED_EDGE('',*,*,#5389,.F.);
#6407 = PLANE('',#6408);
#6408 = AXIS2_PLACEMENT_3D('',#6409,#6410,#6411);
#6409 = CARTESIAN_POINT('',(0.9,-1.,0.));
#6410 = DIRECTION('',(0.,0.,-1.));
#6411 = DIRECTION('',(0.,-1.,0.));
#6412 = ADVANCED_FACE('',(#6413),#6424,.T.);
#6413 = FACE_BOUND('',#6414,.T.);
#6414 = EDGE_LOOP('',(#6415,#6421,#6422,#6423));
#6415 = ORIENTED_EDGE('',*,*,#6416,.T.);
#6416 = EDGE_CURVE('',#5461,#5525,#6417,.T.);
#6417 = LINE('',#6418,#6419);
#6418 = CARTESIAN_POINT('',(1.9,-1.8,0.));
#6419 = VECTOR('',#6420,1.);
#6420 = DIRECTION('',(1.,0.,0.));
#6421 = ORIENTED_EDGE('',*,*,#5524,.T.);
#6422 = ORIENTED_EDGE('',*,*,#5500,.F.);
#6423 = ORIENTED_EDGE('',*,*,#5460,.F.);
#6424 = PLANE('',#6425);
#6425 = AXIS2_PLACEMENT_3D('',#6426,#6427,#6428);
#6426 = CARTESIAN_POINT('',(1.9,-1.8,0.));
#6427 = DIRECTION('',(0.,-1.,0.));
#6428 = DIRECTION('',(0.,0.,1.));
#6429 = ADVANCED_FACE('',(#6430),#6436,.T.);
#6430 = FACE_BOUND('',#6431,.T.);
#6431 = EDGE_LOOP('',(#6432,#6433,#6434,#6435));
#6432 = ORIENTED_EDGE('',*,*,#6147,.T.);
#6433 = ORIENTED_EDGE('',*,*,#5543,.T.);
#6434 = ORIENTED_EDGE('',*,*,#6416,.F.);
#6435 = ORIENTED_EDGE('',*,*,#5486,.F.);
#6436 = PLANE('',#6437);
#6437 = AXIS2_PLACEMENT_3D('',#6438,#6439,#6440);
#6438 = CARTESIAN_POINT('',(1.9,-1.,0.));
#6439 = DIRECTION('',(0.,0.,-1.));
#6440 = DIRECTION('',(0.,-1.,0.));
#6441 = ADVANCED_FACE('',(#6442),#6448,.T.);
#6442 = FACE_BOUND('',#6443,.T.);
#6443 = EDGE_LOOP('',(#6444,#6445,#6446,#6447));
#6444 = ORIENTED_EDGE('',*,*,#5630,.T.);
#6445 = ORIENTED_EDGE('',*,*,#5653,.T.);
#6446 = ORIENTED_EDGE('',*,*,#5678,.T.);
#6447 = ORIENTED_EDGE('',*,*,#5606,.T.);
#6448 = PLANE('',#6449);
#6449 = AXIS2_PLACEMENT_3D('',#6450,#6451,#6452);
#6450 = CARTESIAN_POINT('',(2.651278864776E-16,0.6,1.92));
#6451 = DIRECTION('',(0.,0.,1.));
#6452 = DIRECTION('',(1.,0.,-0.));
#6453 = ADVANCED_FACE('',(#6454,#6460,#6494,#6528,#6562,#6596),#6630,.T.
  );
#6454 = FACE_BOUND('',#6455,.T.);
#6455 = EDGE_LOOP('',(#6456,#6457,#6458,#6459));
#6456 = ORIENTED_EDGE('',*,*,#5583,.T.);
#6457 = ORIENTED_EDGE('',*,*,#5694,.T.);
#6458 = ORIENTED_EDGE('',*,*,#5719,.T.);
#6459 = ORIENTED_EDGE('',*,*,#5830,.T.);
#6460 = FACE_BOUND('',#6461,.T.);
#6461 = EDGE_LOOP('',(#6462,#6472,#6480,#6488));
#6462 = ORIENTED_EDGE('',*,*,#6463,.F.);
#6463 = EDGE_CURVE('',#6464,#6466,#6468,.T.);
#6464 = VERTEX_POINT('',#6465);
#6465 = CARTESIAN_POINT('',(-2.1,0.5,1.32));
#6466 = VERTEX_POINT('',#6467);
#6467 = CARTESIAN_POINT('',(-1.9,0.5,1.32));
#6468 = LINE('',#6469,#6470);
#6469 = CARTESIAN_POINT('',(-2.1,0.5,1.32));
#6470 = VECTOR('',#6471,1.);
#6471 = DIRECTION('',(1.,0.,0.));
#6472 = ORIENTED_EDGE('',*,*,#6473,.F.);
#6473 = EDGE_CURVE('',#6474,#6464,#6476,.T.);
#6474 = VERTEX_POINT('',#6475);
#6475 = CARTESIAN_POINT('',(-2.1,0.98,1.32));
#6476 = LINE('',#6477,#6478);
#6477 = CARTESIAN_POINT('',(-2.1,0.98,1.32));
#6478 = VECTOR('',#6479,1.);
#6479 = DIRECTION('',(0.,-1.,-4.625929269271E-16));
#6480 = ORIENTED_EDGE('',*,*,#6481,.T.);
#6481 = EDGE_CURVE('',#6474,#6482,#6484,.T.);
#6482 = VERTEX_POINT('',#6483);
#6483 = CARTESIAN_POINT('',(-1.9,0.98,1.32));
#6484 = LINE('',#6485,#6486);
#6485 = CARTESIAN_POINT('',(-2.1,0.98,1.32));
#6486 = VECTOR('',#6487,1.);
#6487 = DIRECTION('',(1.,0.,0.));
#6488 = ORIENTED_EDGE('',*,*,#6489,.T.);
#6489 = EDGE_CURVE('',#6482,#6466,#6490,.T.);
#6490 = LINE('',#6491,#6492);
#6491 = CARTESIAN_POINT('',(-1.9,0.98,1.32));
#6492 = VECTOR('',#6493,1.);
#6493 = DIRECTION('',(0.,-1.,-4.625929269271E-16));
#6494 = FACE_BOUND('',#6495,.T.);
#6495 = EDGE_LOOP('',(#6496,#6506,#6514,#6522));
#6496 = ORIENTED_EDGE('',*,*,#6497,.F.);
#6497 = EDGE_CURVE('',#6498,#6500,#6502,.T.);
#6498 = VERTEX_POINT('',#6499);
#6499 = CARTESIAN_POINT('',(-1.1,0.5,1.32));
#6500 = VERTEX_POINT('',#6501);
#6501 = CARTESIAN_POINT('',(-0.9,0.5,1.32));
#6502 = LINE('',#6503,#6504);
#6503 = CARTESIAN_POINT('',(-1.1,0.5,1.32));
#6504 = VECTOR('',#6505,1.);
#6505 = DIRECTION('',(1.,0.,0.));
#6506 = ORIENTED_EDGE('',*,*,#6507,.F.);
#6507 = EDGE_CURVE('',#6508,#6498,#6510,.T.);
#6508 = VERTEX_POINT('',#6509);
#6509 = CARTESIAN_POINT('',(-1.1,0.98,1.32));
#6510 = LINE('',#6511,#6512);
#6511 = CARTESIAN_POINT('',(-1.1,0.98,1.32));
#6512 = VECTOR('',#6513,1.);
#6513 = DIRECTION('',(0.,-1.,-4.625929269271E-16));
#6514 = ORIENTED_EDGE('',*,*,#6515,.T.);
#6515 = EDGE_CURVE('',#6508,#6516,#6518,.T.);
#6516 = VERTEX_POINT('',#6517);
#6517 = CARTESIAN_POINT('',(-0.9,0.98,1.32));
#6518 = LINE('',#6519,#6520);
#6519 = CARTESIAN_POINT('',(-1.1,0.98,1.32));
#6520 = VECTOR('',#6521,1.);
#6521 = DIRECTION('',(1.,0.,0.));
#6522 = ORIENTED_EDGE('',*,*,#6523,.T.);
#6523 = EDGE_CURVE('',#6516,#6500,#6524,.T.);
#6524 = LINE('',#6525,#6526);
#6525 = CARTESIAN_POINT('',(-0.9,0.98,1.32));
#6526 = VECTOR('',#6527,1.);
#6527 = DIRECTION('',(0.,-1.,-4.625929269271E-16));
#6528 = FACE_BOUND('',#6529,.T.);
#6529 = EDGE_LOOP('',(#6530,#6540,#6548,#6556));
#6530 = ORIENTED_EDGE('',*,*,#6531,.F.);
#6531 = EDGE_CURVE('',#6532,#6534,#6536,.T.);
#6532 = VERTEX_POINT('',#6533);
#6533 = CARTESIAN_POINT('',(-0.1,0.5,1.32));
#6534 = VERTEX_POINT('',#6535);
#6535 = CARTESIAN_POINT('',(0.1,0.5,1.32));
#6536 = LINE('',#6537,#6538);
#6537 = CARTESIAN_POINT('',(-0.1,0.5,1.32));
#6538 = VECTOR('',#6539,1.);
#6539 = DIRECTION('',(1.,0.,0.));
#6540 = ORIENTED_EDGE('',*,*,#6541,.F.);
#6541 = EDGE_CURVE('',#6542,#6532,#6544,.T.);
#6542 = VERTEX_POINT('',#6543);
#6543 = CARTESIAN_POINT('',(-0.1,0.98,1.32));
#6544 = LINE('',#6545,#6546);
#6545 = CARTESIAN_POINT('',(-0.1,0.98,1.32));
#6546 = VECTOR('',#6547,1.);
#6547 = DIRECTION('',(0.,-1.,-4.625929269271E-16));
#6548 = ORIENTED_EDGE('',*,*,#6549,.T.);
#6549 = EDGE_CURVE('',#6542,#6550,#6552,.T.);
#6550 = VERTEX_POINT('',#6551);
#6551 = CARTESIAN_POINT('',(0.1,0.98,1.32));
#6552 = LINE('',#6553,#6554);
#6553 = CARTESIAN_POINT('',(-0.1,0.98,1.32));
#6554 = VECTOR('',#6555,1.);
#6555 = DIRECTION('',(1.,0.,0.));
#6556 = ORIENTED_EDGE('',*,*,#6557,.T.);
#6557 = EDGE_CURVE('',#6550,#6534,#6558,.T.);
#6558 = LINE('',#6559,#6560);
#6559 = CARTESIAN_POINT('',(0.1,0.98,1.32));
#6560 = VECTOR('',#6561,1.);
#6561 = DIRECTION('',(0.,-1.,-4.625929269271E-16));
#6562 = FACE_BOUND('',#6563,.T.);
#6563 = EDGE_LOOP('',(#6564,#6574,#6582,#6590));
#6564 = ORIENTED_EDGE('',*,*,#6565,.F.);
#6565 = EDGE_CURVE('',#6566,#6568,#6570,.T.);
#6566 = VERTEX_POINT('',#6567);
#6567 = CARTESIAN_POINT('',(0.9,0.5,1.32));
#6568 = VERTEX_POINT('',#6569);
#6569 = CARTESIAN_POINT('',(1.1,0.5,1.32));
#6570 = LINE('',#6571,#6572);
#6571 = CARTESIAN_POINT('',(0.9,0.5,1.32));
#6572 = VECTOR('',#6573,1.);
#6573 = DIRECTION('',(1.,0.,0.));
#6574 = ORIENTED_EDGE('',*,*,#6575,.F.);
#6575 = EDGE_CURVE('',#6576,#6566,#6578,.T.);
#6576 = VERTEX_POINT('',#6577);
#6577 = CARTESIAN_POINT('',(0.9,0.98,1.32));
#6578 = LINE('',#6579,#6580);
#6579 = CARTESIAN_POINT('',(0.9,0.98,1.32));
#6580 = VECTOR('',#6581,1.);
#6581 = DIRECTION('',(0.,-1.,-4.625929269271E-16));
#6582 = ORIENTED_EDGE('',*,*,#6583,.T.);
#6583 = EDGE_CURVE('',#6576,#6584,#6586,.T.);
#6584 = VERTEX_POINT('',#6585);
#6585 = CARTESIAN_POINT('',(1.1,0.98,1.32));
#6586 = LINE('',#6587,#6588);
#6587 = CARTESIAN_POINT('',(0.9,0.98,1.32));
#6588 = VECTOR('',#6589,1.);
#6589 = DIRECTION('',(1.,0.,0.));
#6590 = ORIENTED_EDGE('',*,*,#6591,.T.);
#6591 = EDGE_CURVE('',#6584,#6568,#6592,.T.);
#6592 = LINE('',#6593,#6594);
#6593 = CARTESIAN_POINT('',(1.1,0.98,1.32));
#6594 = VECTOR('',#6595,1.);
#6595 = DIRECTION('',(0.,-1.,-4.625929269271E-16));
#6596 = FACE_BOUND('',#6597,.T.);
#6597 = EDGE_LOOP('',(#6598,#6608,#6616,#6624));
#6598 = ORIENTED_EDGE('',*,*,#6599,.F.);
#6599 = EDGE_CURVE('',#6600,#6602,#6604,.T.);
#6600 = VERTEX_POINT('',#6601);
#6601 = CARTESIAN_POINT('',(1.9,0.5,1.32));
#6602 = VERTEX_POINT('',#6603);
#6603 = CARTESIAN_POINT('',(2.1,0.5,1.32));
#6604 = LINE('',#6605,#6606);
#6605 = CARTESIAN_POINT('',(1.9,0.5,1.32));
#6606 = VECTOR('',#6607,1.);
#6607 = DIRECTION('',(1.,0.,0.));
#6608 = ORIENTED_EDGE('',*,*,#6609,.F.);
#6609 = EDGE_CURVE('',#6610,#6600,#6612,.T.);
#6610 = VERTEX_POINT('',#6611);
#6611 = CARTESIAN_POINT('',(1.9,0.98,1.32));
#6612 = LINE('',#6613,#6614);
#6613 = CARTESIAN_POINT('',(1.9,0.98,1.32));
#6614 = VECTOR('',#6615,1.);
#6615 = DIRECTION('',(0.,-1.,-4.625929269271E-16));
#6616 = ORIENTED_EDGE('',*,*,#6617,.T.);
#6617 = EDGE_CURVE('',#6610,#6618,#6620,.T.);
#6618 = VERTEX_POINT('',#6619);
#6619 = CARTESIAN_POINT('',(2.1,0.98,1.32));
#6620 = LINE('',#6621,#6622);
#6621 = CARTESIAN_POINT('',(1.9,0.98,1.32));
#6622 = VECTOR('',#6623,1.);
#6623 = DIRECTION('',(1.,0.,0.));
#6624 = ORIENTED_EDGE('',*,*,#6625,.T.);
#6625 = EDGE_CURVE('',#6618,#6602,#6626,.T.);
#6626 = LINE('',#6627,#6628);
#6627 = CARTESIAN_POINT('',(2.1,0.98,1.32));
#6628 = VECTOR('',#6629,1.);
#6629 = DIRECTION('',(0.,-1.,-4.625929269271E-16));
#6630 = PLANE('',#6631);
#6631 = AXIS2_PLACEMENT_3D('',#6632,#6633,#6634);
#6632 = CARTESIAN_POINT('',(-5.921189464668E-17,0.35,1.32));
#6633 = DIRECTION('',(0.,0.,1.));
#6634 = DIRECTION('',(1.,0.,-0.));
#6635 = ADVANCED_FACE('',(#6636),#6642,.T.);
#6636 = FACE_BOUND('',#6637,.T.);
#6637 = EDGE_LOOP('',(#6638,#6639,#6640,#6641));
#6638 = ORIENTED_EDGE('',*,*,#5814,.T.);
#6639 = ORIENTED_EDGE('',*,*,#5742,.T.);
#6640 = ORIENTED_EDGE('',*,*,#5766,.T.);
#6641 = ORIENTED_EDGE('',*,*,#5789,.T.);
#6642 = PLANE('',#6643);
#6643 = AXIS2_PLACEMENT_3D('',#6644,#6645,#6646);
#6644 = CARTESIAN_POINT('',(2.651278864776E-16,0.6,1.92));
#6645 = DIRECTION('',(0.,0.,1.));
#6646 = DIRECTION('',(1.,0.,-0.));
#6647 = ADVANCED_FACE('',(#6648),#6659,.T.);
#6648 = FACE_BOUND('',#6649,.T.);
#6649 = EDGE_LOOP('',(#6650,#6651,#6657,#6658));
#6650 = ORIENTED_EDGE('',*,*,#5908,.T.);
#6651 = ORIENTED_EDGE('',*,*,#6652,.T.);
#6652 = EDGE_CURVE('',#5909,#5870,#6653,.T.);
#6653 = LINE('',#6654,#6655);
#6654 = CARTESIAN_POINT('',(3.2,1.3,1.27));
#6655 = VECTOR('',#6656,1.);
#6656 = DIRECTION('',(0.,1.,0.));
#6657 = ORIENTED_EDGE('',*,*,#5869,.F.);
#6658 = ORIENTED_EDGE('',*,*,#5847,.F.);
#6659 = PLANE('',#6660);
#6660 = AXIS2_PLACEMENT_3D('',#6661,#6662,#6663);
#6661 = CARTESIAN_POINT('',(3.,1.3,1.27));
#6662 = DIRECTION('',(0.,0.,1.));
#6663 = DIRECTION('',(0.,1.,0.));
#6664 = ADVANCED_FACE('',(#6665),#6676,.T.);
#6665 = FACE_BOUND('',#6666,.T.);
#6666 = EDGE_LOOP('',(#6667,#6668,#6674,#6675));
#6667 = ORIENTED_EDGE('',*,*,#5885,.T.);
#6668 = ORIENTED_EDGE('',*,*,#6669,.T.);
#6669 = EDGE_CURVE('',#5878,#6099,#6670,.T.);
#6670 = LINE('',#6671,#6672);
#6671 = CARTESIAN_POINT('',(3.2,1.8,2.E-02));
#6672 = VECTOR('',#6673,1.);
#6673 = DIRECTION('',(0.,-1.,-1.156482317318E-17));
#6674 = ORIENTED_EDGE('',*,*,#6098,.F.);
#6675 = ORIENTED_EDGE('',*,*,#6073,.F.);
#6676 = PLANE('',#6677);
#6677 = AXIS2_PLACEMENT_3D('',#6678,#6679,#6680);
#6678 = CARTESIAN_POINT('',(3.,1.8,2.E-02));
#6679 = DIRECTION('',(0.,1.156482317318E-17,-1.));
#6680 = DIRECTION('',(0.,-1.,-1.156482317318E-17));
#6681 = ADVANCED_FACE('',(#6682),#6691,.F.);
#6682 = FACE_BOUND('',#6683,.F.);
#6683 = EDGE_LOOP('',(#6684,#6685,#6686,#6687,#6688,#6689,#6690));
#6684 = ORIENTED_EDGE('',*,*,#6106,.T.);
#6685 = ORIENTED_EDGE('',*,*,#6121,.T.);
#6686 = ORIENTED_EDGE('',*,*,#6283,.T.);
#6687 = ORIENTED_EDGE('',*,*,#6259,.T.);
#6688 = ORIENTED_EDGE('',*,*,#6652,.T.);
#6689 = ORIENTED_EDGE('',*,*,#5877,.T.);
#6690 = ORIENTED_EDGE('',*,*,#6669,.T.);
#6691 = PLANE('',#6692);
#6692 = AXIS2_PLACEMENT_3D('',#6693,#6694,#6695);
#6693 = CARTESIAN_POINT('',(3.2,1.168181818182,0.526818181818));
#6694 = DIRECTION('',(-1.,-0.,-0.));
#6695 = DIRECTION('',(0.,0.,-1.));
#6696 = ADVANCED_FACE('',(#6697),#6703,.T.);
#6697 = FACE_BOUND('',#6698,.T.);
#6698 = EDGE_LOOP('',(#6699,#6700,#6701,#6702));
#6699 = ORIENTED_EDGE('',*,*,#5966,.T.);
#6700 = ORIENTED_EDGE('',*,*,#6056,.T.);
#6701 = ORIENTED_EDGE('',*,*,#6033,.F.);
#6702 = ORIENTED_EDGE('',*,*,#6018,.F.);
#6703 = PLANE('',#6704);
#6704 = AXIS2_PLACEMENT_3D('',#6705,#6706,#6707);
#6705 = CARTESIAN_POINT('',(-3.2,1.8,2.E-02));
#6706 = DIRECTION('',(0.,1.156482317318E-17,-1.));
#6707 = DIRECTION('',(0.,-1.,-1.156482317318E-17));
#6708 = ADVANCED_FACE('',(#6709),#6734,.T.);
#6709 = FACE_BOUND('',#6710,.T.);
#6710 = EDGE_LOOP('',(#6711,#6712,#6720,#6728));
#6711 = ORIENTED_EDGE('',*,*,#6463,.T.);
#6712 = ORIENTED_EDGE('',*,*,#6713,.T.);
#6713 = EDGE_CURVE('',#6466,#6714,#6716,.T.);
#6714 = VERTEX_POINT('',#6715);
#6715 = CARTESIAN_POINT('',(-1.9,0.63,3.07));
#6716 = LINE('',#6717,#6718);
#6717 = CARTESIAN_POINT('',(-1.9,0.5,1.32));
#6718 = VECTOR('',#6719,1.);
#6719 = DIRECTION('',(0.,7.408159078957E-02,0.997252183706));
#6720 = ORIENTED_EDGE('',*,*,#6721,.F.);
#6721 = EDGE_CURVE('',#6722,#6714,#6724,.T.);
#6722 = VERTEX_POINT('',#6723);
#6723 = CARTESIAN_POINT('',(-2.1,0.63,3.07));
#6724 = LINE('',#6725,#6726);
#6725 = CARTESIAN_POINT('',(-2.1,0.63,3.07));
#6726 = VECTOR('',#6727,1.);
#6727 = DIRECTION('',(1.,0.,0.));
#6728 = ORIENTED_EDGE('',*,*,#6729,.F.);
#6729 = EDGE_CURVE('',#6464,#6722,#6730,.T.);
#6730 = LINE('',#6731,#6732);
#6731 = CARTESIAN_POINT('',(-2.1,0.5,1.32));
#6732 = VECTOR('',#6733,1.);
#6733 = DIRECTION('',(0.,7.408159078957E-02,0.997252183706));
#6734 = PLANE('',#6735);
#6735 = AXIS2_PLACEMENT_3D('',#6736,#6737,#6738);
#6736 = CARTESIAN_POINT('',(-2.1,0.5,1.32));
#6737 = DIRECTION('',(0.,-0.997252183706,7.408159078957E-02));
#6738 = DIRECTION('',(0.,7.408159078957E-02,0.997252183706));
#6739 = ADVANCED_FACE('',(#6740),#6758,.F.);
#6740 = FACE_BOUND('',#6741,.F.);
#6741 = EDGE_LOOP('',(#6742,#6743,#6751,#6757));
#6742 = ORIENTED_EDGE('',*,*,#6713,.T.);
#6743 = ORIENTED_EDGE('',*,*,#6744,.T.);
#6744 = EDGE_CURVE('',#6714,#6745,#6747,.T.);
#6745 = VERTEX_POINT('',#6746);
#6746 = CARTESIAN_POINT('',(-1.9,0.98,3.07));
#6747 = LINE('',#6748,#6749);
#6748 = CARTESIAN_POINT('',(-1.9,0.63,3.07));
#6749 = VECTOR('',#6750,1.);
#6750 = DIRECTION('',(0.,1.,0.));
#6751 = ORIENTED_EDGE('',*,*,#6752,.T.);
#6752 = EDGE_CURVE('',#6745,#6482,#6753,.T.);
#6753 = LINE('',#6754,#6755);
#6754 = CARTESIAN_POINT('',(-1.9,0.98,3.07));
#6755 = VECTOR('',#6756,1.);
#6756 = DIRECTION('',(0.,0.,-1.));
#6757 = ORIENTED_EDGE('',*,*,#6489,.T.);
#6758 = PLANE('',#6759);
#6759 = AXIS2_PLACEMENT_3D('',#6760,#6761,#6762);
#6760 = CARTESIAN_POINT('',(-1.9,0.771294517928,2.168759014354));
#6761 = DIRECTION('',(-1.,-0.,-0.));
#6762 = DIRECTION('',(0.,0.,-1.));
#6763 = ADVANCED_FACE('',(#6764),#6782,.T.);
#6764 = FACE_BOUND('',#6765,.T.);
#6765 = EDGE_LOOP('',(#6766,#6774,#6775,#6776));
#6766 = ORIENTED_EDGE('',*,*,#6767,.T.);
#6767 = EDGE_CURVE('',#6768,#6745,#6770,.T.);
#6768 = VERTEX_POINT('',#6769);
#6769 = CARTESIAN_POINT('',(-2.1,0.98,3.07));
#6770 = LINE('',#6771,#6772);
#6771 = CARTESIAN_POINT('',(-2.1,0.98,3.07));
#6772 = VECTOR('',#6773,1.);
#6773 = DIRECTION('',(1.,0.,0.));
#6774 = ORIENTED_EDGE('',*,*,#6752,.T.);
#6775 = ORIENTED_EDGE('',*,*,#6481,.F.);
#6776 = ORIENTED_EDGE('',*,*,#6777,.F.);
#6777 = EDGE_CURVE('',#6768,#6474,#6778,.T.);
#6778 = LINE('',#6779,#6780);
#6779 = CARTESIAN_POINT('',(-2.1,0.98,3.07));
#6780 = VECTOR('',#6781,1.);
#6781 = DIRECTION('',(0.,0.,-1.));
#6782 = PLANE('',#6783);
#6783 = AXIS2_PLACEMENT_3D('',#6784,#6785,#6786);
#6784 = CARTESIAN_POINT('',(-2.1,0.98,3.07));
#6785 = DIRECTION('',(0.,1.,0.));
#6786 = DIRECTION('',(0.,0.,-1.));
#6787 = ADVANCED_FACE('',(#6788),#6799,.T.);
#6788 = FACE_BOUND('',#6789,.T.);
#6789 = EDGE_LOOP('',(#6790,#6791,#6797,#6798));
#6790 = ORIENTED_EDGE('',*,*,#6729,.T.);
#6791 = ORIENTED_EDGE('',*,*,#6792,.T.);
#6792 = EDGE_CURVE('',#6722,#6768,#6793,.T.);
#6793 = LINE('',#6794,#6795);
#6794 = CARTESIAN_POINT('',(-2.1,0.63,3.07));
#6795 = VECTOR('',#6796,1.);
#6796 = DIRECTION('',(0.,1.,0.));
#6797 = ORIENTED_EDGE('',*,*,#6777,.T.);
#6798 = ORIENTED_EDGE('',*,*,#6473,.T.);
#6799 = PLANE('',#6800);
#6800 = AXIS2_PLACEMENT_3D('',#6801,#6802,#6803);
#6801 = CARTESIAN_POINT('',(-2.1,0.771294517928,2.168759014354));
#6802 = DIRECTION('',(-1.,-0.,-0.));
#6803 = DIRECTION('',(0.,0.,-1.));
#6804 = ADVANCED_FACE('',(#6805),#6830,.T.);
#6805 = FACE_BOUND('',#6806,.T.);
#6806 = EDGE_LOOP('',(#6807,#6808,#6816,#6824));
#6807 = ORIENTED_EDGE('',*,*,#6497,.T.);
#6808 = ORIENTED_EDGE('',*,*,#6809,.T.);
#6809 = EDGE_CURVE('',#6500,#6810,#6812,.T.);
#6810 = VERTEX_POINT('',#6811);
#6811 = CARTESIAN_POINT('',(-0.9,0.63,3.07));
#6812 = LINE('',#6813,#6814);
#6813 = CARTESIAN_POINT('',(-0.9,0.5,1.32));
#6814 = VECTOR('',#6815,1.);
#6815 = DIRECTION('',(0.,7.408159078957E-02,0.997252183706));
#6816 = ORIENTED_EDGE('',*,*,#6817,.F.);
#6817 = EDGE_CURVE('',#6818,#6810,#6820,.T.);
#6818 = VERTEX_POINT('',#6819);
#6819 = CARTESIAN_POINT('',(-1.1,0.63,3.07));
#6820 = LINE('',#6821,#6822);
#6821 = CARTESIAN_POINT('',(-1.1,0.63,3.07));
#6822 = VECTOR('',#6823,1.);
#6823 = DIRECTION('',(1.,0.,0.));
#6824 = ORIENTED_EDGE('',*,*,#6825,.F.);
#6825 = EDGE_CURVE('',#6498,#6818,#6826,.T.);
#6826 = LINE('',#6827,#6828);
#6827 = CARTESIAN_POINT('',(-1.1,0.5,1.32));
#6828 = VECTOR('',#6829,1.);
#6829 = DIRECTION('',(0.,7.408159078957E-02,0.997252183706));
#6830 = PLANE('',#6831);
#6831 = AXIS2_PLACEMENT_3D('',#6832,#6833,#6834);
#6832 = CARTESIAN_POINT('',(-1.1,0.5,1.32));
#6833 = DIRECTION('',(0.,-0.997252183706,7.408159078957E-02));
#6834 = DIRECTION('',(0.,7.408159078957E-02,0.997252183706));
#6835 = ADVANCED_FACE('',(#6836),#6854,.F.);
#6836 = FACE_BOUND('',#6837,.F.);
#6837 = EDGE_LOOP('',(#6838,#6839,#6847,#6853));
#6838 = ORIENTED_EDGE('',*,*,#6809,.T.);
#6839 = ORIENTED_EDGE('',*,*,#6840,.T.);
#6840 = EDGE_CURVE('',#6810,#6841,#6843,.T.);
#6841 = VERTEX_POINT('',#6842);
#6842 = CARTESIAN_POINT('',(-0.9,0.98,3.07));
#6843 = LINE('',#6844,#6845);
#6844 = CARTESIAN_POINT('',(-0.9,0.63,3.07));
#6845 = VECTOR('',#6846,1.);
#6846 = DIRECTION('',(0.,1.,0.));
#6847 = ORIENTED_EDGE('',*,*,#6848,.T.);
#6848 = EDGE_CURVE('',#6841,#6516,#6849,.T.);
#6849 = LINE('',#6850,#6851);
#6850 = CARTESIAN_POINT('',(-0.9,0.98,3.07));
#6851 = VECTOR('',#6852,1.);
#6852 = DIRECTION('',(0.,0.,-1.));
#6853 = ORIENTED_EDGE('',*,*,#6523,.T.);
#6854 = PLANE('',#6855);
#6855 = AXIS2_PLACEMENT_3D('',#6856,#6857,#6858);
#6856 = CARTESIAN_POINT('',(-0.9,0.771294517928,2.168759014354));
#6857 = DIRECTION('',(-1.,-0.,-0.));
#6858 = DIRECTION('',(0.,0.,-1.));
#6859 = ADVANCED_FACE('',(#6860),#6878,.T.);
#6860 = FACE_BOUND('',#6861,.T.);
#6861 = EDGE_LOOP('',(#6862,#6870,#6871,#6872));
#6862 = ORIENTED_EDGE('',*,*,#6863,.T.);
#6863 = EDGE_CURVE('',#6864,#6841,#6866,.T.);
#6864 = VERTEX_POINT('',#6865);
#6865 = CARTESIAN_POINT('',(-1.1,0.98,3.07));
#6866 = LINE('',#6867,#6868);
#6867 = CARTESIAN_POINT('',(-1.1,0.98,3.07));
#6868 = VECTOR('',#6869,1.);
#6869 = DIRECTION('',(1.,0.,0.));
#6870 = ORIENTED_EDGE('',*,*,#6848,.T.);
#6871 = ORIENTED_EDGE('',*,*,#6515,.F.);
#6872 = ORIENTED_EDGE('',*,*,#6873,.F.);
#6873 = EDGE_CURVE('',#6864,#6508,#6874,.T.);
#6874 = LINE('',#6875,#6876);
#6875 = CARTESIAN_POINT('',(-1.1,0.98,3.07));
#6876 = VECTOR('',#6877,1.);
#6877 = DIRECTION('',(0.,0.,-1.));
#6878 = PLANE('',#6879);
#6879 = AXIS2_PLACEMENT_3D('',#6880,#6881,#6882);
#6880 = CARTESIAN_POINT('',(-1.1,0.98,3.07));
#6881 = DIRECTION('',(0.,1.,0.));
#6882 = DIRECTION('',(0.,0.,-1.));
#6883 = ADVANCED_FACE('',(#6884),#6895,.T.);
#6884 = FACE_BOUND('',#6885,.T.);
#6885 = EDGE_LOOP('',(#6886,#6887,#6893,#6894));
#6886 = ORIENTED_EDGE('',*,*,#6825,.T.);
#6887 = ORIENTED_EDGE('',*,*,#6888,.T.);
#6888 = EDGE_CURVE('',#6818,#6864,#6889,.T.);
#6889 = LINE('',#6890,#6891);
#6890 = CARTESIAN_POINT('',(-1.1,0.63,3.07));
#6891 = VECTOR('',#6892,1.);
#6892 = DIRECTION('',(0.,1.,0.));
#6893 = ORIENTED_EDGE('',*,*,#6873,.T.);
#6894 = ORIENTED_EDGE('',*,*,#6507,.T.);
#6895 = PLANE('',#6896);
#6896 = AXIS2_PLACEMENT_3D('',#6897,#6898,#6899);
#6897 = CARTESIAN_POINT('',(-1.1,0.771294517928,2.168759014354));
#6898 = DIRECTION('',(-1.,-0.,-0.));
#6899 = DIRECTION('',(0.,0.,-1.));
#6900 = ADVANCED_FACE('',(#6901),#6926,.T.);
#6901 = FACE_BOUND('',#6902,.T.);
#6902 = EDGE_LOOP('',(#6903,#6904,#6912,#6920));
#6903 = ORIENTED_EDGE('',*,*,#6531,.T.);
#6904 = ORIENTED_EDGE('',*,*,#6905,.T.);
#6905 = EDGE_CURVE('',#6534,#6906,#6908,.T.);
#6906 = VERTEX_POINT('',#6907);
#6907 = CARTESIAN_POINT('',(0.1,0.63,3.07));
#6908 = LINE('',#6909,#6910);
#6909 = CARTESIAN_POINT('',(0.1,0.5,1.32));
#6910 = VECTOR('',#6911,1.);
#6911 = DIRECTION('',(0.,7.408159078957E-02,0.997252183706));
#6912 = ORIENTED_EDGE('',*,*,#6913,.F.);
#6913 = EDGE_CURVE('',#6914,#6906,#6916,.T.);
#6914 = VERTEX_POINT('',#6915);
#6915 = CARTESIAN_POINT('',(-0.1,0.63,3.07));
#6916 = LINE('',#6917,#6918);
#6917 = CARTESIAN_POINT('',(-0.1,0.63,3.07));
#6918 = VECTOR('',#6919,1.);
#6919 = DIRECTION('',(1.,0.,0.));
#6920 = ORIENTED_EDGE('',*,*,#6921,.F.);
#6921 = EDGE_CURVE('',#6532,#6914,#6922,.T.);
#6922 = LINE('',#6923,#6924);
#6923 = CARTESIAN_POINT('',(-0.1,0.5,1.32));
#6924 = VECTOR('',#6925,1.);
#6925 = DIRECTION('',(0.,7.408159078957E-02,0.997252183706));
#6926 = PLANE('',#6927);
#6927 = AXIS2_PLACEMENT_3D('',#6928,#6929,#6930);
#6928 = CARTESIAN_POINT('',(-0.1,0.5,1.32));
#6929 = DIRECTION('',(0.,-0.997252183706,7.408159078957E-02));
#6930 = DIRECTION('',(0.,7.408159078957E-02,0.997252183706));
#6931 = ADVANCED_FACE('',(#6932),#6950,.F.);
#6932 = FACE_BOUND('',#6933,.F.);
#6933 = EDGE_LOOP('',(#6934,#6935,#6943,#6949));
#6934 = ORIENTED_EDGE('',*,*,#6905,.T.);
#6935 = ORIENTED_EDGE('',*,*,#6936,.T.);
#6936 = EDGE_CURVE('',#6906,#6937,#6939,.T.);
#6937 = VERTEX_POINT('',#6938);
#6938 = CARTESIAN_POINT('',(0.1,0.98,3.07));
#6939 = LINE('',#6940,#6941);
#6940 = CARTESIAN_POINT('',(0.1,0.63,3.07));
#6941 = VECTOR('',#6942,1.);
#6942 = DIRECTION('',(0.,1.,0.));
#6943 = ORIENTED_EDGE('',*,*,#6944,.T.);
#6944 = EDGE_CURVE('',#6937,#6550,#6945,.T.);
#6945 = LINE('',#6946,#6947);
#6946 = CARTESIAN_POINT('',(0.1,0.98,3.07));
#6947 = VECTOR('',#6948,1.);
#6948 = DIRECTION('',(0.,0.,-1.));
#6949 = ORIENTED_EDGE('',*,*,#6557,.T.);
#6950 = PLANE('',#6951);
#6951 = AXIS2_PLACEMENT_3D('',#6952,#6953,#6954);
#6952 = CARTESIAN_POINT('',(0.1,0.771294517928,2.168759014354));
#6953 = DIRECTION('',(-1.,-0.,-0.));
#6954 = DIRECTION('',(0.,0.,-1.));
#6955 = ADVANCED_FACE('',(#6956),#6974,.T.);
#6956 = FACE_BOUND('',#6957,.T.);
#6957 = EDGE_LOOP('',(#6958,#6966,#6967,#6968));
#6958 = ORIENTED_EDGE('',*,*,#6959,.T.);
#6959 = EDGE_CURVE('',#6960,#6937,#6962,.T.);
#6960 = VERTEX_POINT('',#6961);
#6961 = CARTESIAN_POINT('',(-0.1,0.98,3.07));
#6962 = LINE('',#6963,#6964);
#6963 = CARTESIAN_POINT('',(-0.1,0.98,3.07));
#6964 = VECTOR('',#6965,1.);
#6965 = DIRECTION('',(1.,0.,0.));
#6966 = ORIENTED_EDGE('',*,*,#6944,.T.);
#6967 = ORIENTED_EDGE('',*,*,#6549,.F.);
#6968 = ORIENTED_EDGE('',*,*,#6969,.F.);
#6969 = EDGE_CURVE('',#6960,#6542,#6970,.T.);
#6970 = LINE('',#6971,#6972);
#6971 = CARTESIAN_POINT('',(-0.1,0.98,3.07));
#6972 = VECTOR('',#6973,1.);
#6973 = DIRECTION('',(0.,0.,-1.));
#6974 = PLANE('',#6975);
#6975 = AXIS2_PLACEMENT_3D('',#6976,#6977,#6978);
#6976 = CARTESIAN_POINT('',(-0.1,0.98,3.07));
#6977 = DIRECTION('',(0.,1.,0.));
#6978 = DIRECTION('',(0.,0.,-1.));
#6979 = ADVANCED_FACE('',(#6980),#6991,.T.);
#6980 = FACE_BOUND('',#6981,.T.);
#6981 = EDGE_LOOP('',(#6982,#6983,#6989,#6990));
#6982 = ORIENTED_EDGE('',*,*,#6921,.T.);
#6983 = ORIENTED_EDGE('',*,*,#6984,.T.);
#6984 = EDGE_CURVE('',#6914,#6960,#6985,.T.);
#6985 = LINE('',#6986,#6987);
#6986 = CARTESIAN_POINT('',(-0.1,0.63,3.07));
#6987 = VECTOR('',#6988,1.);
#6988 = DIRECTION('',(0.,1.,0.));
#6989 = ORIENTED_EDGE('',*,*,#6969,.T.);
#6990 = ORIENTED_EDGE('',*,*,#6541,.T.);
#6991 = PLANE('',#6992);
#6992 = AXIS2_PLACEMENT_3D('',#6993,#6994,#6995);
#6993 = CARTESIAN_POINT('',(-0.1,0.771294517928,2.168759014354));
#6994 = DIRECTION('',(-1.,-0.,-0.));
#6995 = DIRECTION('',(0.,0.,-1.));
#6996 = ADVANCED_FACE('',(#6997),#7022,.T.);
#6997 = FACE_BOUND('',#6998,.T.);
#6998 = EDGE_LOOP('',(#6999,#7000,#7008,#7016));
#6999 = ORIENTED_EDGE('',*,*,#6565,.T.);
#7000 = ORIENTED_EDGE('',*,*,#7001,.T.);
#7001 = EDGE_CURVE('',#6568,#7002,#7004,.T.);
#7002 = VERTEX_POINT('',#7003);
#7003 = CARTESIAN_POINT('',(1.1,0.63,3.07));
#7004 = LINE('',#7005,#7006);
#7005 = CARTESIAN_POINT('',(1.1,0.5,1.32));
#7006 = VECTOR('',#7007,1.);
#7007 = DIRECTION('',(0.,7.408159078957E-02,0.997252183706));
#7008 = ORIENTED_EDGE('',*,*,#7009,.F.);
#7009 = EDGE_CURVE('',#7010,#7002,#7012,.T.);
#7010 = VERTEX_POINT('',#7011);
#7011 = CARTESIAN_POINT('',(0.9,0.63,3.07));
#7012 = LINE('',#7013,#7014);
#7013 = CARTESIAN_POINT('',(0.9,0.63,3.07));
#7014 = VECTOR('',#7015,1.);
#7015 = DIRECTION('',(1.,0.,0.));
#7016 = ORIENTED_EDGE('',*,*,#7017,.F.);
#7017 = EDGE_CURVE('',#6566,#7010,#7018,.T.);
#7018 = LINE('',#7019,#7020);
#7019 = CARTESIAN_POINT('',(0.9,0.5,1.32));
#7020 = VECTOR('',#7021,1.);
#7021 = DIRECTION('',(0.,7.408159078957E-02,0.997252183706));
#7022 = PLANE('',#7023);
#7023 = AXIS2_PLACEMENT_3D('',#7024,#7025,#7026);
#7024 = CARTESIAN_POINT('',(0.9,0.5,1.32));
#7025 = DIRECTION('',(0.,-0.997252183706,7.408159078957E-02));
#7026 = DIRECTION('',(0.,7.408159078957E-02,0.997252183706));
#7027 = ADVANCED_FACE('',(#7028),#7046,.F.);
#7028 = FACE_BOUND('',#7029,.F.);
#7029 = EDGE_LOOP('',(#7030,#7031,#7039,#7045));
#7030 = ORIENTED_EDGE('',*,*,#7001,.T.);
#7031 = ORIENTED_EDGE('',*,*,#7032,.T.);
#7032 = EDGE_CURVE('',#7002,#7033,#7035,.T.);
#7033 = VERTEX_POINT('',#7034);
#7034 = CARTESIAN_POINT('',(1.1,0.98,3.07));
#7035 = LINE('',#7036,#7037);
#7036 = CARTESIAN_POINT('',(1.1,0.63,3.07));
#7037 = VECTOR('',#7038,1.);
#7038 = DIRECTION('',(0.,1.,0.));
#7039 = ORIENTED_EDGE('',*,*,#7040,.T.);
#7040 = EDGE_CURVE('',#7033,#6584,#7041,.T.);
#7041 = LINE('',#7042,#7043);
#7042 = CARTESIAN_POINT('',(1.1,0.98,3.07));
#7043 = VECTOR('',#7044,1.);
#7044 = DIRECTION('',(0.,0.,-1.));
#7045 = ORIENTED_EDGE('',*,*,#6591,.T.);
#7046 = PLANE('',#7047);
#7047 = AXIS2_PLACEMENT_3D('',#7048,#7049,#7050);
#7048 = CARTESIAN_POINT('',(1.1,0.771294517928,2.168759014354));
#7049 = DIRECTION('',(-1.,-0.,-0.));
#7050 = DIRECTION('',(0.,0.,-1.));
#7051 = ADVANCED_FACE('',(#7052),#7070,.T.);
#7052 = FACE_BOUND('',#7053,.T.);
#7053 = EDGE_LOOP('',(#7054,#7062,#7063,#7064));
#7054 = ORIENTED_EDGE('',*,*,#7055,.T.);
#7055 = EDGE_CURVE('',#7056,#7033,#7058,.T.);
#7056 = VERTEX_POINT('',#7057);
#7057 = CARTESIAN_POINT('',(0.9,0.98,3.07));
#7058 = LINE('',#7059,#7060);
#7059 = CARTESIAN_POINT('',(0.9,0.98,3.07));
#7060 = VECTOR('',#7061,1.);
#7061 = DIRECTION('',(1.,0.,0.));
#7062 = ORIENTED_EDGE('',*,*,#7040,.T.);
#7063 = ORIENTED_EDGE('',*,*,#6583,.F.);
#7064 = ORIENTED_EDGE('',*,*,#7065,.F.);
#7065 = EDGE_CURVE('',#7056,#6576,#7066,.T.);
#7066 = LINE('',#7067,#7068);
#7067 = CARTESIAN_POINT('',(0.9,0.98,3.07));
#7068 = VECTOR('',#7069,1.);
#7069 = DIRECTION('',(0.,0.,-1.));
#7070 = PLANE('',#7071);
#7071 = AXIS2_PLACEMENT_3D('',#7072,#7073,#7074);
#7072 = CARTESIAN_POINT('',(0.9,0.98,3.07));
#7073 = DIRECTION('',(0.,1.,0.));
#7074 = DIRECTION('',(0.,0.,-1.));
#7075 = ADVANCED_FACE('',(#7076),#7087,.T.);
#7076 = FACE_BOUND('',#7077,.T.);
#7077 = EDGE_LOOP('',(#7078,#7079,#7085,#7086));
#7078 = ORIENTED_EDGE('',*,*,#7017,.T.);
#7079 = ORIENTED_EDGE('',*,*,#7080,.T.);
#7080 = EDGE_CURVE('',#7010,#7056,#7081,.T.);
#7081 = LINE('',#7082,#7083);
#7082 = CARTESIAN_POINT('',(0.9,0.63,3.07));
#7083 = VECTOR('',#7084,1.);
#7084 = DIRECTION('',(0.,1.,0.));
#7085 = ORIENTED_EDGE('',*,*,#7065,.T.);
#7086 = ORIENTED_EDGE('',*,*,#6575,.T.);
#7087 = PLANE('',#7088);
#7088 = AXIS2_PLACEMENT_3D('',#7089,#7090,#7091);
#7089 = CARTESIAN_POINT('',(0.9,0.771294517928,2.168759014354));
#7090 = DIRECTION('',(-1.,-0.,-0.));
#7091 = DIRECTION('',(0.,0.,-1.));
#7092 = ADVANCED_FACE('',(#7093),#7118,.T.);
#7093 = FACE_BOUND('',#7094,.T.);
#7094 = EDGE_LOOP('',(#7095,#7096,#7104,#7112));
#7095 = ORIENTED_EDGE('',*,*,#6599,.T.);
#7096 = ORIENTED_EDGE('',*,*,#7097,.T.);
#7097 = EDGE_CURVE('',#6602,#7098,#7100,.T.);
#7098 = VERTEX_POINT('',#7099);
#7099 = CARTESIAN_POINT('',(2.1,0.63,3.07));
#7100 = LINE('',#7101,#7102);
#7101 = CARTESIAN_POINT('',(2.1,0.5,1.32));
#7102 = VECTOR('',#7103,1.);
#7103 = DIRECTION('',(0.,7.408159078957E-02,0.997252183706));
#7104 = ORIENTED_EDGE('',*,*,#7105,.F.);
#7105 = EDGE_CURVE('',#7106,#7098,#7108,.T.);
#7106 = VERTEX_POINT('',#7107);
#7107 = CARTESIAN_POINT('',(1.9,0.63,3.07));
#7108 = LINE('',#7109,#7110);
#7109 = CARTESIAN_POINT('',(1.9,0.63,3.07));
#7110 = VECTOR('',#7111,1.);
#7111 = DIRECTION('',(1.,0.,0.));
#7112 = ORIENTED_EDGE('',*,*,#7113,.F.);
#7113 = EDGE_CURVE('',#6600,#7106,#7114,.T.);
#7114 = LINE('',#7115,#7116);
#7115 = CARTESIAN_POINT('',(1.9,0.5,1.32));
#7116 = VECTOR('',#7117,1.);
#7117 = DIRECTION('',(0.,7.408159078957E-02,0.997252183706));
#7118 = PLANE('',#7119);
#7119 = AXIS2_PLACEMENT_3D('',#7120,#7121,#7122);
#7120 = CARTESIAN_POINT('',(1.9,0.5,1.32));
#7121 = DIRECTION('',(0.,-0.997252183706,7.408159078957E-02));
#7122 = DIRECTION('',(0.,7.408159078957E-02,0.997252183706));
#7123 = ADVANCED_FACE('',(#7124),#7142,.F.);
#7124 = FACE_BOUND('',#7125,.F.);
#7125 = EDGE_LOOP('',(#7126,#7127,#7135,#7141));
#7126 = ORIENTED_EDGE('',*,*,#7097,.T.);
#7127 = ORIENTED_EDGE('',*,*,#7128,.T.);
#7128 = EDGE_CURVE('',#7098,#7129,#7131,.T.);
#7129 = VERTEX_POINT('',#7130);
#7130 = CARTESIAN_POINT('',(2.1,0.98,3.07));
#7131 = LINE('',#7132,#7133);
#7132 = CARTESIAN_POINT('',(2.1,0.63,3.07));
#7133 = VECTOR('',#7134,1.);
#7134 = DIRECTION('',(0.,1.,0.));
#7135 = ORIENTED_EDGE('',*,*,#7136,.T.);
#7136 = EDGE_CURVE('',#7129,#6618,#7137,.T.);
#7137 = LINE('',#7138,#7139);
#7138 = CARTESIAN_POINT('',(2.1,0.98,3.07));
#7139 = VECTOR('',#7140,1.);
#7140 = DIRECTION('',(0.,0.,-1.));
#7141 = ORIENTED_EDGE('',*,*,#6625,.T.);
#7142 = PLANE('',#7143);
#7143 = AXIS2_PLACEMENT_3D('',#7144,#7145,#7146);
#7144 = CARTESIAN_POINT('',(2.1,0.771294517928,2.168759014354));
#7145 = DIRECTION('',(-1.,-0.,-0.));
#7146 = DIRECTION('',(0.,0.,-1.));
#7147 = ADVANCED_FACE('',(#7148),#7166,.T.);
#7148 = FACE_BOUND('',#7149,.T.);
#7149 = EDGE_LOOP('',(#7150,#7158,#7159,#7160));
#7150 = ORIENTED_EDGE('',*,*,#7151,.T.);
#7151 = EDGE_CURVE('',#7152,#7129,#7154,.T.);
#7152 = VERTEX_POINT('',#7153);
#7153 = CARTESIAN_POINT('',(1.9,0.98,3.07));
#7154 = LINE('',#7155,#7156);
#7155 = CARTESIAN_POINT('',(1.9,0.98,3.07));
#7156 = VECTOR('',#7157,1.);
#7157 = DIRECTION('',(1.,0.,0.));
#7158 = ORIENTED_EDGE('',*,*,#7136,.T.);
#7159 = ORIENTED_EDGE('',*,*,#6617,.F.);
#7160 = ORIENTED_EDGE('',*,*,#7161,.F.);
#7161 = EDGE_CURVE('',#7152,#6610,#7162,.T.);
#7162 = LINE('',#7163,#7164);
#7163 = CARTESIAN_POINT('',(1.9,0.98,3.07));
#7164 = VECTOR('',#7165,1.);
#7165 = DIRECTION('',(0.,0.,-1.));
#7166 = PLANE('',#7167);
#7167 = AXIS2_PLACEMENT_3D('',#7168,#7169,#7170);
#7168 = CARTESIAN_POINT('',(1.9,0.98,3.07));
#7169 = DIRECTION('',(0.,1.,0.));
#7170 = DIRECTION('',(0.,0.,-1.));
#7171 = ADVANCED_FACE('',(#7172),#7183,.T.);
#7172 = FACE_BOUND('',#7173,.T.);
#7173 = EDGE_LOOP('',(#7174,#7175,#7181,#7182));
#7174 = ORIENTED_EDGE('',*,*,#7113,.T.);
#7175 = ORIENTED_EDGE('',*,*,#7176,.T.);
#7176 = EDGE_CURVE('',#7106,#7152,#7177,.T.);
#7177 = LINE('',#7178,#7179);
#7178 = CARTESIAN_POINT('',(1.9,0.63,3.07));
#7179 = VECTOR('',#7180,1.);
#7180 = DIRECTION('',(0.,1.,0.));
#7181 = ORIENTED_EDGE('',*,*,#7161,.T.);
#7182 = ORIENTED_EDGE('',*,*,#6609,.T.);
#7183 = PLANE('',#7184);
#7184 = AXIS2_PLACEMENT_3D('',#7185,#7186,#7187);
#7185 = CARTESIAN_POINT('',(1.9,0.771294517928,2.168759014354));
#7186 = DIRECTION('',(-1.,-0.,-0.));
#7187 = DIRECTION('',(0.,0.,-1.));
#7188 = ADVANCED_FACE('',(#7189),#7195,.T.);
#7189 = FACE_BOUND('',#7190,.T.);
#7190 = EDGE_LOOP('',(#7191,#7192,#7193,#7194));
#7191 = ORIENTED_EDGE('',*,*,#6721,.T.);
#7192 = ORIENTED_EDGE('',*,*,#6744,.T.);
#7193 = ORIENTED_EDGE('',*,*,#6767,.F.);
#7194 = ORIENTED_EDGE('',*,*,#6792,.F.);
#7195 = PLANE('',#7196);
#7196 = AXIS2_PLACEMENT_3D('',#7197,#7198,#7199);
#7197 = CARTESIAN_POINT('',(-2.1,0.63,3.07));
#7198 = DIRECTION('',(0.,0.,1.));
#7199 = DIRECTION('',(0.,1.,0.));
#7200 = ADVANCED_FACE('',(#7201),#7207,.T.);
#7201 = FACE_BOUND('',#7202,.T.);
#7202 = EDGE_LOOP('',(#7203,#7204,#7205,#7206));
#7203 = ORIENTED_EDGE('',*,*,#6817,.T.);
#7204 = ORIENTED_EDGE('',*,*,#6840,.T.);
#7205 = ORIENTED_EDGE('',*,*,#6863,.F.);
#7206 = ORIENTED_EDGE('',*,*,#6888,.F.);
#7207 = PLANE('',#7208);
#7208 = AXIS2_PLACEMENT_3D('',#7209,#7210,#7211);
#7209 = CARTESIAN_POINT('',(-1.1,0.63,3.07));
#7210 = DIRECTION('',(0.,0.,1.));
#7211 = DIRECTION('',(0.,1.,0.));
#7212 = ADVANCED_FACE('',(#7213),#7219,.T.);
#7213 = FACE_BOUND('',#7214,.T.);
#7214 = EDGE_LOOP('',(#7215,#7216,#7217,#7218));
#7215 = ORIENTED_EDGE('',*,*,#6913,.T.);
#7216 = ORIENTED_EDGE('',*,*,#6936,.T.);
#7217 = ORIENTED_EDGE('',*,*,#6959,.F.);
#7218 = ORIENTED_EDGE('',*,*,#6984,.F.);
#7219 = PLANE('',#7220);
#7220 = AXIS2_PLACEMENT_3D('',#7221,#7222,#7223);
#7221 = CARTESIAN_POINT('',(-0.1,0.63,3.07));
#7222 = DIRECTION('',(0.,0.,1.));
#7223 = DIRECTION('',(0.,1.,0.));
#7224 = ADVANCED_FACE('',(#7225),#7231,.T.);
#7225 = FACE_BOUND('',#7226,.T.);
#7226 = EDGE_LOOP('',(#7227,#7228,#7229,#7230));
#7227 = ORIENTED_EDGE('',*,*,#7009,.T.);
#7228 = ORIENTED_EDGE('',*,*,#7032,.T.);
#7229 = ORIENTED_EDGE('',*,*,#7055,.F.);
#7230 = ORIENTED_EDGE('',*,*,#7080,.F.);
#7231 = PLANE('',#7232);
#7232 = AXIS2_PLACEMENT_3D('',#7233,#7234,#7235);
#7233 = CARTESIAN_POINT('',(0.9,0.63,3.07));
#7234 = DIRECTION('',(0.,0.,1.));
#7235 = DIRECTION('',(0.,1.,0.));
#7236 = ADVANCED_FACE('',(#7237),#7243,.T.);
#7237 = FACE_BOUND('',#7238,.T.);
#7238 = EDGE_LOOP('',(#7239,#7240,#7241,#7242));
#7239 = ORIENTED_EDGE('',*,*,#7105,.T.);
#7240 = ORIENTED_EDGE('',*,*,#7128,.T.);
#7241 = ORIENTED_EDGE('',*,*,#7151,.F.);
#7242 = ORIENTED_EDGE('',*,*,#7176,.F.);
#7243 = PLANE('',#7244);
#7244 = AXIS2_PLACEMENT_3D('',#7245,#7246,#7247);
#7245 = CARTESIAN_POINT('',(1.9,0.63,3.07));
#7246 = DIRECTION('',(0.,0.,1.));
#7247 = DIRECTION('',(0.,1.,0.));
#7248 = ( GEOMETRIC_REPRESENTATION_CONTEXT(3) 
GLOBAL_UNCERTAINTY_ASSIGNED_CONTEXT((#7252)) 
GLOBAL_UNIT_ASSIGNED_CONTEXT((#7249,#7250,#7251)) REPRESENTATION_CONTEXT
('Context #1','3D Context with UNIT and UNCERTAINTY') );
#7249 = ( LENGTH_UNIT() NAMED_UNIT(*) SI_UNIT(.MILLI.,.METRE.) );
#7250 = ( NAMED_UNIT(*) PLANE_ANGLE_UNIT() SI_UNIT($,.RADIAN.) );
#7251 = ( NAMED_UNIT(*) SI_UNIT($,.STERADIAN.) SOLID_ANGLE_UNIT() );
#7252 = UNCERTAINTY_MEASURE_WITH_UNIT(LENGTH_MEASURE(1.E-07),#7249,
  'distance_accuracy_value','confusion accuracy');
#7253 = CONTEXT_DEPENDENT_SHAPE_REPRESENTATION(#7254,#7256);
#7254 = ( REPRESENTATION_RELATIONSHIP('','',#4007,#3984) 
REPRESENTATION_RELATIONSHIP_WITH_TRANSFORMATION(#7255) 
SHAPE_REPRESENTATION_RELATIONSHIP() );
#7255 = ITEM_DEFINED_TRANSFORMATION('','',#11,#3985);
#7256 = PRODUCT_DEFINITION_SHAPE('Placement','Placement of an item',
  #7257);
#7257 = NEXT_ASSEMBLY_USAGE_OCCURRENCE('17','=>[0:1:1:7]','',#3979,#4002
  ,$);
#7258 = PRODUCT_RELATED_PRODUCT_CATEGORY('part',$,(#4004));
#7259 = SHAPE_DEFINITION_REPRESENTATION(#7260,#7266);
#7260 = PRODUCT_DEFINITION_SHAPE('','',#7261);
#7261 = PRODUCT_DEFINITION('design','',#7262,#7265);
#7262 = PRODUCT_DEFINITION_FORMATION('','',#7263);
#7263 = PRODUCT('kibot_0775n4pz_silkscreen','kibot_0775n4pz_silkscreen',
  '',(#7264));
#7264 = PRODUCT_CONTEXT('',#2,'mechanical');
#7265 = PRODUCT_DEFINITION_CONTEXT('part definition',#2,'design');
#7266 = SHAPE_REPRESENTATION('',(#11,#7267,#7435,#7586,#7737,#7888,#8039
    ,#8190,#8341,#8385,#8429,#8473,#8517,#8561,#8605,#8649,#8693,#8737,
    #8781,#8825,#8869,#8913),#8957);
#7267 = SHELL_BASED_SURFACE_MODEL('',(#7268));
#7268 = OPEN_SHELL('',(#7269));
#7269 = ADVANCED_FACE('',(#7270,#7388),#7430,.T.);
#7270 = FACE_BOUND('',#7271,.F.);
#7271 = EDGE_LOOP('',(#7272,#7283,#7291,#7300,#7308,#7316,#7324,#7332,
    #7340,#7348,#7356,#7365,#7373,#7382));
#7272 = ORIENTED_EDGE('',*,*,#7273,.T.);
#7273 = EDGE_CURVE('',#7274,#7276,#7278,.T.);
#7274 = VERTEX_POINT('',#7275);
#7275 = CARTESIAN_POINT('',(24.09,-25.9,1.5912));
#7276 = VERTEX_POINT('',#7277);
#7277 = CARTESIAN_POINT('',(24.15,-25.84,1.5912));
#7278 = CIRCLE('',#7279,5.999932016261E-02);
#7279 = AXIS2_PLACEMENT_3D('',#7280,#7281,#7282);
#7280 = CARTESIAN_POINT('',(24.149999320159,-25.89999932015,1.5912));
#7281 = DIRECTION('',(0.,0.,-1.));
#7282 = DIRECTION('',(-0.999999999936,-1.133081576615E-05,-0.));
#7283 = ORIENTED_EDGE('',*,*,#7284,.T.);
#7284 = EDGE_CURVE('',#7276,#7285,#7287,.T.);
#7285 = VERTEX_POINT('',#7286);
#7286 = CARTESIAN_POINT('',(27.35,-25.84,1.5912));
#7287 = LINE('',#7288,#7289);
#7288 = CARTESIAN_POINT('',(24.15,-25.84,1.5912));
#7289 = VECTOR('',#7290,1.);
#7290 = DIRECTION('',(1.,0.,0.));
#7291 = ORIENTED_EDGE('',*,*,#7292,.T.);
#7292 = EDGE_CURVE('',#7285,#7293,#7295,.T.);
#7293 = VERTEX_POINT('',#7294);
#7294 = CARTESIAN_POINT('',(27.41,-25.9,1.5912));
#7295 = CIRCLE('',#7296,5.999932016261E-02);
#7296 = AXIS2_PLACEMENT_3D('',#7297,#7298,#7299);
#7297 = CARTESIAN_POINT('',(27.350000679841,-25.89999932015,1.5912));
#7298 = DIRECTION('',(0.,0.,-1.));
#7299 = DIRECTION('',(-1.133081576615E-05,0.999999999936,0.));
#7300 = ORIENTED_EDGE('',*,*,#7301,.T.);
#7301 = EDGE_CURVE('',#7293,#7302,#7304,.T.);
#7302 = VERTEX_POINT('',#7303);
#7303 = CARTESIAN_POINT('',(27.41,-27.9,1.5912));
#7304 = LINE('',#7305,#7306);
#7305 = CARTESIAN_POINT('',(27.41,-25.9,1.5912));
#7306 = VECTOR('',#7307,1.);
#7307 = DIRECTION('',(0.,-1.,0.));
#7308 = ORIENTED_EDGE('',*,*,#7309,.T.);
#7309 = EDGE_CURVE('',#7302,#7310,#7312,.T.);
#7310 = VERTEX_POINT('',#7311);
#7311 = CARTESIAN_POINT('',(27.405433,-27.922961,1.5912));
#7312 = LINE('',#7313,#7314);
#7313 = CARTESIAN_POINT('',(27.41,-27.9,1.5912));
#7314 = VECTOR('',#7315,1.);
#7315 = DIRECTION('',(-0.195081000118,-0.980787134598,0.));
#7316 = ORIENTED_EDGE('',*,*,#7317,.T.);
#7317 = EDGE_CURVE('',#7310,#7318,#7320,.T.);
#7318 = VERTEX_POINT('',#7319);
#7319 = CARTESIAN_POINT('',(27.392426,-27.942426,1.5912));
#7320 = LINE('',#7321,#7322);
#7321 = CARTESIAN_POINT('',(27.405433,-27.922961,1.5912));
#7322 = VECTOR('',#7323,1.);
#7323 = DIRECTION('',(-0.555596893535,-0.831451797698,0.));
#7324 = ORIENTED_EDGE('',*,*,#7325,.T.);
#7325 = EDGE_CURVE('',#7318,#7326,#7328,.T.);
#7326 = VERTEX_POINT('',#7327);
#7327 = CARTESIAN_POINT('',(27.092426,-28.242426,1.5912));
#7328 = LINE('',#7329,#7330);
#7329 = CARTESIAN_POINT('',(27.392426,-27.942426,1.5912));
#7330 = VECTOR('',#7331,1.);
#7331 = DIRECTION('',(-0.707106781187,-0.707106781187,0.));
#7332 = ORIENTED_EDGE('',*,*,#7333,.T.);
#7333 = EDGE_CURVE('',#7326,#7334,#7336,.T.);
#7334 = VERTEX_POINT('',#7335);
#7335 = CARTESIAN_POINT('',(27.072961,-28.255433,1.5912));
#7336 = LINE('',#7337,#7338);
#7337 = CARTESIAN_POINT('',(27.092426,-28.242426,1.5912));
#7338 = VECTOR('',#7339,1.);
#7339 = DIRECTION('',(-0.831451797698,-0.555596893535,0.));
#7340 = ORIENTED_EDGE('',*,*,#7341,.T.);
#7341 = EDGE_CURVE('',#7334,#7342,#7344,.T.);
#7342 = VERTEX_POINT('',#7343);
#7343 = CARTESIAN_POINT('',(27.05,-28.26,1.5912));
#7344 = LINE('',#7345,#7346);
#7345 = CARTESIAN_POINT('',(27.072961,-28.255433,1.5912));
#7346 = VECTOR('',#7347,1.);
#7347 = DIRECTION('',(-0.980787134598,-0.195081000118,0.));
#7348 = ORIENTED_EDGE('',*,*,#7349,.T.);
#7349 = EDGE_CURVE('',#7342,#7350,#7352,.T.);
#7350 = VERTEX_POINT('',#7351);
#7351 = CARTESIAN_POINT('',(24.15,-28.26,1.5912));
#7352 = LINE('',#7353,#7354);
#7353 = CARTESIAN_POINT('',(27.05,-28.26,1.5912));
#7354 = VECTOR('',#7355,1.);
#7355 = DIRECTION('',(-1.,0.,0.));
#7356 = ORIENTED_EDGE('',*,*,#7357,.T.);
#7357 = EDGE_CURVE('',#7350,#7358,#7360,.T.);
#7358 = VERTEX_POINT('',#7359);
#7359 = CARTESIAN_POINT('',(24.09,-28.2,1.5912));
#7360 = CIRCLE('',#7361,5.999932016261E-02);
#7361 = AXIS2_PLACEMENT_3D('',#7362,#7363,#7364);
#7362 = CARTESIAN_POINT('',(24.149999320159,-28.20000067984,1.5912));
#7363 = DIRECTION('',(0.,0.,-1.));
#7364 = DIRECTION('',(1.133081576615E-05,-0.999999999936,0.));
#7365 = ORIENTED_EDGE('',*,*,#7366,.T.);
#7366 = EDGE_CURVE('',#7358,#7367,#7369,.T.);
#7367 = VERTEX_POINT('',#7368);
#7368 = CARTESIAN_POINT('',(24.09,-26.546447,1.5912));
#7369 = LINE('',#7370,#7371);
#7370 = CARTESIAN_POINT('',(24.09,-28.2,1.5912));
#7371 = VECTOR('',#7372,1.);
#7372 = DIRECTION('',(0.,1.,0.));
#7373 = ORIENTED_EDGE('',*,*,#7374,.T.);
#7374 = EDGE_CURVE('',#7367,#7375,#7377,.T.);
#7375 = VERTEX_POINT('',#7376);
#7376 = CARTESIAN_POINT('',(24.09,-26.453552,1.5912));
#7377 = CIRCLE('',#7378,9.935193299105E-02);
#7378 = AXIS2_PLACEMENT_3D('',#7379,#7380,#7381);
#7379 = CARTESIAN_POINT('',(24.002173828885,-26.4999995,1.5912));
#7380 = DIRECTION('',(0.,-0.,1.));
#7381 = DIRECTION('',(0.883990562352,-0.467504744011,-0.));
#7382 = ORIENTED_EDGE('',*,*,#7383,.T.);
#7383 = EDGE_CURVE('',#7375,#7274,#7384,.T.);
#7384 = LINE('',#7385,#7386);
#7385 = CARTESIAN_POINT('',(24.09,-26.453552,1.5912));
#7386 = VECTOR('',#7387,1.);
#7387 = DIRECTION('',(0.,1.,0.));
#7388 = FACE_BOUND('',#7389,.F.);
#7389 = EDGE_LOOP('',(#7390,#7400,#7408,#7416,#7424));
#7390 = ORIENTED_EDGE('',*,*,#7391,.T.);
#7391 = EDGE_CURVE('',#7392,#7394,#7396,.T.);
#7392 = VERTEX_POINT('',#7393);
#7393 = CARTESIAN_POINT('',(27.29,-27.875148,1.5912));
#7394 = VERTEX_POINT('',#7395);
#7395 = CARTESIAN_POINT('',(27.29,-25.96,1.5912));
#7396 = LINE('',#7397,#7398);
#7397 = CARTESIAN_POINT('',(27.29,-27.875148,1.5912));
#7398 = VECTOR('',#7399,1.);
#7399 = DIRECTION('',(0.,1.,0.));
#7400 = ORIENTED_EDGE('',*,*,#7401,.T.);
#7401 = EDGE_CURVE('',#7394,#7402,#7404,.T.);
#7402 = VERTEX_POINT('',#7403);
#7403 = CARTESIAN_POINT('',(24.21,-25.96,1.5912));
#7404 = LINE('',#7405,#7406);
#7405 = CARTESIAN_POINT('',(27.29,-25.96,1.5912));
#7406 = VECTOR('',#7407,1.);
#7407 = DIRECTION('',(-1.,0.,0.));
#7408 = ORIENTED_EDGE('',*,*,#7409,.T.);
#7409 = EDGE_CURVE('',#7402,#7410,#7412,.T.);
#7410 = VERTEX_POINT('',#7411);
#7411 = CARTESIAN_POINT('',(24.21,-28.14,1.5912));
#7412 = LINE('',#7413,#7414);
#7413 = CARTESIAN_POINT('',(24.21,-25.96,1.5912));
#7414 = VECTOR('',#7415,1.);
#7415 = DIRECTION('',(0.,-1.,0.));
#7416 = ORIENTED_EDGE('',*,*,#7417,.T.);
#7417 = EDGE_CURVE('',#7410,#7418,#7420,.T.);
#7418 = VERTEX_POINT('',#7419);
#7419 = CARTESIAN_POINT('',(27.025148,-28.14,1.5912));
#7420 = LINE('',#7421,#7422);
#7421 = CARTESIAN_POINT('',(24.21,-28.14,1.5912));
#7422 = VECTOR('',#7423,1.);
#7423 = DIRECTION('',(1.,0.,0.));
#7424 = ORIENTED_EDGE('',*,*,#7425,.T.);
#7425 = EDGE_CURVE('',#7418,#7392,#7426,.T.);
#7426 = LINE('',#7427,#7428);
#7427 = CARTESIAN_POINT('',(27.025148,-28.14,1.5912));
#7428 = VECTOR('',#7429,1.);
#7429 = DIRECTION('',(0.707106781187,0.707106781187,0.));
#7430 = PLANE('',#7431);
#7431 = AXIS2_PLACEMENT_3D('',#7432,#7433,#7434);
#7432 = CARTESIAN_POINT('',(0.,0.,1.5912));
#7433 = DIRECTION('',(0.,0.,1.));
#7434 = DIRECTION('',(1.,0.,-0.));
#7435 = SHELL_BASED_SURFACE_MODEL('',(#7436));
#7436 = OPEN_SHELL('',(#7437));
#7437 = ADVANCED_FACE('',(#7438,#7539),#7581,.T.);
#7438 = FACE_BOUND('',#7439,.F.);
#7439 = EDGE_LOOP('',(#7440,#7451,#7459,#7468,#7476,#7484,#7492,#7500,
    #7508,#7516,#7524,#7533));
#7440 = ORIENTED_EDGE('',*,*,#7441,.T.);
#7441 = EDGE_CURVE('',#7442,#7444,#7446,.T.);
#7442 = VERTEX_POINT('',#7443);
#7443 = CARTESIAN_POINT('',(41.84,-25.9,1.5912));
#7444 = VERTEX_POINT('',#7445);
#7445 = CARTESIAN_POINT('',(41.9,-25.84,1.5912));
#7446 = CIRCLE('',#7447,5.999932016258E-02);
#7447 = AXIS2_PLACEMENT_3D('',#7448,#7449,#7450);
#7448 = CARTESIAN_POINT('',(41.899999320159,-25.89999932015,1.5912));
#7449 = DIRECTION('',(0.,0.,-1.));
#7450 = DIRECTION('',(-0.999999999936,-1.133081618064E-05,-0.));
#7451 = ORIENTED_EDGE('',*,*,#7452,.T.);
#7452 = EDGE_CURVE('',#7444,#7453,#7455,.T.);
#7453 = VERTEX_POINT('',#7454);
#7454 = CARTESIAN_POINT('',(45.1,-25.84,1.5912));
#7455 = LINE('',#7456,#7457);
#7456 = CARTESIAN_POINT('',(41.9,-25.84,1.5912));
#7457 = VECTOR('',#7458,1.);
#7458 = DIRECTION('',(1.,0.,0.));
#7459 = ORIENTED_EDGE('',*,*,#7460,.T.);
#7460 = EDGE_CURVE('',#7453,#7461,#7463,.T.);
#7461 = VERTEX_POINT('',#7462);
#7462 = CARTESIAN_POINT('',(45.16,-25.9,1.5912));
#7463 = CIRCLE('',#7464,5.999932016261E-02);
#7464 = AXIS2_PLACEMENT_3D('',#7465,#7466,#7467);
#7465 = CARTESIAN_POINT('',(45.100000679841,-25.89999932015,1.5912));
#7466 = DIRECTION('',(0.,0.,-1.));
#7467 = DIRECTION('',(-1.133081576615E-05,0.999999999936,0.));
#7468 = ORIENTED_EDGE('',*,*,#7469,.T.);
#7469 = EDGE_CURVE('',#7461,#7470,#7472,.T.);
#7470 = VERTEX_POINT('',#7471);
#7471 = CARTESIAN_POINT('',(45.16,-27.9,1.5912));
#7472 = LINE('',#7473,#7474);
#7473 = CARTESIAN_POINT('',(45.16,-25.9,1.5912));
#7474 = VECTOR('',#7475,1.);
#7475 = DIRECTION('',(0.,-1.,0.));
#7476 = ORIENTED_EDGE('',*,*,#7477,.T.);
#7477 = EDGE_CURVE('',#7470,#7478,#7480,.T.);
#7478 = VERTEX_POINT('',#7479);
#7479 = CARTESIAN_POINT('',(45.155433,-27.922961,1.5912));
#7480 = LINE('',#7481,#7482);
#7481 = CARTESIAN_POINT('',(45.16,-27.9,1.5912));
#7482 = VECTOR('',#7483,1.);
#7483 = DIRECTION('',(-0.195081000118,-0.980787134598,0.));
#7484 = ORIENTED_EDGE('',*,*,#7485,.T.);
#7485 = EDGE_CURVE('',#7478,#7486,#7488,.T.);
#7486 = VERTEX_POINT('',#7487);
#7487 = CARTESIAN_POINT('',(45.142426,-27.942426,1.5912));
#7488 = LINE('',#7489,#7490);
#7489 = CARTESIAN_POINT('',(45.155433,-27.922961,1.5912));
#7490 = VECTOR('',#7491,1.);
#7491 = DIRECTION('',(-0.555596893535,-0.831451797698,0.));
#7492 = ORIENTED_EDGE('',*,*,#7493,.T.);
#7493 = EDGE_CURVE('',#7486,#7494,#7496,.T.);
#7494 = VERTEX_POINT('',#7495);
#7495 = CARTESIAN_POINT('',(44.842426,-28.242426,1.5912));
#7496 = LINE('',#7497,#7498);
#7497 = CARTESIAN_POINT('',(45.142426,-27.942426,1.5912));
#7498 = VECTOR('',#7499,1.);
#7499 = DIRECTION('',(-0.707106781187,-0.707106781187,0.));
#7500 = ORIENTED_EDGE('',*,*,#7501,.T.);
#7501 = EDGE_CURVE('',#7494,#7502,#7504,.T.);
#7502 = VERTEX_POINT('',#7503);
#7503 = CARTESIAN_POINT('',(44.822961,-28.255433,1.5912));
#7504 = LINE('',#7505,#7506);
#7505 = CARTESIAN_POINT('',(44.842426,-28.242426,1.5912));
#7506 = VECTOR('',#7507,1.);
#7507 = DIRECTION('',(-0.831451797698,-0.555596893535,0.));
#7508 = ORIENTED_EDGE('',*,*,#7509,.T.);
#7509 = EDGE_CURVE('',#7502,#7510,#7512,.T.);
#7510 = VERTEX_POINT('',#7511);
#7511 = CARTESIAN_POINT('',(44.8,-28.26,1.5912));
#7512 = LINE('',#7513,#7514);
#7513 = CARTESIAN_POINT('',(44.822961,-28.255433,1.5912));
#7514 = VECTOR('',#7515,1.);
#7515 = DIRECTION('',(-0.980787134598,-0.195081000118,0.));
#7516 = ORIENTED_EDGE('',*,*,#7517,.T.);
#7517 = EDGE_CURVE('',#7510,#7518,#7520,.T.);
#7518 = VERTEX_POINT('',#7519);
#7519 = CARTESIAN_POINT('',(41.9,-28.26,1.5912));
#7520 = LINE('',#7521,#7522);
#7521 = CARTESIAN_POINT('',(44.8,-28.26,1.5912));
#7522 = VECTOR('',#7523,1.);
#7523 = DIRECTION('',(-1.,0.,0.));
#7524 = ORIENTED_EDGE('',*,*,#7525,.T.);
#7525 = EDGE_CURVE('',#7518,#7526,#7528,.T.);
#7526 = VERTEX_POINT('',#7527);
#7527 = CARTESIAN_POINT('',(41.84,-28.2,1.5912));
#7528 = CIRCLE('',#7529,5.999932016261E-02);
#7529 = AXIS2_PLACEMENT_3D('',#7530,#7531,#7532);
#7530 = CARTESIAN_POINT('',(41.899999320159,-28.20000067984,1.5912));
#7531 = DIRECTION('',(0.,0.,-1.));
#7532 = DIRECTION('',(1.133081576615E-05,-0.999999999936,0.));
#7533 = ORIENTED_EDGE('',*,*,#7534,.T.);
#7534 = EDGE_CURVE('',#7526,#7442,#7535,.T.);
#7535 = LINE('',#7536,#7537);
#7536 = CARTESIAN_POINT('',(41.84,-28.2,1.5912));
#7537 = VECTOR('',#7538,1.);
#7538 = DIRECTION('',(0.,1.,0.));
#7539 = FACE_BOUND('',#7540,.F.);
#7540 = EDGE_LOOP('',(#7541,#7551,#7559,#7567,#7575));
#7541 = ORIENTED_EDGE('',*,*,#7542,.T.);
#7542 = EDGE_CURVE('',#7543,#7545,#7547,.T.);
#7543 = VERTEX_POINT('',#7544);
#7544 = CARTESIAN_POINT('',(45.04,-27.875148,1.5912));
#7545 = VERTEX_POINT('',#7546);
#7546 = CARTESIAN_POINT('',(45.04,-25.96,1.5912));
#7547 = LINE('',#7548,#7549);
#7548 = CARTESIAN_POINT('',(45.04,-27.875148,1.5912));
#7549 = VECTOR('',#7550,1.);
#7550 = DIRECTION('',(0.,1.,0.));
#7551 = ORIENTED_EDGE('',*,*,#7552,.T.);
#7552 = EDGE_CURVE('',#7545,#7553,#7555,.T.);
#7553 = VERTEX_POINT('',#7554);
#7554 = CARTESIAN_POINT('',(41.96,-25.96,1.5912));
#7555 = LINE('',#7556,#7557);
#7556 = CARTESIAN_POINT('',(45.04,-25.96,1.5912));
#7557 = VECTOR('',#7558,1.);
#7558 = DIRECTION('',(-1.,0.,0.));
#7559 = ORIENTED_EDGE('',*,*,#7560,.T.);
#7560 = EDGE_CURVE('',#7553,#7561,#7563,.T.);
#7561 = VERTEX_POINT('',#7562);
#7562 = CARTESIAN_POINT('',(41.96,-28.14,1.5912));
#7563 = LINE('',#7564,#7565);
#7564 = CARTESIAN_POINT('',(41.96,-25.96,1.5912));
#7565 = VECTOR('',#7566,1.);
#7566 = DIRECTION('',(0.,-1.,0.));
#7567 = ORIENTED_EDGE('',*,*,#7568,.T.);
#7568 = EDGE_CURVE('',#7561,#7569,#7571,.T.);
#7569 = VERTEX_POINT('',#7570);
#7570 = CARTESIAN_POINT('',(44.775148,-28.14,1.5912));
#7571 = LINE('',#7572,#7573);
#7572 = CARTESIAN_POINT('',(41.96,-28.14,1.5912));
#7573 = VECTOR('',#7574,1.);
#7574 = DIRECTION('',(1.,0.,0.));
#7575 = ORIENTED_EDGE('',*,*,#7576,.T.);
#7576 = EDGE_CURVE('',#7569,#7543,#7577,.T.);
#7577 = LINE('',#7578,#7579);
#7578 = CARTESIAN_POINT('',(44.775148,-28.14,1.5912));
#7579 = VECTOR('',#7580,1.);
#7580 = DIRECTION('',(0.707106781187,0.707106781187,0.));
#7581 = PLANE('',#7582);
#7582 = AXIS2_PLACEMENT_3D('',#7583,#7584,#7585);
#7583 = CARTESIAN_POINT('',(0.,0.,1.5912));
#7584 = DIRECTION('',(0.,0.,1.));
#7585 = DIRECTION('',(1.,0.,-0.));
#7586 = SHELL_BASED_SURFACE_MODEL('',(#7587));
#7587 = OPEN_SHELL('',(#7588));
#7588 = ADVANCED_FACE('',(#7589,#7690),#7732,.T.);
#7589 = FACE_BOUND('',#7590,.F.);
#7590 = EDGE_LOOP('',(#7591,#7602,#7610,#7619,#7627,#7635,#7643,#7651,
    #7659,#7667,#7675,#7684));
#7591 = ORIENTED_EDGE('',*,*,#7592,.T.);
#7592 = EDGE_CURVE('',#7593,#7595,#7597,.T.);
#7593 = VERTEX_POINT('',#7594);
#7594 = CARTESIAN_POINT('',(59.59,-25.9,1.5912));
#7595 = VERTEX_POINT('',#7596);
#7596 = CARTESIAN_POINT('',(59.65,-25.84,1.5912));
#7597 = CIRCLE('',#7598,5.999932016258E-02);
#7598 = AXIS2_PLACEMENT_3D('',#7599,#7600,#7601);
#7599 = CARTESIAN_POINT('',(59.649999320159,-25.89999932015,1.5912));
#7600 = DIRECTION('',(0.,0.,-1.));
#7601 = DIRECTION('',(-0.999999999936,-1.133081618064E-05,-0.));
#7602 = ORIENTED_EDGE('',*,*,#7603,.T.);
#7603 = EDGE_CURVE('',#7595,#7604,#7606,.T.);
#7604 = VERTEX_POINT('',#7605);
#7605 = CARTESIAN_POINT('',(62.85,-25.84,1.5912));
#7606 = LINE('',#7607,#7608);
#7607 = CARTESIAN_POINT('',(59.65,-25.84,1.5912));
#7608 = VECTOR('',#7609,1.);
#7609 = DIRECTION('',(1.,0.,0.));
#7610 = ORIENTED_EDGE('',*,*,#7611,.T.);
#7611 = EDGE_CURVE('',#7604,#7612,#7614,.T.);
#7612 = VERTEX_POINT('',#7613);
#7613 = CARTESIAN_POINT('',(62.91,-25.9,1.5912));
#7614 = CIRCLE('',#7615,5.999932016261E-02);
#7615 = AXIS2_PLACEMENT_3D('',#7616,#7617,#7618);
#7616 = CARTESIAN_POINT('',(62.850000679841,-25.89999932015,1.5912));
#7617 = DIRECTION('',(0.,0.,-1.));
#7618 = DIRECTION('',(-1.133081576615E-05,0.999999999936,0.));
#7619 = ORIENTED_EDGE('',*,*,#7620,.T.);
#7620 = EDGE_CURVE('',#7612,#7621,#7623,.T.);
#7621 = VERTEX_POINT('',#7622);
#7622 = CARTESIAN_POINT('',(62.91,-27.9,1.5912));
#7623 = LINE('',#7624,#7625);
#7624 = CARTESIAN_POINT('',(62.91,-25.9,1.5912));
#7625 = VECTOR('',#7626,1.);
#7626 = DIRECTION('',(0.,-1.,0.));
#7627 = ORIENTED_EDGE('',*,*,#7628,.T.);
#7628 = EDGE_CURVE('',#7621,#7629,#7631,.T.);
#7629 = VERTEX_POINT('',#7630);
#7630 = CARTESIAN_POINT('',(62.905433,-27.922961,1.5912));
#7631 = LINE('',#7632,#7633);
#7632 = CARTESIAN_POINT('',(62.91,-27.9,1.5912));
#7633 = VECTOR('',#7634,1.);
#7634 = DIRECTION('',(-0.195081000118,-0.980787134598,0.));
#7635 = ORIENTED_EDGE('',*,*,#7636,.T.);
#7636 = EDGE_CURVE('',#7629,#7637,#7639,.T.);
#7637 = VERTEX_POINT('',#7638);
#7638 = CARTESIAN_POINT('',(62.892426,-27.942426,1.5912));
#7639 = LINE('',#7640,#7641);
#7640 = CARTESIAN_POINT('',(62.905433,-27.922961,1.5912));
#7641 = VECTOR('',#7642,1.);
#7642 = DIRECTION('',(-0.555596893535,-0.831451797698,0.));
#7643 = ORIENTED_EDGE('',*,*,#7644,.T.);
#7644 = EDGE_CURVE('',#7637,#7645,#7647,.T.);
#7645 = VERTEX_POINT('',#7646);
#7646 = CARTESIAN_POINT('',(62.592426,-28.242426,1.5912));
#7647 = LINE('',#7648,#7649);
#7648 = CARTESIAN_POINT('',(62.892426,-27.942426,1.5912));
#7649 = VECTOR('',#7650,1.);
#7650 = DIRECTION('',(-0.707106781187,-0.707106781187,0.));
#7651 = ORIENTED_EDGE('',*,*,#7652,.T.);
#7652 = EDGE_CURVE('',#7645,#7653,#7655,.T.);
#7653 = VERTEX_POINT('',#7654);
#7654 = CARTESIAN_POINT('',(62.572961,-28.255433,1.5912));
#7655 = LINE('',#7656,#7657);
#7656 = CARTESIAN_POINT('',(62.592426,-28.242426,1.5912));
#7657 = VECTOR('',#7658,1.);
#7658 = DIRECTION('',(-0.831451797698,-0.555596893535,0.));
#7659 = ORIENTED_EDGE('',*,*,#7660,.T.);
#7660 = EDGE_CURVE('',#7653,#7661,#7663,.T.);
#7661 = VERTEX_POINT('',#7662);
#7662 = CARTESIAN_POINT('',(62.55,-28.26,1.5912));
#7663 = LINE('',#7664,#7665);
#7664 = CARTESIAN_POINT('',(62.572961,-28.255433,1.5912));
#7665 = VECTOR('',#7666,1.);
#7666 = DIRECTION('',(-0.980787134598,-0.195081000118,0.));
#7667 = ORIENTED_EDGE('',*,*,#7668,.T.);
#7668 = EDGE_CURVE('',#7661,#7669,#7671,.T.);
#7669 = VERTEX_POINT('',#7670);
#7670 = CARTESIAN_POINT('',(59.65,-28.26,1.5912));
#7671 = LINE('',#7672,#7673);
#7672 = CARTESIAN_POINT('',(62.55,-28.26,1.5912));
#7673 = VECTOR('',#7674,1.);
#7674 = DIRECTION('',(-1.,0.,0.));
#7675 = ORIENTED_EDGE('',*,*,#7676,.T.);
#7676 = EDGE_CURVE('',#7669,#7677,#7679,.T.);
#7677 = VERTEX_POINT('',#7678);
#7678 = CARTESIAN_POINT('',(59.59,-28.2,1.5912));
#7679 = CIRCLE('',#7680,5.999932016261E-02);
#7680 = AXIS2_PLACEMENT_3D('',#7681,#7682,#7683);
#7681 = CARTESIAN_POINT('',(59.649999320159,-28.20000067984,1.5912));
#7682 = DIRECTION('',(0.,0.,-1.));
#7683 = DIRECTION('',(1.133081576615E-05,-0.999999999936,0.));
#7684 = ORIENTED_EDGE('',*,*,#7685,.T.);
#7685 = EDGE_CURVE('',#7677,#7593,#7686,.T.);
#7686 = LINE('',#7687,#7688);
#7687 = CARTESIAN_POINT('',(59.59,-28.2,1.5912));
#7688 = VECTOR('',#7689,1.);
#7689 = DIRECTION('',(0.,1.,0.));
#7690 = FACE_BOUND('',#7691,.F.);
#7691 = EDGE_LOOP('',(#7692,#7702,#7710,#7718,#7726));
#7692 = ORIENTED_EDGE('',*,*,#7693,.T.);
#7693 = EDGE_CURVE('',#7694,#7696,#7698,.T.);
#7694 = VERTEX_POINT('',#7695);
#7695 = CARTESIAN_POINT('',(62.79,-27.875148,1.5912));
#7696 = VERTEX_POINT('',#7697);
#7697 = CARTESIAN_POINT('',(62.79,-25.96,1.5912));
#7698 = LINE('',#7699,#7700);
#7699 = CARTESIAN_POINT('',(62.79,-27.875148,1.5912));
#7700 = VECTOR('',#7701,1.);
#7701 = DIRECTION('',(0.,1.,0.));
#7702 = ORIENTED_EDGE('',*,*,#7703,.T.);
#7703 = EDGE_CURVE('',#7696,#7704,#7706,.T.);
#7704 = VERTEX_POINT('',#7705);
#7705 = CARTESIAN_POINT('',(59.71,-25.96,1.5912));
#7706 = LINE('',#7707,#7708);
#7707 = CARTESIAN_POINT('',(62.79,-25.96,1.5912));
#7708 = VECTOR('',#7709,1.);
#7709 = DIRECTION('',(-1.,0.,0.));
#7710 = ORIENTED_EDGE('',*,*,#7711,.T.);
#7711 = EDGE_CURVE('',#7704,#7712,#7714,.T.);
#7712 = VERTEX_POINT('',#7713);
#7713 = CARTESIAN_POINT('',(59.71,-28.14,1.5912));
#7714 = LINE('',#7715,#7716);
#7715 = CARTESIAN_POINT('',(59.71,-25.96,1.5912));
#7716 = VECTOR('',#7717,1.);
#7717 = DIRECTION('',(0.,-1.,0.));
#7718 = ORIENTED_EDGE('',*,*,#7719,.T.);
#7719 = EDGE_CURVE('',#7712,#7720,#7722,.T.);
#7720 = VERTEX_POINT('',#7721);
#7721 = CARTESIAN_POINT('',(62.525148,-28.14,1.5912));
#7722 = LINE('',#7723,#7724);
#7723 = CARTESIAN_POINT('',(59.71,-28.14,1.5912));
#7724 = VECTOR('',#7725,1.);
#7725 = DIRECTION('',(1.,0.,0.));
#7726 = ORIENTED_EDGE('',*,*,#7727,.T.);
#7727 = EDGE_CURVE('',#7720,#7694,#7728,.T.);
#7728 = LINE('',#7729,#7730);
#7729 = CARTESIAN_POINT('',(62.525148,-28.14,1.5912));
#7730 = VECTOR('',#7731,1.);
#7731 = DIRECTION('',(0.707106781187,0.707106781187,0.));
#7732 = PLANE('',#7733);
#7733 = AXIS2_PLACEMENT_3D('',#7734,#7735,#7736);
#7734 = CARTESIAN_POINT('',(0.,0.,1.5912));
#7735 = DIRECTION('',(0.,0.,1.));
#7736 = DIRECTION('',(1.,0.,-0.));
#7737 = SHELL_BASED_SURFACE_MODEL('',(#7738));
#7738 = OPEN_SHELL('',(#7739));
#7739 = ADVANCED_FACE('',(#7740,#7841),#7883,.T.);
#7740 = FACE_BOUND('',#7741,.F.);
#7741 = EDGE_LOOP('',(#7742,#7753,#7761,#7770,#7778,#7786,#7794,#7802,
    #7810,#7818,#7826,#7835));
#7742 = ORIENTED_EDGE('',*,*,#7743,.T.);
#7743 = EDGE_CURVE('',#7744,#7746,#7748,.T.);
#7744 = VERTEX_POINT('',#7745);
#7745 = CARTESIAN_POINT('',(77.34,-25.9,1.5912));
#7746 = VERTEX_POINT('',#7747);
#7747 = CARTESIAN_POINT('',(77.4,-25.84,1.5912));
#7748 = CIRCLE('',#7749,5.999932016259E-02);
#7749 = AXIS2_PLACEMENT_3D('',#7750,#7751,#7752);
#7750 = CARTESIAN_POINT('',(77.399999320159,-25.89999932015,1.5912));
#7751 = DIRECTION('',(0.,0.,-1.));
#7752 = DIRECTION('',(-0.999999999936,-1.133081618064E-05,-0.));
#7753 = ORIENTED_EDGE('',*,*,#7754,.T.);
#7754 = EDGE_CURVE('',#7746,#7755,#7757,.T.);
#7755 = VERTEX_POINT('',#7756);
#7756 = CARTESIAN_POINT('',(80.6,-25.84,1.5912));
#7757 = LINE('',#7758,#7759);
#7758 = CARTESIAN_POINT('',(77.4,-25.84,1.5912));
#7759 = VECTOR('',#7760,1.);
#7760 = DIRECTION('',(1.,0.,0.));
#7761 = ORIENTED_EDGE('',*,*,#7762,.T.);
#7762 = EDGE_CURVE('',#7755,#7763,#7765,.T.);
#7763 = VERTEX_POINT('',#7764);
#7764 = CARTESIAN_POINT('',(80.66,-25.9,1.5912));
#7765 = CIRCLE('',#7766,5.999932016259E-02);
#7766 = AXIS2_PLACEMENT_3D('',#7767,#7768,#7769);
#7767 = CARTESIAN_POINT('',(80.600000679841,-25.89999932015,1.5912));
#7768 = DIRECTION('',(0.,0.,-1.));
#7769 = DIRECTION('',(-1.133081612142E-05,0.999999999936,0.));
#7770 = ORIENTED_EDGE('',*,*,#7771,.T.);
#7771 = EDGE_CURVE('',#7763,#7772,#7774,.T.);
#7772 = VERTEX_POINT('',#7773);
#7773 = CARTESIAN_POINT('',(80.66,-27.9,1.5912));
#7774 = LINE('',#7775,#7776);
#7775 = CARTESIAN_POINT('',(80.66,-25.9,1.5912));
#7776 = VECTOR('',#7777,1.);
#7777 = DIRECTION('',(0.,-1.,0.));
#7778 = ORIENTED_EDGE('',*,*,#7779,.T.);
#7779 = EDGE_CURVE('',#7772,#7780,#7782,.T.);
#7780 = VERTEX_POINT('',#7781);
#7781 = CARTESIAN_POINT('',(80.655433,-27.922961,1.5912));
#7782 = LINE('',#7783,#7784);
#7783 = CARTESIAN_POINT('',(80.66,-27.9,1.5912));
#7784 = VECTOR('',#7785,1.);
#7785 = DIRECTION('',(-0.195081000118,-0.980787134598,0.));
#7786 = ORIENTED_EDGE('',*,*,#7787,.T.);
#7787 = EDGE_CURVE('',#7780,#7788,#7790,.T.);
#7788 = VERTEX_POINT('',#7789);
#7789 = CARTESIAN_POINT('',(80.642426,-27.942426,1.5912));
#7790 = LINE('',#7791,#7792);
#7791 = CARTESIAN_POINT('',(80.655433,-27.922961,1.5912));
#7792 = VECTOR('',#7793,1.);
#7793 = DIRECTION('',(-0.555596893535,-0.831451797698,0.));
#7794 = ORIENTED_EDGE('',*,*,#7795,.T.);
#7795 = EDGE_CURVE('',#7788,#7796,#7798,.T.);
#7796 = VERTEX_POINT('',#7797);
#7797 = CARTESIAN_POINT('',(80.342426,-28.242426,1.5912));
#7798 = LINE('',#7799,#7800);
#7799 = CARTESIAN_POINT('',(80.642426,-27.942426,1.5912));
#7800 = VECTOR('',#7801,1.);
#7801 = DIRECTION('',(-0.707106781187,-0.707106781187,0.));
#7802 = ORIENTED_EDGE('',*,*,#7803,.T.);
#7803 = EDGE_CURVE('',#7796,#7804,#7806,.T.);
#7804 = VERTEX_POINT('',#7805);
#7805 = CARTESIAN_POINT('',(80.322961,-28.255433,1.5912));
#7806 = LINE('',#7807,#7808);
#7807 = CARTESIAN_POINT('',(80.342426,-28.242426,1.5912));
#7808 = VECTOR('',#7809,1.);
#7809 = DIRECTION('',(-0.831451797698,-0.555596893535,0.));
#7810 = ORIENTED_EDGE('',*,*,#7811,.T.);
#7811 = EDGE_CURVE('',#7804,#7812,#7814,.T.);
#7812 = VERTEX_POINT('',#7813);
#7813 = CARTESIAN_POINT('',(80.3,-28.26,1.5912));
#7814 = LINE('',#7815,#7816);
#7815 = CARTESIAN_POINT('',(80.322961,-28.255433,1.5912));
#7816 = VECTOR('',#7817,1.);
#7817 = DIRECTION('',(-0.980787134598,-0.195081000118,0.));
#7818 = ORIENTED_EDGE('',*,*,#7819,.T.);
#7819 = EDGE_CURVE('',#7812,#7820,#7822,.T.);
#7820 = VERTEX_POINT('',#7821);
#7821 = CARTESIAN_POINT('',(77.4,-28.26,1.5912));
#7822 = LINE('',#7823,#7824);
#7823 = CARTESIAN_POINT('',(80.3,-28.26,1.5912));
#7824 = VECTOR('',#7825,1.);
#7825 = DIRECTION('',(-1.,0.,0.));
#7826 = ORIENTED_EDGE('',*,*,#7827,.T.);
#7827 = EDGE_CURVE('',#7820,#7828,#7830,.T.);
#7828 = VERTEX_POINT('',#7829);
#7829 = CARTESIAN_POINT('',(77.34,-28.2,1.5912));
#7830 = CIRCLE('',#7831,5.999932016259E-02);
#7831 = AXIS2_PLACEMENT_3D('',#7832,#7833,#7834);
#7832 = CARTESIAN_POINT('',(77.399999320159,-28.20000067984,1.5912));
#7833 = DIRECTION('',(0.,0.,-1.));
#7834 = DIRECTION('',(1.133081612143E-05,-0.999999999936,0.));
#7835 = ORIENTED_EDGE('',*,*,#7836,.T.);
#7836 = EDGE_CURVE('',#7828,#7744,#7837,.T.);
#7837 = LINE('',#7838,#7839);
#7838 = CARTESIAN_POINT('',(77.34,-28.2,1.5912));
#7839 = VECTOR('',#7840,1.);
#7840 = DIRECTION('',(0.,1.,0.));
#7841 = FACE_BOUND('',#7842,.F.);
#7842 = EDGE_LOOP('',(#7843,#7853,#7861,#7869,#7877));
#7843 = ORIENTED_EDGE('',*,*,#7844,.T.);
#7844 = EDGE_CURVE('',#7845,#7847,#7849,.T.);
#7845 = VERTEX_POINT('',#7846);
#7846 = CARTESIAN_POINT('',(80.54,-27.875148,1.5912));
#7847 = VERTEX_POINT('',#7848);
#7848 = CARTESIAN_POINT('',(80.54,-25.96,1.5912));
#7849 = LINE('',#7850,#7851);
#7850 = CARTESIAN_POINT('',(80.54,-27.875148,1.5912));
#7851 = VECTOR('',#7852,1.);
#7852 = DIRECTION('',(0.,1.,0.));
#7853 = ORIENTED_EDGE('',*,*,#7854,.T.);
#7854 = EDGE_CURVE('',#7847,#7855,#7857,.T.);
#7855 = VERTEX_POINT('',#7856);
#7856 = CARTESIAN_POINT('',(77.46,-25.96,1.5912));
#7857 = LINE('',#7858,#7859);
#7858 = CARTESIAN_POINT('',(80.54,-25.96,1.5912));
#7859 = VECTOR('',#7860,1.);
#7860 = DIRECTION('',(-1.,0.,0.));
#7861 = ORIENTED_EDGE('',*,*,#7862,.T.);
#7862 = EDGE_CURVE('',#7855,#7863,#7865,.T.);
#7863 = VERTEX_POINT('',#7864);
#7864 = CARTESIAN_POINT('',(77.46,-28.14,1.5912));
#7865 = LINE('',#7866,#7867);
#7866 = CARTESIAN_POINT('',(77.46,-25.96,1.5912));
#7867 = VECTOR('',#7868,1.);
#7868 = DIRECTION('',(0.,-1.,0.));
#7869 = ORIENTED_EDGE('',*,*,#7870,.T.);
#7870 = EDGE_CURVE('',#7863,#7871,#7873,.T.);
#7871 = VERTEX_POINT('',#7872);
#7872 = CARTESIAN_POINT('',(80.275148,-28.14,1.5912));
#7873 = LINE('',#7874,#7875);
#7874 = CARTESIAN_POINT('',(77.46,-28.14,1.5912));
#7875 = VECTOR('',#7876,1.);
#7876 = DIRECTION('',(1.,0.,0.));
#7877 = ORIENTED_EDGE('',*,*,#7878,.T.);
#7878 = EDGE_CURVE('',#7871,#7845,#7879,.T.);
#7879 = LINE('',#7880,#7881);
#7880 = CARTESIAN_POINT('',(80.275148,-28.14,1.5912));
#7881 = VECTOR('',#7882,1.);
#7882 = DIRECTION('',(0.707106781187,0.707106781187,0.));
#7883 = PLANE('',#7884);
#7884 = AXIS2_PLACEMENT_3D('',#7885,#7886,#7887);
#7885 = CARTESIAN_POINT('',(0.,0.,1.5912));
#7886 = DIRECTION('',(0.,0.,1.));
#7887 = DIRECTION('',(1.,0.,-0.));
#7888 = SHELL_BASED_SURFACE_MODEL('',(#7889));
#7889 = OPEN_SHELL('',(#7890));
#7890 = ADVANCED_FACE('',(#7891,#7992),#8034,.T.);
#7891 = FACE_BOUND('',#7892,.F.);
#7892 = EDGE_LOOP('',(#7893,#7904,#7912,#7921,#7929,#7937,#7945,#7953,
    #7961,#7969,#7977,#7986));
#7893 = ORIENTED_EDGE('',*,*,#7894,.T.);
#7894 = EDGE_CURVE('',#7895,#7897,#7899,.T.);
#7895 = VERTEX_POINT('',#7896);
#7896 = CARTESIAN_POINT('',(95.09,-25.9,1.5912));
#7897 = VERTEX_POINT('',#7898);
#7898 = CARTESIAN_POINT('',(95.15,-25.84,1.5912));
#7899 = CIRCLE('',#7900,5.999932016259E-02);
#7900 = AXIS2_PLACEMENT_3D('',#7901,#7902,#7903);
#7901 = CARTESIAN_POINT('',(95.149999320159,-25.89999932015,1.5912));
#7902 = DIRECTION('',(0.,0.,-1.));
#7903 = DIRECTION('',(-0.999999999936,-1.133081618064E-05,-0.));
#7904 = ORIENTED_EDGE('',*,*,#7905,.T.);
#7905 = EDGE_CURVE('',#7897,#7906,#7908,.T.);
#7906 = VERTEX_POINT('',#7907);
#7907 = CARTESIAN_POINT('',(98.35,-25.84,1.5912));
#7908 = LINE('',#7909,#7910);
#7909 = CARTESIAN_POINT('',(95.15,-25.84,1.5912));
#7910 = VECTOR('',#7911,1.);
#7911 = DIRECTION('',(1.,0.,0.));
#7912 = ORIENTED_EDGE('',*,*,#7913,.T.);
#7913 = EDGE_CURVE('',#7906,#7914,#7916,.T.);
#7914 = VERTEX_POINT('',#7915);
#7915 = CARTESIAN_POINT('',(98.41,-25.9,1.5912));
#7916 = CIRCLE('',#7917,5.999932016259E-02);
#7917 = AXIS2_PLACEMENT_3D('',#7918,#7919,#7920);
#7918 = CARTESIAN_POINT('',(98.350000679841,-25.89999932015,1.5912));
#7919 = DIRECTION('',(0.,0.,-1.));
#7920 = DIRECTION('',(-1.133081612142E-05,0.999999999936,0.));
#7921 = ORIENTED_EDGE('',*,*,#7922,.T.);
#7922 = EDGE_CURVE('',#7914,#7923,#7925,.T.);
#7923 = VERTEX_POINT('',#7924);
#7924 = CARTESIAN_POINT('',(98.41,-27.9,1.5912));
#7925 = LINE('',#7926,#7927);
#7926 = CARTESIAN_POINT('',(98.41,-25.9,1.5912));
#7927 = VECTOR('',#7928,1.);
#7928 = DIRECTION('',(0.,-1.,0.));
#7929 = ORIENTED_EDGE('',*,*,#7930,.T.);
#7930 = EDGE_CURVE('',#7923,#7931,#7933,.T.);
#7931 = VERTEX_POINT('',#7932);
#7932 = CARTESIAN_POINT('',(98.405433,-27.922961,1.5912));
#7933 = LINE('',#7934,#7935);
#7934 = CARTESIAN_POINT('',(98.41,-27.9,1.5912));
#7935 = VECTOR('',#7936,1.);
#7936 = DIRECTION('',(-0.195081000118,-0.980787134598,0.));
#7937 = ORIENTED_EDGE('',*,*,#7938,.T.);
#7938 = EDGE_CURVE('',#7931,#7939,#7941,.T.);
#7939 = VERTEX_POINT('',#7940);
#7940 = CARTESIAN_POINT('',(98.392426,-27.942426,1.5912));
#7941 = LINE('',#7942,#7943);
#7942 = CARTESIAN_POINT('',(98.405433,-27.922961,1.5912));
#7943 = VECTOR('',#7944,1.);
#7944 = DIRECTION('',(-0.555596893535,-0.831451797698,0.));
#7945 = ORIENTED_EDGE('',*,*,#7946,.T.);
#7946 = EDGE_CURVE('',#7939,#7947,#7949,.T.);
#7947 = VERTEX_POINT('',#7948);
#7948 = CARTESIAN_POINT('',(98.092426,-28.242426,1.5912));
#7949 = LINE('',#7950,#7951);
#7950 = CARTESIAN_POINT('',(98.392426,-27.942426,1.5912));
#7951 = VECTOR('',#7952,1.);
#7952 = DIRECTION('',(-0.707106781187,-0.707106781187,0.));
#7953 = ORIENTED_EDGE('',*,*,#7954,.T.);
#7954 = EDGE_CURVE('',#7947,#7955,#7957,.T.);
#7955 = VERTEX_POINT('',#7956);
#7956 = CARTESIAN_POINT('',(98.072961,-28.255433,1.5912));
#7957 = LINE('',#7958,#7959);
#7958 = CARTESIAN_POINT('',(98.092426,-28.242426,1.5912));
#7959 = VECTOR('',#7960,1.);
#7960 = DIRECTION('',(-0.831451797698,-0.555596893535,0.));
#7961 = ORIENTED_EDGE('',*,*,#7962,.T.);
#7962 = EDGE_CURVE('',#7955,#7963,#7965,.T.);
#7963 = VERTEX_POINT('',#7964);
#7964 = CARTESIAN_POINT('',(98.05,-28.26,1.5912));
#7965 = LINE('',#7966,#7967);
#7966 = CARTESIAN_POINT('',(98.072961,-28.255433,1.5912));
#7967 = VECTOR('',#7968,1.);
#7968 = DIRECTION('',(-0.980787134598,-0.195081000118,0.));
#7969 = ORIENTED_EDGE('',*,*,#7970,.T.);
#7970 = EDGE_CURVE('',#7963,#7971,#7973,.T.);
#7971 = VERTEX_POINT('',#7972);
#7972 = CARTESIAN_POINT('',(95.15,-28.26,1.5912));
#7973 = LINE('',#7974,#7975);
#7974 = CARTESIAN_POINT('',(98.05,-28.26,1.5912));
#7975 = VECTOR('',#7976,1.);
#7976 = DIRECTION('',(-1.,0.,0.));
#7977 = ORIENTED_EDGE('',*,*,#7978,.T.);
#7978 = EDGE_CURVE('',#7971,#7979,#7981,.T.);
#7979 = VERTEX_POINT('',#7980);
#7980 = CARTESIAN_POINT('',(95.09,-28.2,1.5912));
#7981 = CIRCLE('',#7982,5.999932016259E-02);
#7982 = AXIS2_PLACEMENT_3D('',#7983,#7984,#7985);
#7983 = CARTESIAN_POINT('',(95.149999320159,-28.20000067984,1.5912));
#7984 = DIRECTION('',(0.,0.,-1.));
#7985 = DIRECTION('',(1.133081612143E-05,-0.999999999936,0.));
#7986 = ORIENTED_EDGE('',*,*,#7987,.T.);
#7987 = EDGE_CURVE('',#7979,#7895,#7988,.T.);
#7988 = LINE('',#7989,#7990);
#7989 = CARTESIAN_POINT('',(95.09,-28.2,1.5912));
#7990 = VECTOR('',#7991,1.);
#7991 = DIRECTION('',(0.,1.,0.));
#7992 = FACE_BOUND('',#7993,.F.);
#7993 = EDGE_LOOP('',(#7994,#8004,#8012,#8020,#8028));
#7994 = ORIENTED_EDGE('',*,*,#7995,.T.);
#7995 = EDGE_CURVE('',#7996,#7998,#8000,.T.);
#7996 = VERTEX_POINT('',#7997);
#7997 = CARTESIAN_POINT('',(98.29,-27.875148,1.5912));
#7998 = VERTEX_POINT('',#7999);
#7999 = CARTESIAN_POINT('',(98.29,-25.96,1.5912));
#8000 = LINE('',#8001,#8002);
#8001 = CARTESIAN_POINT('',(98.29,-27.875148,1.5912));
#8002 = VECTOR('',#8003,1.);
#8003 = DIRECTION('',(0.,1.,0.));
#8004 = ORIENTED_EDGE('',*,*,#8005,.T.);
#8005 = EDGE_CURVE('',#7998,#8006,#8008,.T.);
#8006 = VERTEX_POINT('',#8007);
#8007 = CARTESIAN_POINT('',(95.21,-25.96,1.5912));
#8008 = LINE('',#8009,#8010);
#8009 = CARTESIAN_POINT('',(98.29,-25.96,1.5912));
#8010 = VECTOR('',#8011,1.);
#8011 = DIRECTION('',(-1.,0.,0.));
#8012 = ORIENTED_EDGE('',*,*,#8013,.T.);
#8013 = EDGE_CURVE('',#8006,#8014,#8016,.T.);
#8014 = VERTEX_POINT('',#8015);
#8015 = CARTESIAN_POINT('',(95.21,-28.14,1.5912));
#8016 = LINE('',#8017,#8018);
#8017 = CARTESIAN_POINT('',(95.21,-25.96,1.5912));
#8018 = VECTOR('',#8019,1.);
#8019 = DIRECTION('',(0.,-1.,0.));
#8020 = ORIENTED_EDGE('',*,*,#8021,.T.);
#8021 = EDGE_CURVE('',#8014,#8022,#8024,.T.);
#8022 = VERTEX_POINT('',#8023);
#8023 = CARTESIAN_POINT('',(98.025148,-28.14,1.5912));
#8024 = LINE('',#8025,#8026);
#8025 = CARTESIAN_POINT('',(95.21,-28.14,1.5912));
#8026 = VECTOR('',#8027,1.);
#8027 = DIRECTION('',(1.,0.,0.));
#8028 = ORIENTED_EDGE('',*,*,#8029,.T.);
#8029 = EDGE_CURVE('',#8022,#7996,#8030,.T.);
#8030 = LINE('',#8031,#8032);
#8031 = CARTESIAN_POINT('',(98.025148,-28.14,1.5912));
#8032 = VECTOR('',#8033,1.);
#8033 = DIRECTION('',(0.707106781187,0.707106781187,0.));
#8034 = PLANE('',#8035);
#8035 = AXIS2_PLACEMENT_3D('',#8036,#8037,#8038);
#8036 = CARTESIAN_POINT('',(0.,0.,1.5912));
#8037 = DIRECTION('',(0.,0.,1.));
#8038 = DIRECTION('',(1.,0.,-0.));
#8039 = SHELL_BASED_SURFACE_MODEL('',(#8040));
#8040 = OPEN_SHELL('',(#8041));
#8041 = ADVANCED_FACE('',(#8042,#8143),#8185,.T.);
#8042 = FACE_BOUND('',#8043,.F.);
#8043 = EDGE_LOOP('',(#8044,#8055,#8063,#8072,#8080,#8088,#8096,#8104,
    #8112,#8120,#8128,#8137));
#8044 = ORIENTED_EDGE('',*,*,#8045,.T.);
#8045 = EDGE_CURVE('',#8046,#8048,#8050,.T.);
#8046 = VERTEX_POINT('',#8047);
#8047 = CARTESIAN_POINT('',(112.84,-25.9,1.5912));
#8048 = VERTEX_POINT('',#8049);
#8049 = CARTESIAN_POINT('',(112.9,-25.84,1.5912));
#8050 = CIRCLE('',#8051,5.999932016259E-02);
#8051 = AXIS2_PLACEMENT_3D('',#8052,#8053,#8054);
#8052 = CARTESIAN_POINT('',(112.89999932015,-25.89999932015,1.5912));
#8053 = DIRECTION('',(0.,0.,-1.));
#8054 = DIRECTION('',(-0.999999999936,-1.133081618064E-05,-0.));
#8055 = ORIENTED_EDGE('',*,*,#8056,.T.);
#8056 = EDGE_CURVE('',#8048,#8057,#8059,.T.);
#8057 = VERTEX_POINT('',#8058);
#8058 = CARTESIAN_POINT('',(116.1,-25.84,1.5912));
#8059 = LINE('',#8060,#8061);
#8060 = CARTESIAN_POINT('',(112.9,-25.84,1.5912));
#8061 = VECTOR('',#8062,1.);
#8062 = DIRECTION('',(1.,0.,0.));
#8063 = ORIENTED_EDGE('',*,*,#8064,.T.);
#8064 = EDGE_CURVE('',#8057,#8065,#8067,.T.);
#8065 = VERTEX_POINT('',#8066);
#8066 = CARTESIAN_POINT('',(116.16,-25.9,1.5912));
#8067 = CIRCLE('',#8068,5.999932016259E-02);
#8068 = AXIS2_PLACEMENT_3D('',#8069,#8070,#8071);
#8069 = CARTESIAN_POINT('',(116.10000067984,-25.89999932015,1.5912));
#8070 = DIRECTION('',(0.,0.,-1.));
#8071 = DIRECTION('',(-1.133081612142E-05,0.999999999936,0.));
#8072 = ORIENTED_EDGE('',*,*,#8073,.T.);
#8073 = EDGE_CURVE('',#8065,#8074,#8076,.T.);
#8074 = VERTEX_POINT('',#8075);
#8075 = CARTESIAN_POINT('',(116.16,-27.9,1.5912));
#8076 = LINE('',#8077,#8078);
#8077 = CARTESIAN_POINT('',(116.16,-25.9,1.5912));
#8078 = VECTOR('',#8079,1.);
#8079 = DIRECTION('',(0.,-1.,0.));
#8080 = ORIENTED_EDGE('',*,*,#8081,.T.);
#8081 = EDGE_CURVE('',#8074,#8082,#8084,.T.);
#8082 = VERTEX_POINT('',#8083);
#8083 = CARTESIAN_POINT('',(116.155433,-27.922961,1.5912));
#8084 = LINE('',#8085,#8086);
#8085 = CARTESIAN_POINT('',(116.16,-27.9,1.5912));
#8086 = VECTOR('',#8087,1.);
#8087 = DIRECTION('',(-0.195081000118,-0.980787134598,0.));
#8088 = ORIENTED_EDGE('',*,*,#8089,.T.);
#8089 = EDGE_CURVE('',#8082,#8090,#8092,.T.);
#8090 = VERTEX_POINT('',#8091);
#8091 = CARTESIAN_POINT('',(116.142426,-27.942426,1.5912));
#8092 = LINE('',#8093,#8094);
#8093 = CARTESIAN_POINT('',(116.155433,-27.922961,1.5912));
#8094 = VECTOR('',#8095,1.);
#8095 = DIRECTION('',(-0.555596893535,-0.831451797698,0.));
#8096 = ORIENTED_EDGE('',*,*,#8097,.T.);
#8097 = EDGE_CURVE('',#8090,#8098,#8100,.T.);
#8098 = VERTEX_POINT('',#8099);
#8099 = CARTESIAN_POINT('',(115.842426,-28.242426,1.5912));
#8100 = LINE('',#8101,#8102);
#8101 = CARTESIAN_POINT('',(116.142426,-27.942426,1.5912));
#8102 = VECTOR('',#8103,1.);
#8103 = DIRECTION('',(-0.707106781187,-0.707106781187,0.));
#8104 = ORIENTED_EDGE('',*,*,#8105,.T.);
#8105 = EDGE_CURVE('',#8098,#8106,#8108,.T.);
#8106 = VERTEX_POINT('',#8107);
#8107 = CARTESIAN_POINT('',(115.822961,-28.255433,1.5912));
#8108 = LINE('',#8109,#8110);
#8109 = CARTESIAN_POINT('',(115.842426,-28.242426,1.5912));
#8110 = VECTOR('',#8111,1.);
#8111 = DIRECTION('',(-0.831451797698,-0.555596893535,0.));
#8112 = ORIENTED_EDGE('',*,*,#8113,.T.);
#8113 = EDGE_CURVE('',#8106,#8114,#8116,.T.);
#8114 = VERTEX_POINT('',#8115);
#8115 = CARTESIAN_POINT('',(115.8,-28.26,1.5912));
#8116 = LINE('',#8117,#8118);
#8117 = CARTESIAN_POINT('',(115.822961,-28.255433,1.5912));
#8118 = VECTOR('',#8119,1.);
#8119 = DIRECTION('',(-0.980787134598,-0.195081000118,0.));
#8120 = ORIENTED_EDGE('',*,*,#8121,.T.);
#8121 = EDGE_CURVE('',#8114,#8122,#8124,.T.);
#8122 = VERTEX_POINT('',#8123);
#8123 = CARTESIAN_POINT('',(112.9,-28.26,1.5912));
#8124 = LINE('',#8125,#8126);
#8125 = CARTESIAN_POINT('',(115.8,-28.26,1.5912));
#8126 = VECTOR('',#8127,1.);
#8127 = DIRECTION('',(-1.,0.,0.));
#8128 = ORIENTED_EDGE('',*,*,#8129,.T.);
#8129 = EDGE_CURVE('',#8122,#8130,#8132,.T.);
#8130 = VERTEX_POINT('',#8131);
#8131 = CARTESIAN_POINT('',(112.84,-28.2,1.5912));
#8132 = CIRCLE('',#8133,5.999932016259E-02);
#8133 = AXIS2_PLACEMENT_3D('',#8134,#8135,#8136);
#8134 = CARTESIAN_POINT('',(112.89999932015,-28.20000067984,1.5912));
#8135 = DIRECTION('',(0.,0.,-1.));
#8136 = DIRECTION('',(1.133081612143E-05,-0.999999999936,0.));
#8137 = ORIENTED_EDGE('',*,*,#8138,.T.);
#8138 = EDGE_CURVE('',#8130,#8046,#8139,.T.);
#8139 = LINE('',#8140,#8141);
#8140 = CARTESIAN_POINT('',(112.84,-28.2,1.5912));
#8141 = VECTOR('',#8142,1.);
#8142 = DIRECTION('',(0.,1.,0.));
#8143 = FACE_BOUND('',#8144,.F.);
#8144 = EDGE_LOOP('',(#8145,#8155,#8163,#8171,#8179));
#8145 = ORIENTED_EDGE('',*,*,#8146,.T.);
#8146 = EDGE_CURVE('',#8147,#8149,#8151,.T.);
#8147 = VERTEX_POINT('',#8148);
#8148 = CARTESIAN_POINT('',(116.04,-27.875148,1.5912));
#8149 = VERTEX_POINT('',#8150);
#8150 = CARTESIAN_POINT('',(116.04,-25.96,1.5912));
#8151 = LINE('',#8152,#8153);
#8152 = CARTESIAN_POINT('',(116.04,-27.875148,1.5912));
#8153 = VECTOR('',#8154,1.);
#8154 = DIRECTION('',(0.,1.,0.));
#8155 = ORIENTED_EDGE('',*,*,#8156,.T.);
#8156 = EDGE_CURVE('',#8149,#8157,#8159,.T.);
#8157 = VERTEX_POINT('',#8158);
#8158 = CARTESIAN_POINT('',(112.96,-25.96,1.5912));
#8159 = LINE('',#8160,#8161);
#8160 = CARTESIAN_POINT('',(116.04,-25.96,1.5912));
#8161 = VECTOR('',#8162,1.);
#8162 = DIRECTION('',(-1.,0.,0.));
#8163 = ORIENTED_EDGE('',*,*,#8164,.T.);
#8164 = EDGE_CURVE('',#8157,#8165,#8167,.T.);
#8165 = VERTEX_POINT('',#8166);
#8166 = CARTESIAN_POINT('',(112.96,-28.14,1.5912));
#8167 = LINE('',#8168,#8169);
#8168 = CARTESIAN_POINT('',(112.96,-25.96,1.5912));
#8169 = VECTOR('',#8170,1.);
#8170 = DIRECTION('',(0.,-1.,0.));
#8171 = ORIENTED_EDGE('',*,*,#8172,.T.);
#8172 = EDGE_CURVE('',#8165,#8173,#8175,.T.);
#8173 = VERTEX_POINT('',#8174);
#8174 = CARTESIAN_POINT('',(115.775148,-28.14,1.5912));
#8175 = LINE('',#8176,#8177);
#8176 = CARTESIAN_POINT('',(112.96,-28.14,1.5912));
#8177 = VECTOR('',#8178,1.);
#8178 = DIRECTION('',(1.,0.,0.));
#8179 = ORIENTED_EDGE('',*,*,#8180,.T.);
#8180 = EDGE_CURVE('',#8173,#8147,#8181,.T.);
#8181 = LINE('',#8182,#8183);
#8182 = CARTESIAN_POINT('',(115.775148,-28.14,1.5912));
#8183 = VECTOR('',#8184,1.);
#8184 = DIRECTION('',(0.707106781187,0.707106781187,0.));
#8185 = PLANE('',#8186);
#8186 = AXIS2_PLACEMENT_3D('',#8187,#8188,#8189);
#8187 = CARTESIAN_POINT('',(0.,0.,1.5912));
#8188 = DIRECTION('',(0.,0.,1.));
#8189 = DIRECTION('',(1.,0.,-0.));
#8190 = SHELL_BASED_SURFACE_MODEL('',(#8191));
#8191 = OPEN_SHELL('',(#8192));
#8192 = ADVANCED_FACE('',(#8193,#8294),#8336,.T.);
#8193 = FACE_BOUND('',#8194,.F.);
#8194 = EDGE_LOOP('',(#8195,#8206,#8214,#8223,#8231,#8239,#8247,#8255,
    #8263,#8271,#8279,#8288));
#8195 = ORIENTED_EDGE('',*,*,#8196,.T.);
#8196 = EDGE_CURVE('',#8197,#8199,#8201,.T.);
#8197 = VERTEX_POINT('',#8198);
#8198 = CARTESIAN_POINT('',(130.59,-25.85,1.5912));
#8199 = VERTEX_POINT('',#8200);
#8200 = CARTESIAN_POINT('',(130.65,-25.79,1.5912));
#8201 = CIRCLE('',#8202,5.999932016262E-02);
#8202 = AXIS2_PLACEMENT_3D('',#8203,#8204,#8205);
#8203 = CARTESIAN_POINT('',(130.64999932015,-25.84999932015,1.5912));
#8204 = DIRECTION('',(0.,0.,-1.));
#8205 = DIRECTION('',(-0.999999999936,-1.133081552929E-05,-0.));
#8206 = ORIENTED_EDGE('',*,*,#8207,.T.);
#8207 = EDGE_CURVE('',#8199,#8208,#8210,.T.);
#8208 = VERTEX_POINT('',#8209);
#8209 = CARTESIAN_POINT('',(133.85,-25.79,1.5912));
#8210 = LINE('',#8211,#8212);
#8211 = CARTESIAN_POINT('',(130.65,-25.79,1.5912));
#8212 = VECTOR('',#8213,1.);
#8213 = DIRECTION('',(1.,0.,0.));
#8214 = ORIENTED_EDGE('',*,*,#8215,.T.);
#8215 = EDGE_CURVE('',#8208,#8216,#8218,.T.);
#8216 = VERTEX_POINT('',#8217);
#8217 = CARTESIAN_POINT('',(133.91,-25.85,1.5912));
#8218 = CIRCLE('',#8219,5.999932016259E-02);
#8219 = AXIS2_PLACEMENT_3D('',#8220,#8221,#8222);
#8220 = CARTESIAN_POINT('',(133.85000067984,-25.84999932015,1.5912));
#8221 = DIRECTION('',(0.,0.,-1.));
#8222 = DIRECTION('',(-1.133081612143E-05,0.999999999936,0.));
#8223 = ORIENTED_EDGE('',*,*,#8224,.T.);
#8224 = EDGE_CURVE('',#8216,#8225,#8227,.T.);
#8225 = VERTEX_POINT('',#8226);
#8226 = CARTESIAN_POINT('',(133.91,-27.85,1.5912));
#8227 = LINE('',#8228,#8229);
#8228 = CARTESIAN_POINT('',(133.91,-25.85,1.5912));
#8229 = VECTOR('',#8230,1.);
#8230 = DIRECTION('',(0.,-1.,0.));
#8231 = ORIENTED_EDGE('',*,*,#8232,.T.);
#8232 = EDGE_CURVE('',#8225,#8233,#8235,.T.);
#8233 = VERTEX_POINT('',#8234);
#8234 = CARTESIAN_POINT('',(133.905433,-27.872961,1.5912));
#8235 = LINE('',#8236,#8237);
#8236 = CARTESIAN_POINT('',(133.91,-27.85,1.5912));
#8237 = VECTOR('',#8238,1.);
#8238 = DIRECTION('',(-0.195081000118,-0.980787134598,0.));
#8239 = ORIENTED_EDGE('',*,*,#8240,.T.);
#8240 = EDGE_CURVE('',#8233,#8241,#8243,.T.);
#8241 = VERTEX_POINT('',#8242);
#8242 = CARTESIAN_POINT('',(133.892426,-27.892426,1.5912));
#8243 = LINE('',#8244,#8245);
#8244 = CARTESIAN_POINT('',(133.905433,-27.872961,1.5912));
#8245 = VECTOR('',#8246,1.);
#8246 = DIRECTION('',(-0.555596893534,-0.831451797698,0.));
#8247 = ORIENTED_EDGE('',*,*,#8248,.T.);
#8248 = EDGE_CURVE('',#8241,#8249,#8251,.T.);
#8249 = VERTEX_POINT('',#8250);
#8250 = CARTESIAN_POINT('',(133.592426,-28.192426,1.5912));
#8251 = LINE('',#8252,#8253);
#8252 = CARTESIAN_POINT('',(133.892426,-27.892426,1.5912));
#8253 = VECTOR('',#8254,1.);
#8254 = DIRECTION('',(-0.707106781187,-0.707106781187,0.));
#8255 = ORIENTED_EDGE('',*,*,#8256,.T.);
#8256 = EDGE_CURVE('',#8249,#8257,#8259,.T.);
#8257 = VERTEX_POINT('',#8258);
#8258 = CARTESIAN_POINT('',(133.572961,-28.205433,1.5912));
#8259 = LINE('',#8260,#8261);
#8260 = CARTESIAN_POINT('',(133.592426,-28.192426,1.5912));
#8261 = VECTOR('',#8262,1.);
#8262 = DIRECTION('',(-0.831451797698,-0.555596893535,0.));
#8263 = ORIENTED_EDGE('',*,*,#8264,.T.);
#8264 = EDGE_CURVE('',#8257,#8265,#8267,.T.);
#8265 = VERTEX_POINT('',#8266);
#8266 = CARTESIAN_POINT('',(133.55,-28.21,1.5912));
#8267 = LINE('',#8268,#8269);
#8268 = CARTESIAN_POINT('',(133.572961,-28.205433,1.5912));
#8269 = VECTOR('',#8270,1.);
#8270 = DIRECTION('',(-0.980787134598,-0.195081000118,0.));
#8271 = ORIENTED_EDGE('',*,*,#8272,.T.);
#8272 = EDGE_CURVE('',#8265,#8273,#8275,.T.);
#8273 = VERTEX_POINT('',#8274);
#8274 = CARTESIAN_POINT('',(130.65,-28.21,1.5912));
#8275 = LINE('',#8276,#8277);
#8276 = CARTESIAN_POINT('',(133.55,-28.21,1.5912));
#8277 = VECTOR('',#8278,1.);
#8278 = DIRECTION('',(-1.,0.,0.));
#8279 = ORIENTED_EDGE('',*,*,#8280,.T.);
#8280 = EDGE_CURVE('',#8273,#8281,#8283,.T.);
#8281 = VERTEX_POINT('',#8282);
#8282 = CARTESIAN_POINT('',(130.59,-28.15,1.5912));
#8283 = CIRCLE('',#8284,5.999932016259E-02);
#8284 = AXIS2_PLACEMENT_3D('',#8285,#8286,#8287);
#8285 = CARTESIAN_POINT('',(130.64999932015,-28.15000067984,1.5912));
#8286 = DIRECTION('',(0.,0.,-1.));
#8287 = DIRECTION('',(1.133081612143E-05,-0.999999999936,0.));
#8288 = ORIENTED_EDGE('',*,*,#8289,.T.);
#8289 = EDGE_CURVE('',#8281,#8197,#8290,.T.);
#8290 = LINE('',#8291,#8292);
#8291 = CARTESIAN_POINT('',(130.59,-28.15,1.5912));
#8292 = VECTOR('',#8293,1.);
#8293 = DIRECTION('',(0.,1.,0.));
#8294 = FACE_BOUND('',#8295,.F.);
#8295 = EDGE_LOOP('',(#8296,#8306,#8314,#8322,#8330));
#8296 = ORIENTED_EDGE('',*,*,#8297,.T.);
#8297 = EDGE_CURVE('',#8298,#8300,#8302,.T.);
#8298 = VERTEX_POINT('',#8299);
#8299 = CARTESIAN_POINT('',(133.79,-27.825148,1.5912));
#8300 = VERTEX_POINT('',#8301);
#8301 = CARTESIAN_POINT('',(133.79,-25.91,1.5912));
#8302 = LINE('',#8303,#8304);
#8303 = CARTESIAN_POINT('',(133.79,-27.825148,1.5912));
#8304 = VECTOR('',#8305,1.);
#8305 = DIRECTION('',(0.,1.,0.));
#8306 = ORIENTED_EDGE('',*,*,#8307,.T.);
#8307 = EDGE_CURVE('',#8300,#8308,#8310,.T.);
#8308 = VERTEX_POINT('',#8309);
#8309 = CARTESIAN_POINT('',(130.71,-25.91,1.5912));
#8310 = LINE('',#8311,#8312);
#8311 = CARTESIAN_POINT('',(133.79,-25.91,1.5912));
#8312 = VECTOR('',#8313,1.);
#8313 = DIRECTION('',(-1.,0.,0.));
#8314 = ORIENTED_EDGE('',*,*,#8315,.T.);
#8315 = EDGE_CURVE('',#8308,#8316,#8318,.T.);
#8316 = VERTEX_POINT('',#8317);
#8317 = CARTESIAN_POINT('',(130.71,-28.09,1.5912));
#8318 = LINE('',#8319,#8320);
#8319 = CARTESIAN_POINT('',(130.71,-25.91,1.5912));
#8320 = VECTOR('',#8321,1.);
#8321 = DIRECTION('',(0.,-1.,0.));
#8322 = ORIENTED_EDGE('',*,*,#8323,.T.);
#8323 = EDGE_CURVE('',#8316,#8324,#8326,.T.);
#8324 = VERTEX_POINT('',#8325);
#8325 = CARTESIAN_POINT('',(133.525148,-28.09,1.5912));
#8326 = LINE('',#8327,#8328);
#8327 = CARTESIAN_POINT('',(130.71,-28.09,1.5912));
#8328 = VECTOR('',#8329,1.);
#8329 = DIRECTION('',(1.,0.,0.));
#8330 = ORIENTED_EDGE('',*,*,#8331,.T.);
#8331 = EDGE_CURVE('',#8324,#8298,#8332,.T.);
#8332 = LINE('',#8333,#8334);
#8333 = CARTESIAN_POINT('',(133.525148,-28.09,1.5912));
#8334 = VECTOR('',#8335,1.);
#8335 = DIRECTION('',(0.707106781187,0.707106781187,0.));
#8336 = PLANE('',#8337);
#8337 = AXIS2_PLACEMENT_3D('',#8338,#8339,#8340);
#8338 = CARTESIAN_POINT('',(0.,0.,1.5912));
#8339 = DIRECTION('',(0.,0.,1.));
#8340 = DIRECTION('',(1.,0.,-0.));
#8341 = SHELL_BASED_SURFACE_MODEL('',(#8342));
#8342 = OPEN_SHELL('',(#8343));
#8343 = ADVANCED_FACE('',(#8344),#8380,.T.);
#8344 = FACE_BOUND('',#8345,.F.);
#8345 = EDGE_LOOP('',(#8346,#8357,#8365,#8374));
#8346 = ORIENTED_EDGE('',*,*,#8347,.T.);
#8347 = EDGE_CURVE('',#8348,#8350,#8352,.T.);
#8348 = VERTEX_POINT('',#8349);
#8349 = CARTESIAN_POINT('',(25.642164,-25.42,1.5912));
#8350 = VERTEX_POINT('',#8351);
#8351 = CARTESIAN_POINT('',(25.642164,-25.3,1.5912));
#8352 = CIRCLE('',#8353,6.000000000042E-02);
#8353 = AXIS2_PLACEMENT_3D('',#8354,#8355,#8356);
#8354 = CARTESIAN_POINT('',(25.642163774412,-25.36,1.5912));
#8355 = DIRECTION('',(0.,0.,-1.));
#8356 = DIRECTION('',(3.75979413526E-06,-0.999999999993,0.));
#8357 = ORIENTED_EDGE('',*,*,#8358,.T.);
#8358 = EDGE_CURVE('',#8350,#8359,#8361,.T.);
#8359 = VERTEX_POINT('',#8360);
#8360 = CARTESIAN_POINT('',(25.857836,-25.3,1.5912));
#8361 = LINE('',#8362,#8363);
#8362 = CARTESIAN_POINT('',(25.642164,-25.3,1.5912));
#8363 = VECTOR('',#8364,1.);
#8364 = DIRECTION('',(1.,0.,0.));
#8365 = ORIENTED_EDGE('',*,*,#8366,.T.);
#8366 = EDGE_CURVE('',#8359,#8367,#8369,.T.);
#8367 = VERTEX_POINT('',#8368);
#8368 = CARTESIAN_POINT('',(25.857836,-25.42,1.5912));
#8369 = CIRCLE('',#8370,6.000000000043E-02);
#8370 = AXIS2_PLACEMENT_3D('',#8371,#8372,#8373);
#8371 = CARTESIAN_POINT('',(25.857836225588,-25.36,1.5912));
#8372 = DIRECTION('',(0.,0.,-1.));
#8373 = DIRECTION('',(-3.759794076048E-06,0.999999999993,-0.));
#8374 = ORIENTED_EDGE('',*,*,#8375,.T.);
#8375 = EDGE_CURVE('',#8367,#8348,#8376,.T.);
#8376 = LINE('',#8377,#8378);
#8377 = CARTESIAN_POINT('',(25.857836,-25.42,1.5912));
#8378 = VECTOR('',#8379,1.);
#8379 = DIRECTION('',(-1.,0.,0.));
#8380 = PLANE('',#8381);
#8381 = AXIS2_PLACEMENT_3D('',#8382,#8383,#8384);
#8382 = CARTESIAN_POINT('',(0.,0.,1.5912));
#8383 = DIRECTION('',(0.,0.,1.));
#8384 = DIRECTION('',(1.,0.,-0.));
#8385 = SHELL_BASED_SURFACE_MODEL('',(#8386));
#8386 = OPEN_SHELL('',(#8387));
#8387 = ADVANCED_FACE('',(#8388),#8424,.T.);
#8388 = FACE_BOUND('',#8389,.F.);
#8389 = EDGE_LOOP('',(#8390,#8401,#8409,#8418));
#8390 = ORIENTED_EDGE('',*,*,#8391,.T.);
#8391 = EDGE_CURVE('',#8392,#8394,#8396,.T.);
#8392 = VERTEX_POINT('',#8393);
#8393 = CARTESIAN_POINT('',(43.392164,-25.42,1.5912));
#8394 = VERTEX_POINT('',#8395);
#8395 = CARTESIAN_POINT('',(43.392164,-25.3,1.5912));
#8396 = CIRCLE('',#8397,6.000000000042E-02);
#8397 = AXIS2_PLACEMENT_3D('',#8398,#8399,#8400);
#8398 = CARTESIAN_POINT('',(43.392163774412,-25.36,1.5912));
#8399 = DIRECTION('',(0.,0.,-1.));
#8400 = DIRECTION('',(3.75979413526E-06,-0.999999999993,0.));
#8401 = ORIENTED_EDGE('',*,*,#8402,.T.);
#8402 = EDGE_CURVE('',#8394,#8403,#8405,.T.);
#8403 = VERTEX_POINT('',#8404);
#8404 = CARTESIAN_POINT('',(43.607836,-25.3,1.5912));
#8405 = LINE('',#8406,#8407);
#8406 = CARTESIAN_POINT('',(43.392164,-25.3,1.5912));
#8407 = VECTOR('',#8408,1.);
#8408 = DIRECTION('',(1.,0.,0.));
#8409 = ORIENTED_EDGE('',*,*,#8410,.T.);
#8410 = EDGE_CURVE('',#8403,#8411,#8413,.T.);
#8411 = VERTEX_POINT('',#8412);
#8412 = CARTESIAN_POINT('',(43.607836,-25.42,1.5912));
#8413 = CIRCLE('',#8414,6.000000000042E-02);
#8414 = AXIS2_PLACEMENT_3D('',#8415,#8416,#8417);
#8415 = CARTESIAN_POINT('',(43.607836225588,-25.36,1.5912));
#8416 = DIRECTION('',(0.,0.,-1.));
#8417 = DIRECTION('',(-3.75979413526E-06,0.999999999993,-0.));
#8418 = ORIENTED_EDGE('',*,*,#8419,.T.);
#8419 = EDGE_CURVE('',#8411,#8392,#8420,.T.);
#8420 = LINE('',#8421,#8422);
#8421 = CARTESIAN_POINT('',(43.607836,-25.42,1.5912));
#8422 = VECTOR('',#8423,1.);
#8423 = DIRECTION('',(-1.,0.,0.));
#8424 = PLANE('',#8425);
#8425 = AXIS2_PLACEMENT_3D('',#8426,#8427,#8428);
#8426 = CARTESIAN_POINT('',(0.,0.,1.5912));
#8427 = DIRECTION('',(0.,0.,1.));
#8428 = DIRECTION('',(1.,0.,-0.));
#8429 = SHELL_BASED_SURFACE_MODEL('',(#8430));
#8430 = OPEN_SHELL('',(#8431));
#8431 = ADVANCED_FACE('',(#8432),#8468,.T.);
#8432 = FACE_BOUND('',#8433,.F.);
#8433 = EDGE_LOOP('',(#8434,#8445,#8453,#8462));
#8434 = ORIENTED_EDGE('',*,*,#8435,.T.);
#8435 = EDGE_CURVE('',#8436,#8438,#8440,.T.);
#8436 = VERTEX_POINT('',#8437);
#8437 = CARTESIAN_POINT('',(61.142164,-25.42,1.5912));
#8438 = VERTEX_POINT('',#8439);
#8439 = CARTESIAN_POINT('',(61.142164,-25.3,1.5912));
#8440 = CIRCLE('',#8441,6.000000000042E-02);
#8441 = AXIS2_PLACEMENT_3D('',#8442,#8443,#8444);
#8442 = CARTESIAN_POINT('',(61.142163774412,-25.36,1.5912));
#8443 = DIRECTION('',(0.,0.,-1.));
#8444 = DIRECTION('',(3.75979413526E-06,-0.999999999993,0.));
#8445 = ORIENTED_EDGE('',*,*,#8446,.T.);
#8446 = EDGE_CURVE('',#8438,#8447,#8449,.T.);
#8447 = VERTEX_POINT('',#8448);
#8448 = CARTESIAN_POINT('',(61.357836,-25.3,1.5912));
#8449 = LINE('',#8450,#8451);
#8450 = CARTESIAN_POINT('',(61.142164,-25.3,1.5912));
#8451 = VECTOR('',#8452,1.);
#8452 = DIRECTION('',(1.,0.,0.));
#8453 = ORIENTED_EDGE('',*,*,#8454,.T.);
#8454 = EDGE_CURVE('',#8447,#8455,#8457,.T.);
#8455 = VERTEX_POINT('',#8456);
#8456 = CARTESIAN_POINT('',(61.357836,-25.42,1.5912));
#8457 = CIRCLE('',#8458,6.000000000042E-02);
#8458 = AXIS2_PLACEMENT_3D('',#8459,#8460,#8461);
#8459 = CARTESIAN_POINT('',(61.357836225588,-25.36,1.5912));
#8460 = DIRECTION('',(0.,0.,-1.));
#8461 = DIRECTION('',(-3.75979413526E-06,0.999999999993,-0.));
#8462 = ORIENTED_EDGE('',*,*,#8463,.T.);
#8463 = EDGE_CURVE('',#8455,#8436,#8464,.T.);
#8464 = LINE('',#8465,#8466);
#8465 = CARTESIAN_POINT('',(61.357836,-25.42,1.5912));
#8466 = VECTOR('',#8467,1.);
#8467 = DIRECTION('',(-1.,0.,0.));
#8468 = PLANE('',#8469);
#8469 = AXIS2_PLACEMENT_3D('',#8470,#8471,#8472);
#8470 = CARTESIAN_POINT('',(0.,0.,1.5912));
#8471 = DIRECTION('',(0.,0.,1.));
#8472 = DIRECTION('',(1.,0.,-0.));
#8473 = SHELL_BASED_SURFACE_MODEL('',(#8474));
#8474 = OPEN_SHELL('',(#8475));
#8475 = ADVANCED_FACE('',(#8476),#8512,.T.);
#8476 = FACE_BOUND('',#8477,.F.);
#8477 = EDGE_LOOP('',(#8478,#8489,#8497,#8506));
#8478 = ORIENTED_EDGE('',*,*,#8479,.T.);
#8479 = EDGE_CURVE('',#8480,#8482,#8484,.T.);
#8480 = VERTEX_POINT('',#8481);
#8481 = CARTESIAN_POINT('',(78.872164,-25.42,1.5912));
#8482 = VERTEX_POINT('',#8483);
#8483 = CARTESIAN_POINT('',(78.872164,-25.3,1.5912));
#8484 = CIRCLE('',#8485,6.000000000042E-02);
#8485 = AXIS2_PLACEMENT_3D('',#8486,#8487,#8488);
#8486 = CARTESIAN_POINT('',(78.872163774412,-25.36,1.5912));
#8487 = DIRECTION('',(0.,0.,-1.));
#8488 = DIRECTION('',(3.759794016836E-06,-0.999999999993,0.));
#8489 = ORIENTED_EDGE('',*,*,#8490,.T.);
#8490 = EDGE_CURVE('',#8482,#8491,#8493,.T.);
#8491 = VERTEX_POINT('',#8492);
#8492 = CARTESIAN_POINT('',(79.087836,-25.3,1.5912));
#8493 = LINE('',#8494,#8495);
#8494 = CARTESIAN_POINT('',(78.872164,-25.3,1.5912));
#8495 = VECTOR('',#8496,1.);
#8496 = DIRECTION('',(1.,0.,0.));
#8497 = ORIENTED_EDGE('',*,*,#8498,.T.);
#8498 = EDGE_CURVE('',#8491,#8499,#8501,.T.);
#8499 = VERTEX_POINT('',#8500);
#8500 = CARTESIAN_POINT('',(79.087836,-25.42,1.5912));
#8501 = CIRCLE('',#8502,6.000000000042E-02);
#8502 = AXIS2_PLACEMENT_3D('',#8503,#8504,#8505);
#8503 = CARTESIAN_POINT('',(79.087836225588,-25.36,1.5912));
#8504 = DIRECTION('',(0.,0.,-1.));
#8505 = DIRECTION('',(-3.759794253684E-06,0.999999999993,-0.));
#8506 = ORIENTED_EDGE('',*,*,#8507,.T.);
#8507 = EDGE_CURVE('',#8499,#8480,#8508,.T.);
#8508 = LINE('',#8509,#8510);
#8509 = CARTESIAN_POINT('',(79.087836,-25.42,1.5912));
#8510 = VECTOR('',#8511,1.);
#8511 = DIRECTION('',(-1.,0.,0.));
#8512 = PLANE('',#8513);
#8513 = AXIS2_PLACEMENT_3D('',#8514,#8515,#8516);
#8514 = CARTESIAN_POINT('',(0.,0.,1.5912));
#8515 = DIRECTION('',(0.,0.,1.));
#8516 = DIRECTION('',(1.,0.,-0.));
#8517 = SHELL_BASED_SURFACE_MODEL('',(#8518));
#8518 = OPEN_SHELL('',(#8519));
#8519 = ADVANCED_FACE('',(#8520),#8556,.T.);
#8520 = FACE_BOUND('',#8521,.F.);
#8521 = EDGE_LOOP('',(#8522,#8533,#8541,#8550));
#8522 = ORIENTED_EDGE('',*,*,#8523,.T.);
#8523 = EDGE_CURVE('',#8524,#8526,#8528,.T.);
#8524 = VERTEX_POINT('',#8525);
#8525 = CARTESIAN_POINT('',(96.622164,-25.42,1.5912));
#8526 = VERTEX_POINT('',#8527);
#8527 = CARTESIAN_POINT('',(96.622164,-25.3,1.5912));
#8528 = CIRCLE('',#8529,6.000000000042E-02);
#8529 = AXIS2_PLACEMENT_3D('',#8530,#8531,#8532);
#8530 = CARTESIAN_POINT('',(96.622163774412,-25.36,1.5912));
#8531 = DIRECTION('',(0.,0.,-1.));
#8532 = DIRECTION('',(3.759794016836E-06,-0.999999999993,0.));
#8533 = ORIENTED_EDGE('',*,*,#8534,.T.);
#8534 = EDGE_CURVE('',#8526,#8535,#8537,.T.);
#8535 = VERTEX_POINT('',#8536);
#8536 = CARTESIAN_POINT('',(96.837836,-25.3,1.5912));
#8537 = LINE('',#8538,#8539);
#8538 = CARTESIAN_POINT('',(96.622164,-25.3,1.5912));
#8539 = VECTOR('',#8540,1.);
#8540 = DIRECTION('',(1.,0.,0.));
#8541 = ORIENTED_EDGE('',*,*,#8542,.T.);
#8542 = EDGE_CURVE('',#8535,#8543,#8545,.T.);
#8543 = VERTEX_POINT('',#8544);
#8544 = CARTESIAN_POINT('',(96.837836,-25.42,1.5912));
#8545 = CIRCLE('',#8546,6.000000000042E-02);
#8546 = AXIS2_PLACEMENT_3D('',#8547,#8548,#8549);
#8547 = CARTESIAN_POINT('',(96.837836225588,-25.36,1.5912));
#8548 = DIRECTION('',(0.,0.,-1.));
#8549 = DIRECTION('',(-3.759794253684E-06,0.999999999993,-0.));
#8550 = ORIENTED_EDGE('',*,*,#8551,.T.);
#8551 = EDGE_CURVE('',#8543,#8524,#8552,.T.);
#8552 = LINE('',#8553,#8554);
#8553 = CARTESIAN_POINT('',(96.837836,-25.42,1.5912));
#8554 = VECTOR('',#8555,1.);
#8555 = DIRECTION('',(-1.,0.,0.));
#8556 = PLANE('',#8557);
#8557 = AXIS2_PLACEMENT_3D('',#8558,#8559,#8560);
#8558 = CARTESIAN_POINT('',(0.,0.,1.5912));
#8559 = DIRECTION('',(0.,0.,1.));
#8560 = DIRECTION('',(1.,0.,-0.));
#8561 = SHELL_BASED_SURFACE_MODEL('',(#8562));
#8562 = OPEN_SHELL('',(#8563));
#8563 = ADVANCED_FACE('',(#8564),#8600,.T.);
#8564 = FACE_BOUND('',#8565,.F.);
#8565 = EDGE_LOOP('',(#8566,#8577,#8585,#8594));
#8566 = ORIENTED_EDGE('',*,*,#8567,.T.);
#8567 = EDGE_CURVE('',#8568,#8570,#8572,.T.);
#8568 = VERTEX_POINT('',#8569);
#8569 = CARTESIAN_POINT('',(114.372164,-25.42,1.5912));
#8570 = VERTEX_POINT('',#8571);
#8571 = CARTESIAN_POINT('',(114.372164,-25.3,1.5912));
#8572 = CIRCLE('',#8573,6.000000000042E-02);
#8573 = AXIS2_PLACEMENT_3D('',#8574,#8575,#8576);
#8574 = CARTESIAN_POINT('',(114.37216377441,-25.36,1.5912));
#8575 = DIRECTION('',(0.,0.,-1.));
#8576 = DIRECTION('',(3.759794016836E-06,-0.999999999993,0.));
#8577 = ORIENTED_EDGE('',*,*,#8578,.T.);
#8578 = EDGE_CURVE('',#8570,#8579,#8581,.T.);
#8579 = VERTEX_POINT('',#8580);
#8580 = CARTESIAN_POINT('',(114.587836,-25.3,1.5912));
#8581 = LINE('',#8582,#8583);
#8582 = CARTESIAN_POINT('',(114.372164,-25.3,1.5912));
#8583 = VECTOR('',#8584,1.);
#8584 = DIRECTION('',(1.,0.,0.));
#8585 = ORIENTED_EDGE('',*,*,#8586,.T.);
#8586 = EDGE_CURVE('',#8579,#8587,#8589,.T.);
#8587 = VERTEX_POINT('',#8588);
#8588 = CARTESIAN_POINT('',(114.587836,-25.42,1.5912));
#8589 = CIRCLE('',#8590,6.000000000042E-02);
#8590 = AXIS2_PLACEMENT_3D('',#8591,#8592,#8593);
#8591 = CARTESIAN_POINT('',(114.58783622558,-25.36,1.5912));
#8592 = DIRECTION('',(0.,0.,-1.));
#8593 = DIRECTION('',(-3.759794253684E-06,0.999999999993,-0.));
#8594 = ORIENTED_EDGE('',*,*,#8595,.T.);
#8595 = EDGE_CURVE('',#8587,#8568,#8596,.T.);
#8596 = LINE('',#8597,#8598);
#8597 = CARTESIAN_POINT('',(114.587836,-25.42,1.5912));
#8598 = VECTOR('',#8599,1.);
#8599 = DIRECTION('',(-1.,0.,0.));
#8600 = PLANE('',#8601);
#8601 = AXIS2_PLACEMENT_3D('',#8602,#8603,#8604);
#8602 = CARTESIAN_POINT('',(0.,0.,1.5912));
#8603 = DIRECTION('',(0.,0.,1.));
#8604 = DIRECTION('',(1.,0.,-0.));
#8605 = SHELL_BASED_SURFACE_MODEL('',(#8606));
#8606 = OPEN_SHELL('',(#8607));
#8607 = ADVANCED_FACE('',(#8608),#8644,.T.);
#8608 = FACE_BOUND('',#8609,.F.);
#8609 = EDGE_LOOP('',(#8610,#8621,#8629,#8638));
#8610 = ORIENTED_EDGE('',*,*,#8611,.T.);
#8611 = EDGE_CURVE('',#8612,#8614,#8616,.T.);
#8612 = VERTEX_POINT('',#8613);
#8613 = CARTESIAN_POINT('',(132.122164,-25.42,1.5912));
#8614 = VERTEX_POINT('',#8615);
#8615 = CARTESIAN_POINT('',(132.122164,-25.3,1.5912));
#8616 = CIRCLE('',#8617,6.000000000043E-02);
#8617 = AXIS2_PLACEMENT_3D('',#8618,#8619,#8620);
#8618 = CARTESIAN_POINT('',(132.12216377441,-25.36,1.5912));
#8619 = DIRECTION('',(0.,0.,-1.));
#8620 = DIRECTION('',(3.759793779989E-06,-0.999999999993,0.));
#8621 = ORIENTED_EDGE('',*,*,#8622,.T.);
#8622 = EDGE_CURVE('',#8614,#8623,#8625,.T.);
#8623 = VERTEX_POINT('',#8624);
#8624 = CARTESIAN_POINT('',(132.337836,-25.3,1.5912));
#8625 = LINE('',#8626,#8627);
#8626 = CARTESIAN_POINT('',(132.122164,-25.3,1.5912));
#8627 = VECTOR('',#8628,1.);
#8628 = DIRECTION('',(1.,0.,0.));
#8629 = ORIENTED_EDGE('',*,*,#8630,.T.);
#8630 = EDGE_CURVE('',#8623,#8631,#8633,.T.);
#8631 = VERTEX_POINT('',#8632);
#8632 = CARTESIAN_POINT('',(132.337836,-25.42,1.5912));
#8633 = CIRCLE('',#8634,6.000000000043E-02);
#8634 = AXIS2_PLACEMENT_3D('',#8635,#8636,#8637);
#8635 = CARTESIAN_POINT('',(132.33783622558,-25.36,1.5912));
#8636 = DIRECTION('',(0.,0.,-1.));
#8637 = DIRECTION('',(-3.759793779989E-06,0.999999999993,-0.));
#8638 = ORIENTED_EDGE('',*,*,#8639,.T.);
#8639 = EDGE_CURVE('',#8631,#8612,#8640,.T.);
#8640 = LINE('',#8641,#8642);
#8641 = CARTESIAN_POINT('',(132.337836,-25.42,1.5912));
#8642 = VECTOR('',#8643,1.);
#8643 = DIRECTION('',(-1.,0.,0.));
#8644 = PLANE('',#8645);
#8645 = AXIS2_PLACEMENT_3D('',#8646,#8647,#8648);
#8646 = CARTESIAN_POINT('',(0.,0.,1.5912));
#8647 = DIRECTION('',(0.,0.,1.));
#8648 = DIRECTION('',(1.,0.,-0.));
#8649 = SHELL_BASED_SURFACE_MODEL('',(#8650));
#8650 = OPEN_SHELL('',(#8651));
#8651 = ADVANCED_FACE('',(#8652),#8688,.T.);
#8652 = FACE_BOUND('',#8653,.F.);
#8653 = EDGE_LOOP('',(#8654,#8665,#8673,#8682));
#8654 = ORIENTED_EDGE('',*,*,#8655,.T.);
#8655 = EDGE_CURVE('',#8656,#8658,#8660,.T.);
#8656 = VERTEX_POINT('',#8657);
#8657 = CARTESIAN_POINT('',(25.642164,-24.7,1.5912));
#8658 = VERTEX_POINT('',#8659);
#8659 = CARTESIAN_POINT('',(25.642164,-24.58,1.5912));
#8660 = CIRCLE('',#8661,6.000000000043E-02);
#8661 = AXIS2_PLACEMENT_3D('',#8662,#8663,#8664);
#8662 = CARTESIAN_POINT('',(25.642163774412,-24.64,1.5912));
#8663 = DIRECTION('',(0.,0.,-1.));
#8664 = DIRECTION('',(3.759794076048E-06,-0.999999999993,0.));
#8665 = ORIENTED_EDGE('',*,*,#8666,.T.);
#8666 = EDGE_CURVE('',#8658,#8667,#8669,.T.);
#8667 = VERTEX_POINT('',#8668);
#8668 = CARTESIAN_POINT('',(25.857836,-24.58,1.5912));
#8669 = LINE('',#8670,#8671);
#8670 = CARTESIAN_POINT('',(25.642164,-24.58,1.5912));
#8671 = VECTOR('',#8672,1.);
#8672 = DIRECTION('',(1.,0.,0.));
#8673 = ORIENTED_EDGE('',*,*,#8674,.T.);
#8674 = EDGE_CURVE('',#8667,#8675,#8677,.T.);
#8675 = VERTEX_POINT('',#8676);
#8676 = CARTESIAN_POINT('',(25.857836,-24.7,1.5912));
#8677 = CIRCLE('',#8678,6.000000000042E-02);
#8678 = AXIS2_PLACEMENT_3D('',#8679,#8680,#8681);
#8679 = CARTESIAN_POINT('',(25.857836225588,-24.64,1.5912));
#8680 = DIRECTION('',(0.,0.,-1.));
#8681 = DIRECTION('',(-3.75979413526E-06,0.999999999993,-0.));
#8682 = ORIENTED_EDGE('',*,*,#8683,.T.);
#8683 = EDGE_CURVE('',#8675,#8656,#8684,.T.);
#8684 = LINE('',#8685,#8686);
#8685 = CARTESIAN_POINT('',(25.857836,-24.7,1.5912));
#8686 = VECTOR('',#8687,1.);
#8687 = DIRECTION('',(-1.,0.,0.));
#8688 = PLANE('',#8689);
#8689 = AXIS2_PLACEMENT_3D('',#8690,#8691,#8692);
#8690 = CARTESIAN_POINT('',(0.,0.,1.5912));
#8691 = DIRECTION('',(0.,0.,1.));
#8692 = DIRECTION('',(1.,0.,-0.));
#8693 = SHELL_BASED_SURFACE_MODEL('',(#8694));
#8694 = OPEN_SHELL('',(#8695));
#8695 = ADVANCED_FACE('',(#8696),#8732,.T.);
#8696 = FACE_BOUND('',#8697,.F.);
#8697 = EDGE_LOOP('',(#8698,#8709,#8717,#8726));
#8698 = ORIENTED_EDGE('',*,*,#8699,.T.);
#8699 = EDGE_CURVE('',#8700,#8702,#8704,.T.);
#8700 = VERTEX_POINT('',#8701);
#8701 = CARTESIAN_POINT('',(43.392164,-24.7,1.5912));
#8702 = VERTEX_POINT('',#8703);
#8703 = CARTESIAN_POINT('',(43.392164,-24.58,1.5912));
#8704 = CIRCLE('',#8705,6.000000000042E-02);
#8705 = AXIS2_PLACEMENT_3D('',#8706,#8707,#8708);
#8706 = CARTESIAN_POINT('',(43.392163774412,-24.64,1.5912));
#8707 = DIRECTION('',(0.,0.,-1.));
#8708 = DIRECTION('',(3.75979413526E-06,-0.999999999993,0.));
#8709 = ORIENTED_EDGE('',*,*,#8710,.T.);
#8710 = EDGE_CURVE('',#8702,#8711,#8713,.T.);
#8711 = VERTEX_POINT('',#8712);
#8712 = CARTESIAN_POINT('',(43.607836,-24.58,1.5912));
#8713 = LINE('',#8714,#8715);
#8714 = CARTESIAN_POINT('',(43.392164,-24.58,1.5912));
#8715 = VECTOR('',#8716,1.);
#8716 = DIRECTION('',(1.,0.,0.));
#8717 = ORIENTED_EDGE('',*,*,#8718,.T.);
#8718 = EDGE_CURVE('',#8711,#8719,#8721,.T.);
#8719 = VERTEX_POINT('',#8720);
#8720 = CARTESIAN_POINT('',(43.607836,-24.7,1.5912));
#8721 = CIRCLE('',#8722,6.000000000042E-02);
#8722 = AXIS2_PLACEMENT_3D('',#8723,#8724,#8725);
#8723 = CARTESIAN_POINT('',(43.607836225588,-24.64,1.5912));
#8724 = DIRECTION('',(0.,0.,-1.));
#8725 = DIRECTION('',(-3.75979413526E-06,0.999999999993,-0.));
#8726 = ORIENTED_EDGE('',*,*,#8727,.T.);
#8727 = EDGE_CURVE('',#8719,#8700,#8728,.T.);
#8728 = LINE('',#8729,#8730);
#8729 = CARTESIAN_POINT('',(43.607836,-24.7,1.5912));
#8730 = VECTOR('',#8731,1.);
#8731 = DIRECTION('',(-1.,0.,0.));
#8732 = PLANE('',#8733);
#8733 = AXIS2_PLACEMENT_3D('',#8734,#8735,#8736);
#8734 = CARTESIAN_POINT('',(0.,0.,1.5912));
#8735 = DIRECTION('',(0.,0.,1.));
#8736 = DIRECTION('',(1.,0.,-0.));
#8737 = SHELL_BASED_SURFACE_MODEL('',(#8738));
#8738 = OPEN_SHELL('',(#8739));
#8739 = ADVANCED_FACE('',(#8740),#8776,.T.);
#8740 = FACE_BOUND('',#8741,.F.);
#8741 = EDGE_LOOP('',(#8742,#8753,#8761,#8770));
#8742 = ORIENTED_EDGE('',*,*,#8743,.T.);
#8743 = EDGE_CURVE('',#8744,#8746,#8748,.T.);
#8744 = VERTEX_POINT('',#8745);
#8745 = CARTESIAN_POINT('',(61.142164,-24.7,1.5912));
#8746 = VERTEX_POINT('',#8747);
#8747 = CARTESIAN_POINT('',(61.142164,-24.58,1.5912));
#8748 = CIRCLE('',#8749,6.000000000042E-02);
#8749 = AXIS2_PLACEMENT_3D('',#8750,#8751,#8752);
#8750 = CARTESIAN_POINT('',(61.142163774412,-24.64,1.5912));
#8751 = DIRECTION('',(0.,0.,-1.));
#8752 = DIRECTION('',(3.75979413526E-06,-0.999999999993,0.));
#8753 = ORIENTED_EDGE('',*,*,#8754,.T.);
#8754 = EDGE_CURVE('',#8746,#8755,#8757,.T.);
#8755 = VERTEX_POINT('',#8756);
#8756 = CARTESIAN_POINT('',(61.357836,-24.58,1.5912));
#8757 = LINE('',#8758,#8759);
#8758 = CARTESIAN_POINT('',(61.142164,-24.58,1.5912));
#8759 = VECTOR('',#8760,1.);
#8760 = DIRECTION('',(1.,0.,0.));
#8761 = ORIENTED_EDGE('',*,*,#8762,.T.);
#8762 = EDGE_CURVE('',#8755,#8763,#8765,.T.);
#8763 = VERTEX_POINT('',#8764);
#8764 = CARTESIAN_POINT('',(61.357836,-24.7,1.5912));
#8765 = CIRCLE('',#8766,6.000000000042E-02);
#8766 = AXIS2_PLACEMENT_3D('',#8767,#8768,#8769);
#8767 = CARTESIAN_POINT('',(61.357836225588,-24.64,1.5912));
#8768 = DIRECTION('',(0.,0.,-1.));
#8769 = DIRECTION('',(-3.75979413526E-06,0.999999999993,-0.));
#8770 = ORIENTED_EDGE('',*,*,#8771,.T.);
#8771 = EDGE_CURVE('',#8763,#8744,#8772,.T.);
#8772 = LINE('',#8773,#8774);
#8773 = CARTESIAN_POINT('',(61.357836,-24.7,1.5912));
#8774 = VECTOR('',#8775,1.);
#8775 = DIRECTION('',(-1.,0.,0.));
#8776 = PLANE('',#8777);
#8777 = AXIS2_PLACEMENT_3D('',#8778,#8779,#8780);
#8778 = CARTESIAN_POINT('',(0.,0.,1.5912));
#8779 = DIRECTION('',(0.,0.,1.));
#8780 = DIRECTION('',(1.,0.,-0.));
#8781 = SHELL_BASED_SURFACE_MODEL('',(#8782));
#8782 = OPEN_SHELL('',(#8783));
#8783 = ADVANCED_FACE('',(#8784),#8820,.T.);
#8784 = FACE_BOUND('',#8785,.F.);
#8785 = EDGE_LOOP('',(#8786,#8797,#8805,#8814));
#8786 = ORIENTED_EDGE('',*,*,#8787,.T.);
#8787 = EDGE_CURVE('',#8788,#8790,#8792,.T.);
#8788 = VERTEX_POINT('',#8789);
#8789 = CARTESIAN_POINT('',(78.872164,-24.7,1.5912));
#8790 = VERTEX_POINT('',#8791);
#8791 = CARTESIAN_POINT('',(78.872164,-24.58,1.5912));
#8792 = CIRCLE('',#8793,6.000000000042E-02);
#8793 = AXIS2_PLACEMENT_3D('',#8794,#8795,#8796);
#8794 = CARTESIAN_POINT('',(78.872163774412,-24.64,1.5912));
#8795 = DIRECTION('',(0.,0.,-1.));
#8796 = DIRECTION('',(3.759794016836E-06,-0.999999999993,0.));
#8797 = ORIENTED_EDGE('',*,*,#8798,.T.);
#8798 = EDGE_CURVE('',#8790,#8799,#8801,.T.);
#8799 = VERTEX_POINT('',#8800);
#8800 = CARTESIAN_POINT('',(79.087836,-24.58,1.5912));
#8801 = LINE('',#8802,#8803);
#8802 = CARTESIAN_POINT('',(78.872164,-24.58,1.5912));
#8803 = VECTOR('',#8804,1.);
#8804 = DIRECTION('',(1.,0.,0.));
#8805 = ORIENTED_EDGE('',*,*,#8806,.T.);
#8806 = EDGE_CURVE('',#8799,#8807,#8809,.T.);
#8807 = VERTEX_POINT('',#8808);
#8808 = CARTESIAN_POINT('',(79.087836,-24.7,1.5912));
#8809 = CIRCLE('',#8810,6.000000000042E-02);
#8810 = AXIS2_PLACEMENT_3D('',#8811,#8812,#8813);
#8811 = CARTESIAN_POINT('',(79.087836225588,-24.64,1.5912));
#8812 = DIRECTION('',(0.,0.,-1.));
#8813 = DIRECTION('',(-3.759794253684E-06,0.999999999993,-0.));
#8814 = ORIENTED_EDGE('',*,*,#8815,.T.);
#8815 = EDGE_CURVE('',#8807,#8788,#8816,.T.);
#8816 = LINE('',#8817,#8818);
#8817 = CARTESIAN_POINT('',(79.087836,-24.7,1.5912));
#8818 = VECTOR('',#8819,1.);
#8819 = DIRECTION('',(-1.,0.,0.));
#8820 = PLANE('',#8821);
#8821 = AXIS2_PLACEMENT_3D('',#8822,#8823,#8824);
#8822 = CARTESIAN_POINT('',(0.,0.,1.5912));
#8823 = DIRECTION('',(0.,0.,1.));
#8824 = DIRECTION('',(1.,0.,-0.));
#8825 = SHELL_BASED_SURFACE_MODEL('',(#8826));
#8826 = OPEN_SHELL('',(#8827));
#8827 = ADVANCED_FACE('',(#8828),#8864,.T.);
#8828 = FACE_BOUND('',#8829,.F.);
#8829 = EDGE_LOOP('',(#8830,#8841,#8849,#8858));
#8830 = ORIENTED_EDGE('',*,*,#8831,.T.);
#8831 = EDGE_CURVE('',#8832,#8834,#8836,.T.);
#8832 = VERTEX_POINT('',#8833);
#8833 = CARTESIAN_POINT('',(96.622164,-24.7,1.5912));
#8834 = VERTEX_POINT('',#8835);
#8835 = CARTESIAN_POINT('',(96.622164,-24.58,1.5912));
#8836 = CIRCLE('',#8837,6.000000000042E-02);
#8837 = AXIS2_PLACEMENT_3D('',#8838,#8839,#8840);
#8838 = CARTESIAN_POINT('',(96.622163774412,-24.64,1.5912));
#8839 = DIRECTION('',(0.,0.,-1.));
#8840 = DIRECTION('',(3.759794016836E-06,-0.999999999993,0.));
#8841 = ORIENTED_EDGE('',*,*,#8842,.T.);
#8842 = EDGE_CURVE('',#8834,#8843,#8845,.T.);
#8843 = VERTEX_POINT('',#8844);
#8844 = CARTESIAN_POINT('',(96.837836,-24.58,1.5912));
#8845 = LINE('',#8846,#8847);
#8846 = CARTESIAN_POINT('',(96.622164,-24.58,1.5912));
#8847 = VECTOR('',#8848,1.);
#8848 = DIRECTION('',(1.,0.,0.));
#8849 = ORIENTED_EDGE('',*,*,#8850,.T.);
#8850 = EDGE_CURVE('',#8843,#8851,#8853,.T.);
#8851 = VERTEX_POINT('',#8852);
#8852 = CARTESIAN_POINT('',(96.837836,-24.7,1.5912));
#8853 = CIRCLE('',#8854,6.000000000042E-02);
#8854 = AXIS2_PLACEMENT_3D('',#8855,#8856,#8857);
#8855 = CARTESIAN_POINT('',(96.837836225588,-24.64,1.5912));
#8856 = DIRECTION('',(0.,0.,-1.));
#8857 = DIRECTION('',(-3.759794253684E-06,0.999999999993,-0.));
#8858 = ORIENTED_EDGE('',*,*,#8859,.T.);
#8859 = EDGE_CURVE('',#8851,#8832,#8860,.T.);
#8860 = LINE('',#8861,#8862);
#8861 = CARTESIAN_POINT('',(96.837836,-24.7,1.5912));
#8862 = VECTOR('',#8863,1.);
#8863 = DIRECTION('',(-1.,0.,0.));
#8864 = PLANE('',#8865);
#8865 = AXIS2_PLACEMENT_3D('',#8866,#8867,#8868);
#8866 = CARTESIAN_POINT('',(0.,0.,1.5912));
#8867 = DIRECTION('',(0.,0.,1.));
#8868 = DIRECTION('',(1.,0.,-0.));
#8869 = SHELL_BASED_SURFACE_MODEL('',(#8870));
#8870 = OPEN_SHELL('',(#8871));
#8871 = ADVANCED_FACE('',(#8872),#8908,.T.);
#8872 = FACE_BOUND('',#8873,.F.);
#8873 = EDGE_LOOP('',(#8874,#8885,#8893,#8902));
#8874 = ORIENTED_EDGE('',*,*,#8875,.T.);
#8875 = EDGE_CURVE('',#8876,#8878,#8880,.T.);
#8876 = VERTEX_POINT('',#8877);
#8877 = CARTESIAN_POINT('',(114.372164,-24.7,1.5912));
#8878 = VERTEX_POINT('',#8879);
#8879 = CARTESIAN_POINT('',(114.372164,-24.58,1.5912));
#8880 = CIRCLE('',#8881,6.000000000042E-02);
#8881 = AXIS2_PLACEMENT_3D('',#8882,#8883,#8884);
#8882 = CARTESIAN_POINT('',(114.37216377441,-24.64,1.5912));
#8883 = DIRECTION('',(0.,0.,-1.));
#8884 = DIRECTION('',(3.759794016836E-06,-0.999999999993,0.));
#8885 = ORIENTED_EDGE('',*,*,#8886,.T.);
#8886 = EDGE_CURVE('',#8878,#8887,#8889,.T.);
#8887 = VERTEX_POINT('',#8888);
#8888 = CARTESIAN_POINT('',(114.587836,-24.58,1.5912));
#8889 = LINE('',#8890,#8891);
#8890 = CARTESIAN_POINT('',(114.372164,-24.58,1.5912));
#8891 = VECTOR('',#8892,1.);
#8892 = DIRECTION('',(1.,0.,0.));
#8893 = ORIENTED_EDGE('',*,*,#8894,.T.);
#8894 = EDGE_CURVE('',#8887,#8895,#8897,.T.);
#8895 = VERTEX_POINT('',#8896);
#8896 = CARTESIAN_POINT('',(114.587836,-24.7,1.5912));
#8897 = CIRCLE('',#8898,6.000000000042E-02);
#8898 = AXIS2_PLACEMENT_3D('',#8899,#8900,#8901);
#8899 = CARTESIAN_POINT('',(114.58783622558,-24.64,1.5912));
#8900 = DIRECTION('',(0.,0.,-1.));
#8901 = DIRECTION('',(-3.759794253684E-06,0.999999999993,-0.));
#8902 = ORIENTED_EDGE('',*,*,#8903,.T.);
#8903 = EDGE_CURVE('',#8895,#8876,#8904,.T.);
#8904 = LINE('',#8905,#8906);
#8905 = CARTESIAN_POINT('',(114.587836,-24.7,1.5912));
#8906 = VECTOR('',#8907,1.);
#8907 = DIRECTION('',(-1.,0.,0.));
#8908 = PLANE('',#8909);
#8909 = AXIS2_PLACEMENT_3D('',#8910,#8911,#8912);
#8910 = CARTESIAN_POINT('',(0.,0.,1.5912));
#8911 = DIRECTION('',(0.,0.,1.));
#8912 = DIRECTION('',(1.,0.,-0.));
#8913 = SHELL_BASED_SURFACE_MODEL('',(#8914));
#8914 = OPEN_SHELL('',(#8915));
#8915 = ADVANCED_FACE('',(#8916),#8952,.T.);
#8916 = FACE_BOUND('',#8917,.F.);
#8917 = EDGE_LOOP('',(#8918,#8929,#8937,#8946));
#8918 = ORIENTED_EDGE('',*,*,#8919,.T.);
#8919 = EDGE_CURVE('',#8920,#8922,#8924,.T.);
#8920 = VERTEX_POINT('',#8921);
#8921 = CARTESIAN_POINT('',(132.122164,-24.7,1.5912));
#8922 = VERTEX_POINT('',#8923);
#8923 = CARTESIAN_POINT('',(132.122164,-24.58,1.5912));
#8924 = CIRCLE('',#8925,6.000000000043E-02);
#8925 = AXIS2_PLACEMENT_3D('',#8926,#8927,#8928);
#8926 = CARTESIAN_POINT('',(132.12216377441,-24.64,1.5912));
#8927 = DIRECTION('',(0.,0.,-1.));
#8928 = DIRECTION('',(3.759793779989E-06,-0.999999999993,0.));
#8929 = ORIENTED_EDGE('',*,*,#8930,.T.);
#8930 = EDGE_CURVE('',#8922,#8931,#8933,.T.);
#8931 = VERTEX_POINT('',#8932);
#8932 = CARTESIAN_POINT('',(132.337836,-24.58,1.5912));
#8933 = LINE('',#8934,#8935);
#8934 = CARTESIAN_POINT('',(132.122164,-24.58,1.5912));
#8935 = VECTOR('',#8936,1.);
#8936 = DIRECTION('',(1.,0.,0.));
#8937 = ORIENTED_EDGE('',*,*,#8938,.T.);
#8938 = EDGE_CURVE('',#8931,#8939,#8941,.T.);
#8939 = VERTEX_POINT('',#8940);
#8940 = CARTESIAN_POINT('',(132.337836,-24.7,1.5912));
#8941 = CIRCLE('',#8942,6.000000000043E-02);
#8942 = AXIS2_PLACEMENT_3D('',#8943,#8944,#8945);
#8943 = CARTESIAN_POINT('',(132.33783622558,-24.64,1.5912));
#8944 = DIRECTION('',(0.,0.,-1.));
#8945 = DIRECTION('',(-3.759793779989E-06,0.999999999993,-0.));
#8946 = ORIENTED_EDGE('',*,*,#8947,.T.);
#8947 = EDGE_CURVE('',#8939,#8920,#8948,.T.);
#8948 = LINE('',#8949,#8950);
#8949 = CARTESIAN_POINT('',(132.337836,-24.7,1.5912));
#8950 = VECTOR('',#8951,1.);
#8951 = DIRECTION('',(-1.,0.,0.));
#8952 = PLANE('',#8953);
#8953 = AXIS2_PLACEMENT_3D('',#8954,#8955,#8956);
#8954 = CARTESIAN_POINT('',(0.,0.,1.5912));
#8955 = DIRECTION('',(0.,0.,1.));
#8956 = DIRECTION('',(1.,0.,-0.));
#8957 = ( GEOMETRIC_REPRESENTATION_CONTEXT(3) 
GLOBAL_UNCERTAINTY_ASSIGNED_CONTEXT((#8961)) 
GLOBAL_UNIT_ASSIGNED_CONTEXT((#8958,#8959,#8960)) REPRESENTATION_CONTEXT
('Context #1','3D Context with UNIT and UNCERTAINTY') );
#8958 = ( LENGTH_UNIT() NAMED_UNIT(*) SI_UNIT(.MILLI.,.METRE.) );
#8959 = ( NAMED_UNIT(*) PLANE_ANGLE_UNIT() SI_UNIT($,.RADIAN.) );
#8960 = ( NAMED_UNIT(*) SI_UNIT($,.STERADIAN.) SOLID_ANGLE_UNIT() );
#8961 = UNCERTAINTY_MEASURE_WITH_UNIT(LENGTH_MEASURE(1.E-07),#8958,
  'distance_accuracy_value','confusion accuracy');
#8962 = CONTEXT_DEPENDENT_SHAPE_REPRESENTATION(#8963,#8965);
#8963 = ( REPRESENTATION_RELATIONSHIP('','',#7266,#10) 
REPRESENTATION_RELATIONSHIP_WITH_TRANSFORMATION(#8964) 
SHAPE_REPRESENTATION_RELATIONSHIP() );
#8964 = ITEM_DEFINED_TRANSFORMATION('','',#11,#75);
#8965 = PRODUCT_DEFINITION_SHAPE('Placement','Placement of an item',
  #8966);
#8966 = NEXT_ASSEMBLY_USAGE_OCCURRENCE('19','=>[0:1:1:8]','',#5,#7261,$
  );
#8967 = PRODUCT_RELATED_PRODUCT_CATEGORY('part',$,(#7263));
#8968 = SHAPE_DEFINITION_REPRESENTATION(#8969,#8975);
#8969 = PRODUCT_DEFINITION_SHAPE('','',#8970);
#8970 = PRODUCT_DEFINITION('design','',#8971,#8974);
#8971 = PRODUCT_DEFINITION_FORMATION('','',#8972);
#8972 = PRODUCT('kibot_0775n4pz_silkscreen','kibot_0775n4pz_silkscreen',
  '',(#8973));
#8973 = PRODUCT_CONTEXT('',#2,'mechanical');
#8974 = PRODUCT_DEFINITION_CONTEXT('part definition',#2,'design');
#8975 = SHAPE_REPRESENTATION('',(#11,#8976,#9020,#9349,#9705,#10069,
    #10425,#10587,#11042,#11269,#11311,#11545,#11739,#11847,#12065,
    #12390,#12872,#13012,#13152,#13634,#13985,#14147,#14264,#14333,
    #14505),#14565);
#8976 = SHELL_BASED_SURFACE_MODEL('',(#8977));
#8977 = OPEN_SHELL('',(#8978));
#8978 = ADVANCED_FACE('',(#8979),#9015,.T.);
#8979 = FACE_BOUND('',#8980,.T.);
#8980 = EDGE_LOOP('',(#8981,#8992,#9000,#9009));
#8981 = ORIENTED_EDGE('',*,*,#8982,.T.);
#8982 = EDGE_CURVE('',#8983,#8985,#8987,.T.);
#8983 = VERTEX_POINT('',#8984);
#8984 = CARTESIAN_POINT('',(49.71,-28.92,-7.5E-02));
#8985 = VERTEX_POINT('',#8986);
#8986 = CARTESIAN_POINT('',(49.71,-28.8,-7.5E-02));
#8987 = CIRCLE('',#8988,6.000000000042E-02);
#8988 = AXIS2_PLACEMENT_3D('',#8989,#8990,#8991);
#8989 = CARTESIAN_POINT('',(49.709999774412,-28.86,-7.5E-02));
#8990 = DIRECTION('',(0.,0.,-1.));
#8991 = DIRECTION('',(3.75979413526E-06,-0.999999999993,0.));
#8992 = ORIENTED_EDGE('',*,*,#8993,.T.);
#8993 = EDGE_CURVE('',#8985,#8994,#8996,.T.);
#8994 = VERTEX_POINT('',#8995);
#8995 = CARTESIAN_POINT('',(54.59,-28.8,-7.5E-02));
#8996 = LINE('',#8997,#8998);
#8997 = CARTESIAN_POINT('',(49.71,-28.8,-7.5E-02));
#8998 = VECTOR('',#8999,1.);
#8999 = DIRECTION('',(1.,0.,0.));
#9000 = ORIENTED_EDGE('',*,*,#9001,.T.);
#9001 = EDGE_CURVE('',#8994,#9002,#9004,.T.);
#9002 = VERTEX_POINT('',#9003);
#9003 = CARTESIAN_POINT('',(54.59,-28.92,-7.5E-02));
#9004 = CIRCLE('',#9005,6.000000000042E-02);
#9005 = AXIS2_PLACEMENT_3D('',#9006,#9007,#9008);
#9006 = CARTESIAN_POINT('',(54.590000225588,-28.86,-7.5E-02));
#9007 = DIRECTION('',(0.,0.,-1.));
#9008 = DIRECTION('',(-3.759794016836E-06,0.999999999993,-0.));
#9009 = ORIENTED_EDGE('',*,*,#9010,.T.);
#9010 = EDGE_CURVE('',#9002,#8983,#9011,.T.);
#9011 = LINE('',#9012,#9013);
#9012 = CARTESIAN_POINT('',(54.59,-28.92,-7.5E-02));
#9013 = VECTOR('',#9014,1.);
#9014 = DIRECTION('',(-1.,0.,0.));
#9015 = PLANE('',#9016);
#9016 = AXIS2_PLACEMENT_3D('',#9017,#9018,#9019);
#9017 = CARTESIAN_POINT('',(0.,0.,-7.5E-02));
#9018 = DIRECTION('',(-0.,-0.,-1.));
#9019 = DIRECTION('',(-1.,0.,0.));
#9020 = SHELL_BASED_SURFACE_MODEL('',(#9021));
#9021 = OPEN_SHELL('',(#9022));
#9022 = ADVANCED_FACE('',(#9023,#9197),#9344,.T.);
#9023 = FACE_BOUND('',#9024,.T.);
#9024 = EDGE_LOOP('',(#9025,#9035,#9043,#9051,#9059,#9068,#9076,#9085,
    #9093,#9101,#9110,#9118,#9126,#9134,#9143,#9151,#9159,#9167,#9175,
    #9183,#9191));
#9025 = ORIENTED_EDGE('',*,*,#9026,.T.);
#9026 = EDGE_CURVE('',#9027,#9029,#9031,.T.);
#9027 = VERTEX_POINT('',#9028);
#9028 = CARTESIAN_POINT('',(70.456491,-28.112029,-7.5E-02));
#9029 = VERTEX_POINT('',#9030);
#9030 = CARTESIAN_POINT('',(70.310605,-28.076565,-7.5E-02));
#9031 = LINE('',#9032,#9033);
#9032 = CARTESIAN_POINT('',(70.456491,-28.112029,-7.5E-02));
#9033 = VECTOR('',#9034,1.);
#9034 = DIRECTION('',(-0.971700915312,0.236214587148,0.));
#9035 = ORIENTED_EDGE('',*,*,#9036,.T.);
#9036 = EDGE_CURVE('',#9029,#9037,#9039,.T.);
#9037 = VERTEX_POINT('',#9038);
#9038 = CARTESIAN_POINT('',(69.824049,-25.735937,-7.5E-02));
#9039 = LINE('',#9040,#9041);
#9040 = CARTESIAN_POINT('',(70.310605,-28.076565,-7.5E-02));
#9041 = VECTOR('',#9042,1.);
#9042 = DIRECTION('',(-0.203523340276,0.979070094509,0.));
#9043 = ORIENTED_EDGE('',*,*,#9044,.T.);
#9044 = EDGE_CURVE('',#9037,#9045,#9047,.T.);
#9045 = VERTEX_POINT('',#9046);
#9046 = CARTESIAN_POINT('',(70.287903,-25.80982,-7.5E-02));
#9047 = LINE('',#9048,#9049);
#9048 = CARTESIAN_POINT('',(69.824049,-25.735937,-7.5E-02));
#9049 = VECTOR('',#9050,1.);
#9050 = DIRECTION('',(0.987551203985,-0.157297868735,0.));
#9051 = ORIENTED_EDGE('',*,*,#9052,.T.);
#9052 = EDGE_CURVE('',#9045,#9053,#9055,.T.);
#9053 = VERTEX_POINT('',#9054);
#9054 = CARTESIAN_POINT('',(70.441043,-26.546102,-7.5E-02));
#9055 = LINE('',#9056,#9057);
#9056 = CARTESIAN_POINT('',(70.287903,-25.80982,-7.5E-02));
#9057 = VECTOR('',#9058,1.);
#9058 = DIRECTION('',(0.203632986845,-0.97904729542,0.));
#9059 = ORIENTED_EDGE('',*,*,#9060,.T.);
#9060 = EDGE_CURVE('',#9053,#9061,#9063,.T.);
#9061 = VERTEX_POINT('',#9062);
#9062 = CARTESIAN_POINT('',(70.742353,-26.475309,-7.5E-02));
#9063 = CIRCLE('',#9064,0.628846268923);
#9064 = AXIS2_PLACEMENT_3D('',#9065,#9066,#9067);
#9065 = CARTESIAN_POINT('',(70.731105814329,-27.1040546805,-7.5E-02));
#9066 = DIRECTION('',(0.,0.,-1.));
#9067 = DIRECTION('',(-0.461261883331,0.887264039047,0.));
#9068 = ORIENTED_EDGE('',*,*,#9069,.T.);
#9069 = EDGE_CURVE('',#9061,#9070,#9072,.T.);
#9070 = VERTEX_POINT('',#9071);
#9071 = CARTESIAN_POINT('',(70.906231,-26.49026,-7.5E-02));
#9072 = LINE('',#9073,#9074);
#9073 = CARTESIAN_POINT('',(70.742353,-26.475309,-7.5E-02));
#9074 = VECTOR('',#9075,1.);
#9075 = DIRECTION('',(0.995864115804,-9.085517516314E-02,0.));
#9076 = ORIENTED_EDGE('',*,*,#9077,.T.);
#9077 = EDGE_CURVE('',#9070,#9078,#9080,.T.);
#9078 = VERTEX_POINT('',#9079);
#9079 = CARTESIAN_POINT('',(71.310719,-26.703273,-7.5E-02));
#9080 = CIRCLE('',#9081,0.781669459863);
#9081 = AXIS2_PLACEMENT_3D('',#9082,#9083,#9084);
#9082 = CARTESIAN_POINT('',(70.760168594167,-27.25816163307,-7.5E-02));
#9083 = DIRECTION('',(0.,0.,-1.));
#9084 = DIRECTION('',(0.18685955296,0.982386638482,0.));
#9085 = ORIENTED_EDGE('',*,*,#9086,.T.);
#9086 = EDGE_CURVE('',#9078,#9087,#9089,.T.);
#9087 = VERTEX_POINT('',#9088);
#9088 = CARTESIAN_POINT('',(71.414634,-26.824116,-7.5E-02));
#9089 = LINE('',#9090,#9091);
#9090 = CARTESIAN_POINT('',(71.310719,-26.703273,-7.5E-02));
#9091 = VECTOR('',#9092,1.);
#9092 = DIRECTION('',(0.652003272223,-0.758216151905,0.));
#9093 = ORIENTED_EDGE('',*,*,#9094,.T.);
#9094 = EDGE_CURVE('',#9087,#9095,#9097,.T.);
#9095 = VERTEX_POINT('',#9096);
#9096 = CARTESIAN_POINT('',(71.505234,-26.972746,-7.5E-02));
#9097 = LINE('',#9098,#9099);
#9098 = CARTESIAN_POINT('',(71.414634,-26.824116,-7.5E-02));
#9099 = VECTOR('',#9100,1.);
#9100 = DIRECTION('',(0.520489954861,-0.853867792395,0.));
#9101 = ORIENTED_EDGE('',*,*,#9102,.T.);
#9102 = EDGE_CURVE('',#9095,#9103,#9105,.T.);
#9103 = VERTEX_POINT('',#9104);
#9104 = CARTESIAN_POINT('',(71.651929,-27.517856,-7.5E-02));
#9105 = CIRCLE('',#9106,1.410849547079);
#9106 = AXIS2_PLACEMENT_3D('',#9107,#9108,#9109);
#9107 = CARTESIAN_POINT('',(70.243743733197,-27.60452028821,-7.5E-02));
#9108 = DIRECTION('',(0.,0.,-1.));
#9109 = DIRECTION('',(0.894135217617,0.447797066333,0.));
#9110 = ORIENTED_EDGE('',*,*,#9111,.T.);
#9111 = EDGE_CURVE('',#9103,#9112,#9114,.T.);
#9112 = VERTEX_POINT('',#9113);
#9113 = CARTESIAN_POINT('',(71.644269,-27.677863,-7.5E-02));
#9114 = LINE('',#9115,#9116);
#9115 = CARTESIAN_POINT('',(71.651929,-27.517856,-7.5E-02));
#9116 = VECTOR('',#9117,1.);
#9117 = DIRECTION('',(-4.781814175022E-02,-0.998856058359,0.));
#9118 = ORIENTED_EDGE('',*,*,#9119,.T.);
#9119 = EDGE_CURVE('',#9112,#9120,#9122,.T.);
#9120 = VERTEX_POINT('',#9121);
#9121 = CARTESIAN_POINT('',(71.621305,-27.778691,-7.5E-02));
#9122 = LINE('',#9123,#9124);
#9123 = CARTESIAN_POINT('',(71.644269,-27.677863,-7.5E-02));
#9124 = VECTOR('',#9125,1.);
#9125 = DIRECTION('',(-0.222067469442,-0.975031301557,0.));
#9126 = ORIENTED_EDGE('',*,*,#9127,.T.);
#9127 = EDGE_CURVE('',#9120,#9128,#9130,.T.);
#9128 = VERTEX_POINT('',#9129);
#9129 = CARTESIAN_POINT('',(71.585794,-27.866314,-7.5E-02));
#9130 = LINE('',#9131,#9132);
#9131 = CARTESIAN_POINT('',(71.621305,-27.778691,-7.5E-02));
#9132 = VECTOR('',#9133,1.);
#9133 = DIRECTION('',(-0.375597571816,-0.926782857009,0.));
#9134 = ORIENTED_EDGE('',*,*,#9135,.T.);
#9135 = EDGE_CURVE('',#9128,#9136,#9138,.T.);
#9136 = VERTEX_POINT('',#9137);
#9137 = CARTESIAN_POINT('',(71.403457,-28.06482,-7.5E-02));
#9138 = CIRCLE('',#9139,0.494706294151);
#9139 = AXIS2_PLACEMENT_3D('',#9140,#9141,#9142);
#9140 = CARTESIAN_POINT('',(71.144072079371,-27.64356736745,-7.5E-02));
#9141 = DIRECTION('',(0.,0.,-1.));
#9142 = DIRECTION('',(0.892897312712,-0.450260356852,0.));
#9143 = ORIENTED_EDGE('',*,*,#9144,.T.);
#9144 = EDGE_CURVE('',#9136,#9145,#9147,.T.);
#9145 = VERTEX_POINT('',#9146);
#9146 = CARTESIAN_POINT('',(71.314077,-28.110551,-7.5E-02));
#9147 = LINE('',#9148,#9149);
#9148 = CARTESIAN_POINT('',(71.403457,-28.06482,-7.5E-02));
#9149 = VECTOR('',#9150,1.);
#9150 = DIRECTION('',(-0.890241306444,-0.455489205471,0.));
#9151 = ORIENTED_EDGE('',*,*,#9152,.T.);
#9152 = EDGE_CURVE('',#9145,#9153,#9155,.T.);
#9153 = VERTEX_POINT('',#9154);
#9154 = CARTESIAN_POINT('',(71.218125,-28.141953,-7.5E-02));
#9155 = LINE('',#9156,#9157);
#9156 = CARTESIAN_POINT('',(71.314077,-28.110551,-7.5E-02));
#9157 = VECTOR('',#9158,1.);
#9158 = DIRECTION('',(-0.950398513183,-0.311034831071,0.));
#9159 = ORIENTED_EDGE('',*,*,#9160,.T.);
#9160 = EDGE_CURVE('',#9153,#9161,#9163,.T.);
#9161 = VERTEX_POINT('',#9162);
#9162 = CARTESIAN_POINT('',(71.106668,-28.161916,-7.5E-02));
#9163 = LINE('',#9164,#9165);
#9164 = CARTESIAN_POINT('',(71.218125,-28.141953,-7.5E-02));
#9165 = VECTOR('',#9166,1.);
#9166 = DIRECTION('',(-0.984335796873,-0.176303825807,0.));
#9167 = ORIENTED_EDGE('',*,*,#9168,.T.);
#9168 = EDGE_CURVE('',#9161,#9169,#9171,.T.);
#9169 = VERTEX_POINT('',#9170);
#9170 = CARTESIAN_POINT('',(70.977168,-28.168986,-7.5E-02));
#9171 = LINE('',#9172,#9173);
#9172 = CARTESIAN_POINT('',(71.106668,-28.161916,-7.5E-02));
#9173 = VECTOR('',#9174,1.);
#9174 = DIRECTION('',(-0.998513038291,-5.451341452291E-02,0.));
#9175 = ORIENTED_EDGE('',*,*,#9176,.T.);
#9176 = EDGE_CURVE('',#9169,#9177,#9179,.T.);
#9177 = VERTEX_POINT('',#9178);
#9178 = CARTESIAN_POINT('',(70.80549,-28.161195,-7.5E-02));
#9179 = LINE('',#9180,#9181);
#9180 = CARTESIAN_POINT('',(70.977168,-28.168986,-7.5E-02));
#9181 = VECTOR('',#9182,1.);
#9182 = DIRECTION('',(-0.998971848911,4.533481095343E-02,0.));
#9183 = ORIENTED_EDGE('',*,*,#9184,.T.);
#9184 = EDGE_CURVE('',#9177,#9185,#9187,.T.);
#9185 = VERTEX_POINT('',#9186);
#9186 = CARTESIAN_POINT('',(70.626692,-28.141179,-7.5E-02));
#9187 = LINE('',#9188,#9189);
#9188 = CARTESIAN_POINT('',(70.80549,-28.161195,-7.5E-02));
#9189 = VECTOR('',#9190,1.);
#9190 = DIRECTION('',(-0.993792159925,0.11125260838,0.));
#9191 = ORIENTED_EDGE('',*,*,#9192,.T.);
#9192 = EDGE_CURVE('',#9185,#9027,#9193,.T.);
#9193 = LINE('',#9194,#9195);
#9194 = CARTESIAN_POINT('',(70.626692,-28.141179,-7.5E-02));
#9195 = VECTOR('',#9196,1.);
#9196 = DIRECTION('',(-0.985648585157,0.168810149513,0.));
#9197 = FACE_BOUND('',#9198,.T.);
#9198 = EDGE_LOOP('',(#9199,#9209,#9218,#9226,#9234,#9242,#9250,#9258,
    #9266,#9274,#9282,#9290,#9298,#9306,#9314,#9322,#9330,#9338));
#9199 = ORIENTED_EDGE('',*,*,#9200,.T.);
#9200 = EDGE_CURVE('',#9201,#9203,#9205,.T.);
#9201 = VERTEX_POINT('',#9202);
#9202 = CARTESIAN_POINT('',(70.932655,-26.906716,-7.5E-02));
#9203 = VERTEX_POINT('',#9204);
#9204 = CARTESIAN_POINT('',(70.850052,-26.873636,-7.5E-02));
#9205 = LINE('',#9206,#9207);
#9206 = CARTESIAN_POINT('',(70.932655,-26.906716,-7.5E-02));
#9207 = VECTOR('',#9208,1.);
#9208 = DIRECTION('',(-0.928326252636,0.371766551302,0.));
#9209 = ORIENTED_EDGE('',*,*,#9210,.T.);
#9210 = EDGE_CURVE('',#9203,#9211,#9213,.T.);
#9211 = VERTEX_POINT('',#9212);
#9212 = CARTESIAN_POINT('',(70.620513,-26.880727,-7.5E-02));
#9213 = CIRCLE('',#9214,0.461293069077);
#9214 = AXIS2_PLACEMENT_3D('',#9215,#9216,#9217);
#9215 = CARTESIAN_POINT('',(70.749077808288,-27.32374210769,-7.5E-02));
#9216 = DIRECTION('',(0.,0.,1.));
#9217 = DIRECTION('',(0.218893797632,0.975748689652,-0.));
#9218 = ORIENTED_EDGE('',*,*,#9219,.T.);
#9219 = EDGE_CURVE('',#9211,#9220,#9222,.T.);
#9220 = VERTEX_POINT('',#9221);
#9221 = CARTESIAN_POINT('',(70.560989,-26.902594,-7.5E-02));
#9222 = LINE('',#9223,#9224);
#9223 = CARTESIAN_POINT('',(70.620513,-26.880727,-7.5E-02));
#9224 = VECTOR('',#9225,1.);
#9225 = DIRECTION('',(-0.93866444696,-0.344831924294,0.));
#9226 = ORIENTED_EDGE('',*,*,#9227,.T.);
#9227 = EDGE_CURVE('',#9220,#9228,#9230,.T.);
#9228 = VERTEX_POINT('',#9229);
#9229 = CARTESIAN_POINT('',(70.520166,-26.926804,-7.5E-02));
#9230 = LINE('',#9231,#9232);
#9231 = CARTESIAN_POINT('',(70.560989,-26.902594,-7.5E-02));
#9232 = VECTOR('',#9233,1.);
#9233 = DIRECTION('',(-0.860119677551,-0.510092286052,0.));
#9234 = ORIENTED_EDGE('',*,*,#9235,.T.);
#9235 = EDGE_CURVE('',#9228,#9236,#9238,.T.);
#9236 = VERTEX_POINT('',#9237);
#9237 = CARTESIAN_POINT('',(70.694799,-27.766657,-7.5E-02));
#9238 = LINE('',#9239,#9240);
#9239 = CARTESIAN_POINT('',(70.520166,-26.926804,-7.5E-02));
#9240 = VECTOR('',#9241,1.);
#9241 = DIRECTION('',(0.203578421453,-0.979058642942,0.));
#9242 = ORIENTED_EDGE('',*,*,#9243,.T.);
#9243 = EDGE_CURVE('',#9236,#9244,#9246,.T.);
#9244 = VERTEX_POINT('',#9245);
#9245 = CARTESIAN_POINT('',(70.78131,-27.777538,-7.5E-02));
#9246 = LINE('',#9247,#9248);
#9247 = CARTESIAN_POINT('',(70.694799,-27.766657,-7.5E-02));
#9248 = VECTOR('',#9249,1.);
#9249 = DIRECTION('',(0.992182836738,-0.124792702044,0.));
#9250 = ORIENTED_EDGE('',*,*,#9251,.T.);
#9251 = EDGE_CURVE('',#9244,#9252,#9254,.T.);
#9252 = VERTEX_POINT('',#9253);
#9253 = CARTESIAN_POINT('',(70.893613,-27.782106,-7.5E-02));
#9254 = LINE('',#9255,#9256);
#9255 = CARTESIAN_POINT('',(70.78131,-27.777538,-7.5E-02));
#9256 = VECTOR('',#9257,1.);
#9257 = DIRECTION('',(0.999173769964,-4.064206460376E-02,0.));
#9258 = ORIENTED_EDGE('',*,*,#9259,.T.);
#9259 = EDGE_CURVE('',#9252,#9260,#9262,.T.);
#9260 = VERTEX_POINT('',#9261);
#9261 = CARTESIAN_POINT('',(70.983362,-27.772836,-7.5E-02));
#9262 = LINE('',#9263,#9264);
#9263 = CARTESIAN_POINT('',(70.893613,-27.782106,-7.5E-02));
#9264 = VECTOR('',#9265,1.);
#9265 = DIRECTION('',(0.994708093223,0.102741468141,0.));
#9266 = ORIENTED_EDGE('',*,*,#9267,.T.);
#9267 = EDGE_CURVE('',#9260,#9268,#9270,.T.);
#9268 = VERTEX_POINT('',#9269);
#9269 = CARTESIAN_POINT('',(71.052008,-27.74746,-7.5E-02));
#9270 = LINE('',#9271,#9272);
#9271 = CARTESIAN_POINT('',(70.983362,-27.772836,-7.5E-02));
#9272 = VECTOR('',#9273,1.);
#9273 = DIRECTION('',(0.937964167887,0.346732201793,0.));
#9274 = ORIENTED_EDGE('',*,*,#9275,.T.);
#9275 = EDGE_CURVE('',#9268,#9276,#9278,.T.);
#9276 = VERTEX_POINT('',#9277);
#9277 = CARTESIAN_POINT('',(71.104466,-27.707604,-7.5E-02));
#9278 = LINE('',#9279,#9280);
#9279 = CARTESIAN_POINT('',(71.052008,-27.74746,-7.5E-02));
#9280 = VECTOR('',#9281,1.);
#9281 = DIRECTION('',(0.796250518364,0.604967033816,0.));
#9282 = ORIENTED_EDGE('',*,*,#9283,.T.);
#9283 = EDGE_CURVE('',#9276,#9284,#9286,.T.);
#9284 = VERTEX_POINT('',#9285);
#9285 = CARTESIAN_POINT('',(71.143608,-27.652071,-7.5E-02));
#9286 = LINE('',#9287,#9288);
#9287 = CARTESIAN_POINT('',(71.104466,-27.707604,-7.5E-02));
#9288 = VECTOR('',#9289,1.);
#9289 = DIRECTION('',(0.576115593418,0.81736822976,0.));
#9290 = ORIENTED_EDGE('',*,*,#9291,.T.);
#9291 = EDGE_CURVE('',#9284,#9292,#9294,.T.);
#9292 = VERTEX_POINT('',#9293);
#9293 = CARTESIAN_POINT('',(71.174115,-27.56292,-7.5E-02));
#9294 = LINE('',#9295,#9296);
#9295 = CARTESIAN_POINT('',(71.143608,-27.652071,-7.5E-02));
#9296 = VECTOR('',#9297,1.);
#9297 = DIRECTION('',(0.323763434569,0.946138065208,0.));
#9298 = ORIENTED_EDGE('',*,*,#9299,.T.);
#9299 = EDGE_CURVE('',#9292,#9300,#9302,.T.);
#9300 = VERTEX_POINT('',#9301);
#9301 = CARTESIAN_POINT('',(71.183023,-27.450617,-7.5E-02));
#9302 = LINE('',#9303,#9304);
#9303 = CARTESIAN_POINT('',(71.174115,-27.56292,-7.5E-02));
#9304 = VECTOR('',#9305,1.);
#9305 = DIRECTION('',(7.90727557974E-02,0.996868847588,0.));
#9306 = ORIENTED_EDGE('',*,*,#9307,.T.);
#9307 = EDGE_CURVE('',#9300,#9308,#9310,.T.);
#9308 = VERTEX_POINT('',#9309);
#9309 = CARTESIAN_POINT('',(71.16537,-27.308177,-7.5E-02));
#9310 = LINE('',#9311,#9312);
#9311 = CARTESIAN_POINT('',(71.183023,-27.450617,-7.5E-02));
#9312 = VECTOR('',#9313,1.);
#9313 = DIRECTION('',(-0.12299194455,0.992407669043,0.));
#9314 = ORIENTED_EDGE('',*,*,#9315,.T.);
#9315 = EDGE_CURVE('',#9308,#9316,#9318,.T.);
#9316 = VERTEX_POINT('',#9317);
#9317 = CARTESIAN_POINT('',(71.122214,-27.155435,-7.5E-02));
#9318 = LINE('',#9319,#9320);
#9319 = CARTESIAN_POINT('',(71.16537,-27.308177,-7.5E-02));
#9320 = VECTOR('',#9321,1.);
#9321 = DIRECTION('',(-0.271897392752,0.962326248117,0.));
#9322 = ORIENTED_EDGE('',*,*,#9323,.T.);
#9323 = EDGE_CURVE('',#9316,#9324,#9326,.T.);
#9324 = VERTEX_POINT('',#9325);
#9325 = CARTESIAN_POINT('',(71.06801,-27.042768,-7.5E-02));
#9326 = LINE('',#9327,#9328);
#9327 = CARTESIAN_POINT('',(71.122214,-27.155435,-7.5E-02));
#9328 = VECTOR('',#9329,1.);
#9329 = DIRECTION('',(-0.433535918208,0.901136286931,0.));
#9330 = ORIENTED_EDGE('',*,*,#9331,.T.);
#9331 = EDGE_CURVE('',#9324,#9332,#9334,.T.);
#9332 = VERTEX_POINT('',#9333);
#9333 = CARTESIAN_POINT('',(71.004755,-26.961915,-7.5E-02));
#9334 = LINE('',#9335,#9336);
#9335 = CARTESIAN_POINT('',(71.06801,-27.042768,-7.5E-02));
#9336 = VECTOR('',#9337,1.);
#9337 = DIRECTION('',(-0.616179813469,0.787605508788,0.));
#9338 = ORIENTED_EDGE('',*,*,#9339,.T.);
#9339 = EDGE_CURVE('',#9332,#9201,#9340,.T.);
#9340 = LINE('',#9341,#9342);
#9341 = CARTESIAN_POINT('',(71.004755,-26.961915,-7.5E-02));
#9342 = VECTOR('',#9343,1.);
#9343 = DIRECTION('',(-0.794019175802,0.607892711305,0.));
#9344 = PLANE('',#9345);
#9345 = AXIS2_PLACEMENT_3D('',#9346,#9347,#9348);
#9346 = CARTESIAN_POINT('',(0.,0.,-7.5E-02));
#9347 = DIRECTION('',(-0.,-0.,-1.));
#9348 = DIRECTION('',(-1.,0.,0.));
#9349 = SHELL_BASED_SURFACE_MODEL('',(#9350));
#9350 = OPEN_SHELL('',(#9351));
#9351 = ADVANCED_FACE('',(#9352,#9536),#9700,.T.);
#9352 = FACE_BOUND('',#9353,.T.);
#9353 = EDGE_LOOP('',(#9354,#9364,#9373,#9381,#9389,#9398,#9406,#9414,
    #9422,#9431,#9439,#9447,#9455,#9463,#9472,#9480,#9488,#9496,#9505,
    #9513,#9521,#9530));
#9354 = ORIENTED_EDGE('',*,*,#9355,.T.);
#9355 = EDGE_CURVE('',#9356,#9358,#9360,.T.);
#9356 = VERTEX_POINT('',#9357);
#9357 = CARTESIAN_POINT('',(73.294601,-26.494806,-7.5E-02));
#9358 = VERTEX_POINT('',#9359);
#9359 = CARTESIAN_POINT('',(73.394582,-26.473976,-7.5E-02));
#9360 = LINE('',#9361,#9362);
#9361 = CARTESIAN_POINT('',(73.294601,-26.494806,-7.5E-02));
#9362 = VECTOR('',#9363,1.);
#9363 = DIRECTION('',(0.9789791978,0.203960119324,0.));
#9364 = ORIENTED_EDGE('',*,*,#9365,.T.);
#9365 = EDGE_CURVE('',#9358,#9366,#9368,.T.);
#9366 = VERTEX_POINT('',#9367);
#9367 = CARTESIAN_POINT('',(73.980423,-26.601886,-7.5E-02));
#9368 = CIRCLE('',#9369,0.892910101277);
#9369 = AXIS2_PLACEMENT_3D('',#9370,#9371,#9372);
#9370 = CARTESIAN_POINT('',(73.508093750625,-27.35964158668,-7.5E-02));
#9371 = DIRECTION('',(0.,0.,-1.));
#9372 = DIRECTION('',(-0.127125620444,0.991886624886,0.));
#9373 = ORIENTED_EDGE('',*,*,#9374,.T.);
#9374 = EDGE_CURVE('',#9366,#9375,#9377,.T.);
#9375 = VERTEX_POINT('',#9376);
#9376 = CARTESIAN_POINT('',(74.114663,-26.700317,-7.5E-02));
#9377 = LINE('',#9378,#9379);
#9378 = CARTESIAN_POINT('',(73.980423,-26.601886,-7.5E-02));
#9379 = VECTOR('',#9380,1.);
#9380 = DIRECTION('',(0.80643841745,-0.591318086025,0.));
#9381 = ORIENTED_EDGE('',*,*,#9382,.T.);
#9382 = EDGE_CURVE('',#9375,#9383,#9385,.T.);
#9383 = VERTEX_POINT('',#9384);
#9384 = CARTESIAN_POINT('',(74.231605,-26.821199,-7.5E-02));
#9385 = LINE('',#9386,#9387);
#9386 = CARTESIAN_POINT('',(74.114663,-26.700317,-7.5E-02));
#9387 = VECTOR('',#9388,1.);
#9388 = DIRECTION('',(0.695296823476,-0.718722705405,0.));
#9389 = ORIENTED_EDGE('',*,*,#9390,.T.);
#9390 = EDGE_CURVE('',#9383,#9391,#9393,.T.);
#9391 = VERTEX_POINT('',#9392);
#9392 = CARTESIAN_POINT('',(74.463662,-27.314759,-7.5E-02));
#9393 = CIRCLE('',#9394,1.127380388544);
#9394 = AXIS2_PLACEMENT_3D('',#9395,#9396,#9397);
#9395 = CARTESIAN_POINT('',(73.357690159897,-27.53342044921,-7.5E-02));
#9396 = DIRECTION('',(0.,0.,-1.));
#9397 = DIRECTION('',(0.775173001929,0.631749014309,0.));
#9398 = ORIENTED_EDGE('',*,*,#9399,.T.);
#9399 = EDGE_CURVE('',#9391,#9400,#9402,.T.);
#9400 = VERTEX_POINT('',#9401);
#9401 = CARTESIAN_POINT('',(74.487484,-27.501478,-7.5E-02));
#9402 = LINE('',#9403,#9404);
#9403 = CARTESIAN_POINT('',(74.463662,-27.314759,-7.5E-02));
#9404 = VECTOR('',#9405,1.);
#9405 = DIRECTION('',(0.12655625609,-0.991959431653,0.));
#9406 = ORIENTED_EDGE('',*,*,#9407,.T.);
#9407 = EDGE_CURVE('',#9400,#9408,#9410,.T.);
#9408 = VERTEX_POINT('',#9409);
#9409 = CARTESIAN_POINT('',(74.478976,-27.663489,-7.5E-02));
#9410 = LINE('',#9411,#9412);
#9411 = CARTESIAN_POINT('',(74.487484,-27.501478,-7.5E-02));
#9412 = VECTOR('',#9413,1.);
#9413 = DIRECTION('',(-5.244268872219E-02,-0.998623935423,0.));
#9414 = ORIENTED_EDGE('',*,*,#9415,.T.);
#9415 = EDGE_CURVE('',#9408,#9416,#9418,.T.);
#9416 = VERTEX_POINT('',#9417);
#9417 = CARTESIAN_POINT('',(74.439994,-27.812813,-7.5E-02));
#9418 = LINE('',#9419,#9420);
#9419 = CARTESIAN_POINT('',(74.478976,-27.663489,-7.5E-02));
#9420 = VECTOR('',#9421,1.);
#9421 = DIRECTION('',(-0.2525912368,-0.967573081008,0.));
#9422 = ORIENTED_EDGE('',*,*,#9423,.T.);
#9423 = EDGE_CURVE('',#9416,#9424,#9426,.T.);
#9424 = VERTEX_POINT('',#9425);
#9425 = CARTESIAN_POINT('',(74.24826,-28.060417,-7.5E-02));
#9426 = CIRCLE('',#9427,0.528724612448);
#9427 = AXIS2_PLACEMENT_3D('',#9428,#9429,#9430);
#9428 = CARTESIAN_POINT('',(73.944837492817,-27.62742219871,-7.5E-02));
#9429 = DIRECTION('',(0.,0.,-1.));
#9430 = DIRECTION('',(0.936511173351,-0.350637736401,0.));
#9431 = ORIENTED_EDGE('',*,*,#9432,.T.);
#9432 = EDGE_CURVE('',#9424,#9433,#9435,.T.);
#9433 = VERTEX_POINT('',#9434);
#9434 = CARTESIAN_POINT('',(74.166382,-28.107596,-7.5E-02));
#9435 = LINE('',#9436,#9437);
#9436 = CARTESIAN_POINT('',(74.24826,-28.060417,-7.5E-02));
#9437 = VECTOR('',#9438,1.);
#9438 = DIRECTION('',(-0.866452543479,-0.499259441471,0.));
#9439 = ORIENTED_EDGE('',*,*,#9440,.T.);
#9440 = EDGE_CURVE('',#9433,#9441,#9443,.T.);
#9441 = VERTEX_POINT('',#9442);
#9442 = CARTESIAN_POINT('',(74.077527,-28.140869,-7.5E-02));
#9443 = LINE('',#9444,#9445);
#9444 = CARTESIAN_POINT('',(74.166382,-28.107596,-7.5E-02));
#9445 = VECTOR('',#9446,1.);
#9446 = DIRECTION('',(-0.936494097942,-0.350683339382,0.));
#9447 = ORIENTED_EDGE('',*,*,#9448,.T.);
#9448 = EDGE_CURVE('',#9441,#9449,#9451,.T.);
#9449 = VERTEX_POINT('',#9450);
#9450 = CARTESIAN_POINT('',(73.976615,-28.161694,-7.5E-02));
#9451 = LINE('',#9452,#9453);
#9452 = CARTESIAN_POINT('',(74.077527,-28.140869,-7.5E-02));
#9453 = VECTOR('',#9454,1.);
#9454 = DIRECTION('',(-0.979363010783,-0.202109111895,0.));
#9455 = ORIENTED_EDGE('',*,*,#9456,.T.);
#9456 = EDGE_CURVE('',#9449,#9457,#9459,.T.);
#9457 = VERTEX_POINT('',#9458);
#9458 = CARTESIAN_POINT('',(73.861579,-28.168986,-7.5E-02));
#9459 = LINE('',#9460,#9461);
#9460 = CARTESIAN_POINT('',(73.976615,-28.161694,-7.5E-02));
#9461 = VECTOR('',#9462,1.);
#9462 = DIRECTION('',(-0.99799696107,-6.326188184676E-02,0.));
#9463 = ORIENTED_EDGE('',*,*,#9464,.T.);
#9464 = EDGE_CURVE('',#9457,#9465,#9467,.T.);
#9465 = VERTEX_POINT('',#9466);
#9466 = CARTESIAN_POINT('',(73.379866,-28.033456,-7.5E-02));
#9467 = CIRCLE('',#9468,0.900902608753);
#9468 = AXIS2_PLACEMENT_3D('',#9469,#9470,#9471);
#9469 = CARTESIAN_POINT('',(73.855119332528,-27.26810655015,-7.5E-02));
#9470 = DIRECTION('',(0.,0.,-1.));
#9471 = DIRECTION('',(7.170217301195E-03,-0.999974293662,0.));
#9472 = ORIENTED_EDGE('',*,*,#9473,.T.);
#9473 = EDGE_CURVE('',#9465,#9474,#9476,.T.);
#9474 = VERTEX_POINT('',#9475);
#9475 = CARTESIAN_POINT('',(73.2466,-27.933903,-7.5E-02));
#9476 = LINE('',#9477,#9478);
#9477 = CARTESIAN_POINT('',(73.379866,-28.033456,-7.5E-02));
#9478 = VECTOR('',#9479,1.);
#9479 = DIRECTION('',(-0.801142674358,0.598473404022,0.));
#9480 = ORIENTED_EDGE('',*,*,#9481,.T.);
#9481 = EDGE_CURVE('',#9474,#9482,#9484,.T.);
#9482 = VERTEX_POINT('',#9483);
#9483 = CARTESIAN_POINT('',(73.131541,-27.811364,-7.5E-02));
#9484 = LINE('',#9485,#9486);
#9485 = CARTESIAN_POINT('',(73.2466,-27.933903,-7.5E-02));
#9486 = VECTOR('',#9487,1.);
#9487 = DIRECTION('',(-0.684506701353,0.729006567736,0.));
#9488 = ORIENTED_EDGE('',*,*,#9489,.T.);
#9489 = EDGE_CURVE('',#9482,#9490,#9492,.T.);
#9490 = VERTEX_POINT('',#9491);
#9491 = CARTESIAN_POINT('',(73.03395,-27.663489,-7.5E-02));
#9492 = LINE('',#9493,#9494);
#9493 = CARTESIAN_POINT('',(73.131541,-27.811364,-7.5E-02));
#9494 = VECTOR('',#9495,1.);
#9495 = DIRECTION('',(-0.550816652995,0.834626272522,0.));
#9496 = ORIENTED_EDGE('',*,*,#9497,.T.);
#9497 = EDGE_CURVE('',#9490,#9498,#9500,.T.);
#9498 = VERTEX_POINT('',#9499);
#9499 = CARTESIAN_POINT('',(72.883517,-27.128243,-7.5E-02));
#9500 = CIRCLE('',#9501,1.249981719619);
#9501 = AXIS2_PLACEMENT_3D('',#9502,#9503,#9504);
#9502 = CARTESIAN_POINT('',(74.131954415557,-27.06612763298,-7.5E-02));
#9503 = DIRECTION('',(0.,0.,-1.));
#9504 = DIRECTION('',(-0.878416378674,-0.477896082508,-0.));
#9505 = ORIENTED_EDGE('',*,*,#9506,.T.);
#9506 = EDGE_CURVE('',#9498,#9507,#9509,.T.);
#9507 = VERTEX_POINT('',#9508);
#9508 = CARTESIAN_POINT('',(72.892362,-26.967641,-7.5E-02));
#9509 = LINE('',#9510,#9511);
#9510 = CARTESIAN_POINT('',(72.883517,-27.128243,-7.5E-02));
#9511 = VECTOR('',#9512,1.);
#9512 = DIRECTION('',(5.499069959221E-02,0.998486866693,0.));
#9513 = ORIENTED_EDGE('',*,*,#9514,.T.);
#9514 = EDGE_CURVE('',#9507,#9515,#9517,.T.);
#9515 = VERTEX_POINT('',#9516);
#9516 = CARTESIAN_POINT('',(72.931615,-26.819865,-7.5E-02));
#9517 = LINE('',#9518,#9519);
#9518 = CARTESIAN_POINT('',(72.892362,-26.967641,-7.5E-02));
#9519 = VECTOR('',#9520,1.);
#9520 = DIRECTION('',(0.25672261184,0.966485126927,0.));
#9521 = ORIENTED_EDGE('',*,*,#9522,.T.);
#9522 = EDGE_CURVE('',#9515,#9523,#9525,.T.);
#9523 = VERTEX_POINT('',#9524);
#9524 = CARTESIAN_POINT('',(73.205762,-26.528236,-7.5E-02));
#9525 = CIRCLE('',#9526,0.527887701644);
#9526 = AXIS2_PLACEMENT_3D('',#9527,#9528,#9529);
#9527 = CARTESIAN_POINT('',(73.424600226778,-27.00862673268,-7.5E-02));
#9528 = DIRECTION('',(0.,0.,-1.));
#9529 = DIRECTION('',(-0.933882765677,0.357579333815,0.));
#9530 = ORIENTED_EDGE('',*,*,#9531,.T.);
#9531 = EDGE_CURVE('',#9523,#9356,#9532,.T.);
#9532 = LINE('',#9533,#9534);
#9533 = CARTESIAN_POINT('',(73.205762,-26.528236,-7.5E-02));
#9534 = VECTOR('',#9535,1.);
#9535 = DIRECTION('',(0.935928958437,0.352188848147,0.));
#9536 = FACE_BOUND('',#9537,.T.);
#9537 = EDGE_LOOP('',(#9538,#9549,#9557,#9565,#9573,#9581,#9589,#9597,
    #9605,#9613,#9621,#9630,#9638,#9646,#9654,#9662,#9670,#9678,#9686,
    #9694));
#9538 = ORIENTED_EDGE('',*,*,#9539,.T.);
#9539 = EDGE_CURVE('',#9540,#9542,#9544,.T.);
#9540 = VERTEX_POINT('',#9541);
#9541 = CARTESIAN_POINT('',(73.773563,-26.914959,-7.5E-02));
#9542 = VERTEX_POINT('',#9543);
#9543 = CARTESIAN_POINT('',(73.495033,-26.876654,-7.5E-02));
#9544 = CIRCLE('',#9545,0.336406824129);
#9545 = AXIS2_PLACEMENT_3D('',#9546,#9547,#9548);
#9546 = CARTESIAN_POINT('',(73.592658366813,-27.1985838667,-7.5E-02));
#9547 = DIRECTION('',(0.,0.,1.));
#9548 = DIRECTION('',(0.537755539458,0.843100812348,-0.));
#9549 = ORIENTED_EDGE('',*,*,#9550,.T.);
#9550 = EDGE_CURVE('',#9542,#9551,#9553,.T.);
#9551 = VERTEX_POINT('',#9552);
#9552 = CARTESIAN_POINT('',(73.426946,-26.916568,-7.5E-02));
#9553 = LINE('',#9554,#9555);
#9554 = CARTESIAN_POINT('',(73.495033,-26.876654,-7.5E-02));
#9555 = VECTOR('',#9556,1.);
#9556 = DIRECTION('',(-0.862692823384,-0.505728279298,0.));
#9557 = ORIENTED_EDGE('',*,*,#9558,.T.);
#9558 = EDGE_CURVE('',#9551,#9559,#9561,.T.);
#9559 = VERTEX_POINT('',#9560);
#9560 = CARTESIAN_POINT('',(73.37865,-26.982955,-7.5E-02));
#9561 = LINE('',#9562,#9563);
#9562 = CARTESIAN_POINT('',(73.426946,-26.916568,-7.5E-02));
#9563 = VECTOR('',#9564,1.);
#9564 = DIRECTION('',(-0.588287574563,-0.808651797509,0.));
#9565 = ORIENTED_EDGE('',*,*,#9566,.T.);
#9566 = EDGE_CURVE('',#9559,#9567,#9569,.T.);
#9567 = VERTEX_POINT('',#9568);
#9568 = CARTESIAN_POINT('',(73.352771,-27.065518,-7.5E-02));
#9569 = LINE('',#9570,#9571);
#9570 = CARTESIAN_POINT('',(73.37865,-26.982955,-7.5E-02));
#9571 = VECTOR('',#9572,1.);
#9572 = DIRECTION('',(-0.299096823099,-0.954222767708,0.));
#9573 = ORIENTED_EDGE('',*,*,#9574,.T.);
#9574 = EDGE_CURVE('',#9567,#9575,#9577,.T.);
#9575 = VERTEX_POINT('',#9576);
#9576 = CARTESIAN_POINT('',(73.34627,-27.173511,-7.5E-02));
#9577 = LINE('',#9578,#9579);
#9578 = CARTESIAN_POINT('',(73.352771,-27.065518,-7.5E-02));
#9579 = VECTOR('',#9580,1.);
#9580 = DIRECTION('',(-6.008956713444E-02,-0.998192989317,0.));
#9581 = ORIENTED_EDGE('',*,*,#9582,.T.);
#9582 = EDGE_CURVE('',#9575,#9583,#9585,.T.);
#9583 = VERTEX_POINT('',#9584);
#9584 = CARTESIAN_POINT('',(73.364679,-27.314759,-7.5E-02));
#9585 = LINE('',#9586,#9587);
#9586 = CARTESIAN_POINT('',(73.34627,-27.173511,-7.5E-02));
#9587 = VECTOR('',#9588,1.);
#9588 = DIRECTION('',(0.129238040442,-0.991613598587,0.));
#9589 = ORIENTED_EDGE('',*,*,#9590,.T.);
#9590 = EDGE_CURVE('',#9583,#9591,#9593,.T.);
#9591 = VERTEX_POINT('',#9592);
#9592 = CARTESIAN_POINT('',(73.403277,-27.451626,-7.5E-02));
#9593 = LINE('',#9594,#9595);
#9594 = CARTESIAN_POINT('',(73.364679,-27.314759,-7.5E-02));
#9595 = VECTOR('',#9596,1.);
#9596 = DIRECTION('',(0.271424254968,-0.96245980374,0.));
#9597 = ORIENTED_EDGE('',*,*,#9598,.T.);
#9598 = EDGE_CURVE('',#9591,#9599,#9601,.T.);
#9599 = VERTEX_POINT('',#9600);
#9600 = CARTESIAN_POINT('',(73.454495,-27.561798,-7.5E-02));
#9601 = LINE('',#9602,#9603);
#9602 = CARTESIAN_POINT('',(73.403277,-27.451626,-7.5E-02));
#9603 = VECTOR('',#9604,1.);
#9604 = DIRECTION('',(0.42156298727,-0.906799122057,0.));
#9605 = ORIENTED_EDGE('',*,*,#9606,.T.);
#9606 = EDGE_CURVE('',#9599,#9607,#9609,.T.);
#9607 = VERTEX_POINT('',#9608);
#9608 = CARTESIAN_POINT('',(73.517147,-27.649653,-7.5E-02));
#9609 = LINE('',#9610,#9611);
#9610 = CARTESIAN_POINT('',(73.454495,-27.561798,-7.5E-02));
#9611 = VECTOR('',#9612,1.);
#9612 = DIRECTION('',(0.580614734827,-0.81417843849,0.));
#9613 = ORIENTED_EDGE('',*,*,#9614,.T.);
#9614 = EDGE_CURVE('',#9607,#9615,#9617,.T.);
#9615 = VERTEX_POINT('',#9616);
#9616 = CARTESIAN_POINT('',(73.596077,-27.719503,-7.5E-02));
#9617 = LINE('',#9618,#9619);
#9618 = CARTESIAN_POINT('',(73.517147,-27.649653,-7.5E-02));
#9619 = VECTOR('',#9620,1.);
#9620 = DIRECTION('',(0.748867971683,-0.662719217307,0.));
#9621 = ORIENTED_EDGE('',*,*,#9622,.T.);
#9622 = EDGE_CURVE('',#9615,#9623,#9625,.T.);
#9623 = VERTEX_POINT('',#9624);
#9624 = CARTESIAN_POINT('',(73.873787,-27.758797,-7.5E-02));
#9625 = CIRCLE('',#9626,0.32679860843);
#9626 = AXIS2_PLACEMENT_3D('',#9627,#9628,#9629);
#9627 = CARTESIAN_POINT('',(73.776285827834,-27.44688218486,-7.5E-02));
#9628 = DIRECTION('',(0.,0.,1.));
#9629 = DIRECTION('',(-0.551436949807,-0.834216572832,0.));
#9630 = ORIENTED_EDGE('',*,*,#9631,.T.);
#9631 = EDGE_CURVE('',#9623,#9632,#9634,.T.);
#9632 = VERTEX_POINT('',#9633);
#9633 = CARTESIAN_POINT('',(73.942264,-27.717986,-7.5E-02));
#9634 = LINE('',#9635,#9636);
#9635 = CARTESIAN_POINT('',(73.873787,-27.758797,-7.5E-02));
#9636 = VECTOR('',#9637,1.);
#9637 = DIRECTION('',(0.859012222783,0.511955077238,0.));
#9638 = ORIENTED_EDGE('',*,*,#9639,.T.);
#9639 = EDGE_CURVE('',#9632,#9640,#9642,.T.);
#9640 = VERTEX_POINT('',#9641);
#9641 = CARTESIAN_POINT('',(73.991345,-27.649653,-7.5E-02));
#9642 = LINE('',#9643,#9644);
#9643 = CARTESIAN_POINT('',(73.942264,-27.717986,-7.5E-02));
#9644 = VECTOR('',#9645,1.);
#9645 = DIRECTION('',(0.583374695236,0.812203154979,0.));
#9646 = ORIENTED_EDGE('',*,*,#9647,.T.);
#9647 = EDGE_CURVE('',#9640,#9648,#9650,.T.);
#9648 = VERTEX_POINT('',#9649);
#9649 = CARTESIAN_POINT('',(74.017705,-27.56506,-7.5E-02));
#9650 = LINE('',#9651,#9652);
#9651 = CARTESIAN_POINT('',(73.991345,-27.649653,-7.5E-02));
#9652 = VECTOR('',#9653,1.);
#9653 = DIRECTION('',(0.29750053472,0.954721651499,0.));
#9654 = ORIENTED_EDGE('',*,*,#9655,.T.);
#9655 = EDGE_CURVE('',#9648,#9656,#9658,.T.);
#9656 = VERTEX_POINT('',#9657);
#9657 = CARTESIAN_POINT('',(74.02435,-27.455894,-7.5E-02));
#9658 = LINE('',#9659,#9660);
#9659 = CARTESIAN_POINT('',(74.017705,-27.56506,-7.5E-02));
#9660 = VECTOR('',#9661,1.);
#9661 = DIRECTION('',(6.075814336142E-02,0.998152517412,0.));
#9662 = ORIENTED_EDGE('',*,*,#9663,.T.);
#9663 = EDGE_CURVE('',#9656,#9664,#9666,.T.);
#9664 = VERTEX_POINT('',#9665);
#9665 = CARTESIAN_POINT('',(74.005987,-27.314759,-7.5E-02));
#9666 = LINE('',#9667,#9668);
#9667 = CARTESIAN_POINT('',(74.02435,-27.455894,-7.5E-02));
#9668 = VECTOR('',#9669,1.);
#9669 = DIRECTION('',(-0.129021980103,0.99164173402,0.));
#9670 = ORIENTED_EDGE('',*,*,#9671,.T.);
#9671 = EDGE_CURVE('',#9664,#9672,#9674,.T.);
#9672 = VERTEX_POINT('',#9673);
#9673 = CARTESIAN_POINT('',(73.967275,-27.178017,-7.5E-02));
#9674 = LINE('',#9675,#9676);
#9675 = CARTESIAN_POINT('',(74.005987,-27.314759,-7.5E-02));
#9676 = VECTOR('',#9677,1.);
#9677 = DIRECTION('',(-0.272396953539,0.962184961274,0.));
#9678 = ORIENTED_EDGE('',*,*,#9679,.T.);
#9679 = EDGE_CURVE('',#9672,#9680,#9682,.T.);
#9680 = VERTEX_POINT('',#9681);
#9681 = CARTESIAN_POINT('',(73.915814,-27.068978,-7.5E-02));
#9682 = LINE('',#9683,#9684);
#9683 = CARTESIAN_POINT('',(73.967275,-27.178017,-7.5E-02));
#9684 = VECTOR('',#9685,1.);
#9685 = DIRECTION('',(-0.426805298017,0.904343539583,0.));
#9686 = ORIENTED_EDGE('',*,*,#9687,.T.);
#9687 = EDGE_CURVE('',#9680,#9688,#9690,.T.);
#9688 = VERTEX_POINT('',#9689);
#9689 = CARTESIAN_POINT('',(73.852847,-26.982955,-7.5E-02));
#9690 = LINE('',#9691,#9692);
#9691 = CARTESIAN_POINT('',(73.915814,-27.068978,-7.5E-02));
#9692 = VECTOR('',#9693,1.);
#9693 = DIRECTION('',(-0.590652587586,0.806925969825,0.));
#9694 = ORIENTED_EDGE('',*,*,#9695,.T.);
#9695 = EDGE_CURVE('',#9688,#9540,#9696,.T.);
#9696 = LINE('',#9697,#9698);
#9697 = CARTESIAN_POINT('',(73.852847,-26.982955,-7.5E-02));
#9698 = VECTOR('',#9699,1.);
#9699 = DIRECTION('',(-0.759075452918,0.65100265497,0.));
#9700 = PLANE('',#9701);
#9701 = AXIS2_PLACEMENT_3D('',#9702,#9703,#9704);
#9702 = CARTESIAN_POINT('',(0.,0.,-7.5E-02));
#9703 = DIRECTION('',(-0.,-0.,-1.));
#9704 = DIRECTION('',(-1.,0.,0.));
#9705 = SHELL_BASED_SURFACE_MODEL('',(#9706));
#9706 = OPEN_SHELL('',(#9707));
#9707 = ADVANCED_FACE('',(#9708,#9980),#10064,.T.);
#9708 = FACE_BOUND('',#9709,.T.);
#9709 = EDGE_LOOP('',(#9710,#9721,#9729,#9738,#9746,#9754,#9763,#9771,
    #9779,#9787,#9795,#9803,#9811,#9820,#9828,#9836,#9844,#9852,#9861,
    #9869,#9877,#9885,#9894,#9902,#9910,#9918,#9926,#9934,#9942,#9950,
    #9958,#9966,#9974));
#9710 = ORIENTED_EDGE('',*,*,#9711,.T.);
#9711 = EDGE_CURVE('',#9712,#9714,#9716,.T.);
#9712 = VERTEX_POINT('',#9713);
#9713 = CARTESIAN_POINT('',(85.257516,-26.78533,-7.5E-02));
#9714 = VERTEX_POINT('',#9715);
#9715 = CARTESIAN_POINT('',(85.504226,-26.523339,-7.5E-02));
#9716 = CIRCLE('',#9717,0.465548466738);
#9717 = AXIS2_PLACEMENT_3D('',#9718,#9719,#9720);
#9718 = CARTESIAN_POINT('',(85.693461093341,-26.94869232881,-7.5E-02));
#9719 = DIRECTION('',(0.,0.,-1.));
#9720 = DIRECTION('',(-0.936411833541,0.350902946702,0.));
#9721 = ORIENTED_EDGE('',*,*,#9722,.T.);
#9722 = EDGE_CURVE('',#9714,#9723,#9725,.T.);
#9723 = VERTEX_POINT('',#9724);
#9724 = CARTESIAN_POINT('',(85.63692,-26.481747,-7.5E-02));
#9725 = LINE('',#9726,#9727);
#9726 = CARTESIAN_POINT('',(85.504226,-26.523339,-7.5E-02));
#9727 = VECTOR('',#9728,1.);
#9728 = DIRECTION('',(0.954223457032,0.299094623908,0.));
#9729 = ORIENTED_EDGE('',*,*,#9730,.T.);
#9730 = EDGE_CURVE('',#9723,#9731,#9733,.T.);
#9731 = VERTEX_POINT('',#9732);
#9732 = CARTESIAN_POINT('',(86.096546,-26.522057,-7.5E-02));
#9733 = CIRCLE('',#9734,0.839776766278);
#9734 = AXIS2_PLACEMENT_3D('',#9735,#9736,#9737);
#9735 = CARTESIAN_POINT('',(85.796187424379,-27.3062825691,-7.5E-02));
#9736 = DIRECTION('',(0.,0.,-1.));
#9737 = DIRECTION('',(-0.189654478159,0.981850894441,0.));
#9738 = ORIENTED_EDGE('',*,*,#9739,.T.);
#9739 = EDGE_CURVE('',#9731,#9740,#9742,.T.);
#9740 = VERTEX_POINT('',#9741);
#9741 = CARTESIAN_POINT('',(86.238922,-26.589841,-7.5E-02));
#9742 = LINE('',#9743,#9744);
#9743 = CARTESIAN_POINT('',(86.096546,-26.522057,-7.5E-02));
#9744 = VECTOR('',#9745,1.);
#9745 = DIRECTION('',(0.90289521313,-0.429860714775,0.));
#9746 = ORIENTED_EDGE('',*,*,#9747,.T.);
#9747 = EDGE_CURVE('',#9740,#9748,#9750,.T.);
#9748 = VERTEX_POINT('',#9749);
#9749 = CARTESIAN_POINT('',(86.372735,-26.684869,-7.5E-02));
#9750 = LINE('',#9751,#9752);
#9751 = CARTESIAN_POINT('',(86.238922,-26.589841,-7.5E-02));
#9752 = VECTOR('',#9753,1.);
#9753 = DIRECTION('',(0.815323242421,-0.579006053827,0.));
#9754 = ORIENTED_EDGE('',*,*,#9755,.T.);
#9755 = EDGE_CURVE('',#9748,#9756,#9758,.T.);
#9756 = VERTEX_POINT('',#9757);
#9757 = CARTESIAN_POINT('',(86.657049,-27.064382,-7.5E-02));
#9758 = CIRCLE('',#9759,1.097557791242);
#9759 = AXIS2_PLACEMENT_3D('',#9760,#9761,#9762);
#9760 = CARTESIAN_POINT('',(85.657230446807,-27.51714680186,-7.5E-02));
#9761 = DIRECTION('',(0.,0.,-1.));
#9762 = DIRECTION('',(0.651906039848,0.758299752875,0.));
#9763 = ORIENTED_EDGE('',*,*,#9764,.T.);
#9764 = EDGE_CURVE('',#9756,#9765,#9767,.T.);
#9765 = VERTEX_POINT('',#9766);
#9766 = CARTESIAN_POINT('',(86.704885,-27.189225,-7.5E-02));
#9767 = LINE('',#9768,#9769);
#9768 = CARTESIAN_POINT('',(86.657049,-27.064382,-7.5E-02));
#9769 = VECTOR('',#9770,1.);
#9770 = DIRECTION('',(0.357802426359,-0.933797314031,0.));
#9771 = ORIENTED_EDGE('',*,*,#9772,.T.);
#9772 = EDGE_CURVE('',#9765,#9773,#9775,.T.);
#9773 = VERTEX_POINT('',#9774);
#9774 = CARTESIAN_POINT('',(86.74175,-27.330073,-7.5E-02));
#9775 = LINE('',#9776,#9777);
#9776 = CARTESIAN_POINT('',(86.704885,-27.189225,-7.5E-02));
#9777 = VECTOR('',#9778,1.);
#9778 = DIRECTION('',(0.253206656919,-0.967412212499,0.));
#9779 = ORIENTED_EDGE('',*,*,#9780,.T.);
#9780 = EDGE_CURVE('',#9773,#9781,#9783,.T.);
#9781 = VERTEX_POINT('',#9782);
#9782 = CARTESIAN_POINT('',(86.765316,-27.50558,-7.5E-02));
#9783 = LINE('',#9784,#9785);
#9784 = CARTESIAN_POINT('',(86.74175,-27.330073,-7.5E-02));
#9785 = VECTOR('',#9786,1.);
#9786 = DIRECTION('',(0.133079529387,-0.991105362138,0.));
#9787 = ORIENTED_EDGE('',*,*,#9788,.T.);
#9788 = EDGE_CURVE('',#9781,#9789,#9791,.T.);
#9789 = VERTEX_POINT('',#9790);
#9790 = CARTESIAN_POINT('',(86.761094,-27.662011,-7.5E-02));
#9791 = LINE('',#9792,#9793);
#9792 = CARTESIAN_POINT('',(86.765316,-27.50558,-7.5E-02));
#9793 = VECTOR('',#9794,1.);
#9794 = DIRECTION('',(-2.697971062813E-02,-0.999635981352,0.));
#9795 = ORIENTED_EDGE('',*,*,#9796,.T.);
#9796 = EDGE_CURVE('',#9789,#9797,#9799,.T.);
#9797 = VERTEX_POINT('',#9798);
#9798 = CARTESIAN_POINT('',(86.741753,-27.761823,-7.5E-02));
#9799 = LINE('',#9800,#9801);
#9800 = CARTESIAN_POINT('',(86.761094,-27.662011,-7.5E-02));
#9801 = VECTOR('',#9802,1.);
#9802 = DIRECTION('',(-0.190235676982,-0.981738451525,0.));
#9803 = ORIENTED_EDGE('',*,*,#9804,.T.);
#9804 = EDGE_CURVE('',#9797,#9805,#9807,.T.);
#9805 = VERTEX_POINT('',#9806);
#9806 = CARTESIAN_POINT('',(86.708914,-27.849847,-7.5E-02));
#9807 = LINE('',#9808,#9809);
#9808 = CARTESIAN_POINT('',(86.741753,-27.761823,-7.5E-02));
#9809 = VECTOR('',#9810,1.);
#9810 = DIRECTION('',(-0.349536552215,-0.936922728225,0.));
#9811 = ORIENTED_EDGE('',*,*,#9812,.T.);
#9812 = EDGE_CURVE('',#9805,#9813,#9815,.T.);
#9813 = VERTEX_POINT('',#9814);
#9814 = CARTESIAN_POINT('',(86.529043,-28.05479,-7.5E-02));
#9815 = CIRCLE('',#9816,0.495129555363);
#9816 = AXIS2_PLACEMENT_3D('',#9817,#9818,#9819);
#9817 = CARTESIAN_POINT('',(86.261233729919,-27.63833895671,-7.5E-02));
#9818 = DIRECTION('',(0.,0.,-1.));
#9819 = DIRECTION('',(0.904167939951,-0.427177172102,0.));
#9820 = ORIENTED_EDGE('',*,*,#9821,.T.);
#9821 = EDGE_CURVE('',#9813,#9822,#9824,.T.);
#9822 = VERTEX_POINT('',#9823);
#9823 = CARTESIAN_POINT('',(86.437618,-28.104506,-7.5E-02));
#9824 = LINE('',#9825,#9826);
#9825 = CARTESIAN_POINT('',(86.529043,-28.05479,-7.5E-02));
#9826 = VECTOR('',#9827,1.);
#9827 = DIRECTION('',(-0.878509585415,-0.477724720246,0.));
#9828 = ORIENTED_EDGE('',*,*,#9829,.T.);
#9829 = EDGE_CURVE('',#9822,#9830,#9832,.T.);
#9830 = VERTEX_POINT('',#9831);
#9831 = CARTESIAN_POINT('',(86.339059,-28.138883,-7.5E-02));
#9832 = LINE('',#9833,#9834);
#9833 = CARTESIAN_POINT('',(86.437618,-28.104506,-7.5E-02));
#9834 = VECTOR('',#9835,1.);
#9835 = DIRECTION('',(-0.944212236865,-0.329337595417,0.));
#9836 = ORIENTED_EDGE('',*,*,#9837,.T.);
#9837 = EDGE_CURVE('',#9830,#9838,#9840,.T.);
#9838 = VERTEX_POINT('',#9839);
#9839 = CARTESIAN_POINT('',(86.220845,-28.161037,-7.5E-02));
#9840 = LINE('',#9841,#9842);
#9841 = CARTESIAN_POINT('',(86.339059,-28.138883,-7.5E-02));
#9842 = VECTOR('',#9843,1.);
#9843 = DIRECTION('',(-0.982888937351,-0.184199177069,0.));
#9844 = ORIENTED_EDGE('',*,*,#9845,.T.);
#9845 = EDGE_CURVE('',#9838,#9846,#9848,.T.);
#9846 = VERTEX_POINT('',#9847);
#9847 = CARTESIAN_POINT('',(86.079351,-28.168986,-7.5E-02));
#9848 = LINE('',#9849,#9850);
#9849 = CARTESIAN_POINT('',(86.220845,-28.161037,-7.5E-02));
#9850 = VECTOR('',#9851,1.);
#9851 = DIRECTION('',(-0.99842568211,-5.609061689605E-02,0.));
#9852 = ORIENTED_EDGE('',*,*,#9853,.T.);
#9853 = EDGE_CURVE('',#9846,#9854,#9856,.T.);
#9854 = VERTEX_POINT('',#9855);
#9855 = CARTESIAN_POINT('',(85.605153,-28.104372,-7.5E-02));
#9856 = CIRCLE('',#9857,1.903527812855);
#9857 = AXIS2_PLACEMENT_3D('',#9858,#9859,#9860);
#9858 = CARTESIAN_POINT('',(86.097212263308,-26.26554198727,-7.5E-02));
#9859 = DIRECTION('',(0.,0.,-1.));
#9860 = DIRECTION('',(-9.383242623385E-03,-0.99995597641,-0.));
#9861 = ORIENTED_EDGE('',*,*,#9862,.T.);
#9862 = EDGE_CURVE('',#9854,#9863,#9865,.T.);
#9863 = VERTEX_POINT('',#9864);
#9864 = CARTESIAN_POINT('',(85.501045,-28.06743,-7.5E-02));
#9865 = LINE('',#9866,#9867);
#9866 = CARTESIAN_POINT('',(85.605153,-28.104372,-7.5E-02));
#9867 = VECTOR('',#9868,1.);
#9868 = DIRECTION('',(-0.942426457056,0.334413476165,0.));
#9869 = ORIENTED_EDGE('',*,*,#9870,.T.);
#9870 = EDGE_CURVE('',#9863,#9871,#9873,.T.);
#9871 = VERTEX_POINT('',#9872);
#9872 = CARTESIAN_POINT('',(85.483581,-27.693445,-7.5E-02));
#9873 = LINE('',#9874,#9875);
#9874 = CARTESIAN_POINT('',(85.501045,-28.06743,-7.5E-02));
#9875 = VECTOR('',#9876,1.);
#9876 = DIRECTION('',(-4.664622899514E-02,0.998911472214,0.));
#9877 = ORIENTED_EDGE('',*,*,#9878,.T.);
#9878 = EDGE_CURVE('',#9871,#9879,#9881,.T.);
#9879 = VERTEX_POINT('',#9880);
#9880 = CARTESIAN_POINT('',(85.571584,-27.723304,-7.5E-02));
#9881 = LINE('',#9882,#9883);
#9882 = CARTESIAN_POINT('',(85.483581,-27.693445,-7.5E-02));
#9883 = VECTOR('',#9884,1.);
#9884 = DIRECTION('',(0.946975952403,-0.321304443744,0.));
#9885 = ORIENTED_EDGE('',*,*,#9886,.T.);
#9886 = EDGE_CURVE('',#9879,#9887,#9889,.T.);
#9887 = VERTEX_POINT('',#9888);
#9888 = CARTESIAN_POINT('',(85.936689,-27.773508,-7.5E-02));
#9889 = CIRCLE('',#9890,1.396240348209);
#9890 = AXIS2_PLACEMENT_3D('',#9891,#9892,#9893);
#9891 = CARTESIAN_POINT('',(85.942674004673,-26.37728047925,-7.5E-02));
#9892 = DIRECTION('',(0.,0.,1.));
#9893 = DIRECTION('',(-0.265778026791,-0.96403425275,0.));
#9894 = ORIENTED_EDGE('',*,*,#9895,.T.);
#9895 = EDGE_CURVE('',#9887,#9896,#9898,.T.);
#9896 = VERTEX_POINT('',#9897);
#9897 = CARTESIAN_POINT('',(86.062862,-27.763012,-7.5E-02));
#9898 = LINE('',#9899,#9900);
#9899 = CARTESIAN_POINT('',(85.936689,-27.773508,-7.5E-02));
#9900 = VECTOR('',#9901,1.);
#9901 = DIRECTION('',(0.996557785941,8.290102098891E-02,0.));
#9902 = ORIENTED_EDGE('',*,*,#9903,.T.);
#9903 = EDGE_CURVE('',#9896,#9904,#9906,.T.);
#9904 = VERTEX_POINT('',#9905);
#9905 = CARTESIAN_POINT('',(86.157126,-27.734866,-7.5E-02));
#9906 = LINE('',#9907,#9908);
#9907 = CARTESIAN_POINT('',(86.062862,-27.763012,-7.5E-02));
#9908 = VECTOR('',#9909,1.);
#9909 = DIRECTION('',(0.958198136011,0.286105456337,0.));
#9910 = ORIENTED_EDGE('',*,*,#9911,.T.);
#9911 = EDGE_CURVE('',#9904,#9912,#9914,.T.);
#9912 = VERTEX_POINT('',#9913);
#9913 = CARTESIAN_POINT('',(86.226849,-27.692236,-7.5E-02));
#9914 = LINE('',#9915,#9916);
#9915 = CARTESIAN_POINT('',(86.157126,-27.734866,-7.5E-02));
#9916 = VECTOR('',#9917,1.);
#9917 = DIRECTION('',(0.853164754319,0.521641545496,0.));
#9918 = ORIENTED_EDGE('',*,*,#9919,.T.);
#9919 = EDGE_CURVE('',#9912,#9920,#9922,.T.);
#9920 = VERTEX_POINT('',#9921);
#9921 = CARTESIAN_POINT('',(86.279219,-27.63219,-7.5E-02));
#9922 = LINE('',#9923,#9924);
#9923 = CARTESIAN_POINT('',(86.226849,-27.692236,-7.5E-02));
#9924 = VECTOR('',#9925,1.);
#9925 = DIRECTION('',(0.657293533324,0.753634666832,0.));
#9926 = ORIENTED_EDGE('',*,*,#9927,.T.);
#9927 = EDGE_CURVE('',#9920,#9928,#9930,.T.);
#9928 = VERTEX_POINT('',#9929);
#9929 = CARTESIAN_POINT('',(86.307045,-27.56052,-7.5E-02));
#9930 = LINE('',#9931,#9932);
#9931 = CARTESIAN_POINT('',(86.279219,-27.63219,-7.5E-02));
#9932 = VECTOR('',#9933,1.);
#9933 = DIRECTION('',(0.361930253264,0.932205176864,0.));
#9934 = ORIENTED_EDGE('',*,*,#9935,.T.);
#9935 = EDGE_CURVE('',#9928,#9936,#9938,.T.);
#9936 = VERTEX_POINT('',#9937);
#9937 = CARTESIAN_POINT('',(86.310673,-27.472601,-7.5E-02));
#9938 = LINE('',#9939,#9940);
#9939 = CARTESIAN_POINT('',(86.307045,-27.56052,-7.5E-02));
#9940 = VECTOR('',#9941,1.);
#9941 = DIRECTION('',(4.123016664711E-02,0.999149675153,0.));
#9942 = ORIENTED_EDGE('',*,*,#9943,.T.);
#9943 = EDGE_CURVE('',#9936,#9944,#9946,.T.);
#9944 = VERTEX_POINT('',#9945);
#9945 = CARTESIAN_POINT('',(85.293231,-27.472601,-7.5E-02));
#9946 = LINE('',#9947,#9948);
#9947 = CARTESIAN_POINT('',(86.310673,-27.472601,-7.5E-02));
#9948 = VECTOR('',#9949,1.);
#9949 = DIRECTION('',(-1.,0.,0.));
#9950 = ORIENTED_EDGE('',*,*,#9951,.T.);
#9951 = EDGE_CURVE('',#9944,#9952,#9954,.T.);
#9952 = VERTEX_POINT('',#9953);
#9953 = CARTESIAN_POINT('',(85.248095,-27.299848,-7.5E-02));
#9954 = LINE('',#9955,#9956);
#9955 = CARTESIAN_POINT('',(85.293231,-27.472601,-7.5E-02));
#9956 = VECTOR('',#9957,1.);
#9957 = DIRECTION('',(-0.252788941695,0.967521447285,0.));
#9958 = ORIENTED_EDGE('',*,*,#9959,.T.);
#9959 = EDGE_CURVE('',#9952,#9960,#9962,.T.);
#9960 = VERTEX_POINT('',#9961);
#9961 = CARTESIAN_POINT('',(85.219039,-27.087928,-7.5E-02));
#9962 = LINE('',#9963,#9964);
#9963 = CARTESIAN_POINT('',(85.248095,-27.299848,-7.5E-02));
#9964 = VECTOR('',#9965,1.);
#9965 = DIRECTION('',(-0.135837503415,0.990731130361,0.));
#9966 = ORIENTED_EDGE('',*,*,#9967,.T.);
#9967 = EDGE_CURVE('',#9960,#9968,#9970,.T.);
#9968 = VERTEX_POINT('',#9969);
#9969 = CARTESIAN_POINT('',(85.224453,-26.919433,-7.5E-02));
#9970 = LINE('',#9971,#9972);
#9971 = CARTESIAN_POINT('',(85.219039,-27.087928,-7.5E-02));
#9972 = VECTOR('',#9973,1.);
#9973 = DIRECTION('',(3.211494324641E-02,0.999484182176,0.));
#9974 = ORIENTED_EDGE('',*,*,#9975,.T.);
#9975 = EDGE_CURVE('',#9968,#9712,#9976,.T.);
#9976 = LINE('',#9977,#9978);
#9977 = CARTESIAN_POINT('',(85.224453,-26.919433,-7.5E-02));
#9978 = VECTOR('',#9979,1.);
#9979 = DIRECTION('',(0.239381046039,0.970925699936,0.));
#9980 = FACE_BOUND('',#9981,.T.);
#9981 = EDGE_LOOP('',(#9982,#9992,#10000,#10008,#10017,#10025,#10033,
    #10041,#10049,#10058));
#9982 = ORIENTED_EDGE('',*,*,#9983,.T.);
#9983 = EDGE_CURVE('',#9984,#9986,#9988,.T.);
#9984 = VERTEX_POINT('',#9985);
#9985 = CARTESIAN_POINT('',(86.010975,-26.871055,-7.5E-02));
#9986 = VERTEX_POINT('',#9987);
#9987 = CARTESIAN_POINT('',(85.948646,-26.851746,-7.5E-02));
#9988 = LINE('',#9989,#9990);
#9989 = CARTESIAN_POINT('',(86.010975,-26.871055,-7.5E-02));
#9990 = VECTOR('',#9991,1.);
#9991 = DIRECTION('',(-0.955213611839,0.2959171434,0.));
#9992 = ORIENTED_EDGE('',*,*,#9993,.T.);
#9993 = EDGE_CURVE('',#9986,#9994,#9996,.T.);
#9994 = VERTEX_POINT('',#9995);
#9995 = CARTESIAN_POINT('',(85.876104,-26.844995,-7.5E-02));
#9996 = LINE('',#9997,#9998);
#9997 = CARTESIAN_POINT('',(85.948646,-26.851746,-7.5E-02));
#9998 = VECTOR('',#9999,1.);
#9999 = DIRECTION('',(-0.995697535365,9.266292714907E-02,0.));
#10000 = ORIENTED_EDGE('',*,*,#10001,.T.);
#10001 = EDGE_CURVE('',#9994,#10002,#10004,.T.);
#10002 = VERTEX_POINT('',#10003);
#10003 = CARTESIAN_POINT('',(85.80281,-26.852582,-7.5E-02));
#10004 = LINE('',#10005,#10006);
#10005 = CARTESIAN_POINT('',(85.876104,-26.844995,-7.5E-02));
#10006 = VECTOR('',#10007,1.);
#10007 = DIRECTION('',(-0.994685038033,-0.102964436155,0.));
#10008 = ORIENTED_EDGE('',*,*,#10009,.T.);
#10009 = EDGE_CURVE('',#10002,#10010,#10012,.T.);
#10010 = VERTEX_POINT('',#10011);
#10011 = CARTESIAN_POINT('',(85.658045,-26.98837,-7.5E-02));
#10012 = CIRCLE('',#10013,0.199417406213);
#10013 = AXIS2_PLACEMENT_3D('',#10014,#10015,#10016);
#10014 = CARTESIAN_POINT('',(85.848761358926,-27.04663295854,-7.5E-02));
#10015 = DIRECTION('',(0.,0.,1.));
#10016 = DIRECTION('',(-0.230428024306,0.973089371853,0.));
#10017 = ORIENTED_EDGE('',*,*,#10018,.T.);
#10018 = EDGE_CURVE('',#10010,#10019,#10021,.T.);
#10019 = VERTEX_POINT('',#10020);
#10020 = CARTESIAN_POINT('',(85.647603,-27.041122,-7.5E-02));
#10021 = LINE('',#10022,#10023);
#10022 = CARTESIAN_POINT('',(85.658045,-26.98837,-7.5E-02));
#10023 = VECTOR('',#10024,1.);
#10024 = DIRECTION('',(-0.194177495955,-0.980966411283,0.));
#10025 = ORIENTED_EDGE('',*,*,#10026,.T.);
#10026 = EDGE_CURVE('',#10019,#10027,#10029,.T.);
#10027 = VERTEX_POINT('',#10028);
#10028 = CARTESIAN_POINT('',(85.651498,-27.154499,-7.5E-02));
#10029 = LINE('',#10030,#10031);
#10030 = CARTESIAN_POINT('',(85.647603,-27.041122,-7.5E-02));
#10031 = VECTOR('',#10032,1.);
#10032 = DIRECTION('',(3.43341554579E-02,-0.999410409076,0.));
#10033 = ORIENTED_EDGE('',*,*,#10034,.T.);
#10034 = EDGE_CURVE('',#10027,#10035,#10037,.T.);
#10035 = VERTEX_POINT('',#10036);
#10036 = CARTESIAN_POINT('',(86.244447,-27.154499,-7.5E-02));
#10037 = LINE('',#10038,#10039);
#10038 = CARTESIAN_POINT('',(85.651498,-27.154499,-7.5E-02));
#10039 = VECTOR('',#10040,1.);
#10040 = DIRECTION('',(1.,0.,0.));
#10041 = ORIENTED_EDGE('',*,*,#10042,.T.);
#10042 = EDGE_CURVE('',#10035,#10043,#10045,.T.);
#10043 = VERTEX_POINT('',#10044);
#10044 = CARTESIAN_POINT('',(86.192057,-27.039644,-7.5E-02));
#10045 = LINE('',#10046,#10047);
#10046 = CARTESIAN_POINT('',(86.244447,-27.154499,-7.5E-02));
#10047 = VECTOR('',#10048,1.);
#10048 = DIRECTION('',(-0.415005179923,0.909819048293,0.));
#10049 = ORIENTED_EDGE('',*,*,#10050,.T.);
#10050 = EDGE_CURVE('',#10043,#10051,#10053,.T.);
#10051 = VERTEX_POINT('',#10052);
#10052 = CARTESIAN_POINT('',(86.067242,-26.901535,-7.5E-02));
#10053 = CIRCLE('',#10054,0.399284355937);
#10054 = AXIS2_PLACEMENT_3D('',#10055,#10056,#10057);
#10055 = CARTESIAN_POINT('',(85.841576697694,-27.23093319099,-7.5E-02));
#10056 = DIRECTION('',(0.,0.,1.));
#10057 = DIRECTION('',(0.877771185107,0.479080104571,-0.));
#10058 = ORIENTED_EDGE('',*,*,#10059,.T.);
#10059 = EDGE_CURVE('',#10051,#9984,#10060,.T.);
#10060 = LINE('',#10061,#10062);
#10061 = CARTESIAN_POINT('',(86.067242,-26.901535,-7.5E-02));
#10062 = VECTOR('',#10063,1.);
#10063 = DIRECTION('',(-0.87927860467,0.476307815777,0.));
#10064 = PLANE('',#10065);
#10065 = AXIS2_PLACEMENT_3D('',#10066,#10067,#10068);
#10066 = CARTESIAN_POINT('',(0.,0.,-7.5E-02));
#10067 = DIRECTION('',(-0.,-0.,-1.));
#10068 = DIRECTION('',(-1.,0.,0.));
#10069 = SHELL_BASED_SURFACE_MODEL('',(#10070));
#10070 = OPEN_SHELL('',(#10071));
#10071 = ADVANCED_FACE('',(#10072,#10256),#10420,.T.);
#10072 = FACE_BOUND('',#10073,.T.);
#10073 = EDGE_LOOP('',(#10074,#10084,#10093,#10101,#10109,#10118,#10126,
    #10134,#10142,#10151,#10159,#10167,#10175,#10183,#10192,#10200,
    #10208,#10216,#10225,#10233,#10241,#10250));
#10074 = ORIENTED_EDGE('',*,*,#10075,.T.);
#10075 = EDGE_CURVE('',#10076,#10078,#10080,.T.);
#10076 = VERTEX_POINT('',#10077);
#10077 = CARTESIAN_POINT('',(89.777867,-26.494806,-7.5E-02));
#10078 = VERTEX_POINT('',#10079);
#10079 = CARTESIAN_POINT('',(89.877848,-26.473976,-7.5E-02));
#10080 = LINE('',#10081,#10082);
#10081 = CARTESIAN_POINT('',(89.777867,-26.494806,-7.5E-02));
#10082 = VECTOR('',#10083,1.);
#10083 = DIRECTION('',(0.9789791978,0.203960119324,0.));
#10084 = ORIENTED_EDGE('',*,*,#10085,.T.);
#10085 = EDGE_CURVE('',#10078,#10086,#10088,.T.);
#10086 = VERTEX_POINT('',#10087);
#10087 = CARTESIAN_POINT('',(90.463689,-26.601886,-7.5E-02));
#10088 = CIRCLE('',#10089,0.892910101277);
#10089 = AXIS2_PLACEMENT_3D('',#10090,#10091,#10092);
#10090 = CARTESIAN_POINT('',(89.991359750625,-27.35964158668,-7.5E-02));
#10091 = DIRECTION('',(0.,0.,-1.));
#10092 = DIRECTION('',(-0.127125620444,0.991886624886,0.));
#10093 = ORIENTED_EDGE('',*,*,#10094,.T.);
#10094 = EDGE_CURVE('',#10086,#10095,#10097,.T.);
#10095 = VERTEX_POINT('',#10096);
#10096 = CARTESIAN_POINT('',(90.597929,-26.700317,-7.5E-02));
#10097 = LINE('',#10098,#10099);
#10098 = CARTESIAN_POINT('',(90.463689,-26.601886,-7.5E-02));
#10099 = VECTOR('',#10100,1.);
#10100 = DIRECTION('',(0.80643841745,-0.591318086025,0.));
#10101 = ORIENTED_EDGE('',*,*,#10102,.T.);
#10102 = EDGE_CURVE('',#10095,#10103,#10105,.T.);
#10103 = VERTEX_POINT('',#10104);
#10104 = CARTESIAN_POINT('',(90.714871,-26.821199,-7.5E-02));
#10105 = LINE('',#10106,#10107);
#10106 = CARTESIAN_POINT('',(90.597929,-26.700317,-7.5E-02));
#10107 = VECTOR('',#10108,1.);
#10108 = DIRECTION('',(0.695296823476,-0.718722705405,0.));
#10109 = ORIENTED_EDGE('',*,*,#10110,.T.);
#10110 = EDGE_CURVE('',#10103,#10111,#10113,.T.);
#10111 = VERTEX_POINT('',#10112);
#10112 = CARTESIAN_POINT('',(90.946928,-27.314759,-7.5E-02));
#10113 = CIRCLE('',#10114,1.127380388544);
#10114 = AXIS2_PLACEMENT_3D('',#10115,#10116,#10117);
#10115 = CARTESIAN_POINT('',(89.840956159897,-27.53342044921,-7.5E-02));
#10116 = DIRECTION('',(0.,0.,-1.));
#10117 = DIRECTION('',(0.775173001929,0.631749014309,0.));
#10118 = ORIENTED_EDGE('',*,*,#10119,.T.);
#10119 = EDGE_CURVE('',#10111,#10120,#10122,.T.);
#10120 = VERTEX_POINT('',#10121);
#10121 = CARTESIAN_POINT('',(90.970749,-27.501478,-7.5E-02));
#10122 = LINE('',#10123,#10124);
#10123 = CARTESIAN_POINT('',(90.946928,-27.314759,-7.5E-02));
#10124 = VECTOR('',#10125,1.);
#10125 = DIRECTION('',(0.126551028594,-0.991960098573,0.));
#10126 = ORIENTED_EDGE('',*,*,#10127,.T.);
#10127 = EDGE_CURVE('',#10120,#10128,#10130,.T.);
#10128 = VERTEX_POINT('',#10129);
#10129 = CARTESIAN_POINT('',(90.962242,-27.663489,-7.5E-02));
#10130 = LINE('',#10131,#10132);
#10131 = CARTESIAN_POINT('',(90.970749,-27.501478,-7.5E-02));
#10132 = VECTOR('',#10133,1.);
#10133 = DIRECTION('',(-5.243654174473E-02,-0.998624258212,0.));
#10134 = ORIENTED_EDGE('',*,*,#10135,.T.);
#10135 = EDGE_CURVE('',#10128,#10136,#10138,.T.);
#10136 = VERTEX_POINT('',#10137);
#10137 = CARTESIAN_POINT('',(90.92326,-27.812813,-7.5E-02));
#10138 = LINE('',#10139,#10140);
#10139 = CARTESIAN_POINT('',(90.962242,-27.663489,-7.5E-02));
#10140 = VECTOR('',#10141,1.);
#10141 = DIRECTION('',(-0.2525912368,-0.967573081008,0.));
#10142 = ORIENTED_EDGE('',*,*,#10143,.T.);
#10143 = EDGE_CURVE('',#10136,#10144,#10146,.T.);
#10144 = VERTEX_POINT('',#10145);
#10145 = CARTESIAN_POINT('',(90.731526,-28.060417,-7.5E-02));
#10146 = CIRCLE('',#10147,0.528724612448);
#10147 = AXIS2_PLACEMENT_3D('',#10148,#10149,#10150);
#10148 = CARTESIAN_POINT('',(90.428103492817,-27.62742219871,-7.5E-02));
#10149 = DIRECTION('',(0.,0.,-1.));
#10150 = DIRECTION('',(0.936511173351,-0.350637736401,0.));
#10151 = ORIENTED_EDGE('',*,*,#10152,.T.);
#10152 = EDGE_CURVE('',#10144,#10153,#10155,.T.);
#10153 = VERTEX_POINT('',#10154);
#10154 = CARTESIAN_POINT('',(90.649647,-28.107596,-7.5E-02));
#10155 = LINE('',#10156,#10157);
#10156 = CARTESIAN_POINT('',(90.731526,-28.060417,-7.5E-02));
#10157 = VECTOR('',#10158,1.);
#10158 = DIRECTION('',(-0.866455181172,-0.499254863793,0.));
#10159 = ORIENTED_EDGE('',*,*,#10160,.T.);
#10160 = EDGE_CURVE('',#10153,#10161,#10163,.T.);
#10161 = VERTEX_POINT('',#10162);
#10162 = CARTESIAN_POINT('',(90.560793,-28.140869,-7.5E-02));
#10163 = LINE('',#10164,#10165);
#10164 = CARTESIAN_POINT('',(90.649647,-28.107596,-7.5E-02));
#10165 = VECTOR('',#10166,1.);
#10166 = DIRECTION('',(-0.936492801778,-0.350686800747,0.));
#10167 = ORIENTED_EDGE('',*,*,#10168,.T.);
#10168 = EDGE_CURVE('',#10161,#10169,#10171,.T.);
#10169 = VERTEX_POINT('',#10170);
#10170 = CARTESIAN_POINT('',(90.459881,-28.161694,-7.5E-02));
#10171 = LINE('',#10172,#10173);
#10172 = CARTESIAN_POINT('',(90.560793,-28.140869,-7.5E-02));
#10173 = VECTOR('',#10174,1.);
#10174 = DIRECTION('',(-0.979363010783,-0.202109111895,0.));
#10175 = ORIENTED_EDGE('',*,*,#10176,.T.);
#10176 = EDGE_CURVE('',#10169,#10177,#10179,.T.);
#10177 = VERTEX_POINT('',#10178);
#10178 = CARTESIAN_POINT('',(90.344845,-28.168986,-7.5E-02));
#10179 = LINE('',#10180,#10181);
#10180 = CARTESIAN_POINT('',(90.459881,-28.161694,-7.5E-02));
#10181 = VECTOR('',#10182,1.);
#10182 = DIRECTION('',(-0.99799696107,-6.326188184676E-02,0.));
#10183 = ORIENTED_EDGE('',*,*,#10184,.T.);
#10184 = EDGE_CURVE('',#10177,#10185,#10187,.T.);
#10185 = VERTEX_POINT('',#10186);
#10186 = CARTESIAN_POINT('',(89.863132,-28.033456,-7.5E-02));
#10187 = CIRCLE('',#10188,0.900902608753);
#10188 = AXIS2_PLACEMENT_3D('',#10189,#10190,#10191);
#10189 = CARTESIAN_POINT('',(90.338385332528,-27.26810655015,-7.5E-02));
#10190 = DIRECTION('',(0.,0.,-1.));
#10191 = DIRECTION('',(7.170217301194E-03,-0.999974293662,0.));
#10192 = ORIENTED_EDGE('',*,*,#10193,.T.);
#10193 = EDGE_CURVE('',#10185,#10194,#10196,.T.);
#10194 = VERTEX_POINT('',#10195);
#10195 = CARTESIAN_POINT('',(89.729866,-27.933903,-7.5E-02));
#10196 = LINE('',#10197,#10198);
#10197 = CARTESIAN_POINT('',(89.863132,-28.033456,-7.5E-02));
#10198 = VECTOR('',#10199,1.);
#10199 = DIRECTION('',(-0.801142674358,0.598473404022,0.));
#10200 = ORIENTED_EDGE('',*,*,#10201,.T.);
#10201 = EDGE_CURVE('',#10194,#10202,#10204,.T.);
#10202 = VERTEX_POINT('',#10203);
#10203 = CARTESIAN_POINT('',(89.614807,-27.811364,-7.5E-02));
#10204 = LINE('',#10205,#10206);
#10205 = CARTESIAN_POINT('',(89.729866,-27.933903,-7.5E-02));
#10206 = VECTOR('',#10207,1.);
#10207 = DIRECTION('',(-0.684506701353,0.729006567736,0.));
#10208 = ORIENTED_EDGE('',*,*,#10209,.T.);
#10209 = EDGE_CURVE('',#10202,#10210,#10212,.T.);
#10210 = VERTEX_POINT('',#10211);
#10211 = CARTESIAN_POINT('',(89.517215,-27.663489,-7.5E-02));
#10212 = LINE('',#10213,#10214);
#10213 = CARTESIAN_POINT('',(89.614807,-27.811364,-7.5E-02));
#10214 = VECTOR('',#10215,1.);
#10215 = DIRECTION('',(-0.550820584686,0.834623677765,0.));
#10216 = ORIENTED_EDGE('',*,*,#10217,.T.);
#10217 = EDGE_CURVE('',#10210,#10218,#10220,.T.);
#10218 = VERTEX_POINT('',#10219);
#10219 = CARTESIAN_POINT('',(89.366783,-27.128243,-7.5E-02));
#10220 = CIRCLE('',#10221,1.2500086997);
#10221 = AXIS2_PLACEMENT_3D('',#10222,#10223,#10224);
#10222 = CARTESIAN_POINT('',(90.615247157128,-27.06612216861,-7.5E-02));
#10223 = DIRECTION('',(0.,0.,-1.));
#10224 = DIRECTION('',(-0.878419612113,-0.477890139107,-0.));
#10225 = ORIENTED_EDGE('',*,*,#10226,.T.);
#10226 = EDGE_CURVE('',#10218,#10227,#10229,.T.);
#10227 = VERTEX_POINT('',#10228);
#10228 = CARTESIAN_POINT('',(89.375628,-26.967641,-7.5E-02));
#10229 = LINE('',#10230,#10231);
#10230 = CARTESIAN_POINT('',(89.366783,-27.128243,-7.5E-02));
#10231 = VECTOR('',#10232,1.);
#10232 = DIRECTION('',(5.499069959221E-02,0.998486866693,0.));
#10233 = ORIENTED_EDGE('',*,*,#10234,.T.);
#10234 = EDGE_CURVE('',#10227,#10235,#10237,.T.);
#10235 = VERTEX_POINT('',#10236);
#10236 = CARTESIAN_POINT('',(89.414881,-26.819865,-7.5E-02));
#10237 = LINE('',#10238,#10239);
#10238 = CARTESIAN_POINT('',(89.375628,-26.967641,-7.5E-02));
#10239 = VECTOR('',#10240,1.);
#10240 = DIRECTION('',(0.25672261184,0.966485126927,0.));
#10241 = ORIENTED_EDGE('',*,*,#10242,.T.);
#10242 = EDGE_CURVE('',#10235,#10243,#10245,.T.);
#10243 = VERTEX_POINT('',#10244);
#10244 = CARTESIAN_POINT('',(89.689028,-26.528236,-7.5E-02));
#10245 = CIRCLE('',#10246,0.527887701644);
#10246 = AXIS2_PLACEMENT_3D('',#10247,#10248,#10249);
#10247 = CARTESIAN_POINT('',(89.907866226778,-27.00862673268,-7.5E-02));
#10248 = DIRECTION('',(0.,0.,-1.));
#10249 = DIRECTION('',(-0.933882765677,0.357579333815,0.));
#10250 = ORIENTED_EDGE('',*,*,#10251,.T.);
#10251 = EDGE_CURVE('',#10243,#10076,#10252,.T.);
#10252 = LINE('',#10253,#10254);
#10253 = CARTESIAN_POINT('',(89.689028,-26.528236,-7.5E-02));
#10254 = VECTOR('',#10255,1.);
#10255 = DIRECTION('',(0.935928958437,0.352188848147,0.));
#10256 = FACE_BOUND('',#10257,.T.);
#10257 = EDGE_LOOP('',(#10258,#10269,#10277,#10285,#10293,#10301,#10309,
    #10317,#10325,#10333,#10341,#10350,#10358,#10366,#10374,#10382,
    #10390,#10398,#10406,#10414));
#10258 = ORIENTED_EDGE('',*,*,#10259,.T.);
#10259 = EDGE_CURVE('',#10260,#10262,#10264,.T.);
#10260 = VERTEX_POINT('',#10261);
#10261 = CARTESIAN_POINT('',(90.256828,-26.914959,-7.5E-02));
#10262 = VERTEX_POINT('',#10263);
#10263 = CARTESIAN_POINT('',(89.978299,-26.876654,-7.5E-02));
#10264 = CIRCLE('',#10265,0.336404582668);
#10265 = AXIS2_PLACEMENT_3D('',#10266,#10267,#10268);
#10266 = CARTESIAN_POINT('',(90.075924025189,-27.19858162804,-7.5E-02));
#10267 = DIRECTION('',(0.,0.,1.));
#10268 = DIRECTION('',(0.537757165424,0.843099775255,-0.));
#10269 = ORIENTED_EDGE('',*,*,#10270,.T.);
#10270 = EDGE_CURVE('',#10262,#10271,#10273,.T.);
#10271 = VERTEX_POINT('',#10272);
#10272 = CARTESIAN_POINT('',(89.910212,-26.916568,-7.5E-02));
#10273 = LINE('',#10274,#10275);
#10274 = CARTESIAN_POINT('',(89.978299,-26.876654,-7.5E-02));
#10275 = VECTOR('',#10276,1.);
#10276 = DIRECTION('',(-0.862692823384,-0.505728279298,0.));
#10277 = ORIENTED_EDGE('',*,*,#10278,.T.);
#10278 = EDGE_CURVE('',#10271,#10279,#10281,.T.);
#10279 = VERTEX_POINT('',#10280);
#10280 = CARTESIAN_POINT('',(89.861915,-26.982955,-7.5E-02));
#10281 = LINE('',#10282,#10283);
#10282 = CARTESIAN_POINT('',(89.910212,-26.916568,-7.5E-02));
#10283 = VECTOR('',#10284,1.);
#10284 = DIRECTION('',(-0.588295539768,-0.808646002828,0.));
#10285 = ORIENTED_EDGE('',*,*,#10286,.T.);
#10286 = EDGE_CURVE('',#10279,#10287,#10289,.T.);
#10287 = VERTEX_POINT('',#10288);
#10288 = CARTESIAN_POINT('',(89.836037,-27.065518,-7.5E-02));
#10289 = LINE('',#10290,#10291);
#10290 = CARTESIAN_POINT('',(89.861915,-26.982955,-7.5E-02));
#10291 = VECTOR('',#10292,1.);
#10292 = DIRECTION('',(-0.299086299456,-0.954226066233,0.));
#10293 = ORIENTED_EDGE('',*,*,#10294,.T.);
#10294 = EDGE_CURVE('',#10287,#10295,#10297,.T.);
#10295 = VERTEX_POINT('',#10296);
#10296 = CARTESIAN_POINT('',(89.829536,-27.173511,-7.5E-02));
#10297 = LINE('',#10298,#10299);
#10298 = CARTESIAN_POINT('',(89.836037,-27.065518,-7.5E-02));
#10299 = VECTOR('',#10300,1.);
#10300 = DIRECTION('',(-6.008956713444E-02,-0.998192989317,0.));
#10301 = ORIENTED_EDGE('',*,*,#10302,.T.);
#10302 = EDGE_CURVE('',#10295,#10303,#10305,.T.);
#10303 = VERTEX_POINT('',#10304);
#10304 = CARTESIAN_POINT('',(89.847945,-27.314759,-7.5E-02));
#10305 = LINE('',#10306,#10307);
#10306 = CARTESIAN_POINT('',(89.829536,-27.173511,-7.5E-02));
#10307 = VECTOR('',#10308,1.);
#10308 = DIRECTION('',(0.129238040442,-0.991613598587,0.));
#10309 = ORIENTED_EDGE('',*,*,#10310,.T.);
#10310 = EDGE_CURVE('',#10303,#10311,#10313,.T.);
#10311 = VERTEX_POINT('',#10312);
#10312 = CARTESIAN_POINT('',(89.886543,-27.451626,-7.5E-02));
#10313 = LINE('',#10314,#10315);
#10314 = CARTESIAN_POINT('',(89.847945,-27.314759,-7.5E-02));
#10315 = VECTOR('',#10316,1.);
#10316 = DIRECTION('',(0.271424254968,-0.96245980374,0.));
#10317 = ORIENTED_EDGE('',*,*,#10318,.T.);
#10318 = EDGE_CURVE('',#10311,#10319,#10321,.T.);
#10319 = VERTEX_POINT('',#10320);
#10320 = CARTESIAN_POINT('',(89.937761,-27.561798,-7.5E-02));
#10321 = LINE('',#10322,#10323);
#10322 = CARTESIAN_POINT('',(89.886543,-27.451626,-7.5E-02));
#10323 = VECTOR('',#10324,1.);
#10324 = DIRECTION('',(0.42156298727,-0.906799122057,0.));
#10325 = ORIENTED_EDGE('',*,*,#10326,.T.);
#10326 = EDGE_CURVE('',#10319,#10327,#10329,.T.);
#10327 = VERTEX_POINT('',#10328);
#10328 = CARTESIAN_POINT('',(90.000413,-27.649653,-7.5E-02));
#10329 = LINE('',#10330,#10331);
#10330 = CARTESIAN_POINT('',(89.937761,-27.561798,-7.5E-02));
#10331 = VECTOR('',#10332,1.);
#10332 = DIRECTION('',(0.580614734827,-0.81417843849,0.));
#10333 = ORIENTED_EDGE('',*,*,#10334,.T.);
#10334 = EDGE_CURVE('',#10327,#10335,#10337,.T.);
#10335 = VERTEX_POINT('',#10336);
#10336 = CARTESIAN_POINT('',(90.079343,-27.719503,-7.5E-02));
#10337 = LINE('',#10338,#10339);
#10338 = CARTESIAN_POINT('',(90.000413,-27.649653,-7.5E-02));
#10339 = VECTOR('',#10340,1.);
#10340 = DIRECTION('',(0.748867971683,-0.662719217307,0.));
#10341 = ORIENTED_EDGE('',*,*,#10342,.T.);
#10342 = EDGE_CURVE('',#10335,#10343,#10345,.T.);
#10343 = VERTEX_POINT('',#10344);
#10344 = CARTESIAN_POINT('',(90.357053,-27.758797,-7.5E-02));
#10345 = CIRCLE('',#10346,0.32679860843);
#10346 = AXIS2_PLACEMENT_3D('',#10347,#10348,#10349);
#10347 = CARTESIAN_POINT('',(90.259551827834,-27.44688218486,-7.5E-02));
#10348 = DIRECTION('',(0.,0.,1.));
#10349 = DIRECTION('',(-0.551436949807,-0.834216572832,0.));
#10350 = ORIENTED_EDGE('',*,*,#10351,.T.);
#10351 = EDGE_CURVE('',#10343,#10352,#10354,.T.);
#10352 = VERTEX_POINT('',#10353);
#10353 = CARTESIAN_POINT('',(90.42553,-27.717986,-7.5E-02));
#10354 = LINE('',#10355,#10356);
#10355 = CARTESIAN_POINT('',(90.357053,-27.758797,-7.5E-02));
#10356 = VECTOR('',#10357,1.);
#10357 = DIRECTION('',(0.859012222783,0.511955077238,0.));
#10358 = ORIENTED_EDGE('',*,*,#10359,.T.);
#10359 = EDGE_CURVE('',#10352,#10360,#10362,.T.);
#10360 = VERTEX_POINT('',#10361);
#10361 = CARTESIAN_POINT('',(90.474611,-27.649653,-7.5E-02));
#10362 = LINE('',#10363,#10364);
#10363 = CARTESIAN_POINT('',(90.42553,-27.717986,-7.5E-02));
#10364 = VECTOR('',#10365,1.);
#10365 = DIRECTION('',(0.583374695236,0.812203154979,0.));
#10366 = ORIENTED_EDGE('',*,*,#10367,.T.);
#10367 = EDGE_CURVE('',#10360,#10368,#10370,.T.);
#10368 = VERTEX_POINT('',#10369);
#10369 = CARTESIAN_POINT('',(90.500971,-27.56506,-7.5E-02));
#10370 = LINE('',#10371,#10372);
#10371 = CARTESIAN_POINT('',(90.474611,-27.649653,-7.5E-02));
#10372 = VECTOR('',#10373,1.);
#10373 = DIRECTION('',(0.29750053472,0.954721651499,0.));
#10374 = ORIENTED_EDGE('',*,*,#10375,.T.);
#10375 = EDGE_CURVE('',#10368,#10376,#10378,.T.);
#10376 = VERTEX_POINT('',#10377);
#10377 = CARTESIAN_POINT('',(90.507616,-27.455894,-7.5E-02));
#10378 = LINE('',#10379,#10380);
#10379 = CARTESIAN_POINT('',(90.500971,-27.56506,-7.5E-02));
#10380 = VECTOR('',#10381,1.);
#10381 = DIRECTION('',(6.075814336142E-02,0.998152517412,0.));
#10382 = ORIENTED_EDGE('',*,*,#10383,.T.);
#10383 = EDGE_CURVE('',#10376,#10384,#10386,.T.);
#10384 = VERTEX_POINT('',#10385);
#10385 = CARTESIAN_POINT('',(90.489253,-27.314759,-7.5E-02));
#10386 = LINE('',#10387,#10388);
#10387 = CARTESIAN_POINT('',(90.507616,-27.455894,-7.5E-02));
#10388 = VECTOR('',#10389,1.);
#10389 = DIRECTION('',(-0.129021980103,0.99164173402,0.));
#10390 = ORIENTED_EDGE('',*,*,#10391,.T.);
#10391 = EDGE_CURVE('',#10384,#10392,#10394,.T.);
#10392 = VERTEX_POINT('',#10393);
#10393 = CARTESIAN_POINT('',(90.45054,-27.178017,-7.5E-02));
#10394 = LINE('',#10395,#10396);
#10395 = CARTESIAN_POINT('',(90.489253,-27.314759,-7.5E-02));
#10396 = VECTOR('',#10397,1.);
#10397 = DIRECTION('',(-0.272403467911,0.962183117016,0.));
#10398 = ORIENTED_EDGE('',*,*,#10399,.T.);
#10399 = EDGE_CURVE('',#10392,#10400,#10402,.T.);
#10400 = VERTEX_POINT('',#10401);
#10401 = CARTESIAN_POINT('',(90.39908,-27.068978,-7.5E-02));
#10402 = LINE('',#10403,#10404);
#10403 = CARTESIAN_POINT('',(90.45054,-27.178017,-7.5E-02));
#10404 = VECTOR('',#10405,1.);
#10405 = DIRECTION('',(-0.426798515033,0.904346740783,0.));
#10406 = ORIENTED_EDGE('',*,*,#10407,.T.);
#10407 = EDGE_CURVE('',#10400,#10408,#10410,.T.);
#10408 = VERTEX_POINT('',#10409);
#10409 = CARTESIAN_POINT('',(90.336113,-26.982955,-7.5E-02));
#10410 = LINE('',#10411,#10412);
#10411 = CARTESIAN_POINT('',(90.39908,-27.068978,-7.5E-02));
#10412 = VECTOR('',#10413,1.);
#10413 = DIRECTION('',(-0.590652587586,0.806925969825,0.));
#10414 = ORIENTED_EDGE('',*,*,#10415,.T.);
#10415 = EDGE_CURVE('',#10408,#10260,#10416,.T.);
#10416 = LINE('',#10417,#10418);
#10417 = CARTESIAN_POINT('',(90.336113,-26.982955,-7.5E-02));
#10418 = VECTOR('',#10419,1.);
#10419 = DIRECTION('',(-0.759079510433,0.650997923837,0.));
#10420 = PLANE('',#10421);
#10421 = AXIS2_PLACEMENT_3D('',#10422,#10423,#10424);
#10422 = CARTESIAN_POINT('',(0.,0.,-7.5E-02));
#10423 = DIRECTION('',(-0.,-0.,-1.));
#10424 = DIRECTION('',(-1.,0.,0.));
#10425 = SHELL_BASED_SURFACE_MODEL('',(#10426));
#10426 = OPEN_SHELL('',(#10427));
#10427 = ADVANCED_FACE('',(#10428),#10582,.T.);
#10428 = FACE_BOUND('',#10429,.T.);
#10429 = EDGE_LOOP('',(#10430,#10440,#10448,#10456,#10464,#10472,#10480,
    #10488,#10496,#10504,#10512,#10520,#10528,#10536,#10544,#10552,
    #10560,#10568,#10576));
#10430 = ORIENTED_EDGE('',*,*,#10431,.T.);
#10431 = EDGE_CURVE('',#10432,#10434,#10436,.T.);
#10432 = VERTEX_POINT('',#10433);
#10433 = CARTESIAN_POINT('',(72.125586,-27.615532,-7.5E-02));
#10434 = VERTEX_POINT('',#10435);
#10435 = CARTESIAN_POINT('',(72.111481,-27.504304,-7.5E-02));
#10436 = LINE('',#10437,#10438);
#10437 = CARTESIAN_POINT('',(72.125586,-27.615532,-7.5E-02));
#10438 = VECTOR('',#10439,1.);
#10439 = DIRECTION('',(-0.125804089385,0.992055104868,0.));
#10440 = ORIENTED_EDGE('',*,*,#10441,.T.);
#10441 = EDGE_CURVE('',#10434,#10442,#10444,.T.);
#10442 = VERTEX_POINT('',#10443);
#10443 = CARTESIAN_POINT('',(71.74381,-25.735937,-7.5E-02));
#10444 = LINE('',#10445,#10446);
#10445 = CARTESIAN_POINT('',(72.111481,-27.504304,-7.5E-02));
#10446 = VECTOR('',#10447,1.);
#10447 = DIRECTION('',(-0.203562218145,0.979062012001,0.));
#10448 = ORIENTED_EDGE('',*,*,#10449,.T.);
#10449 = EDGE_CURVE('',#10442,#10450,#10452,.T.);
#10450 = VERTEX_POINT('',#10451);
#10451 = CARTESIAN_POINT('',(72.207664,-25.80982,-7.5E-02));
#10452 = LINE('',#10453,#10454);
#10453 = CARTESIAN_POINT('',(71.74381,-25.735937,-7.5E-02));
#10454 = VECTOR('',#10455,1.);
#10455 = DIRECTION('',(0.987551203985,-0.157297868735,0.));
#10456 = ORIENTED_EDGE('',*,*,#10457,.T.);
#10457 = EDGE_CURVE('',#10450,#10458,#10460,.T.);
#10458 = VERTEX_POINT('',#10459);
#10459 = CARTESIAN_POINT('',(72.579096,-27.595919,-7.5E-02));
#10460 = LINE('',#10461,#10462);
#10461 = CARTESIAN_POINT('',(72.207664,-25.80982,-7.5E-02));
#10462 = VECTOR('',#10463,1.);
#10463 = DIRECTION('',(0.203601227258,-0.979053900589,0.));
#10464 = ORIENTED_EDGE('',*,*,#10465,.T.);
#10465 = EDGE_CURVE('',#10458,#10466,#10468,.T.);
#10466 = VERTEX_POINT('',#10467);
#10467 = CARTESIAN_POINT('',(72.598598,-27.722638,-7.5E-02));
#10468 = LINE('',#10469,#10470);
#10469 = CARTESIAN_POINT('',(72.579096,-27.595919,-7.5E-02));
#10470 = VECTOR('',#10471,1.);
#10471 = DIRECTION('',(0.152108760919,-0.988363761402,0.));
#10472 = ORIENTED_EDGE('',*,*,#10473,.T.);
#10473 = EDGE_CURVE('',#10466,#10474,#10476,.T.);
#10474 = VERTEX_POINT('',#10475);
#10475 = CARTESIAN_POINT('',(72.601933,-27.828854,-7.5E-02));
#10476 = LINE('',#10477,#10478);
#10477 = CARTESIAN_POINT('',(72.598598,-27.722638,-7.5E-02));
#10478 = VECTOR('',#10479,1.);
#10479 = DIRECTION('',(3.13828171464E-02,-0.999507438085,0.));
#10480 = ORIENTED_EDGE('',*,*,#10481,.T.);
#10481 = EDGE_CURVE('',#10474,#10482,#10484,.T.);
#10482 = VERTEX_POINT('',#10483);
#10483 = CARTESIAN_POINT('',(72.584511,-27.925816,-7.5E-02));
#10484 = LINE('',#10485,#10486);
#10485 = CARTESIAN_POINT('',(72.601933,-27.828854,-7.5E-02));
#10486 = VECTOR('',#10487,1.);
#10487 = DIRECTION('',(-0.176846618344,-0.984238423138,0.));
#10488 = ORIENTED_EDGE('',*,*,#10489,.T.);
#10489 = EDGE_CURVE('',#10482,#10490,#10492,.T.);
#10490 = VERTEX_POINT('',#10491);
#10491 = CARTESIAN_POINT('',(72.542154,-28.004696,-7.5E-02));
#10492 = LINE('',#10493,#10494);
#10493 = CARTESIAN_POINT('',(72.584511,-27.925816,-7.5E-02));
#10494 = VECTOR('',#10495,1.);
#10495 = DIRECTION('',(-0.473087788083,-0.881015292017,0.));
#10496 = ORIENTED_EDGE('',*,*,#10497,.T.);
#10497 = EDGE_CURVE('',#10490,#10498,#10500,.T.);
#10498 = VERTEX_POINT('',#10499);
#10499 = CARTESIAN_POINT('',(72.474947,-28.067036,-7.5E-02));
#10500 = LINE('',#10501,#10502);
#10501 = CARTESIAN_POINT('',(72.542154,-28.004696,-7.5E-02));
#10502 = VECTOR('',#10503,1.);
#10503 = DIRECTION('',(-0.733155115584,-0.680061450527,0.));
#10504 = ORIENTED_EDGE('',*,*,#10505,.T.);
#10505 = EDGE_CURVE('',#10498,#10506,#10508,.T.);
#10506 = VERTEX_POINT('',#10507);
#10507 = CARTESIAN_POINT('',(72.372894,-28.117268,-7.5E-02));
#10508 = LINE('',#10509,#10510);
#10509 = CARTESIAN_POINT('',(72.474947,-28.067036,-7.5E-02));
#10510 = VECTOR('',#10511,1.);
#10511 = DIRECTION('',(-0.897203689149,-0.441616960926,0.));
#10512 = ORIENTED_EDGE('',*,*,#10513,.T.);
#10513 = EDGE_CURVE('',#10506,#10514,#10516,.T.);
#10514 = VERTEX_POINT('',#10515);
#10515 = CARTESIAN_POINT('',(72.248668,-28.14665,-7.5E-02));
#10516 = LINE('',#10517,#10518);
#10517 = CARTESIAN_POINT('',(72.372894,-28.117268,-7.5E-02));
#10518 = VECTOR('',#10519,1.);
#10519 = DIRECTION('',(-0.97315042214,-0.230170058629,0.));
#10520 = ORIENTED_EDGE('',*,*,#10521,.T.);
#10521 = EDGE_CURVE('',#10514,#10522,#10524,.T.);
#10522 = VERTEX_POINT('',#10523);
#10523 = CARTESIAN_POINT('',(72.064196,-28.160389,-7.5E-02));
#10524 = LINE('',#10525,#10526);
#10525 = CARTESIAN_POINT('',(72.248668,-28.14665,-7.5E-02));
#10526 = VECTOR('',#10527,1.);
#10527 = DIRECTION('',(-0.997238041307,-7.427172389044E-02,0.));
#10528 = ORIENTED_EDGE('',*,*,#10529,.T.);
#10529 = EDGE_CURVE('',#10522,#10530,#10532,.T.);
#10530 = VERTEX_POINT('',#10531);
#10531 = CARTESIAN_POINT('',(71.922339,-27.782106,-7.5E-02));
#10532 = LINE('',#10533,#10534);
#10533 = CARTESIAN_POINT('',(72.064196,-28.160389,-7.5E-02));
#10534 = VECTOR('',#10535,1.);
#10535 = DIRECTION('',(-0.351125340376,0.936328465521,0.));
#10536 = ORIENTED_EDGE('',*,*,#10537,.T.);
#10537 = EDGE_CURVE('',#10530,#10538,#10540,.T.);
#10538 = VERTEX_POINT('',#10539);
#10539 = CARTESIAN_POINT('',(71.997248,-27.771128,-7.5E-02));
#10540 = LINE('',#10541,#10542);
#10541 = CARTESIAN_POINT('',(71.922339,-27.782106,-7.5E-02));
#10542 = VECTOR('',#10543,1.);
#10543 = DIRECTION('',(0.989431318518,0.145002296315,0.));
#10544 = ORIENTED_EDGE('',*,*,#10545,.T.);
#10545 = EDGE_CURVE('',#10538,#10546,#10548,.T.);
#10546 = VERTEX_POINT('',#10547);
#10547 = CARTESIAN_POINT('',(72.045926,-27.754299,-7.5E-02));
#10548 = LINE('',#10549,#10550);
#10549 = CARTESIAN_POINT('',(71.997248,-27.771128,-7.5E-02));
#10550 = VECTOR('',#10551,1.);
#10551 = DIRECTION('',(0.945112499125,0.326745105546,0.));
#10552 = ORIENTED_EDGE('',*,*,#10553,.T.);
#10553 = EDGE_CURVE('',#10546,#10554,#10556,.T.);
#10554 = VERTEX_POINT('',#10555);
#10555 = CARTESIAN_POINT('',(72.084254,-27.728792,-7.5E-02));
#10556 = LINE('',#10557,#10558);
#10557 = CARTESIAN_POINT('',(72.045926,-27.754299,-7.5E-02));
#10558 = VECTOR('',#10559,1.);
#10559 = DIRECTION('',(0.832501136072,0.55402333745,0.));
#10560 = ORIENTED_EDGE('',*,*,#10561,.T.);
#10561 = EDGE_CURVE('',#10554,#10562,#10564,.T.);
#10562 = VERTEX_POINT('',#10563);
#10563 = CARTESIAN_POINT('',(72.108257,-27.698819,-7.5E-02));
#10564 = LINE('',#10565,#10566);
#10565 = CARTESIAN_POINT('',(72.084254,-27.728792,-7.5E-02));
#10566 = VECTOR('',#10567,1.);
#10567 = DIRECTION('',(0.62508559906,0.780556208,0.));
#10568 = ORIENTED_EDGE('',*,*,#10569,.T.);
#10569 = EDGE_CURVE('',#10562,#10570,#10572,.T.);
#10570 = VERTEX_POINT('',#10571);
#10571 = CARTESIAN_POINT('',(72.121586,-27.662285,-7.5E-02));
#10572 = LINE('',#10573,#10574);
#10573 = CARTESIAN_POINT('',(72.108257,-27.698819,-7.5E-02));
#10574 = VECTOR('',#10575,1.);
#10575 = DIRECTION('',(0.342740080585,0.939430272644,0.));
#10576 = ORIENTED_EDGE('',*,*,#10577,.T.);
#10577 = EDGE_CURVE('',#10570,#10432,#10578,.T.);
#10578 = LINE('',#10579,#10580);
#10579 = CARTESIAN_POINT('',(72.121586,-27.662285,-7.5E-02));
#10580 = VECTOR('',#10581,1.);
#10581 = DIRECTION('',(8.524458798477E-02,0.996360055512,0.));
#10582 = PLANE('',#10583);
#10583 = AXIS2_PLACEMENT_3D('',#10584,#10585,#10586);
#10584 = CARTESIAN_POINT('',(0.,0.,-7.5E-02));
#10585 = DIRECTION('',(-0.,-0.,-1.));
#10586 = DIRECTION('',(-1.,0.,0.));
#10587 = SHELL_BASED_SURFACE_MODEL('',(#10588));
#10588 = OPEN_SHELL('',(#10589));
#10589 = ADVANCED_FACE('',(#10590,#10945),#11037,.T.);
#10590 = FACE_BOUND('',#10591,.T.);
#10591 = EDGE_LOOP('',(#10592,#10602,#10610,#10618,#10626,#10634,#10642,
    #10650,#10658,#10666,#10674,#10682,#10690,#10698,#10706,#10714,
    #10722,#10730,#10738,#10746,#10754,#10762,#10770,#10778,#10786,
    #10794,#10802,#10810,#10818,#10826,#10834,#10842,#10850,#10858,
    #10866,#10874,#10882,#10890,#10898,#10906,#10914,#10922,#10930,
    #10939));
#10592 = ORIENTED_EDGE('',*,*,#10593,.T.);
#10593 = EDGE_CURVE('',#10594,#10596,#10598,.T.);
#10594 = VERTEX_POINT('',#10595);
#10595 = CARTESIAN_POINT('',(79.002256,-26.512788,-7.5E-02));
#10596 = VERTEX_POINT('',#10597);
#10597 = CARTESIAN_POINT('',(79.135236,-26.479536,-7.5E-02));
#10598 = LINE('',#10599,#10600);
#10599 = CARTESIAN_POINT('',(79.002256,-26.512788,-7.5E-02));
#10600 = VECTOR('',#10601,1.);
#10601 = DIRECTION('',(0.970130483148,0.242583687965,0.));
#10602 = ORIENTED_EDGE('',*,*,#10603,.T.);
#10603 = EDGE_CURVE('',#10596,#10604,#10606,.T.);
#10604 = VERTEX_POINT('',#10605);
#10605 = CARTESIAN_POINT('',(79.32385,-26.466711,-7.5E-02));
#10606 = LINE('',#10607,#10608);
#10607 = CARTESIAN_POINT('',(79.135236,-26.479536,-7.5E-02));
#10608 = VECTOR('',#10609,1.);
#10609 = DIRECTION('',(0.997696256482,6.783936764702E-02,0.));
#10610 = ORIENTED_EDGE('',*,*,#10611,.T.);
#10611 = EDGE_CURVE('',#10604,#10612,#10614,.T.);
#10612 = VERTEX_POINT('',#10613);
#10613 = CARTESIAN_POINT('',(79.480483,-26.474368,-7.5E-02));
#10614 = LINE('',#10615,#10616);
#10615 = CARTESIAN_POINT('',(79.32385,-26.466711,-7.5E-02));
#10616 = VECTOR('',#10617,1.);
#10617 = DIRECTION('',(0.998807267016,-4.882666643391E-02,0.));
#10618 = ORIENTED_EDGE('',*,*,#10619,.T.);
#10619 = EDGE_CURVE('',#10612,#10620,#10622,.T.);
#10620 = VERTEX_POINT('',#10621);
#10621 = CARTESIAN_POINT('',(79.630265,-26.492906,-7.5E-02));
#10622 = LINE('',#10623,#10624);
#10623 = CARTESIAN_POINT('',(79.480483,-26.474368,-7.5E-02));
#10624 = VECTOR('',#10625,1.);
#10625 = DIRECTION('',(0.99242780554,-0.122829356392,0.));
#10626 = ORIENTED_EDGE('',*,*,#10627,.T.);
#10627 = EDGE_CURVE('',#10620,#10628,#10630,.T.);
#10628 = VERTEX_POINT('',#10629);
#10629 = CARTESIAN_POINT('',(79.76339,-26.517489,-7.5E-02));
#10630 = LINE('',#10631,#10632);
#10631 = CARTESIAN_POINT('',(79.630265,-26.492906,-7.5E-02));
#10632 = VECTOR('',#10633,1.);
#10633 = DIRECTION('',(0.983374165316,-0.181590889059,0.));
#10634 = ORIENTED_EDGE('',*,*,#10635,.T.);
#10635 = EDGE_CURVE('',#10628,#10636,#10638,.T.);
#10636 = VERTEX_POINT('',#10637);
#10637 = CARTESIAN_POINT('',(79.866558,-26.54355,-7.5E-02));
#10638 = LINE('',#10639,#10640);
#10639 = CARTESIAN_POINT('',(79.76339,-26.517489,-7.5E-02));
#10640 = VECTOR('',#10641,1.);
#10641 = DIRECTION('',(0.969544761657,-0.24491417914,0.));
#10642 = ORIENTED_EDGE('',*,*,#10643,.T.);
#10643 = EDGE_CURVE('',#10636,#10644,#10646,.T.);
#10644 = VERTEX_POINT('',#10645);
#10645 = CARTESIAN_POINT('',(79.885499,-26.909609,-7.5E-02));
#10646 = LINE('',#10647,#10648);
#10647 = CARTESIAN_POINT('',(79.866558,-26.54355,-7.5E-02));
#10648 = VECTOR('',#10649,1.);
#10649 = DIRECTION('',(5.167389695824E-02,-0.998664011754,0.));
#10650 = ORIENTED_EDGE('',*,*,#10651,.T.);
#10651 = EDGE_CURVE('',#10644,#10652,#10654,.T.);
#10652 = VERTEX_POINT('',#10653);
#10653 = CARTESIAN_POINT('',(79.793959,-26.883008,-7.5E-02));
#10654 = LINE('',#10655,#10656);
#10655 = CARTESIAN_POINT('',(79.885499,-26.909609,-7.5E-02));
#10656 = VECTOR('',#10657,1.);
#10657 = DIRECTION('',(-0.960276338876,0.279050807193,0.));
#10658 = ORIENTED_EDGE('',*,*,#10659,.T.);
#10659 = EDGE_CURVE('',#10652,#10660,#10662,.T.);
#10660 = VERTEX_POINT('',#10661);
#10661 = CARTESIAN_POINT('',(79.682924,-26.861921,-7.5E-02));
#10662 = LINE('',#10663,#10664);
#10663 = CARTESIAN_POINT('',(79.793959,-26.883008,-7.5E-02));
#10664 = VECTOR('',#10665,1.);
#10665 = DIRECTION('',(-0.982440105853,0.186578236701,0.));
#10666 = ORIENTED_EDGE('',*,*,#10667,.T.);
#10667 = EDGE_CURVE('',#10660,#10668,#10670,.T.);
#10668 = VERTEX_POINT('',#10669);
#10669 = CARTESIAN_POINT('',(79.453482,-26.844995,-7.5E-02));
#10670 = LINE('',#10671,#10672);
#10671 = CARTESIAN_POINT('',(79.682924,-26.861921,-7.5E-02));
#10672 = VECTOR('',#10673,1.);
#10673 = DIRECTION('',(-0.997290028936,7.357036213843E-02,0.));
#10674 = ORIENTED_EDGE('',*,*,#10675,.T.);
#10675 = EDGE_CURVE('',#10668,#10676,#10678,.T.);
#10676 = VERTEX_POINT('',#10677);
#10677 = CARTESIAN_POINT('',(79.341094,-26.85503,-7.5E-02));
#10678 = LINE('',#10679,#10680);
#10679 = CARTESIAN_POINT('',(79.453482,-26.844995,-7.5E-02));
#10680 = VECTOR('',#10681,1.);
#10681 = DIRECTION('',(-0.99603742494,-8.893507811571E-02,0.));
#10682 = ORIENTED_EDGE('',*,*,#10683,.T.);
#10683 = EDGE_CURVE('',#10676,#10684,#10686,.T.);
#10684 = VERTEX_POINT('',#10685);
#10685 = CARTESIAN_POINT('',(79.270074,-26.880175,-7.5E-02));
#10686 = LINE('',#10687,#10688);
#10687 = CARTESIAN_POINT('',(79.341094,-26.85503,-7.5E-02));
#10688 = VECTOR('',#10689,1.);
#10689 = DIRECTION('',(-0.942660288279,-0.333753772864,0.));
#10690 = ORIENTED_EDGE('',*,*,#10691,.T.);
#10691 = EDGE_CURVE('',#10684,#10692,#10694,.T.);
#10692 = VERTEX_POINT('',#10693);
#10693 = CARTESIAN_POINT('',(79.227533,-26.916057,-7.5E-02));
#10694 = LINE('',#10695,#10696);
#10695 = CARTESIAN_POINT('',(79.270074,-26.880175,-7.5E-02));
#10696 = VECTOR('',#10697,1.);
#10697 = DIRECTION('',(-0.76439746984,-0.644745304831,0.));
#10698 = ORIENTED_EDGE('',*,*,#10699,.T.);
#10699 = EDGE_CURVE('',#10692,#10700,#10702,.T.);
#10700 = VERTEX_POINT('',#10701);
#10701 = CARTESIAN_POINT('',(79.200804,-26.966025,-7.5E-02));
#10702 = LINE('',#10703,#10704);
#10703 = CARTESIAN_POINT('',(79.227533,-26.916057,-7.5E-02));
#10704 = VECTOR('',#10705,1.);
#10705 = DIRECTION('',(-0.471678735021,-0.881770475197,0.));
#10706 = ORIENTED_EDGE('',*,*,#10707,.T.);
#10707 = EDGE_CURVE('',#10700,#10708,#10710,.T.);
#10708 = VERTEX_POINT('',#10709);
#10709 = CARTESIAN_POINT('',(79.190024,-27.027427,-7.5E-02));
#10710 = LINE('',#10711,#10712);
#10711 = CARTESIAN_POINT('',(79.200804,-26.966025,-7.5E-02));
#10712 = VECTOR('',#10713,1.);
#10713 = DIRECTION('',(-0.172919602955,-0.984935942543,0.));
#10714 = ORIENTED_EDGE('',*,*,#10715,.T.);
#10715 = EDGE_CURVE('',#10708,#10716,#10718,.T.);
#10716 = VERTEX_POINT('',#10717);
#10717 = CARTESIAN_POINT('',(79.197442,-27.104527,-7.5E-02));
#10718 = LINE('',#10719,#10720);
#10719 = CARTESIAN_POINT('',(79.190024,-27.027427,-7.5E-02));
#10720 = VECTOR('',#10721,1.);
#10721 = DIRECTION('',(9.577046374639E-02,-0.995403444978,0.));
#10722 = ORIENTED_EDGE('',*,*,#10723,.T.);
#10723 = EDGE_CURVE('',#10716,#10724,#10726,.T.);
#10724 = VERTEX_POINT('',#10725);
#10725 = CARTESIAN_POINT('',(79.206443,-27.147782,-7.5E-02));
#10726 = LINE('',#10727,#10728);
#10727 = CARTESIAN_POINT('',(79.197442,-27.104527,-7.5E-02));
#10728 = VECTOR('',#10729,1.);
#10729 = DIRECTION('',(0.203727382781,-0.979027657171,0.));
#10730 = ORIENTED_EDGE('',*,*,#10731,.T.);
#10731 = EDGE_CURVE('',#10724,#10732,#10734,.T.);
#10732 = VERTEX_POINT('',#10733);
#10733 = CARTESIAN_POINT('',(79.312163,-27.127767,-7.5E-02));
#10734 = LINE('',#10735,#10736);
#10735 = CARTESIAN_POINT('',(79.206443,-27.147782,-7.5E-02));
#10736 = VECTOR('',#10737,1.);
#10737 = DIRECTION('',(0.982546609864,0.186016556909,0.));
#10738 = ORIENTED_EDGE('',*,*,#10739,.T.);
#10739 = EDGE_CURVE('',#10732,#10740,#10742,.T.);
#10740 = VERTEX_POINT('',#10741);
#10741 = CARTESIAN_POINT('',(79.465572,-27.12011,-7.5E-02));
#10742 = LINE('',#10743,#10744);
#10743 = CARTESIAN_POINT('',(79.312163,-27.127767,-7.5E-02));
#10744 = VECTOR('',#10745,1.);
#10745 = DIRECTION('',(0.998756702396,4.985026999879E-02,0.));
#10746 = ORIENTED_EDGE('',*,*,#10747,.T.);
#10747 = EDGE_CURVE('',#10740,#10748,#10750,.T.);
#10748 = VERTEX_POINT('',#10749);
#10749 = CARTESIAN_POINT('',(79.594273,-27.12667,-7.5E-02));
#10750 = LINE('',#10751,#10752);
#10751 = CARTESIAN_POINT('',(79.465572,-27.12011,-7.5E-02));
#10752 = VECTOR('',#10753,1.);
#10753 = DIRECTION('',(0.998703511663,-5.090477180835E-02,0.));
#10754 = ORIENTED_EDGE('',*,*,#10755,.T.);
#10755 = EDGE_CURVE('',#10748,#10756,#10758,.T.);
#10756 = VERTEX_POINT('',#10757);
#10757 = CARTESIAN_POINT('',(79.72094,-27.146305,-7.5E-02));
#10758 = LINE('',#10759,#10760);
#10759 = CARTESIAN_POINT('',(79.594273,-27.12667,-7.5E-02));
#10760 = VECTOR('',#10761,1.);
#10761 = DIRECTION('',(0.988197798712,-0.153183258289,0.));
#10762 = ORIENTED_EDGE('',*,*,#10763,.T.);
#10763 = EDGE_CURVE('',#10756,#10764,#10766,.T.);
#10764 = VERTEX_POINT('',#10765);
#10765 = CARTESIAN_POINT('',(79.842596,-27.180819,-7.5E-02));
#10766 = LINE('',#10767,#10768);
#10767 = CARTESIAN_POINT('',(79.72094,-27.146305,-7.5E-02));
#10768 = VECTOR('',#10769,1.);
#10769 = DIRECTION('',(0.962033753031,-0.272930500363,0.));
#10770 = ORIENTED_EDGE('',*,*,#10771,.T.);
#10771 = EDGE_CURVE('',#10764,#10772,#10774,.T.);
#10772 = VERTEX_POINT('',#10773);
#10773 = CARTESIAN_POINT('',(79.952263,-27.230935,-7.5E-02));
#10774 = LINE('',#10775,#10776);
#10775 = CARTESIAN_POINT('',(79.842596,-27.180819,-7.5E-02));
#10776 = VECTOR('',#10777,1.);
#10777 = DIRECTION('',(0.909529302578,-0.415639805302,0.));
#10778 = ORIENTED_EDGE('',*,*,#10779,.T.);
#10779 = EDGE_CURVE('',#10772,#10780,#10782,.T.);
#10780 = VERTEX_POINT('',#10781);
#10781 = CARTESIAN_POINT('',(80.050066,-27.299066,-7.5E-02));
#10782 = LINE('',#10783,#10784);
#10783 = CARTESIAN_POINT('',(79.952263,-27.230935,-7.5E-02));
#10784 = VECTOR('',#10785,1.);
#10785 = DIRECTION('',(0.82053481509,-0.571596551096,0.));
#10786 = ORIENTED_EDGE('',*,*,#10787,.T.);
#10787 = EDGE_CURVE('',#10780,#10788,#10790,.T.);
#10788 = VERTEX_POINT('',#10789);
#10789 = CARTESIAN_POINT('',(80.134016,-27.387837,-7.5E-02));
#10790 = LINE('',#10791,#10792);
#10791 = CARTESIAN_POINT('',(80.050066,-27.299066,-7.5E-02));
#10792 = VECTOR('',#10793,1.);
#10793 = DIRECTION('',(0.687102366915,-0.726560621958,0.));
#10794 = ORIENTED_EDGE('',*,*,#10795,.T.);
#10795 = EDGE_CURVE('',#10788,#10796,#10798,.T.);
#10796 = VERTEX_POINT('',#10797);
#10797 = CARTESIAN_POINT('',(80.197507,-27.494849,-7.5E-02));
#10798 = LINE('',#10799,#10800);
#10799 = CARTESIAN_POINT('',(80.134016,-27.387837,-7.5E-02));
#10800 = VECTOR('',#10801,1.);
#10801 = DIRECTION('',(0.510257228089,-0.86002183762,0.));
#10802 = ORIENTED_EDGE('',*,*,#10803,.T.);
#10803 = EDGE_CURVE('',#10796,#10804,#10806,.T.);
#10804 = VERTEX_POINT('',#10805);
#10805 = CARTESIAN_POINT('',(80.239602,-27.627891,-7.5E-02));
#10806 = LINE('',#10807,#10808);
#10807 = CARTESIAN_POINT('',(80.197507,-27.494849,-7.5E-02));
#10808 = VECTOR('',#10809,1.);
#10809 = DIRECTION('',(0.301663953207,-0.953414316725,0.));
#10810 = ORIENTED_EDGE('',*,*,#10811,.T.);
#10811 = EDGE_CURVE('',#10804,#10812,#10814,.T.);
#10812 = VERTEX_POINT('',#10813);
#10813 = CARTESIAN_POINT('',(80.25598,-27.769983,-7.5E-02));
#10814 = LINE('',#10815,#10816);
#10815 = CARTESIAN_POINT('',(80.239602,-27.627891,-7.5E-02));
#10816 = VECTOR('',#10817,1.);
#10817 = DIRECTION('',(0.114505222669,-0.993422646199,0.));
#10818 = ORIENTED_EDGE('',*,*,#10819,.T.);
#10819 = EDGE_CURVE('',#10812,#10820,#10822,.T.);
#10820 = VERTEX_POINT('',#10821);
#10821 = CARTESIAN_POINT('',(80.243363,-27.877214,-7.5E-02));
#10822 = LINE('',#10823,#10824);
#10823 = CARTESIAN_POINT('',(80.25598,-27.769983,-7.5E-02));
#10824 = VECTOR('',#10825,1.);
#10825 = DIRECTION('',(-0.116855756608,-0.993148897269,0.));
#10826 = ORIENTED_EDGE('',*,*,#10827,.T.);
#10827 = EDGE_CURVE('',#10820,#10828,#10830,.T.);
#10828 = VERTEX_POINT('',#10829);
#10829 = CARTESIAN_POINT('',(80.203386,-27.969715,-7.5E-02));
#10830 = LINE('',#10831,#10832);
#10831 = CARTESIAN_POINT('',(80.243363,-27.877214,-7.5E-02));
#10832 = VECTOR('',#10833,1.);
#10833 = DIRECTION('',(-0.396715240876,-0.9179417289,0.));
#10834 = ORIENTED_EDGE('',*,*,#10835,.T.);
#10835 = EDGE_CURVE('',#10828,#10836,#10838,.T.);
#10836 = VERTEX_POINT('',#10837);
#10837 = CARTESIAN_POINT('',(80.139121,-28.041907,-7.5E-02));
#10838 = LINE('',#10839,#10840);
#10839 = CARTESIAN_POINT('',(80.203386,-27.969715,-7.5E-02));
#10840 = VECTOR('',#10841,1.);
#10841 = DIRECTION('',(-0.664908879603,-0.746924482009,0.));
#10842 = ORIENTED_EDGE('',*,*,#10843,.T.);
#10843 = EDGE_CURVE('',#10836,#10844,#10846,.T.);
#10844 = VERTEX_POINT('',#10845);
#10845 = CARTESIAN_POINT('',(80.053902,-28.094997,-7.5E-02));
#10846 = LINE('',#10847,#10848);
#10847 = CARTESIAN_POINT('',(80.139121,-28.041907,-7.5E-02));
#10848 = VECTOR('',#10849,1.);
#10849 = DIRECTION('',(-0.84876677944,-0.528767391315,0.));
#10850 = ORIENTED_EDGE('',*,*,#10851,.T.);
#10851 = EDGE_CURVE('',#10844,#10852,#10854,.T.);
#10852 = VERTEX_POINT('',#10853);
#10853 = CARTESIAN_POINT('',(79.942591,-28.132716,-7.5E-02));
#10854 = LINE('',#10855,#10856);
#10855 = CARTESIAN_POINT('',(80.053902,-28.094997,-7.5E-02));
#10856 = VECTOR('',#10857,1.);
#10857 = DIRECTION('',(-0.947100907904,-0.320935928571,0.));
#10858 = ORIENTED_EDGE('',*,*,#10859,.T.);
#10859 = EDGE_CURVE('',#10852,#10860,#10862,.T.);
#10860 = VERTEX_POINT('',#10861);
#10861 = CARTESIAN_POINT('',(79.818789,-28.153056,-7.5E-02));
#10862 = LINE('',#10863,#10864);
#10863 = CARTESIAN_POINT('',(79.942591,-28.132716,-7.5E-02));
#10864 = VECTOR('',#10865,1.);
#10865 = DIRECTION('',(-0.986770865562,-0.162121124098,0.));
#10866 = ORIENTED_EDGE('',*,*,#10867,.T.);
#10867 = EDGE_CURVE('',#10860,#10868,#10870,.T.);
#10868 = VERTEX_POINT('',#10869);
#10869 = CARTESIAN_POINT('',(79.669893,-28.160389,-7.5E-02));
#10870 = LINE('',#10871,#10872);
#10871 = CARTESIAN_POINT('',(79.818789,-28.153056,-7.5E-02));
#10872 = VECTOR('',#10873,1.);
#10873 = DIRECTION('',(-0.998789462742,-4.918952242025E-02,0.));
#10874 = ORIENTED_EDGE('',*,*,#10875,.T.);
#10875 = EDGE_CURVE('',#10868,#10876,#10878,.T.);
#10876 = VERTEX_POINT('',#10877);
#10877 = CARTESIAN_POINT('',(79.434132,-28.15247,-7.5E-02));
#10878 = LINE('',#10879,#10880);
#10879 = CARTESIAN_POINT('',(79.669893,-28.160389,-7.5E-02));
#10880 = VECTOR('',#10881,1.);
#10881 = DIRECTION('',(-0.999436363041,3.357016876803E-02,0.));
#10882 = ORIENTED_EDGE('',*,*,#10883,.T.);
#10883 = EDGE_CURVE('',#10876,#10884,#10886,.T.);
#10884 = VERTEX_POINT('',#10885);
#10885 = CARTESIAN_POINT('',(79.248355,-28.131104,-7.5E-02));
#10886 = LINE('',#10887,#10888);
#10887 = CARTESIAN_POINT('',(79.434132,-28.15247,-7.5E-02));
#10888 = VECTOR('',#10889,1.);
#10889 = DIRECTION('',(-0.993451374713,0.114255704808,0.));
#10890 = ORIENTED_EDGE('',*,*,#10891,.T.);
#10891 = EDGE_CURVE('',#10884,#10892,#10894,.T.);
#10892 = VERTEX_POINT('',#10893);
#10893 = CARTESIAN_POINT('',(78.969747,-28.080326,-7.5E-02));
#10894 = LINE('',#10895,#10896);
#10895 = CARTESIAN_POINT('',(79.248355,-28.131104,-7.5E-02));
#10896 = VECTOR('',#10897,1.);
#10897 = DIRECTION('',(-0.983794001847,0.179302431466,0.));
#10898 = ORIENTED_EDGE('',*,*,#10899,.T.);
#10899 = EDGE_CURVE('',#10892,#10900,#10902,.T.);
#10900 = VERTEX_POINT('',#10901);
#10901 = CARTESIAN_POINT('',(78.771739,-27.127498,-7.5E-02));
#10902 = LINE('',#10903,#10904);
#10903 = CARTESIAN_POINT('',(78.969747,-28.080326,-7.5E-02));
#10904 = VECTOR('',#10905,1.);
#10905 = DIRECTION('',(-0.20346395694,0.97908243689,0.));
#10906 = ORIENTED_EDGE('',*,*,#10907,.T.);
#10907 = EDGE_CURVE('',#10900,#10908,#10910,.T.);
#10908 = VERTEX_POINT('',#10909);
#10909 = CARTESIAN_POINT('',(78.74981,-26.97989,-7.5E-02));
#10910 = LINE('',#10911,#10912);
#10911 = CARTESIAN_POINT('',(78.771739,-27.127498,-7.5E-02));
#10912 = VECTOR('',#10913,1.);
#10913 = DIRECTION('',(-0.146949611942,0.989143979181,0.));
#10914 = ORIENTED_EDGE('',*,*,#10915,.T.);
#10915 = EDGE_CURVE('',#10908,#10916,#10918,.T.);
#10916 = VERTEX_POINT('',#10917);
#10917 = CARTESIAN_POINT('',(78.747962,-26.853995,-7.5E-02));
#10918 = LINE('',#10919,#10920);
#10919 = CARTESIAN_POINT('',(78.74981,-26.97989,-7.5E-02));
#10920 = VECTOR('',#10921,1.);
#10921 = DIRECTION('',(-1.467731790628E-02,0.999892282368,0.));
#10922 = ORIENTED_EDGE('',*,*,#10923,.T.);
#10923 = EDGE_CURVE('',#10916,#10924,#10926,.T.);
#10924 = VERTEX_POINT('',#10925);
#10925 = CARTESIAN_POINT('',(78.769741,-26.738327,-7.5E-02));
#10926 = LINE('',#10927,#10928);
#10927 = CARTESIAN_POINT('',(78.747962,-26.853995,-7.5E-02));
#10928 = VECTOR('',#10929,1.);
#10929 = DIRECTION('',(0.185037424269,0.982731474829,0.));
#10930 = ORIENTED_EDGE('',*,*,#10931,.T.);
#10931 = EDGE_CURVE('',#10924,#10932,#10934,.T.);
#10932 = VERTEX_POINT('',#10933);
#10933 = CARTESIAN_POINT('',(78.924408,-26.549519,-7.5E-02));
#10934 = CIRCLE('',#10935,0.337285200435);
#10935 = AXIS2_PLACEMENT_3D('',#10936,#10937,#10938);
#10936 = CARTESIAN_POINT('',(79.0903143932,-26.84317930567,-7.5E-02));
#10937 = DIRECTION('',(0.,0.,-1.));
#10938 = DIRECTION('',(-0.950451999632,0.310871350234,0.));
#10939 = ORIENTED_EDGE('',*,*,#10940,.T.);
#10940 = EDGE_CURVE('',#10932,#10594,#10941,.T.);
#10941 = LINE('',#10942,#10943);
#10942 = CARTESIAN_POINT('',(78.924408,-26.549519,-7.5E-02));
#10943 = VECTOR('',#10944,1.);
#10944 = DIRECTION('',(0.904385662632,0.426716033477,0.));
#10945 = FACE_BOUND('',#10946,.T.);
#10946 = EDGE_LOOP('',(#10947,#10958,#10966,#10975,#10983,#10991,#10999,
    #11007,#11015,#11023,#11031));
#10947 = ORIENTED_EDGE('',*,*,#10948,.T.);
#10948 = EDGE_CURVE('',#10949,#10951,#10953,.T.);
#10949 = VERTEX_POINT('',#10950);
#10950 = CARTESIAN_POINT('',(79.791868,-27.617278,-7.5E-02));
#10951 = VERTEX_POINT('',#10952);
#10952 = CARTESIAN_POINT('',(79.670162,-27.466556,-7.5E-02));
#10953 = CIRCLE('',#10954,0.204934713796);
#10954 = AXIS2_PLACEMENT_3D('',#10955,#10956,#10957);
#10955 = CARTESIAN_POINT('',(79.590505755141,-27.65537633675,-7.5E-02));
#10956 = DIRECTION('',(0.,0.,1.));
#10957 = DIRECTION('',(0.982567770632,0.185904750115,-0.));
#10958 = ORIENTED_EDGE('',*,*,#10959,.T.);
#10959 = EDGE_CURVE('',#10951,#10960,#10962,.T.);
#10960 = VERTEX_POINT('',#10961);
#10961 = CARTESIAN_POINT('',(79.566188,-27.437271,-7.5E-02));
#10962 = LINE('',#10963,#10964);
#10963 = CARTESIAN_POINT('',(79.670162,-27.466556,-7.5E-02));
#10964 = VECTOR('',#10965,1.);
#10965 = DIRECTION('',(-0.962548778496,0.271108555776,0.));
#10966 = ORIENTED_EDGE('',*,*,#10967,.T.);
#10967 = EDGE_CURVE('',#10960,#10968,#10970,.T.);
#10968 = VERTEX_POINT('',#10969);
#10969 = CARTESIAN_POINT('',(79.268908,-27.448018,-7.5E-02));
#10970 = CIRCLE('',#10971,0.927446480564);
#10971 = AXIS2_PLACEMENT_3D('',#10972,#10973,#10974);
#10972 = CARTESIAN_POINT('',(79.450620637892,-28.35748899543,-7.5E-02));
#10973 = DIRECTION('',(0.,0.,1.));
#10974 = DIRECTION('',(0.124608119746,0.992206035304,-0.));
#10975 = ORIENTED_EDGE('',*,*,#10976,.T.);
#10976 = EDGE_CURVE('',#10968,#10977,#10979,.T.);
#10977 = VERTEX_POINT('',#10978);
#10978 = CARTESIAN_POINT('',(79.341179,-27.795673,-7.5E-02));
#10979 = LINE('',#10980,#10981);
#10980 = CARTESIAN_POINT('',(79.268908,-27.448018,-7.5E-02));
#10981 = VECTOR('',#10982,1.);
#10982 = DIRECTION('',(0.203530145026,-0.979068679953,0.));
#10983 = ORIENTED_EDGE('',*,*,#10984,.T.);
#10984 = EDGE_CURVE('',#10977,#10985,#10987,.T.);
#10985 = VERTEX_POINT('',#10986);
#10986 = CARTESIAN_POINT('',(79.439511,-27.804808,-7.5E-02));
#10987 = LINE('',#10988,#10989);
#10988 = CARTESIAN_POINT('',(79.341179,-27.795673,-7.5E-02));
#10989 = VECTOR('',#10990,1.);
#10990 = DIRECTION('',(0.995712567031,-9.250126408317E-02,0.));
#10991 = ORIENTED_EDGE('',*,*,#10992,.T.);
#10992 = EDGE_CURVE('',#10985,#10993,#10995,.T.);
#10993 = VERTEX_POINT('',#10994);
#10994 = CARTESIAN_POINT('',(79.566591,-27.807898,-7.5E-02));
#10995 = LINE('',#10996,#10997);
#10996 = CARTESIAN_POINT('',(79.439511,-27.804808,-7.5E-02));
#10997 = VECTOR('',#10998,1.);
#10998 = DIRECTION('',(0.99970451188,-2.430820696971E-02,0.));
#10999 = ORIENTED_EDGE('',*,*,#11000,.T.);
#11000 = EDGE_CURVE('',#10993,#11001,#11003,.T.);
#11001 = VERTEX_POINT('',#11002);
#11002 = CARTESIAN_POINT('',(79.680731,-27.796094,-7.5E-02));
#11003 = LINE('',#11004,#11005);
#11004 = CARTESIAN_POINT('',(79.566591,-27.807898,-7.5E-02));
#11005 = VECTOR('',#11006,1.);
#11006 = DIRECTION('',(0.994694992151,0.102868229257,0.));
#11007 = ORIENTED_EDGE('',*,*,#11008,.T.);
#11008 = EDGE_CURVE('',#11001,#11009,#11011,.T.);
#11009 = VERTEX_POINT('',#11010);
#11010 = CARTESIAN_POINT('',(79.752106,-27.766389,-7.5E-02));
#11011 = LINE('',#11012,#11013);
#11012 = CARTESIAN_POINT('',(79.680731,-27.796094,-7.5E-02));
#11013 = VECTOR('',#11014,1.);
#11014 = DIRECTION('',(0.923235661695,0.384234190272,0.));
#11015 = ORIENTED_EDGE('',*,*,#11016,.T.);
#11016 = EDGE_CURVE('',#11009,#11017,#11019,.T.);
#11017 = VERTEX_POINT('',#11018);
#11018 = CARTESIAN_POINT('',(79.782723,-27.733873,-7.5E-02));
#11019 = LINE('',#11020,#11021);
#11020 = CARTESIAN_POINT('',(79.752106,-27.766389,-7.5E-02));
#11021 = VECTOR('',#11022,1.);
#11022 = DIRECTION('',(0.685527412981,0.728046815838,0.));
#11023 = ORIENTED_EDGE('',*,*,#11024,.T.);
#11024 = EDGE_CURVE('',#11017,#11025,#11027,.T.);
#11025 = VERTEX_POINT('',#11026);
#11026 = CARTESIAN_POINT('',(79.796947,-27.686632,-7.5E-02));
#11027 = LINE('',#11028,#11029);
#11028 = CARTESIAN_POINT('',(79.782723,-27.733873,-7.5E-02));
#11029 = VECTOR('',#11030,1.);
#11030 = DIRECTION('',(0.288309133259,0.957537385004,0.));
#11031 = ORIENTED_EDGE('',*,*,#11032,.T.);
#11032 = EDGE_CURVE('',#11025,#10949,#11033,.T.);
#11033 = LINE('',#11034,#11035);
#11034 = CARTESIAN_POINT('',(79.796947,-27.686632,-7.5E-02));
#11035 = VECTOR('',#11036,1.);
#11036 = DIRECTION('',(-7.303738823987E-02,0.997329203382,0.));
#11037 = PLANE('',#11038);
#11038 = AXIS2_PLACEMENT_3D('',#11039,#11040,#11041);
#11039 = CARTESIAN_POINT('',(0.,0.,-7.5E-02));
#11040 = DIRECTION('',(-0.,-0.,-1.));
#11041 = DIRECTION('',(-1.,0.,0.));
#11042 = SHELL_BASED_SURFACE_MODEL('',(#11043));
#11043 = OPEN_SHELL('',(#11044));
#11044 = ADVANCED_FACE('',(#11045),#11264,.T.);
#11045 = FACE_BOUND('',#11046,.T.);
#11046 = EDGE_LOOP('',(#11047,#11057,#11065,#11073,#11081,#11089,#11097,
    #11105,#11113,#11121,#11129,#11137,#11145,#11153,#11161,#11169,
    #11177,#11185,#11193,#11201,#11210,#11218,#11226,#11234,#11242,
    #11250,#11258));
#11047 = ORIENTED_EDGE('',*,*,#11048,.T.);
#11048 = EDGE_CURVE('',#11049,#11051,#11053,.T.);
#11049 = VERTEX_POINT('',#11050);
#11050 = CARTESIAN_POINT('',(74.421884,-25.762132,-7.5E-02));
#11051 = VERTEX_POINT('',#11052);
#11052 = CARTESIAN_POINT('',(74.525502,-25.742831,-7.5E-02));
#11053 = LINE('',#11054,#11055);
#11054 = CARTESIAN_POINT('',(74.421884,-25.762132,-7.5E-02));
#11055 = VECTOR('',#11056,1.);
#11056 = DIRECTION('',(0.983090389584,0.183120959769,0.));
#11057 = ORIENTED_EDGE('',*,*,#11058,.T.);
#11058 = EDGE_CURVE('',#11051,#11059,#11061,.T.);
#11059 = VERTEX_POINT('',#11060);
#11060 = CARTESIAN_POINT('',(74.648236,-25.735937,-7.5E-02));
#11061 = LINE('',#11062,#11063);
#11062 = CARTESIAN_POINT('',(74.525502,-25.742831,-7.5E-02));
#11063 = VECTOR('',#11064,1.);
#11064 = DIRECTION('',(0.998426174464,5.608185219055E-02,0.));
#11065 = ORIENTED_EDGE('',*,*,#11066,.T.);
#11066 = EDGE_CURVE('',#11059,#11067,#11069,.T.);
#11067 = VERTEX_POINT('',#11068);
#11068 = CARTESIAN_POINT('',(74.817237,-25.748552,-7.5E-02));
#11069 = LINE('',#11070,#11071);
#11070 = CARTESIAN_POINT('',(74.648236,-25.735937,-7.5E-02));
#11071 = VECTOR('',#11072,1.);
#11072 = DIRECTION('',(0.997225685254,-7.443744131384E-02,0.));
#11073 = ORIENTED_EDGE('',*,*,#11074,.T.);
#11074 = EDGE_CURVE('',#11067,#11075,#11077,.T.);
#11075 = VERTEX_POINT('',#11076);
#11076 = CARTESIAN_POINT('',(74.963117,-25.784455,-7.5E-02));
#11077 = LINE('',#11078,#11079);
#11078 = CARTESIAN_POINT('',(74.817237,-25.748552,-7.5E-02));
#11079 = VECTOR('',#11080,1.);
#11080 = DIRECTION('',(0.971024028621,-0.238981873455,0.));
#11081 = ORIENTED_EDGE('',*,*,#11082,.T.);
#11082 = EDGE_CURVE('',#11075,#11083,#11085,.T.);
#11083 = VERTEX_POINT('',#11084);
#11084 = CARTESIAN_POINT('',(75.089727,-25.841903,-7.5E-02));
#11085 = LINE('',#11086,#11087);
#11086 = CARTESIAN_POINT('',(74.963117,-25.784455,-7.5E-02));
#11087 = VECTOR('',#11088,1.);
#11088 = DIRECTION('',(0.91064264384,-0.413194839296,0.));
#11089 = ORIENTED_EDGE('',*,*,#11090,.T.);
#11090 = EDGE_CURVE('',#11083,#11091,#11093,.T.);
#11091 = VERTEX_POINT('',#11092);
#11092 = CARTESIAN_POINT('',(75.200078,-25.92078,-7.5E-02));
#11093 = LINE('',#11094,#11095);
#11094 = CARTESIAN_POINT('',(75.089727,-25.841903,-7.5E-02));
#11095 = VECTOR('',#11096,1.);
#11096 = DIRECTION('',(0.8135421455,-0.581505956544,0.));
#11097 = ORIENTED_EDGE('',*,*,#11098,.T.);
#11098 = EDGE_CURVE('',#11091,#11099,#11101,.T.);
#11099 = VERTEX_POINT('',#11100);
#11100 = CARTESIAN_POINT('',(75.295025,-26.0192,-7.5E-02));
#11101 = LINE('',#11102,#11103);
#11102 = CARTESIAN_POINT('',(75.200078,-25.92078,-7.5E-02));
#11103 = VECTOR('',#11104,1.);
#11104 = DIRECTION('',(0.694294697165,-0.719690817983,0.));
#11105 = ORIENTED_EDGE('',*,*,#11106,.T.);
#11106 = EDGE_CURVE('',#11099,#11107,#11109,.T.);
#11107 = VERTEX_POINT('',#11108);
#11108 = CARTESIAN_POINT('',(75.372629,-26.133651,-7.5E-02));
#11109 = LINE('',#11110,#11111);
#11110 = CARTESIAN_POINT('',(75.295025,-26.0192,-7.5E-02));
#11111 = VECTOR('',#11112,1.);
#11112 = DIRECTION('',(0.561208351115,-0.827674565659,0.));
#11113 = ORIENTED_EDGE('',*,*,#11114,.T.);
#11114 = EDGE_CURVE('',#11107,#11115,#11117,.T.);
#11115 = VERTEX_POINT('',#11116);
#11116 = CARTESIAN_POINT('',(75.433399,-26.26621,-7.5E-02));
#11117 = LINE('',#11118,#11119);
#11118 = CARTESIAN_POINT('',(75.372629,-26.133651,-7.5E-02));
#11119 = VECTOR('',#11120,1.);
#11120 = DIRECTION('',(0.41673286723,-0.909028996991,0.));
#11121 = ORIENTED_EDGE('',*,*,#11122,.T.);
#11122 = EDGE_CURVE('',#11115,#11123,#11125,.T.);
#11123 = VERTEX_POINT('',#11124);
#11124 = CARTESIAN_POINT('',(75.476805,-26.419695,-7.5E-02));
#11125 = LINE('',#11126,#11127);
#11126 = CARTESIAN_POINT('',(75.433399,-26.26621,-7.5E-02));
#11127 = VECTOR('',#11128,1.);
#11128 = DIRECTION('',(0.272130036562,-0.962260486147,0.));
#11129 = ORIENTED_EDGE('',*,*,#11130,.T.);
#11130 = EDGE_CURVE('',#11123,#11131,#11133,.T.);
#11131 = VERTEX_POINT('',#11132);
#11132 = CARTESIAN_POINT('',(75.83158,-28.126,-7.5E-02));
#11133 = LINE('',#11134,#11135);
#11134 = CARTESIAN_POINT('',(75.476805,-26.419695,-7.5E-02));
#11135 = VECTOR('',#11136,1.);
#11136 = DIRECTION('',(0.203566428474,-0.979061136599,0.));
#11137 = ORIENTED_EDGE('',*,*,#11138,.T.);
#11138 = EDGE_CURVE('',#11131,#11139,#11141,.T.);
#11139 = VERTEX_POINT('',#11140);
#11140 = CARTESIAN_POINT('',(75.383041,-28.126,-7.5E-02));
#11141 = LINE('',#11142,#11143);
#11142 = CARTESIAN_POINT('',(75.83158,-28.126,-7.5E-02));
#11143 = VECTOR('',#11144,1.);
#11144 = DIRECTION('',(-1.,0.,0.));
#11145 = ORIENTED_EDGE('',*,*,#11146,.T.);
#11146 = EDGE_CURVE('',#11139,#11147,#11149,.T.);
#11147 = VERTEX_POINT('',#11148);
#11148 = CARTESIAN_POINT('',(75.125658,-26.887981,-7.5E-02));
#11149 = LINE('',#11150,#11151);
#11150 = CARTESIAN_POINT('',(75.383041,-28.126,-7.5E-02));
#11151 = VECTOR('',#11152,1.);
#11152 = DIRECTION('',(-0.203546751297,0.979065227672,0.));
#11153 = ORIENTED_EDGE('',*,*,#11154,.T.);
#11154 = EDGE_CURVE('',#11147,#11155,#11157,.T.);
#11155 = VERTEX_POINT('',#11156);
#11156 = CARTESIAN_POINT('',(74.571666,-26.887981,-7.5E-02));
#11157 = LINE('',#11158,#11159);
#11158 = CARTESIAN_POINT('',(75.125658,-26.887981,-7.5E-02));
#11159 = VECTOR('',#11160,1.);
#11160 = DIRECTION('',(-1.,0.,0.));
#11161 = ORIENTED_EDGE('',*,*,#11162,.T.);
#11162 = EDGE_CURVE('',#11155,#11163,#11165,.T.);
#11163 = VERTEX_POINT('',#11164);
#11164 = CARTESIAN_POINT('',(74.493081,-26.509698,-7.5E-02));
#11165 = LINE('',#11166,#11167);
#11166 = CARTESIAN_POINT('',(74.571666,-26.887981,-7.5E-02));
#11167 = VECTOR('',#11168,1.);
#11168 = DIRECTION('',(-0.203398670583,0.979096001833,0.));
#11169 = ORIENTED_EDGE('',*,*,#11170,.T.);
#11170 = EDGE_CURVE('',#11163,#11171,#11173,.T.);
#11171 = VERTEX_POINT('',#11172);
#11172 = CARTESIAN_POINT('',(75.047072,-26.509698,-7.5E-02));
#11173 = LINE('',#11174,#11175);
#11174 = CARTESIAN_POINT('',(74.493081,-26.509698,-7.5E-02));
#11175 = VECTOR('',#11176,1.);
#11176 = DIRECTION('',(1.,0.,0.));
#11177 = ORIENTED_EDGE('',*,*,#11178,.T.);
#11178 = EDGE_CURVE('',#11171,#11179,#11181,.T.);
#11179 = VERTEX_POINT('',#11180);
#11180 = CARTESIAN_POINT('',(75.030146,-26.428561,-7.5E-02));
#11181 = LINE('',#11182,#11183);
#11182 = CARTESIAN_POINT('',(75.047072,-26.509698,-7.5E-02));
#11183 = VECTOR('',#11184,1.);
#11184 = DIRECTION('',(-0.204213937744,0.978926283042,0.));
#11185 = ORIENTED_EDGE('',*,*,#11186,.T.);
#11186 = EDGE_CURVE('',#11179,#11187,#11189,.T.);
#11187 = VERTEX_POINT('',#11188);
#11188 = CARTESIAN_POINT('',(74.991324,-26.306854,-7.5E-02));
#11189 = LINE('',#11190,#11191);
#11190 = CARTESIAN_POINT('',(75.030146,-26.428561,-7.5E-02));
#11191 = VECTOR('',#11192,1.);
#11192 = DIRECTION('',(-0.303893399312,0.95270604168,0.));
#11193 = ORIENTED_EDGE('',*,*,#11194,.T.);
#11194 = EDGE_CURVE('',#11187,#11195,#11197,.T.);
#11195 = VERTEX_POINT('',#11196);
#11196 = CARTESIAN_POINT('',(74.962068,-26.254144,-7.5E-02));
#11197 = LINE('',#11198,#11199);
#11198 = CARTESIAN_POINT('',(74.991324,-26.306854,-7.5E-02));
#11199 = VECTOR('',#11200,1.);
#11200 = DIRECTION('',(-0.485296424422,0.874349690023,0.));
#11201 = ORIENTED_EDGE('',*,*,#11202,.T.);
#11202 = EDGE_CURVE('',#11195,#11203,#11205,.T.);
#11203 = VERTEX_POINT('',#11204);
#11204 = CARTESIAN_POINT('',(74.825422,-26.146191,-7.5E-02));
#11205 = CIRCLE('',#11206,0.277936077428);
#11206 = AXIS2_PLACEMENT_3D('',#11207,#11208,#11209);
#11207 = CARTESIAN_POINT('',(74.730123355664,-26.40727840207,-7.5E-02));
#11208 = DIRECTION('',(0.,0.,1.));
#11209 = DIRECTION('',(0.834525141474,0.550969861469,-0.));
#11210 = ORIENTED_EDGE('',*,*,#11211,.T.);
#11211 = EDGE_CURVE('',#11203,#11212,#11214,.T.);
#11212 = VERTEX_POINT('',#11213);
#11213 = CARTESIAN_POINT('',(74.761692,-26.129,-7.5E-02));
#11214 = LINE('',#11215,#11216);
#11215 = CARTESIAN_POINT('',(74.825422,-26.146191,-7.5E-02));
#11216 = VECTOR('',#11217,1.);
#11217 = DIRECTION('',(-0.965490436862,0.260438507769,0.));
#11218 = ORIENTED_EDGE('',*,*,#11219,.T.);
#11219 = EDGE_CURVE('',#11212,#11220,#11222,.T.);
#11220 = VERTEX_POINT('',#11221);
#11221 = CARTESIAN_POINT('',(74.683566,-26.122817,-7.5E-02));
#11222 = LINE('',#11223,#11224);
#11223 = CARTESIAN_POINT('',(74.761692,-26.129,-7.5E-02));
#11224 = VECTOR('',#11225,1.);
#11225 = DIRECTION('',(-0.996882955192,7.889469974085E-02,0.));
#11226 = ORIENTED_EDGE('',*,*,#11227,.T.);
#11227 = EDGE_CURVE('',#11220,#11228,#11230,.T.);
#11228 = VERTEX_POINT('',#11229);
#11229 = CARTESIAN_POINT('',(74.555546,-26.136788,-7.5E-02));
#11230 = LINE('',#11231,#11232);
#11231 = CARTESIAN_POINT('',(74.683566,-26.122817,-7.5E-02));
#11232 = VECTOR('',#11233,1.);
#11233 = DIRECTION('',(-0.994097837867,-0.108487274589,0.));
#11234 = ORIENTED_EDGE('',*,*,#11235,.T.);
#11235 = EDGE_CURVE('',#11228,#11236,#11238,.T.);
#11236 = VERTEX_POINT('',#11237);
#11237 = CARTESIAN_POINT('',(74.489991,-26.154415,-7.5E-02));
#11238 = LINE('',#11239,#11240);
#11239 = CARTESIAN_POINT('',(74.555546,-26.136788,-7.5E-02));
#11240 = VECTOR('',#11241,1.);
#11241 = DIRECTION('',(-0.965698630374,-0.259665468044,0.));
#11242 = ORIENTED_EDGE('',*,*,#11243,.T.);
#11243 = EDGE_CURVE('',#11236,#11244,#11246,.T.);
#11244 = VERTEX_POINT('',#11245);
#11245 = CARTESIAN_POINT('',(74.433168,-26.178297,-7.5E-02));
#11246 = LINE('',#11247,#11248);
#11247 = CARTESIAN_POINT('',(74.489991,-26.154415,-7.5E-02));
#11248 = VECTOR('',#11249,1.);
#11249 = DIRECTION('',(-0.921887432548,-0.387457819265,0.));
#11250 = ORIENTED_EDGE('',*,*,#11251,.T.);
#11251 = EDGE_CURVE('',#11244,#11252,#11254,.T.);
#11252 = VERTEX_POINT('',#11253);
#11253 = CARTESIAN_POINT('',(74.269953,-25.81291,-7.5E-02));
#11254 = LINE('',#11255,#11256);
#11255 = CARTESIAN_POINT('',(74.433168,-26.178297,-7.5E-02));
#11256 = VECTOR('',#11257,1.);
#11257 = DIRECTION('',(-0.407850446608,0.913048746345,0.));
#11258 = ORIENTED_EDGE('',*,*,#11259,.T.);
#11259 = EDGE_CURVE('',#11252,#11049,#11260,.T.);
#11260 = LINE('',#11261,#11262);
#11261 = CARTESIAN_POINT('',(74.269953,-25.81291,-7.5E-02));
#11262 = VECTOR('',#11263,1.);
#11263 = DIRECTION('',(0.948431424522,0.316982385914,0.));
#11264 = PLANE('',#11265);
#11265 = AXIS2_PLACEMENT_3D('',#11266,#11267,#11268);
#11266 = CARTESIAN_POINT('',(0.,0.,-7.5E-02));
#11267 = DIRECTION('',(-0.,-0.,-1.));
#11268 = DIRECTION('',(-1.,0.,0.));
#11269 = SHELL_BASED_SURFACE_MODEL('',(#11270));
#11270 = OPEN_SHELL('',(#11271));
#11271 = ADVANCED_FACE('',(#11272),#11306,.T.);
#11272 = FACE_BOUND('',#11273,.T.);
#11273 = EDGE_LOOP('',(#11274,#11284,#11292,#11300));
#11274 = ORIENTED_EDGE('',*,*,#11275,.T.);
#11275 = EDGE_CURVE('',#11276,#11278,#11280,.T.);
#11276 = VERTEX_POINT('',#11277);
#11277 = CARTESIAN_POINT('',(76.272866,-28.126,-7.5E-02));
#11278 = VERTEX_POINT('',#11279);
#11279 = CARTESIAN_POINT('',(75.936898,-26.509698,-7.5E-02));
#11280 = LINE('',#11281,#11282);
#11281 = CARTESIAN_POINT('',(76.272866,-28.126,-7.5E-02));
#11282 = VECTOR('',#11283,1.);
#11283 = DIRECTION('',(-0.203512095401,0.979072431961,0.));
#11284 = ORIENTED_EDGE('',*,*,#11285,.T.);
#11285 = EDGE_CURVE('',#11278,#11286,#11288,.T.);
#11286 = VERTEX_POINT('',#11287);
#11287 = CARTESIAN_POINT('',(76.385438,-26.509698,-7.5E-02));
#11288 = LINE('',#11289,#11290);
#11289 = CARTESIAN_POINT('',(75.936898,-26.509698,-7.5E-02));
#11290 = VECTOR('',#11291,1.);
#11291 = DIRECTION('',(1.,0.,0.));
#11292 = ORIENTED_EDGE('',*,*,#11293,.T.);
#11293 = EDGE_CURVE('',#11286,#11294,#11296,.T.);
#11294 = VERTEX_POINT('',#11295);
#11295 = CARTESIAN_POINT('',(76.721406,-28.126,-7.5E-02));
#11296 = LINE('',#11297,#11298);
#11297 = CARTESIAN_POINT('',(76.385438,-26.509698,-7.5E-02));
#11298 = VECTOR('',#11299,1.);
#11299 = DIRECTION('',(0.203512095401,-0.979072431961,0.));
#11300 = ORIENTED_EDGE('',*,*,#11301,.T.);
#11301 = EDGE_CURVE('',#11294,#11276,#11302,.T.);
#11302 = LINE('',#11303,#11304);
#11303 = CARTESIAN_POINT('',(76.721406,-28.126,-7.5E-02));
#11304 = VECTOR('',#11305,1.);
#11305 = DIRECTION('',(-1.,0.,0.));
#11306 = PLANE('',#11307);
#11307 = AXIS2_PLACEMENT_3D('',#11308,#11309,#11310);
#11308 = CARTESIAN_POINT('',(0.,0.,-7.5E-02));
#11309 = DIRECTION('',(-0.,-0.,-1.));
#11310 = DIRECTION('',(-1.,0.,0.));
#11311 = SHELL_BASED_SURFACE_MODEL('',(#11312));
#11312 = OPEN_SHELL('',(#11313));
#11313 = ADVANCED_FACE('',(#11314),#11540,.T.);
#11314 = FACE_BOUND('',#11315,.T.);
#11315 = EDGE_LOOP('',(#11316,#11326,#11334,#11342,#11350,#11358,#11366,
    #11374,#11382,#11390,#11398,#11406,#11414,#11422,#11430,#11438,
    #11446,#11454,#11462,#11470,#11478,#11486,#11494,#11502,#11510,
    #11518,#11526,#11534));
#11316 = ORIENTED_EDGE('',*,*,#11317,.T.);
#11317 = EDGE_CURVE('',#11318,#11320,#11322,.T.);
#11318 = VERTEX_POINT('',#11319);
#11319 = CARTESIAN_POINT('',(77.275415,-26.49242,-7.5E-02));
#11320 = VERTEX_POINT('',#11321);
#11321 = CARTESIAN_POINT('',(77.381921,-26.473626,-7.5E-02));
#11322 = LINE('',#11323,#11324);
#11323 = CARTESIAN_POINT('',(77.275415,-26.49242,-7.5E-02));
#11324 = VECTOR('',#11325,1.);
#11325 = DIRECTION('',(0.984785420431,0.17377478444,0.));
#11326 = ORIENTED_EDGE('',*,*,#11327,.T.);
#11327 = EDGE_CURVE('',#11320,#11328,#11330,.T.);
#11328 = VERTEX_POINT('',#11329);
#11329 = CARTESIAN_POINT('',(77.516123,-26.466711,-7.5E-02));
#11330 = LINE('',#11331,#11332);
#11331 = CARTESIAN_POINT('',(77.381921,-26.473626,-7.5E-02));
#11332 = VECTOR('',#11333,1.);
#11333 = DIRECTION('',(0.998675131865,5.145853665999E-02,0.));
#11334 = ORIENTED_EDGE('',*,*,#11335,.T.);
#11335 = EDGE_CURVE('',#11328,#11336,#11338,.T.);
#11336 = VERTEX_POINT('',#11337);
#11337 = CARTESIAN_POINT('',(77.712982,-26.474121,-7.5E-02));
#11338 = LINE('',#11339,#11340);
#11339 = CARTESIAN_POINT('',(77.516123,-26.466711,-7.5E-02));
#11340 = VECTOR('',#11341,1.);
#11341 = DIRECTION('',(0.999292323669,-3.761451657473E-02,0.));
#11342 = ORIENTED_EDGE('',*,*,#11343,.T.);
#11343 = EDGE_CURVE('',#11336,#11344,#11346,.T.);
#11344 = VERTEX_POINT('',#11345);
#11345 = CARTESIAN_POINT('',(77.901526,-26.495996,-7.5E-02));
#11346 = LINE('',#11347,#11348);
#11347 = CARTESIAN_POINT('',(77.712982,-26.474121,-7.5E-02));
#11348 = VECTOR('',#11349,1.);
#11349 = DIRECTION('',(0.993336796859,-0.115247594361,0.));
#11350 = ORIENTED_EDGE('',*,*,#11351,.T.);
#11351 = EDGE_CURVE('',#11344,#11352,#11354,.T.);
#11352 = VERTEX_POINT('',#11353);
#11353 = CARTESIAN_POINT('',(78.079732,-26.528033,-7.5E-02));
#11354 = LINE('',#11355,#11356);
#11355 = CARTESIAN_POINT('',(77.901526,-26.495996,-7.5E-02));
#11356 = VECTOR('',#11357,1.);
#11357 = DIRECTION('',(0.984221894896,-0.176938581455,0.));
#11358 = ORIENTED_EDGE('',*,*,#11359,.T.);
#11359 = EDGE_CURVE('',#11352,#11360,#11362,.T.);
#11360 = VERTEX_POINT('',#11361);
#11361 = CARTESIAN_POINT('',(78.209688,-26.559133,-7.5E-02));
#11362 = LINE('',#11363,#11364);
#11363 = CARTESIAN_POINT('',(78.079732,-26.528033,-7.5E-02));
#11364 = VECTOR('',#11365,1.);
#11365 = DIRECTION('',(0.972538987107,-0.232740023539,0.));
#11366 = ORIENTED_EDGE('',*,*,#11367,.T.);
#11367 = EDGE_CURVE('',#11360,#11368,#11370,.T.);
#11368 = VERTEX_POINT('',#11369);
#11369 = CARTESIAN_POINT('',(78.535446,-28.126,-7.5E-02));
#11370 = LINE('',#11371,#11372);
#11371 = CARTESIAN_POINT('',(78.209688,-26.559133,-7.5E-02));
#11372 = VECTOR('',#11373,1.);
#11373 = DIRECTION('',(0.203551427001,-0.979064255586,0.));
#11374 = ORIENTED_EDGE('',*,*,#11375,.T.);
#11375 = EDGE_CURVE('',#11368,#11376,#11378,.T.);
#11376 = VERTEX_POINT('',#11377);
#11377 = CARTESIAN_POINT('',(78.086907,-28.126,-7.5E-02));
#11378 = LINE('',#11379,#11380);
#11379 = CARTESIAN_POINT('',(78.535446,-28.126,-7.5E-02));
#11380 = VECTOR('',#11381,1.);
#11381 = DIRECTION('',(-1.,0.,0.));
#11382 = ORIENTED_EDGE('',*,*,#11383,.T.);
#11383 = EDGE_CURVE('',#11376,#11384,#11386,.T.);
#11384 = VERTEX_POINT('',#11385);
#11385 = CARTESIAN_POINT('',(77.825628,-26.86904,-7.5E-02));
#11386 = LINE('',#11387,#11388);
#11387 = CARTESIAN_POINT('',(78.086907,-28.126,-7.5E-02));
#11388 = VECTOR('',#11389,1.);
#11389 = DIRECTION('',(-0.203515529105,0.979071718217,0.));
#11390 = ORIENTED_EDGE('',*,*,#11391,.T.);
#11391 = EDGE_CURVE('',#11384,#11392,#11394,.T.);
#11392 = VERTEX_POINT('',#11393);
#11393 = CARTESIAN_POINT('',(77.727027,-26.858294,-7.5E-02));
#11394 = LINE('',#11395,#11396);
#11395 = CARTESIAN_POINT('',(77.825628,-26.86904,-7.5E-02));
#11396 = VECTOR('',#11397,1.);
#11397 = DIRECTION('',(-0.99411355435,0.108343163407,0.));
#11398 = ORIENTED_EDGE('',*,*,#11399,.T.);
#11399 = EDGE_CURVE('',#11392,#11400,#11402,.T.);
#11400 = VERTEX_POINT('',#11401);
#11401 = CARTESIAN_POINT('',(77.623725,-26.853592,-7.5E-02));
#11402 = LINE('',#11403,#11404);
#11403 = CARTESIAN_POINT('',(77.727027,-26.858294,-7.5E-02));
#11404 = VECTOR('',#11405,1.);
#11405 = DIRECTION('',(-0.998965706952,4.546994979853E-02,0.));
#11406 = ORIENTED_EDGE('',*,*,#11407,.T.);
#11407 = EDGE_CURVE('',#11400,#11408,#11410,.T.);
#11408 = VERTEX_POINT('',#11409);
#11409 = CARTESIAN_POINT('',(77.524978,-26.866068,-7.5E-02));
#11410 = LINE('',#11411,#11412);
#11411 = CARTESIAN_POINT('',(77.623725,-26.853592,-7.5E-02));
#11412 = VECTOR('',#11413,1.);
#11413 = DIRECTION('',(-0.992113011093,-0.125346612316,0.));
#11414 = ORIENTED_EDGE('',*,*,#11415,.T.);
#11415 = EDGE_CURVE('',#11408,#11416,#11418,.T.);
#11416 = VERTEX_POINT('',#11417);
#11417 = CARTESIAN_POINT('',(77.464189,-26.897885,-7.5E-02));
#11418 = LINE('',#11419,#11420);
#11419 = CARTESIAN_POINT('',(77.524978,-26.866068,-7.5E-02));
#11420 = VECTOR('',#11421,1.);
#11421 = DIRECTION('',(-0.885980400392,-0.463722686658,0.));
#11422 = ORIENTED_EDGE('',*,*,#11423,.T.);
#11423 = EDGE_CURVE('',#11416,#11424,#11426,.T.);
#11424 = VERTEX_POINT('',#11425);
#11425 = CARTESIAN_POINT('',(77.429344,-26.946551,-7.5E-02));
#11426 = LINE('',#11427,#11428);
#11427 = CARTESIAN_POINT('',(77.464189,-26.897885,-7.5E-02));
#11428 = VECTOR('',#11429,1.);
#11429 = DIRECTION('',(-0.582162358848,-0.813072560071,0.));
#11430 = ORIENTED_EDGE('',*,*,#11431,.T.);
#11431 = EDGE_CURVE('',#11424,#11432,#11434,.T.);
#11432 = VERTEX_POINT('',#11433);
#11433 = CARTESIAN_POINT('',(77.4145,-27.010268,-7.5E-02));
#11434 = LINE('',#11435,#11436);
#11435 = CARTESIAN_POINT('',(77.429344,-26.946551,-7.5E-02));
#11436 = VECTOR('',#11437,1.);
#11437 = DIRECTION('',(-0.226891848201,-0.973919960377,0.));
#11438 = ORIENTED_EDGE('',*,*,#11439,.T.);
#11439 = EDGE_CURVE('',#11432,#11440,#11442,.T.);
#11440 = VERTEX_POINT('',#11441);
#11441 = CARTESIAN_POINT('',(77.414549,-27.110616,-7.5E-02));
#11442 = LINE('',#11443,#11444);
#11443 = CARTESIAN_POINT('',(77.4145,-27.010268,-7.5E-02));
#11444 = VECTOR('',#11445,1.);
#11445 = DIRECTION('',(4.883006552024E-04,-0.999999880781,0.));
#11446 = ORIENTED_EDGE('',*,*,#11447,.T.);
#11447 = EDGE_CURVE('',#11440,#11448,#11450,.T.);
#11448 = VERTEX_POINT('',#11449);
#11449 = CARTESIAN_POINT('',(77.437673,-27.262235,-7.5E-02));
#11450 = LINE('',#11451,#11452);
#11451 = CARTESIAN_POINT('',(77.414549,-27.110616,-7.5E-02));
#11452 = VECTOR('',#11453,1.);
#11453 = DIRECTION('',(0.150770450398,-0.988568799471,0.));
#11454 = ORIENTED_EDGE('',*,*,#11455,.T.);
#11455 = EDGE_CURVE('',#11448,#11456,#11458,.T.);
#11456 = VERTEX_POINT('',#11457);
#11457 = CARTESIAN_POINT('',(77.617277,-28.126,-7.5E-02));
#11458 = LINE('',#11459,#11460);
#11459 = CARTESIAN_POINT('',(77.437673,-27.262235,-7.5E-02));
#11460 = VECTOR('',#11461,1.);
#11461 = DIRECTION('',(0.203577237692,-0.979058889084,0.));
#11462 = ORIENTED_EDGE('',*,*,#11463,.T.);
#11463 = EDGE_CURVE('',#11456,#11464,#11466,.T.);
#11464 = VERTEX_POINT('',#11465);
#11465 = CARTESIAN_POINT('',(77.168737,-28.126,-7.5E-02));
#11466 = LINE('',#11467,#11468);
#11467 = CARTESIAN_POINT('',(77.617277,-28.126,-7.5E-02));
#11468 = VECTOR('',#11469,1.);
#11469 = DIRECTION('',(-1.,0.,0.));
#11470 = ORIENTED_EDGE('',*,*,#11471,.T.);
#11471 = EDGE_CURVE('',#11464,#11472,#11474,.T.);
#11472 = VERTEX_POINT('',#11473);
#11473 = CARTESIAN_POINT('',(76.978252,-27.209979,-7.5E-02));
#11474 = LINE('',#11475,#11476);
#11475 = CARTESIAN_POINT('',(77.168737,-28.126,-7.5E-02));
#11476 = VECTOR('',#11477,1.);
#11477 = DIRECTION('',(-0.20359294213,0.979055623504,0.));
#11478 = ORIENTED_EDGE('',*,*,#11479,.T.);
#11479 = EDGE_CURVE('',#11472,#11480,#11482,.T.);
#11480 = VERTEX_POINT('',#11481);
#11481 = CARTESIAN_POINT('',(76.953175,-27.046685,-7.5E-02));
#11482 = LINE('',#11483,#11484);
#11483 = CARTESIAN_POINT('',(76.978252,-27.209979,-7.5E-02));
#11484 = VECTOR('',#11485,1.);
#11485 = DIRECTION('',(-0.151790183504,0.988412737773,0.));
#11486 = ORIENTED_EDGE('',*,*,#11487,.T.);
#11487 = EDGE_CURVE('',#11480,#11488,#11490,.T.);
#11488 = VERTEX_POINT('',#11489);
#11489 = CARTESIAN_POINT('',(76.948698,-26.907728,-7.5E-02));
#11490 = LINE('',#11491,#11492);
#11491 = CARTESIAN_POINT('',(76.953175,-27.046685,-7.5E-02));
#11492 = VECTOR('',#11493,1.);
#11493 = DIRECTION('',(-3.220189093743E-02,0.999481384629,0.));
#11494 = ORIENTED_EDGE('',*,*,#11495,.T.);
#11495 = EDGE_CURVE('',#11488,#11496,#11498,.T.);
#11496 = VERTEX_POINT('',#11497);
#11497 = CARTESIAN_POINT('',(76.967416,-26.778786,-7.5E-02));
#11498 = LINE('',#11499,#11500);
#11499 = CARTESIAN_POINT('',(76.948698,-26.907728,-7.5E-02));
#11500 = VECTOR('',#11501,1.);
#11501 = DIRECTION('',(0.143660246145,0.989627067979,0.));
#11502 = ORIENTED_EDGE('',*,*,#11503,.T.);
#11503 = EDGE_CURVE('',#11496,#11504,#11506,.T.);
#11504 = VERTEX_POINT('',#11505);
#11505 = CARTESIAN_POINT('',(77.011163,-26.673451,-7.5E-02));
#11506 = LINE('',#11507,#11508);
#11507 = CARTESIAN_POINT('',(76.967416,-26.778786,-7.5E-02));
#11508 = VECTOR('',#11509,1.);
#11509 = DIRECTION('',(0.383549960286,0.923520128619,0.));
#11510 = ORIENTED_EDGE('',*,*,#11511,.T.);
#11511 = EDGE_CURVE('',#11504,#11512,#11514,.T.);
#11512 = VERTEX_POINT('',#11513);
#11513 = CARTESIAN_POINT('',(77.055602,-26.613908,-7.5E-02));
#11514 = LINE('',#11515,#11516);
#11515 = CARTESIAN_POINT('',(77.011163,-26.673451,-7.5E-02));
#11516 = VECTOR('',#11517,1.);
#11517 = DIRECTION('',(0.598118346614,0.801407788484,0.));
#11518 = ORIENTED_EDGE('',*,*,#11519,.T.);
#11519 = EDGE_CURVE('',#11512,#11520,#11522,.T.);
#11520 = VERTEX_POINT('',#11521);
#11521 = CARTESIAN_POINT('',(77.114951,-26.563103,-7.5E-02));
#11522 = LINE('',#11523,#11524);
#11523 = CARTESIAN_POINT('',(77.055602,-26.613908,-7.5E-02));
#11524 = VECTOR('',#11525,1.);
#11525 = DIRECTION('',(0.759671170367,0.650307398785,0.));
#11526 = ORIENTED_EDGE('',*,*,#11527,.T.);
#11527 = EDGE_CURVE('',#11520,#11528,#11530,.T.);
#11528 = VERTEX_POINT('',#11529);
#11529 = CARTESIAN_POINT('',(77.191708,-26.520713,-7.5E-02));
#11530 = LINE('',#11531,#11532);
#11531 = CARTESIAN_POINT('',(77.114951,-26.563103,-7.5E-02));
#11532 = VECTOR('',#11533,1.);
#11533 = DIRECTION('',(0.875378336754,0.483438483721,0.));
#11534 = ORIENTED_EDGE('',*,*,#11535,.T.);
#11535 = EDGE_CURVE('',#11528,#11318,#11536,.T.);
#11536 = LINE('',#11537,#11538);
#11537 = CARTESIAN_POINT('',(77.191708,-26.520713,-7.5E-02));
#11538 = VECTOR('',#11539,1.);
#11539 = DIRECTION('',(0.947348549296,0.320204194455,0.));
#11540 = PLANE('',#11541);
#11541 = AXIS2_PLACEMENT_3D('',#11542,#11543,#11544);
#11542 = CARTESIAN_POINT('',(0.,0.,-7.5E-02));
#11543 = DIRECTION('',(-0.,-0.,-1.));
#11544 = DIRECTION('',(-1.,0.,0.));
#11545 = SHELL_BASED_SURFACE_MODEL('',(#11546));
#11546 = OPEN_SHELL('',(#11547));
#11547 = ADVANCED_FACE('',(#11548),#11734,.T.);
#11548 = FACE_BOUND('',#11549,.T.);
#11549 = EDGE_LOOP('',(#11550,#11560,#11568,#11576,#11584,#11592,#11600,
    #11608,#11616,#11624,#11632,#11640,#11648,#11656,#11664,#11672,
    #11680,#11688,#11696,#11704,#11712,#11720,#11728));
#11550 = ORIENTED_EDGE('',*,*,#11551,.T.);
#11551 = EDGE_CURVE('',#11552,#11554,#11556,.T.);
#11552 = VERTEX_POINT('',#11553);
#11553 = CARTESIAN_POINT('',(80.456013,-26.469264,-7.5E-02));
#11554 = VERTEX_POINT('',#11555);
#11555 = CARTESIAN_POINT('',(80.412892,-25.993857,-7.5E-02));
#11556 = LINE('',#11557,#11558);
#11557 = CARTESIAN_POINT('',(80.456013,-26.469264,-7.5E-02));
#11558 = VECTOR('',#11559,1.);
#11559 = DIRECTION('',(-9.033250828232E-02,0.995911661719,0.));
#11560 = ORIENTED_EDGE('',*,*,#11561,.T.);
#11561 = EDGE_CURVE('',#11554,#11562,#11564,.T.);
#11562 = VERTEX_POINT('',#11563);
#11563 = CARTESIAN_POINT('',(80.840342,-25.993857,-7.5E-02));
#11564 = LINE('',#11565,#11566);
#11565 = CARTESIAN_POINT('',(80.412892,-25.993857,-7.5E-02));
#11566 = VECTOR('',#11567,1.);
#11567 = DIRECTION('',(1.,0.,0.));
#11568 = ORIENTED_EDGE('',*,*,#11569,.T.);
#11569 = EDGE_CURVE('',#11562,#11570,#11572,.T.);
#11570 = VERTEX_POINT('',#11571);
#11571 = CARTESIAN_POINT('',(81.017528,-26.244927,-7.5E-02));
#11572 = LINE('',#11573,#11574);
#11573 = CARTESIAN_POINT('',(80.840342,-25.993857,-7.5E-02));
#11574 = VECTOR('',#11575,1.);
#11575 = DIRECTION('',(0.576596571327,-0.817029004341,0.));
#11576 = ORIENTED_EDGE('',*,*,#11577,.T.);
#11577 = EDGE_CURVE('',#11570,#11578,#11580,.T.);
#11578 = VERTEX_POINT('',#11579);
#11579 = CARTESIAN_POINT('',(81.232327,-26.568402,-7.5E-02));
#11580 = LINE('',#11581,#11582);
#11581 = CARTESIAN_POINT('',(81.017528,-26.244927,-7.5E-02));
#11582 = VECTOR('',#11583,1.);
#11583 = DIRECTION('',(0.55318199826,-0.833060428061,0.));
#11584 = ORIENTED_EDGE('',*,*,#11585,.T.);
#11585 = EDGE_CURVE('',#11578,#11586,#11588,.T.);
#11586 = VERTEX_POINT('',#11587);
#11587 = CARTESIAN_POINT('',(81.670792,-27.266265,-7.5E-02));
#11588 = LINE('',#11589,#11590);
#11589 = CARTESIAN_POINT('',(81.232327,-26.568402,-7.5E-02));
#11590 = VECTOR('',#11591,1.);
#11591 = DIRECTION('',(0.532004774153,-0.846741353825,0.));
#11592 = ORIENTED_EDGE('',*,*,#11593,.T.);
#11593 = EDGE_CURVE('',#11586,#11594,#11596,.T.);
#11594 = VERTEX_POINT('',#11595);
#11595 = CARTESIAN_POINT('',(81.819365,-26.568402,-7.5E-02));
#11596 = LINE('',#11597,#11598);
#11597 = CARTESIAN_POINT('',(81.670792,-27.266265,-7.5E-02));
#11598 = VECTOR('',#11599,1.);
#11599 = DIRECTION('',(0.208230343655,0.97807981473,0.));
#11600 = ORIENTED_EDGE('',*,*,#11601,.T.);
#11601 = EDGE_CURVE('',#11594,#11602,#11604,.T.);
#11602 = VERTEX_POINT('',#11603);
#11603 = CARTESIAN_POINT('',(81.899696,-26.244927,-7.5E-02));
#11604 = LINE('',#11605,#11606);
#11605 = CARTESIAN_POINT('',(81.819365,-26.568402,-7.5E-02));
#11606 = VECTOR('',#11607,1.);
#11607 = DIRECTION('',(0.241016824886,0.970520937498,0.));
#11608 = ORIENTED_EDGE('',*,*,#11609,.T.);
#11609 = EDGE_CURVE('',#11602,#11610,#11612,.T.);
#11610 = VERTEX_POINT('',#11611);
#11611 = CARTESIAN_POINT('',(81.972236,-25.993857,-7.5E-02));
#11612 = LINE('',#11613,#11614);
#11613 = CARTESIAN_POINT('',(81.899696,-26.244927,-7.5E-02));
#11614 = VECTOR('',#11615,1.);
#11615 = DIRECTION('',(0.277570260745,0.960705340024,0.));
#11616 = ORIENTED_EDGE('',*,*,#11617,.T.);
#11617 = EDGE_CURVE('',#11610,#11618,#11620,.T.);
#11618 = VERTEX_POINT('',#11619);
#11619 = CARTESIAN_POINT('',(82.420911,-25.993857,-7.5E-02));
#11620 = LINE('',#11621,#11622);
#11621 = CARTESIAN_POINT('',(81.972236,-25.993857,-7.5E-02));
#11622 = VECTOR('',#11623,1.);
#11623 = DIRECTION('',(1.,0.,0.));
#11624 = ORIENTED_EDGE('',*,*,#11625,.T.);
#11625 = EDGE_CURVE('',#11618,#11626,#11628,.T.);
#11626 = VERTEX_POINT('',#11627);
#11627 = CARTESIAN_POINT('',(82.575528,-26.469264,-7.5E-02));
#11628 = LINE('',#11629,#11630);
#11629 = CARTESIAN_POINT('',(82.420911,-25.993857,-7.5E-02));
#11630 = VECTOR('',#11631,1.);
#11631 = DIRECTION('',(0.309284583091,-0.950969529829,0.));
#11632 = ORIENTED_EDGE('',*,*,#11633,.T.);
#11633 = EDGE_CURVE('',#11626,#11634,#11636,.T.);
#11634 = VERTEX_POINT('',#11635);
#11635 = CARTESIAN_POINT('',(82.734445,-27.016942,-7.5E-02));
#11636 = LINE('',#11637,#11638);
#11637 = CARTESIAN_POINT('',(82.575528,-26.469264,-7.5E-02));
#11638 = VECTOR('',#11639,1.);
#11639 = DIRECTION('',(0.2786706391,-0.960386731949,0.));
#11640 = ORIENTED_EDGE('',*,*,#11641,.T.);
#11641 = EDGE_CURVE('',#11634,#11642,#11644,.T.);
#11642 = VERTEX_POINT('',#11643);
#11643 = CARTESIAN_POINT('',(83.02971,-28.126,-7.5E-02));
#11644 = LINE('',#11645,#11646);
#11645 = CARTESIAN_POINT('',(82.734445,-27.016942,-7.5E-02));
#11646 = VECTOR('',#11647,1.);
#11647 = DIRECTION('',(0.257269072813,-0.966339807818,0.));
#11648 = ORIENTED_EDGE('',*,*,#11649,.T.);
#11649 = EDGE_CURVE('',#11642,#11650,#11652,.T.);
#11650 = VERTEX_POINT('',#11651);
#11651 = CARTESIAN_POINT('',(82.57217,-28.126,-7.5E-02));
#11652 = LINE('',#11653,#11654);
#11653 = CARTESIAN_POINT('',(83.02971,-28.126,-7.5E-02));
#11654 = VECTOR('',#11655,1.);
#11655 = DIRECTION('',(-1.,0.,0.));
#11656 = ORIENTED_EDGE('',*,*,#11657,.T.);
#11657 = EDGE_CURVE('',#11650,#11658,#11660,.T.);
#11658 = VERTEX_POINT('',#11659);
#11659 = CARTESIAN_POINT('',(82.407477,-27.449227,-7.5E-02));
#11660 = LINE('',#11661,#11662);
#11661 = CARTESIAN_POINT('',(82.57217,-28.126,-7.5E-02));
#11662 = VECTOR('',#11663,1.);
#11663 = DIRECTION('',(-0.236449906624,0.971643680398,0.));
#11664 = ORIENTED_EDGE('',*,*,#11665,.T.);
#11665 = EDGE_CURVE('',#11658,#11666,#11668,.T.);
#11666 = VERTEX_POINT('',#11667);
#11667 = CARTESIAN_POINT('',(82.208798,-26.71093,-7.5E-02));
#11668 = LINE('',#11669,#11670);
#11669 = CARTESIAN_POINT('',(82.407477,-27.449227,-7.5E-02));
#11670 = VECTOR('',#11671,1.);
#11671 = DIRECTION('',(-0.259859726178,0.965646375601,0.));
#11672 = ORIENTED_EDGE('',*,*,#11673,.T.);
#11673 = EDGE_CURVE('',#11666,#11674,#11676,.T.);
#11674 = VERTEX_POINT('',#11675);
#11675 = CARTESIAN_POINT('',(81.968878,-27.859482,-7.5E-02));
#11676 = LINE('',#11677,#11678);
#11677 = CARTESIAN_POINT('',(82.208798,-26.71093,-7.5E-02));
#11678 = VECTOR('',#11679,1.);
#11679 = DIRECTION('',(-0.204475624704,-0.978871655991,0.));
#11680 = ORIENTED_EDGE('',*,*,#11681,.T.);
#11681 = EDGE_CURVE('',#11674,#11682,#11684,.T.);
#11682 = VERTEX_POINT('',#11683);
#11683 = CARTESIAN_POINT('',(81.640701,-27.859482,-7.5E-02));
#11684 = LINE('',#11685,#11686);
#11685 = CARTESIAN_POINT('',(81.968878,-27.859482,-7.5E-02));
#11686 = VECTOR('',#11687,1.);
#11687 = DIRECTION('',(-1.,0.,0.));
#11688 = ORIENTED_EDGE('',*,*,#11689,.T.);
#11689 = EDGE_CURVE('',#11682,#11690,#11692,.T.);
#11690 = VERTEX_POINT('',#11691);
#11691 = CARTESIAN_POINT('',(80.923226,-26.71093,-7.5E-02));
#11692 = LINE('',#11693,#11694);
#11693 = CARTESIAN_POINT('',(81.640701,-27.859482,-7.5E-02));
#11694 = VECTOR('',#11695,1.);
#11695 = DIRECTION('',(-0.529802454584,0.848121075741,0.));
#11696 = ORIENTED_EDGE('',*,*,#11697,.T.);
#11697 = EDGE_CURVE('',#11690,#11698,#11700,.T.);
#11698 = VERTEX_POINT('',#11699);
#11699 = CARTESIAN_POINT('',(81.031633,-27.449227,-7.5E-02));
#11700 = LINE('',#11701,#11702);
#11701 = CARTESIAN_POINT('',(80.923226,-26.71093,-7.5E-02));
#11702 = VECTOR('',#11703,1.);
#11703 = DIRECTION('',(0.145276123844,-0.989391150072,0.));
#11704 = ORIENTED_EDGE('',*,*,#11705,.T.);
#11705 = EDGE_CURVE('',#11698,#11706,#11708,.T.);
#11706 = VERTEX_POINT('',#11707);
#11707 = CARTESIAN_POINT('',(81.1481,-28.126,-7.5E-02));
#11708 = LINE('',#11709,#11710);
#11709 = CARTESIAN_POINT('',(81.031633,-27.449227,-7.5E-02));
#11710 = VECTOR('',#11711,1.);
#11711 = DIRECTION('',(0.169598622034,-0.985513220309,0.));
#11712 = ORIENTED_EDGE('',*,*,#11713,.T.);
#11713 = EDGE_CURVE('',#11706,#11714,#11716,.T.);
#11714 = VERTEX_POINT('',#11715);
#11715 = CARTESIAN_POINT('',(80.69056,-28.126,-7.5E-02));
#11716 = LINE('',#11717,#11718);
#11717 = CARTESIAN_POINT('',(81.1481,-28.126,-7.5E-02));
#11718 = VECTOR('',#11719,1.);
#11719 = DIRECTION('',(-1.,0.,0.));
#11720 = ORIENTED_EDGE('',*,*,#11721,.T.);
#11721 = EDGE_CURVE('',#11714,#11722,#11724,.T.);
#11722 = VERTEX_POINT('',#11723);
#11723 = CARTESIAN_POINT('',(80.524792,-27.016942,-7.5E-02));
#11724 = LINE('',#11725,#11726);
#11725 = CARTESIAN_POINT('',(80.69056,-28.126,-7.5E-02));
#11726 = VECTOR('',#11727,1.);
#11727 = DIRECTION('',(-0.147825261559,0.989013494369,0.));
#11728 = ORIENTED_EDGE('',*,*,#11729,.T.);
#11729 = EDGE_CURVE('',#11722,#11552,#11730,.T.);
#11730 = LINE('',#11731,#11732);
#11731 = CARTESIAN_POINT('',(80.524792,-27.016942,-7.5E-02));
#11732 = VECTOR('',#11733,1.);
#11733 = DIRECTION('',(-0.124604188697,0.992206528984,0.));
#11734 = PLANE('',#11735);
#11735 = AXIS2_PLACEMENT_3D('',#11736,#11737,#11738);
#11736 = CARTESIAN_POINT('',(0.,0.,-7.5E-02));
#11737 = DIRECTION('',(-0.,-0.,-1.));
#11738 = DIRECTION('',(-1.,0.,0.));
#11739 = SHELL_BASED_SURFACE_MODEL('',(#11740));
#11740 = OPEN_SHELL('',(#11741));
#11741 = ADVANCED_FACE('',(#11742),#11842,.T.);
#11742 = FACE_BOUND('',#11743,.T.);
#11743 = EDGE_LOOP('',(#11744,#11755,#11763,#11771,#11779,#11787,#11795,
    #11803,#11812,#11820,#11828,#11836));
#11744 = ORIENTED_EDGE('',*,*,#11745,.T.);
#11745 = EDGE_CURVE('',#11746,#11748,#11750,.T.);
#11746 = VERTEX_POINT('',#11747);
#11747 = CARTESIAN_POINT('',(83.855459,-26.492235,-7.5E-02));
#11748 = VERTEX_POINT('',#11749);
#11749 = CARTESIAN_POINT('',(84.239036,-26.485278,-7.5E-02));
#11750 = CIRCLE('',#11751,1.363487833848);
#11751 = AXIS2_PLACEMENT_3D('',#11752,#11753,#11754);
#11752 = CARTESIAN_POINT('',(84.071727333313,-27.83846197976,-7.5E-02));
#11753 = DIRECTION('',(0.,0.,-1.));
#11754 = DIRECTION('',(-0.158614054298,0.987340661463,0.));
#11755 = ORIENTED_EDGE('',*,*,#11756,.T.);
#11756 = EDGE_CURVE('',#11748,#11757,#11759,.T.);
#11757 = VERTEX_POINT('',#11758);
#11758 = CARTESIAN_POINT('',(84.415361,-26.513862,-7.5E-02));
#11759 = LINE('',#11760,#11761);
#11760 = CARTESIAN_POINT('',(84.239036,-26.485278,-7.5E-02));
#11761 = VECTOR('',#11762,1.);
#11762 = DIRECTION('',(0.987113652712,-0.160020738121,0.));
#11763 = ORIENTED_EDGE('',*,*,#11764,.T.);
#11764 = EDGE_CURVE('',#11757,#11765,#11767,.T.);
#11765 = VERTEX_POINT('',#11766);
#11766 = CARTESIAN_POINT('',(84.716805,-26.595403,-7.5E-02));
#11767 = LINE('',#11768,#11769);
#11768 = CARTESIAN_POINT('',(84.415361,-26.513862,-7.5E-02));
#11769 = VECTOR('',#11770,1.);
#11770 = DIRECTION('',(0.96530719456,-0.261116870635,0.));
#11771 = ORIENTED_EDGE('',*,*,#11772,.T.);
#11772 = EDGE_CURVE('',#11765,#11773,#11775,.T.);
#11773 = VERTEX_POINT('',#11774);
#11774 = CARTESIAN_POINT('',(85.035042,-28.126,-7.5E-02));
#11775 = LINE('',#11776,#11777);
#11776 = CARTESIAN_POINT('',(84.716805,-26.595403,-7.5E-02));
#11777 = VECTOR('',#11778,1.);
#11778 = DIRECTION('',(0.203563493918,-0.979061746747,0.));
#11779 = ORIENTED_EDGE('',*,*,#11780,.T.);
#11780 = EDGE_CURVE('',#11773,#11781,#11783,.T.);
#11781 = VERTEX_POINT('',#11782);
#11782 = CARTESIAN_POINT('',(84.586502,-28.126,-7.5E-02));
#11783 = LINE('',#11784,#11785);
#11784 = CARTESIAN_POINT('',(85.035042,-28.126,-7.5E-02));
#11785 = VECTOR('',#11786,1.);
#11786 = DIRECTION('',(-1.,0.,0.));
#11787 = ORIENTED_EDGE('',*,*,#11788,.T.);
#11788 = EDGE_CURVE('',#11781,#11789,#11791,.T.);
#11789 = VERTEX_POINT('',#11790);
#11790 = CARTESIAN_POINT('',(84.32885,-26.886772,-7.5E-02));
#11791 = LINE('',#11792,#11793);
#11792 = CARTESIAN_POINT('',(84.586502,-28.126,-7.5E-02));
#11793 = VECTOR('',#11794,1.);
#11794 = DIRECTION('',(-0.203560118086,0.979062448634,0.));
#11795 = ORIENTED_EDGE('',*,*,#11796,.T.);
#11796 = EDGE_CURVE('',#11789,#11797,#11799,.T.);
#11797 = VERTEX_POINT('',#11798);
#11798 = CARTESIAN_POINT('',(84.236563,-26.869846,-7.5E-02));
#11799 = LINE('',#11800,#11801);
#11800 = CARTESIAN_POINT('',(84.32885,-26.886772,-7.5E-02));
#11801 = VECTOR('',#11802,1.);
#11802 = DIRECTION('',(-0.983593857581,0.180397126718,0.));
#11803 = ORIENTED_EDGE('',*,*,#11804,.T.);
#11804 = EDGE_CURVE('',#11797,#11805,#11807,.T.);
#11805 = VERTEX_POINT('',#11806);
#11806 = CARTESIAN_POINT('',(83.962926,-26.879115,-7.5E-02));
#11807 = CIRCLE('',#11808,0.794604499923);
#11808 = AXIS2_PLACEMENT_3D('',#11809,#11810,#11811);
#11809 = CARTESIAN_POINT('',(84.126242752145,-27.65675498724,-7.5E-02));
#11810 = DIRECTION('',(0.,0.,1.));
#11811 = DIRECTION('',(0.138836676441,0.990315291851,-0.));
#11812 = ORIENTED_EDGE('',*,*,#11813,.T.);
#11813 = EDGE_CURVE('',#11805,#11814,#11816,.T.);
#11814 = VERTEX_POINT('',#11815);
#11815 = CARTESIAN_POINT('',(83.828189,-26.91149,-7.5E-02));
#11816 = LINE('',#11817,#11818);
#11817 = CARTESIAN_POINT('',(83.962926,-26.879115,-7.5E-02));
#11818 = VECTOR('',#11819,1.);
#11819 = DIRECTION('',(-0.972324840948,-0.233633053472,0.));
#11820 = ORIENTED_EDGE('',*,*,#11821,.T.);
#11821 = EDGE_CURVE('',#11814,#11822,#11824,.T.);
#11822 = VERTEX_POINT('',#11823);
#11823 = CARTESIAN_POINT('',(83.675049,-26.536833,-7.5E-02));
#11824 = LINE('',#11825,#11826);
#11825 = CARTESIAN_POINT('',(83.828189,-26.91149,-7.5E-02));
#11826 = VECTOR('',#11827,1.);
#11827 = DIRECTION('',(-0.378360284625,0.925658411628,0.));
#11828 = ORIENTED_EDGE('',*,*,#11829,.T.);
#11829 = EDGE_CURVE('',#11822,#11830,#11832,.T.);
#11830 = VERTEX_POINT('',#11831);
#11831 = CARTESIAN_POINT('',(83.756858,-26.510773,-7.5E-02));
#11832 = LINE('',#11833,#11834);
#11833 = CARTESIAN_POINT('',(83.675049,-26.536833,-7.5E-02));
#11834 = VECTOR('',#11835,1.);
#11835 = DIRECTION('',(0.952825231765,0.303519484895,0.));
#11836 = ORIENTED_EDGE('',*,*,#11837,.T.);
#11837 = EDGE_CURVE('',#11830,#11746,#11838,.T.);
#11838 = LINE('',#11839,#11840);
#11839 = CARTESIAN_POINT('',(83.756858,-26.510773,-7.5E-02));
#11840 = VECTOR('',#11841,1.);
#11841 = DIRECTION('',(0.982781233889,0.184772958832,0.));
#11842 = PLANE('',#11843);
#11843 = AXIS2_PLACEMENT_3D('',#11844,#11845,#11846);
#11844 = CARTESIAN_POINT('',(0.,0.,-7.5E-02));
#11845 = DIRECTION('',(-0.,-0.,-1.));
#11846 = DIRECTION('',(-1.,0.,0.));
#11847 = SHELL_BASED_SURFACE_MODEL('',(#11848));
#11848 = OPEN_SHELL('',(#11849));
#11849 = ADVANCED_FACE('',(#11850),#12060,.T.);
#11850 = FACE_BOUND('',#11851,.T.);
#11851 = EDGE_LOOP('',(#11852,#11862,#11870,#11878,#11886,#11894,#11902,
    #11910,#11918,#11926,#11934,#11942,#11950,#11958,#11966,#11974,
    #11982,#11990,#11998,#12006,#12014,#12022,#12030,#12038,#12046,
    #12054));
#11852 = ORIENTED_EDGE('',*,*,#11853,.T.);
#11853 = EDGE_CURVE('',#11854,#11856,#11858,.T.);
#11854 = VERTEX_POINT('',#11855);
#11855 = CARTESIAN_POINT('',(86.989326,-26.984433,-7.5E-02));
#11856 = VERTEX_POINT('',#11857);
#11857 = CARTESIAN_POINT('',(86.753705,-26.509698,-7.5E-02));
#11858 = LINE('',#11859,#11860);
#11859 = CARTESIAN_POINT('',(86.989326,-26.984433,-7.5E-02));
#11860 = VECTOR('',#11861,1.);
#11861 = DIRECTION('',(-0.444575382295,0.895741441186,0.));
#11862 = ORIENTED_EDGE('',*,*,#11863,.T.);
#11863 = EDGE_CURVE('',#11856,#11864,#11866,.T.);
#11864 = VERTEX_POINT('',#11865);
#11865 = CARTESIAN_POINT('',(87.220246,-26.509698,-7.5E-02));
#11866 = LINE('',#11867,#11868);
#11867 = CARTESIAN_POINT('',(86.753705,-26.509698,-7.5E-02));
#11868 = VECTOR('',#11869,1.);
#11869 = DIRECTION('',(1.,0.,0.));
#11870 = ORIENTED_EDGE('',*,*,#11871,.T.);
#11871 = EDGE_CURVE('',#11864,#11872,#11874,.T.);
#11872 = VERTEX_POINT('',#11873);
#11873 = CARTESIAN_POINT('',(87.323145,-26.750961,-7.5E-02));
#11874 = LINE('',#11875,#11876);
#11875 = CARTESIAN_POINT('',(87.220246,-26.509698,-7.5E-02));
#11876 = VECTOR('',#11877,1.);
#11877 = DIRECTION('',(0.392310051993,-0.919833040886,0.));
#11878 = ORIENTED_EDGE('',*,*,#11879,.T.);
#11879 = EDGE_CURVE('',#11872,#11880,#11882,.T.);
#11880 = VERTEX_POINT('',#11881);
#11881 = CARTESIAN_POINT('',(87.564811,-27.297967,-7.5E-02));
#11882 = LINE('',#11883,#11884);
#11883 = CARTESIAN_POINT('',(87.323145,-26.750961,-7.5E-02));
#11884 = VECTOR('',#11885,1.);
#11885 = DIRECTION('',(0.404115824371,-0.914707822473,0.));
#11886 = ORIENTED_EDGE('',*,*,#11887,.T.);
#11887 = EDGE_CURVE('',#11880,#11888,#11890,.T.);
#11888 = VERTEX_POINT('',#11889);
#11889 = CARTESIAN_POINT('',(87.692966,-27.566769,-7.5E-02));
#11890 = LINE('',#11891,#11892);
#11891 = CARTESIAN_POINT('',(87.564811,-27.297967,-7.5E-02));
#11892 = VECTOR('',#11893,1.);
#11893 = DIRECTION('',(0.430355218189,-0.902659618116,0.));
#11894 = ORIENTED_EDGE('',*,*,#11895,.T.);
#11895 = EDGE_CURVE('',#11888,#11896,#11898,.T.);
#11896 = VERTEX_POINT('',#11897);
#11897 = CARTESIAN_POINT('',(87.710698,-27.290176,-7.5E-02));
#11898 = LINE('',#11899,#11900);
#11899 = CARTESIAN_POINT('',(87.692966,-27.566769,-7.5E-02));
#11900 = VECTOR('',#11901,1.);
#11901 = DIRECTION('',(6.397730025714E-02,0.997951354051,0.));
#11902 = ORIENTED_EDGE('',*,*,#11903,.T.);
#11903 = EDGE_CURVE('',#11896,#11904,#11906,.T.);
#11904 = VERTEX_POINT('',#11905);
#11905 = CARTESIAN_POINT('',(87.735012,-26.509698,-7.5E-02));
#11906 = LINE('',#11907,#11908);
#11907 = CARTESIAN_POINT('',(87.710698,-27.290176,-7.5E-02));
#11908 = VECTOR('',#11909,1.);
#11909 = DIRECTION('',(3.113759814123E-02,0.999515107431,0.));
#11910 = ORIENTED_EDGE('',*,*,#11911,.T.);
#11911 = EDGE_CURVE('',#11904,#11912,#11914,.T.);
#11912 = VERTEX_POINT('',#11913);
#11913 = CARTESIAN_POINT('',(88.060234,-26.509698,-7.5E-02));
#11914 = LINE('',#11915,#11916);
#11915 = CARTESIAN_POINT('',(87.735012,-26.509698,-7.5E-02));
#11916 = VECTOR('',#11917,1.);
#11917 = DIRECTION('',(1.,0.,0.));
#11918 = ORIENTED_EDGE('',*,*,#11919,.T.);
#11919 = EDGE_CURVE('',#11912,#11920,#11922,.T.);
#11920 = VERTEX_POINT('',#11921);
#11921 = CARTESIAN_POINT('',(88.286586,-27.012106,-7.5E-02));
#11922 = LINE('',#11923,#11924);
#11923 = CARTESIAN_POINT('',(88.060234,-26.509698,-7.5E-02));
#11924 = VECTOR('',#11925,1.);
#11925 = DIRECTION('',(0.4107696895,-0.911739141525,0.));
#11926 = ORIENTED_EDGE('',*,*,#11927,.T.);
#11927 = EDGE_CURVE('',#11920,#11928,#11930,.T.);
#11928 = VERTEX_POINT('',#11929);
#11929 = CARTESIAN_POINT('',(88.550954,-27.566769,-7.5E-02));
#11930 = LINE('',#11931,#11932);
#11931 = CARTESIAN_POINT('',(88.286586,-27.012106,-7.5E-02));
#11932 = VECTOR('',#11933,1.);
#11933 = DIRECTION('',(0.430255615066,-0.902707098512,0.));
#11934 = ORIENTED_EDGE('',*,*,#11935,.T.);
#11935 = EDGE_CURVE('',#11928,#11936,#11938,.T.);
#11936 = VERTEX_POINT('',#11937);
#11937 = CARTESIAN_POINT('',(88.565865,-27.297967,-7.5E-02));
#11938 = LINE('',#11939,#11940);
#11939 = CARTESIAN_POINT('',(88.550954,-27.566769,-7.5E-02));
#11940 = VECTOR('',#11941,1.);
#11941 = DIRECTION('',(5.538690606933E-02,0.998464967155,0.));
#11942 = ORIENTED_EDGE('',*,*,#11943,.T.);
#11943 = EDGE_CURVE('',#11936,#11944,#11946,.T.);
#11944 = VERTEX_POINT('',#11945);
#11945 = CARTESIAN_POINT('',(88.581179,-26.509698,-7.5E-02));
#11946 = LINE('',#11947,#11948);
#11947 = CARTESIAN_POINT('',(88.565865,-27.297967,-7.5E-02));
#11948 = VECTOR('',#11949,1.);
#11949 = DIRECTION('',(1.942371308486E-02,0.999811341889,0.));
#11950 = ORIENTED_EDGE('',*,*,#11951,.T.);
#11951 = EDGE_CURVE('',#11944,#11952,#11954,.T.);
#11952 = VERTEX_POINT('',#11953);
#11953 = CARTESIAN_POINT('',(89.053765,-26.509698,-7.5E-02));
#11954 = LINE('',#11955,#11956);
#11955 = CARTESIAN_POINT('',(88.581179,-26.509698,-7.5E-02));
#11956 = VECTOR('',#11957,1.);
#11957 = DIRECTION('',(1.,0.,0.));
#11958 = ORIENTED_EDGE('',*,*,#11959,.T.);
#11959 = EDGE_CURVE('',#11952,#11960,#11962,.T.);
#11960 = VERTEX_POINT('',#11961);
#11961 = CARTESIAN_POINT('',(89.01548,-26.984433,-7.5E-02));
#11962 = LINE('',#11963,#11964);
#11963 = CARTESIAN_POINT('',(89.053765,-26.509698,-7.5E-02));
#11964 = VECTOR('',#11965,1.);
#11965 = DIRECTION('',(-8.038402169008E-02,-0.996763968579,0.));
#11966 = ORIENTED_EDGE('',*,*,#11967,.T.);
#11967 = EDGE_CURVE('',#11960,#11968,#11970,.T.);
#11968 = VERTEX_POINT('',#11969);
#11969 = CARTESIAN_POINT('',(88.969672,-27.430017,-7.5E-02));
#11970 = LINE('',#11971,#11972);
#11971 = CARTESIAN_POINT('',(89.01548,-26.984433,-7.5E-02));
#11972 = VECTOR('',#11973,1.);
#11973 = DIRECTION('',(-0.102265421197,-0.994757148066,0.));
#11974 = ORIENTED_EDGE('',*,*,#11975,.T.);
#11975 = EDGE_CURVE('',#11968,#11976,#11978,.T.);
#11976 = VERTEX_POINT('',#11977);
#11977 = CARTESIAN_POINT('',(88.919431,-27.818779,-7.5E-02));
#11978 = LINE('',#11979,#11980);
#11979 = CARTESIAN_POINT('',(88.969672,-27.430017,-7.5E-02));
#11980 = VECTOR('',#11981,1.);
#11981 = DIRECTION('',(-0.128167463335,-0.991752540376,0.));
#11982 = ORIENTED_EDGE('',*,*,#11983,.T.);
#11983 = EDGE_CURVE('',#11976,#11984,#11986,.T.);
#11984 = VERTEX_POINT('',#11985);
#11985 = CARTESIAN_POINT('',(88.865832,-28.126,-7.5E-02));
#11986 = LINE('',#11987,#11988);
#11987 = CARTESIAN_POINT('',(88.919431,-27.818779,-7.5E-02));
#11988 = VECTOR('',#11989,1.);
#11989 = DIRECTION('',(-0.171867960211,-0.98511999485,0.));
#11990 = ORIENTED_EDGE('',*,*,#11991,.T.);
#11991 = EDGE_CURVE('',#11984,#11992,#11994,.T.);
#11992 = VERTEX_POINT('',#11993);
#11993 = CARTESIAN_POINT('',(88.516565,-28.126,-7.5E-02));
#11994 = LINE('',#11995,#11996);
#11995 = CARTESIAN_POINT('',(88.865832,-28.126,-7.5E-02));
#11996 = VECTOR('',#11997,1.);
#11997 = DIRECTION('',(-1.,0.,0.));
#11998 = ORIENTED_EDGE('',*,*,#11999,.T.);
#11999 = EDGE_CURVE('',#11992,#12000,#12002,.T.);
#12000 = VERTEX_POINT('',#12001);
#12001 = CARTESIAN_POINT('',(88.277182,-27.662011,-7.5E-02));
#12002 = LINE('',#12003,#12004);
#12003 = CARTESIAN_POINT('',(88.516565,-28.126,-7.5E-02));
#12004 = VECTOR('',#12005,1.);
#12005 = DIRECTION('',(-0.458498939325,0.888694954773,0.));
#12006 = ORIENTED_EDGE('',*,*,#12007,.T.);
#12007 = EDGE_CURVE('',#12000,#12008,#12010,.T.);
#12008 = VERTEX_POINT('',#12009);
#12009 = CARTESIAN_POINT('',(88.052711,-27.198023,-7.5E-02));
#12010 = LINE('',#12011,#12012);
#12011 = CARTESIAN_POINT('',(88.277182,-27.662011,-7.5E-02));
#12012 = VECTOR('',#12013,1.);
#12013 = DIRECTION('',(-0.435499110103,0.900189160732,0.));
#12014 = ORIENTED_EDGE('',*,*,#12015,.T.);
#12015 = EDGE_CURVE('',#12008,#12016,#12018,.T.);
#12016 = VERTEX_POINT('',#12017);
#12017 = CARTESIAN_POINT('',(88.016844,-27.662011,-7.5E-02));
#12018 = LINE('',#12019,#12020);
#12019 = CARTESIAN_POINT('',(88.052711,-27.198023,-7.5E-02));
#12020 = VECTOR('',#12021,1.);
#12021 = DIRECTION('',(-7.707163907987E-02,-0.997025557571,0.));
#12022 = ORIENTED_EDGE('',*,*,#12023,.T.);
#12023 = EDGE_CURVE('',#12016,#12024,#12026,.T.);
#12024 = VERTEX_POINT('',#12025);
#12025 = CARTESIAN_POINT('',(87.965797,-28.126,-7.5E-02));
#12026 = LINE('',#12027,#12028);
#12027 = CARTESIAN_POINT('',(88.016844,-27.662011,-7.5E-02));
#12028 = VECTOR('',#12029,1.);
#12029 = DIRECTION('',(-0.109357857124,-0.994002444205,0.));
#12030 = ORIENTED_EDGE('',*,*,#12031,.T.);
#12031 = EDGE_CURVE('',#12024,#12032,#12034,.T.);
#12032 = VERTEX_POINT('',#12033);
#12033 = CARTESIAN_POINT('',(87.61653,-28.126,-7.5E-02));
#12034 = LINE('',#12035,#12036);
#12035 = CARTESIAN_POINT('',(87.965797,-28.126,-7.5E-02));
#12036 = VECTOR('',#12037,1.);
#12037 = DIRECTION('',(-1.,0.,0.));
#12038 = ORIENTED_EDGE('',*,*,#12039,.T.);
#12039 = EDGE_CURVE('',#12032,#12040,#12042,.T.);
#12040 = VERTEX_POINT('',#12041);
#12041 = CARTESIAN_POINT('',(87.433836,-27.818779,-7.5E-02));
#12042 = LINE('',#12043,#12044);
#12043 = CARTESIAN_POINT('',(87.61653,-28.126,-7.5E-02));
#12044 = VECTOR('',#12045,1.);
#12045 = DIRECTION('',(-0.511120976521,0.859508782596,0.));
#12046 = ORIENTED_EDGE('',*,*,#12047,.T.);
#12047 = EDGE_CURVE('',#12040,#12048,#12050,.T.);
#12048 = VERTEX_POINT('',#12049);
#12049 = CARTESIAN_POINT('',(87.220515,-27.430017,-7.5E-02));
#12050 = LINE('',#12051,#12052);
#12051 = CARTESIAN_POINT('',(87.433836,-27.818779,-7.5E-02));
#12052 = VECTOR('',#12053,1.);
#12053 = DIRECTION('',(-0.481056131837,0.876689795778,0.));
#12054 = ORIENTED_EDGE('',*,*,#12055,.T.);
#12055 = EDGE_CURVE('',#12048,#11854,#12056,.T.);
#12056 = LINE('',#12057,#12058);
#12057 = CARTESIAN_POINT('',(87.220515,-27.430017,-7.5E-02));
#12058 = VECTOR('',#12059,1.);
#12059 = DIRECTION('',(-0.460545492543,0.887636101845,0.));
#12060 = PLANE('',#12061);
#12061 = AXIS2_PLACEMENT_3D('',#12062,#12063,#12064);
#12062 = CARTESIAN_POINT('',(0.,0.,-7.5E-02));
#12063 = DIRECTION('',(-0.,-0.,-1.));
#12064 = DIRECTION('',(-1.,0.,0.));
#12065 = SHELL_BASED_SURFACE_MODEL('',(#12066));
#12066 = OPEN_SHELL('',(#12067));
#12067 = ADVANCED_FACE('',(#12068,#12255),#12385,.T.);
#12068 = FACE_BOUND('',#12069,.T.);
#12069 = EDGE_LOOP('',(#12070,#12080,#12088,#12096,#12104,#12112,#12120,
    #12128,#12136,#12144,#12152,#12160,#12168,#12176,#12185,#12193,
    #12201,#12209,#12217,#12225,#12233,#12241,#12249));
#12070 = ORIENTED_EDGE('',*,*,#12071,.T.);
#12071 = EDGE_CURVE('',#12072,#12074,#12076,.T.);
#12072 = VERTEX_POINT('',#12073);
#12073 = CARTESIAN_POINT('',(91.444043,-26.016287,-7.5E-02));
#12074 = VERTEX_POINT('',#12075);
#12075 = CARTESIAN_POINT('',(91.631373,-25.9811,-7.5E-02));
#12076 = LINE('',#12077,#12078);
#12077 = CARTESIAN_POINT('',(91.444043,-26.016287,-7.5E-02));
#12078 = VECTOR('',#12079,1.);
#12079 = DIRECTION('',(0.982812623418,0.184605924199,0.));
#12080 = ORIENTED_EDGE('',*,*,#12081,.T.);
#12081 = EDGE_CURVE('',#12074,#12082,#12084,.T.);
#12082 = VERTEX_POINT('',#12083);
#12083 = CARTESIAN_POINT('',(91.871814,-25.968065,-7.5E-02));
#12084 = LINE('',#12085,#12086);
#12085 = CARTESIAN_POINT('',(91.631373,-25.9811,-7.5E-02));
#12086 = VECTOR('',#12087,1.);
#12087 = DIRECTION('',(0.998533712927,5.413339217523E-02,0.));
#12088 = ORIENTED_EDGE('',*,*,#12089,.T.);
#12089 = EDGE_CURVE('',#12082,#12090,#12092,.T.);
#12090 = VERTEX_POINT('',#12091);
#12091 = CARTESIAN_POINT('',(92.175677,-25.980424,-7.5E-02));
#12092 = LINE('',#12093,#12094);
#12093 = CARTESIAN_POINT('',(91.871814,-25.968065,-7.5E-02));
#12094 = VECTOR('',#12095,1.);
#12095 = DIRECTION('',(0.999173881023,-4.063933415904E-02,0.));
#12096 = ORIENTED_EDGE('',*,*,#12097,.T.);
#12097 = EDGE_CURVE('',#12090,#12098,#12100,.T.);
#12098 = VERTEX_POINT('',#12099);
#12099 = CARTESIAN_POINT('',(92.34767,-25.997471,-7.5E-02));
#12100 = LINE('',#12101,#12102);
#12101 = CARTESIAN_POINT('',(92.175677,-25.980424,-7.5E-02));
#12102 = VECTOR('',#12103,1.);
#12103 = DIRECTION('',(0.99512405361,-9.863122186308E-02,0.));
#12104 = ORIENTED_EDGE('',*,*,#12105,.T.);
#12105 = EDGE_CURVE('',#12098,#12106,#12108,.T.);
#12106 = VERTEX_POINT('',#12107);
#12107 = CARTESIAN_POINT('',(92.50963,-26.023411,-7.5E-02));
#12108 = LINE('',#12109,#12110);
#12109 = CARTESIAN_POINT('',(92.34767,-25.997471,-7.5E-02));
#12110 = VECTOR('',#12111,1.);
#12111 = DIRECTION('',(0.987415509945,-0.15814743349,0.));
#12112 = ORIENTED_EDGE('',*,*,#12113,.T.);
#12113 = EDGE_CURVE('',#12106,#12114,#12116,.T.);
#12114 = VERTEX_POINT('',#12115);
#12115 = CARTESIAN_POINT('',(92.946751,-28.126,-7.5E-02));
#12116 = LINE('',#12117,#12118);
#12117 = CARTESIAN_POINT('',(92.50963,-26.023411,-7.5E-02));
#12118 = VECTOR('',#12119,1.);
#12119 = DIRECTION('',(0.20354438569,-0.979065719477,0.));
#12120 = ORIENTED_EDGE('',*,*,#12121,.T.);
#12121 = EDGE_CURVE('',#12114,#12122,#12124,.T.);
#12122 = VERTEX_POINT('',#12123);
#12123 = CARTESIAN_POINT('',(92.477121,-28.126,-7.5E-02));
#12124 = LINE('',#12125,#12126);
#12125 = CARTESIAN_POINT('',(92.946751,-28.126,-7.5E-02));
#12126 = VECTOR('',#12127,1.);
#12127 = DIRECTION('',(-1.,0.,0.));
#12128 = ORIENTED_EDGE('',*,*,#12129,.T.);
#12129 = EDGE_CURVE('',#12122,#12130,#12132,.T.);
#12130 = VERTEX_POINT('',#12131);
#12131 = CARTESIAN_POINT('',(92.328817,-27.41242,-7.5E-02));
#12132 = LINE('',#12133,#12134);
#12133 = CARTESIAN_POINT('',(92.477121,-28.126,-7.5E-02));
#12134 = VECTOR('',#12135,1.);
#12135 = DIRECTION('',(-0.2034828061,0.979078519641,0.));
#12136 = ORIENTED_EDGE('',*,*,#12137,.T.);
#12137 = EDGE_CURVE('',#12130,#12138,#12140,.T.);
#12138 = VERTEX_POINT('',#12139);
#12139 = CARTESIAN_POINT('',(92.181319,-27.41242,-7.5E-02));
#12140 = LINE('',#12141,#12142);
#12141 = CARTESIAN_POINT('',(92.328817,-27.41242,-7.5E-02));
#12142 = VECTOR('',#12143,1.);
#12143 = DIRECTION('',(-1.,0.,0.));
#12144 = ORIENTED_EDGE('',*,*,#12145,.T.);
#12145 = EDGE_CURVE('',#12138,#12146,#12148,.T.);
#12146 = VERTEX_POINT('',#12147);
#12147 = CARTESIAN_POINT('',(91.942981,-27.400187,-7.5E-02));
#12148 = LINE('',#12149,#12150);
#12149 = CARTESIAN_POINT('',(92.181319,-27.41242,-7.5E-02));
#12150 = VECTOR('',#12151,1.);
#12151 = DIRECTION('',(-0.998685403916,5.125879442682E-02,0.));
#12152 = ORIENTED_EDGE('',*,*,#12153,.T.);
#12153 = EDGE_CURVE('',#12146,#12154,#12156,.T.);
#12154 = VERTEX_POINT('',#12155);
#12155 = CARTESIAN_POINT('',(91.740475,-27.365877,-7.5E-02));
#12156 = LINE('',#12157,#12158);
#12157 = CARTESIAN_POINT('',(91.942981,-27.400187,-7.5E-02));
#12158 = VECTOR('',#12159,1.);
#12159 = DIRECTION('',(-0.985949024646,0.167046462997,0.));
#12160 = ORIENTED_EDGE('',*,*,#12161,.T.);
#12161 = EDGE_CURVE('',#12154,#12162,#12164,.T.);
#12162 = VERTEX_POINT('',#12163);
#12163 = CARTESIAN_POINT('',(91.56872,-27.312375,-7.5E-02));
#12164 = LINE('',#12165,#12166);
#12165 = CARTESIAN_POINT('',(91.740475,-27.365877,-7.5E-02));
#12166 = VECTOR('',#12167,1.);
#12167 = DIRECTION('',(-0.954750895909,0.297406668993,0.));
#12168 = ORIENTED_EDGE('',*,*,#12169,.T.);
#12169 = EDGE_CURVE('',#12162,#12170,#12172,.T.);
#12170 = VERTEX_POINT('',#12171);
#12171 = CARTESIAN_POINT('',(91.423274,-27.241547,-7.5E-02));
#12172 = LINE('',#12173,#12174);
#12173 = CARTESIAN_POINT('',(91.56872,-27.312375,-7.5E-02));
#12174 = VECTOR('',#12175,1.);
#12175 = DIRECTION('',(-0.899063619347,0.437818008272,0.));
#12176 = ORIENTED_EDGE('',*,*,#12177,.T.);
#12177 = EDGE_CURVE('',#12170,#12178,#12180,.T.);
#12178 = VERTEX_POINT('',#12179);
#12179 = CARTESIAN_POINT('',(91.155938,-26.966148,-7.5E-02));
#12180 = CIRCLE('',#12181,0.724919294549);
#12181 = AXIS2_PLACEMENT_3D('',#12182,#12183,#12184);
#12182 = CARTESIAN_POINT('',(91.791201642084,-26.61693733484,-7.5E-02));
#12183 = DIRECTION('',(0.,0.,-1.));
#12184 = DIRECTION('',(-0.507542901467,-0.861626487041,-0.));
#12185 = ORIENTED_EDGE('',*,*,#12186,.T.);
#12186 = EDGE_CURVE('',#12178,#12187,#12189,.T.);
#12187 = VERTEX_POINT('',#12188);
#12188 = CARTESIAN_POINT('',(91.097464,-26.837481,-7.5E-02));
#12189 = LINE('',#12190,#12191);
#12190 = CARTESIAN_POINT('',(91.155938,-26.966148,-7.5E-02));
#12191 = VECTOR('',#12192,1.);
#12192 = DIRECTION('',(-0.413738439022,0.910395795287,0.));
#12193 = ORIENTED_EDGE('',*,*,#12194,.T.);
#12194 = EDGE_CURVE('',#12187,#12195,#12197,.T.);
#12195 = VERTEX_POINT('',#12196);
#12196 = CARTESIAN_POINT('',(91.054797,-26.685675,-7.5E-02));
#12197 = LINE('',#12198,#12199);
#12198 = CARTESIAN_POINT('',(91.097464,-26.837481,-7.5E-02));
#12199 = VECTOR('',#12200,1.);
#12200 = DIRECTION('',(-0.270578452159,0.962697928339,0.));
#12201 = ORIENTED_EDGE('',*,*,#12202,.T.);
#12202 = EDGE_CURVE('',#12195,#12203,#12205,.T.);
#12203 = VERTEX_POINT('',#12204);
#12204 = CARTESIAN_POINT('',(91.034077,-26.527215,-7.5E-02));
#12205 = LINE('',#12206,#12207);
#12206 = CARTESIAN_POINT('',(91.054797,-26.685675,-7.5E-02));
#12207 = VECTOR('',#12208,1.);
#12208 = DIRECTION('',(-0.129654842607,0.991559187234,0.));
#12209 = ORIENTED_EDGE('',*,*,#12210,.T.);
#12210 = EDGE_CURVE('',#12203,#12211,#12213,.T.);
#12211 = VERTEX_POINT('',#12212);
#12212 = CARTESIAN_POINT('',(91.040655,-26.398603,-7.5E-02));
#12213 = LINE('',#12214,#12215);
#12214 = CARTESIAN_POINT('',(91.034077,-26.527215,-7.5E-02));
#12215 = VECTOR('',#12216,1.);
#12216 = DIRECTION('',(5.107931667827E-02,0.998694599669,0.));
#12217 = ORIENTED_EDGE('',*,*,#12218,.T.);
#12218 = EDGE_CURVE('',#12211,#12219,#12221,.T.);
#12219 = VERTEX_POINT('',#12220);
#12220 = CARTESIAN_POINT('',(91.06982,-26.293624,-7.5E-02));
#12221 = LINE('',#12222,#12223);
#12222 = CARTESIAN_POINT('',(91.040655,-26.398603,-7.5E-02));
#12223 = VECTOR('',#12224,1.);
#12224 = DIRECTION('',(0.267679366294,0.963508047118,0.));
#12225 = ORIENTED_EDGE('',*,*,#12226,.T.);
#12226 = EDGE_CURVE('',#12219,#12227,#12229,.T.);
#12227 = VERTEX_POINT('',#12228);
#12228 = CARTESIAN_POINT('',(91.119472,-26.207232,-7.5E-02));
#12229 = LINE('',#12230,#12231);
#12230 = CARTESIAN_POINT('',(91.06982,-26.293624,-7.5E-02));
#12231 = VECTOR('',#12232,1.);
#12232 = DIRECTION('',(0.498294628182,0.867007764397,0.));
#12233 = ORIENTED_EDGE('',*,*,#12234,.T.);
#12234 = EDGE_CURVE('',#12227,#12235,#12237,.T.);
#12235 = VERTEX_POINT('',#12236);
#12236 = CARTESIAN_POINT('',(91.19034,-26.135982,-7.5E-02));
#12237 = LINE('',#12238,#12239);
#12238 = CARTESIAN_POINT('',(91.119472,-26.207232,-7.5E-02));
#12239 = VECTOR('',#12240,1.);
#12240 = DIRECTION('',(0.705203596267,0.709004857397,0.));
#12241 = ORIENTED_EDGE('',*,*,#12242,.T.);
#12242 = EDGE_CURVE('',#12235,#12243,#12245,.T.);
#12243 = VERTEX_POINT('',#12244);
#12244 = CARTESIAN_POINT('',(91.299849,-26.068896,-7.5E-02));
#12245 = LINE('',#12246,#12247);
#12246 = CARTESIAN_POINT('',(91.19034,-26.135982,-7.5E-02));
#12247 = VECTOR('',#12248,1.);
#12248 = DIRECTION('',(0.852713703943,0.522378540053,0.));
#12249 = ORIENTED_EDGE('',*,*,#12250,.T.);
#12250 = EDGE_CURVE('',#12243,#12072,#12251,.T.);
#12251 = LINE('',#12252,#12253);
#12252 = CARTESIAN_POINT('',(91.299849,-26.068896,-7.5E-02));
#12253 = VECTOR('',#12254,1.);
#12254 = DIRECTION('',(0.939427092795,0.342748796239,0.));
#12255 = FACE_BOUND('',#12256,.T.);
#12256 = EDGE_LOOP('',(#12257,#12267,#12275,#12283,#12291,#12299,#12307,
    #12315,#12323,#12331,#12339,#12347,#12355,#12363,#12371,#12379));
#12257 = ORIENTED_EDGE('',*,*,#12258,.T.);
#12258 = EDGE_CURVE('',#12259,#12261,#12263,.T.);
#12259 = VERTEX_POINT('',#12260);
#12260 = CARTESIAN_POINT('',(92.242978,-26.999747,-7.5E-02));
#12261 = VERTEX_POINT('',#12262);
#12262 = CARTESIAN_POINT('',(92.116167,-26.389872,-7.5E-02));
#12263 = LINE('',#12264,#12265);
#12264 = CARTESIAN_POINT('',(92.242978,-26.999747,-7.5E-02));
#12265 = VECTOR('',#12266,1.);
#12266 = DIRECTION('',(-0.203575302812,0.979059291404,0.));
#12267 = ORIENTED_EDGE('',*,*,#12268,.T.);
#12268 = EDGE_CURVE('',#12261,#12269,#12271,.T.);
#12269 = VERTEX_POINT('',#12270);
#12270 = CARTESIAN_POINT('',(91.927563,-26.380738,-7.5E-02));
#12271 = LINE('',#12272,#12273);
#12272 = CARTESIAN_POINT('',(92.116167,-26.389872,-7.5E-02));
#12273 = VECTOR('',#12274,1.);
#12274 = DIRECTION('',(-0.998829349947,4.837281967731E-02,0.));
#12275 = ORIENTED_EDGE('',*,*,#12276,.T.);
#12276 = EDGE_CURVE('',#12269,#12277,#12279,.T.);
#12277 = VERTEX_POINT('',#12278);
#12278 = CARTESIAN_POINT('',(91.743794,-26.39444,-7.5E-02));
#12279 = LINE('',#12280,#12281);
#12280 = CARTESIAN_POINT('',(91.927563,-26.380738,-7.5E-02));
#12281 = VECTOR('',#12282,1.);
#12282 = DIRECTION('',(-0.99723186523,-7.435460288394E-02,0.));
#12283 = ORIENTED_EDGE('',*,*,#12284,.T.);
#12284 = EDGE_CURVE('',#12277,#12285,#12287,.T.);
#12285 = VERTEX_POINT('',#12286);
#12286 = CARTESIAN_POINT('',(91.667374,-26.414387,-7.5E-02));
#12287 = LINE('',#12288,#12289);
#12288 = CARTESIAN_POINT('',(91.743794,-26.39444,-7.5E-02));
#12289 = VECTOR('',#12290,1.);
#12290 = DIRECTION('',(-0.967582169752,-0.252556419001,0.));
#12291 = ORIENTED_EDGE('',*,*,#12292,.T.);
#12292 = EDGE_CURVE('',#12285,#12293,#12295,.T.);
#12293 = VERTEX_POINT('',#12294);
#12294 = CARTESIAN_POINT('',(91.610938,-26.443203,-7.5E-02));
#12295 = LINE('',#12296,#12297);
#12296 = CARTESIAN_POINT('',(91.667374,-26.414387,-7.5E-02));
#12297 = VECTOR('',#12298,1.);
#12298 = DIRECTION('',(-0.890620495833,-0.454747328087,0.));
#12299 = ORIENTED_EDGE('',*,*,#12300,.T.);
#12300 = EDGE_CURVE('',#12293,#12301,#12303,.T.);
#12301 = VERTEX_POINT('',#12302);
#12302 = CARTESIAN_POINT('',(91.567375,-26.484102,-7.5E-02));
#12303 = LINE('',#12304,#12305);
#12304 = CARTESIAN_POINT('',(91.610938,-26.443203,-7.5E-02));
#12305 = VECTOR('',#12306,1.);
#12306 = DIRECTION('',(-0.729046956594,-0.684463684267,0.));
#12307 = ORIENTED_EDGE('',*,*,#12308,.T.);
#12308 = EDGE_CURVE('',#12301,#12309,#12311,.T.);
#12309 = VERTEX_POINT('',#12310);
#12310 = CARTESIAN_POINT('',(91.539876,-26.536296,-7.5E-02));
#12311 = LINE('',#12312,#12313);
#12312 = CARTESIAN_POINT('',(91.567375,-26.484102,-7.5E-02));
#12313 = VECTOR('',#12314,1.);
#12314 = DIRECTION('',(-0.466124340764,-0.884719220401,0.));
#12315 = ORIENTED_EDGE('',*,*,#12316,.T.);
#12316 = EDGE_CURVE('',#12309,#12317,#12319,.T.);
#12317 = VERTEX_POINT('',#12318);
#12318 = CARTESIAN_POINT('',(91.529823,-26.598096,-7.5E-02));
#12319 = LINE('',#12320,#12321);
#12320 = CARTESIAN_POINT('',(91.539876,-26.536296,-7.5E-02));
#12321 = VECTOR('',#12322,1.);
#12322 = DIRECTION('',(-0.160559451435,-0.98702617116,0.));
#12323 = ORIENTED_EDGE('',*,*,#12324,.T.);
#12324 = EDGE_CURVE('',#12317,#12325,#12327,.T.);
#12325 = VERTEX_POINT('',#12326);
#12326 = CARTESIAN_POINT('',(91.538667,-26.682585,-7.5E-02));
#12327 = LINE('',#12328,#12329);
#12328 = CARTESIAN_POINT('',(91.529823,-26.598096,-7.5E-02));
#12329 = VECTOR('',#12330,1.);
#12330 = DIRECTION('',(0.104107541931,-0.994566045928,0.));
#12331 = ORIENTED_EDGE('',*,*,#12332,.T.);
#12332 = EDGE_CURVE('',#12325,#12333,#12335,.T.);
#12333 = VERTEX_POINT('',#12334);
#12334 = CARTESIAN_POINT('',(91.577142,-26.795858,-7.5E-02));
#12335 = LINE('',#12336,#12337);
#12336 = CARTESIAN_POINT('',(91.538667,-26.682585,-7.5E-02));
#12337 = VECTOR('',#12338,1.);
#12338 = DIRECTION('',(0.321619334028,-0.946869053238,0.));
#12339 = ORIENTED_EDGE('',*,*,#12340,.T.);
#12340 = EDGE_CURVE('',#12333,#12341,#12343,.T.);
#12341 = VERTEX_POINT('',#12342);
#12342 = CARTESIAN_POINT('',(91.635461,-26.877004,-7.5E-02));
#12343 = LINE('',#12344,#12345);
#12344 = CARTESIAN_POINT('',(91.577142,-26.795858,-7.5E-02));
#12345 = VECTOR('',#12346,1.);
#12346 = DIRECTION('',(0.583605117809,-0.812037601634,0.));
#12347 = ORIENTED_EDGE('',*,*,#12348,.T.);
#12348 = EDGE_CURVE('',#12341,#12349,#12351,.T.);
#12349 = VERTEX_POINT('',#12350);
#12350 = CARTESIAN_POINT('',(91.714107,-26.932714,-7.5E-02));
#12351 = LINE('',#12352,#12353);
#12352 = CARTESIAN_POINT('',(91.635461,-26.877004,-7.5E-02));
#12353 = VECTOR('',#12354,1.);
#12354 = DIRECTION('',(0.816012653755,-0.578034037849,0.));
#12355 = ORIENTED_EDGE('',*,*,#12356,.T.);
#12356 = EDGE_CURVE('',#12349,#12357,#12359,.T.);
#12357 = VERTEX_POINT('',#12358);
#12358 = CARTESIAN_POINT('',(91.808365,-26.967511,-7.5E-02));
#12359 = LINE('',#12360,#12361);
#12360 = CARTESIAN_POINT('',(91.714107,-26.932714,-7.5E-02));
#12361 = VECTOR('',#12362,1.);
#12362 = DIRECTION('',(0.938115727033,-0.346321935046,0.));
#12363 = ORIENTED_EDGE('',*,*,#12364,.T.);
#12364 = EDGE_CURVE('',#12357,#12365,#12367,.T.);
#12365 = VERTEX_POINT('',#12366);
#12366 = CARTESIAN_POINT('',(91.93301,-26.990985,-7.5E-02));
#12367 = LINE('',#12368,#12369);
#12368 = CARTESIAN_POINT('',(91.808365,-26.967511,-7.5E-02));
#12369 = VECTOR('',#12370,1.);
#12370 = DIRECTION('',(0.98272469204,-0.185073443948,0.));
#12371 = ORIENTED_EDGE('',*,*,#12372,.T.);
#12372 = EDGE_CURVE('',#12365,#12373,#12375,.T.);
#12373 = VERTEX_POINT('',#12374);
#12374 = CARTESIAN_POINT('',(92.09548,-26.999747,-7.5E-02));
#12375 = LINE('',#12376,#12377);
#12376 = CARTESIAN_POINT('',(91.93301,-26.990985,-7.5E-02));
#12377 = VECTOR('',#12378,1.);
#12378 = DIRECTION('',(0.998548944372,-5.385170093303E-02,0.));
#12379 = ORIENTED_EDGE('',*,*,#12380,.T.);
#12380 = EDGE_CURVE('',#12373,#12259,#12381,.T.);
#12381 = LINE('',#12382,#12383);
#12382 = CARTESIAN_POINT('',(92.09548,-26.999747,-7.5E-02));
#12383 = VECTOR('',#12384,1.);
#12384 = DIRECTION('',(1.,0.,0.));
#12385 = PLANE('',#12386);
#12386 = AXIS2_PLACEMENT_3D('',#12387,#12388,#12389);
#12387 = CARTESIAN_POINT('',(0.,0.,-7.5E-02));
#12388 = DIRECTION('',(-0.,-0.,-1.));
#12389 = DIRECTION('',(-1.,0.,0.));
#12390 = SHELL_BASED_SURFACE_MODEL('',(#12391));
#12391 = OPEN_SHELL('',(#12392));
#12392 = ADVANCED_FACE('',(#12393,#12607),#12867,.T.);
#12393 = FACE_BOUND('',#12394,.T.);
#12394 = EDGE_LOOP('',(#12395,#12406,#12414,#12423,#12431,#12439,#12447,
    #12455,#12463,#12471,#12479,#12487,#12495,#12503,#12512,#12520,
    #12529,#12537,#12545,#12553,#12561,#12569,#12577,#12585,#12593,
    #12601));
#12395 = ORIENTED_EDGE('',*,*,#12396,.T.);
#12396 = EDGE_CURVE('',#12397,#12399,#12401,.T.);
#12397 = VERTEX_POINT('',#12398);
#12398 = CARTESIAN_POINT('',(62.541668,-26.730572,-7.5E-02));
#12399 = VERTEX_POINT('',#12400);
#12400 = CARTESIAN_POINT('',(62.842318,-26.606095,-7.5E-02));
#12401 = CIRCLE('',#12402,0.397808258529);
#12402 = AXIS2_PLACEMENT_3D('',#12403,#12404,#12405);
#12403 = CARTESIAN_POINT('',(62.830859356707,-27.00373819439,-7.5E-02));
#12404 = DIRECTION('',(0.,0.,-1.));
#12405 = DIRECTION('',(-0.726961671879,0.686678037816,0.));
#12406 = ORIENTED_EDGE('',*,*,#12407,.T.);
#12407 = EDGE_CURVE('',#12399,#12408,#12410,.T.);
#12408 = VERTEX_POINT('',#12409);
#12409 = CARTESIAN_POINT('',(62.93098,-26.614201,-7.5E-02));
#12410 = LINE('',#12411,#12412);
#12411 = CARTESIAN_POINT('',(62.842318,-26.606095,-7.5E-02));
#12412 = VECTOR('',#12413,1.);
#12413 = DIRECTION('',(0.995846674851,-9.104614317686E-02,0.));
#12414 = ORIENTED_EDGE('',*,*,#12415,.T.);
#12415 = EDGE_CURVE('',#12408,#12416,#12418,.T.);
#12416 = VERTEX_POINT('',#12417);
#12417 = CARTESIAN_POINT('',(63.142874,-26.730566,-7.5E-02));
#12418 = CIRCLE('',#12419,0.387254184917);
#12419 = AXIS2_PLACEMENT_3D('',#12420,#12421,#12422);
#12420 = CARTESIAN_POINT('',(62.859832039306,-26.99486328001,-7.5E-02));
#12421 = DIRECTION('',(0.,0.,-1.));
#12422 = DIRECTION('',(0.183724188052,0.9829778343,0.));
#12423 = ORIENTED_EDGE('',*,*,#12424,.T.);
#12424 = EDGE_CURVE('',#12416,#12425,#12427,.T.);
#12425 = VERTEX_POINT('',#12426);
#12426 = CARTESIAN_POINT('',(63.200072,-26.803199,-7.5E-02));
#12427 = LINE('',#12428,#12429);
#12428 = CARTESIAN_POINT('',(63.142874,-26.730566,-7.5E-02));
#12429 = VECTOR('',#12430,1.);
#12430 = DIRECTION('',(0.618685343136,-0.785638877723,0.));
#12431 = ORIENTED_EDGE('',*,*,#12432,.T.);
#12432 = EDGE_CURVE('',#12425,#12433,#12435,.T.);
#12433 = VERTEX_POINT('',#12434);
#12434 = CARTESIAN_POINT('',(63.25258,-26.902674,-7.5E-02));
#12435 = LINE('',#12436,#12437);
#12436 = CARTESIAN_POINT('',(63.200072,-26.803199,-7.5E-02));
#12437 = VECTOR('',#12438,1.);
#12438 = DIRECTION('',(0.466809417169,-0.884357941131,0.));
#12439 = ORIENTED_EDGE('',*,*,#12440,.T.);
#12440 = EDGE_CURVE('',#12433,#12441,#12443,.T.);
#12441 = VERTEX_POINT('',#12442);
#12442 = CARTESIAN_POINT('',(63.293026,-27.026161,-7.5E-02));
#12443 = LINE('',#12444,#12445);
#12444 = CARTESIAN_POINT('',(63.25258,-26.902674,-7.5E-02));
#12445 = VECTOR('',#12446,1.);
#12446 = DIRECTION('',(0.311261996296,-0.950324139261,0.));
#12447 = ORIENTED_EDGE('',*,*,#12448,.T.);
#12448 = EDGE_CURVE('',#12441,#12449,#12451,.T.);
#12449 = VERTEX_POINT('',#12450);
#12450 = CARTESIAN_POINT('',(63.319507,-27.17848,-7.5E-02));
#12451 = LINE('',#12452,#12453);
#12452 = CARTESIAN_POINT('',(63.293026,-27.026161,-7.5E-02));
#12453 = VECTOR('',#12454,1.);
#12454 = DIRECTION('',(0.171283032328,-0.985221864778,0.));
#12455 = ORIENTED_EDGE('',*,*,#12456,.T.);
#12456 = EDGE_CURVE('',#12449,#12457,#12459,.T.);
#12457 = VERTEX_POINT('',#12458);
#12458 = CARTESIAN_POINT('',(63.329124,-27.365202,-7.5E-02));
#12459 = LINE('',#12460,#12461);
#12460 = CARTESIAN_POINT('',(63.319507,-27.17848,-7.5E-02));
#12461 = VECTOR('',#12462,1.);
#12462 = DIRECTION('',(5.143619825278E-02,-0.998676282641,0.));
#12463 = ORIENTED_EDGE('',*,*,#12464,.T.);
#12464 = EDGE_CURVE('',#12457,#12465,#12467,.T.);
#12465 = VERTEX_POINT('',#12466);
#12466 = CARTESIAN_POINT('',(63.319507,-27.551924,-7.5E-02));
#12467 = LINE('',#12468,#12469);
#12468 = CARTESIAN_POINT('',(63.329124,-27.365202,-7.5E-02));
#12469 = VECTOR('',#12470,1.);
#12470 = DIRECTION('',(-5.143619825278E-02,-0.998676282641,0.));
#12471 = ORIENTED_EDGE('',*,*,#12472,.T.);
#12472 = EDGE_CURVE('',#12465,#12473,#12475,.T.);
#12473 = VERTEX_POINT('',#12474);
#12474 = CARTESIAN_POINT('',(63.293026,-27.704243,-7.5E-02));
#12475 = LINE('',#12476,#12477);
#12476 = CARTESIAN_POINT('',(63.319507,-27.551924,-7.5E-02));
#12477 = VECTOR('',#12478,1.);
#12478 = DIRECTION('',(-0.171283032328,-0.985221864778,0.));
#12479 = ORIENTED_EDGE('',*,*,#12480,.T.);
#12480 = EDGE_CURVE('',#12473,#12481,#12483,.T.);
#12481 = VERTEX_POINT('',#12482);
#12482 = CARTESIAN_POINT('',(63.25258,-27.827729,-7.5E-02));
#12483 = LINE('',#12484,#12485);
#12484 = CARTESIAN_POINT('',(63.293026,-27.704243,-7.5E-02));
#12485 = VECTOR('',#12486,1.);
#12486 = DIRECTION('',(-0.31126427271,-0.950323393658,0.));
#12487 = ORIENTED_EDGE('',*,*,#12488,.T.);
#12488 = EDGE_CURVE('',#12481,#12489,#12491,.T.);
#12489 = VERTEX_POINT('',#12490);
#12490 = CARTESIAN_POINT('',(63.200072,-27.927205,-7.5E-02));
#12491 = LINE('',#12492,#12493);
#12492 = CARTESIAN_POINT('',(63.25258,-27.827729,-7.5E-02));
#12493 = VECTOR('',#12494,1.);
#12494 = DIRECTION('',(-0.466805747061,-0.884359878393,0.));
#12495 = ORIENTED_EDGE('',*,*,#12496,.T.);
#12496 = EDGE_CURVE('',#12489,#12497,#12499,.T.);
#12497 = VERTEX_POINT('',#12498);
#12498 = CARTESIAN_POINT('',(63.142874,-27.999838,-7.5E-02));
#12499 = LINE('',#12500,#12501);
#12500 = CARTESIAN_POINT('',(63.200072,-27.927205,-7.5E-02));
#12501 = VECTOR('',#12502,1.);
#12502 = DIRECTION('',(-0.618685343136,-0.785638877723,0.));
#12503 = ORIENTED_EDGE('',*,*,#12504,.T.);
#12504 = EDGE_CURVE('',#12497,#12505,#12507,.T.);
#12505 = VERTEX_POINT('',#12506);
#12506 = CARTESIAN_POINT('',(62.842318,-28.124309,-7.5E-02));
#12507 = CIRCLE('',#12508,0.397676632998);
#12508 = AXIS2_PLACEMENT_3D('',#12509,#12510,#12511);
#12509 = CARTESIAN_POINT('',(62.853745831755,-27.72679659881,-7.5E-02));
#12510 = DIRECTION('',(0.,0.,-1.));
#12511 = DIRECTION('',(0.727043392179,-0.68659151312,0.));
#12512 = ORIENTED_EDGE('',*,*,#12513,.T.);
#12513 = EDGE_CURVE('',#12505,#12514,#12516,.T.);
#12514 = VERTEX_POINT('',#12515);
#12515 = CARTESIAN_POINT('',(62.753614,-28.116201,-7.5E-02));
#12516 = LINE('',#12517,#12518);
#12517 = CARTESIAN_POINT('',(62.842318,-28.124309,-7.5E-02));
#12518 = VECTOR('',#12519,1.);
#12519 = DIRECTION('',(-0.995848547457,9.102565862621E-02,0.));
#12520 = ORIENTED_EDGE('',*,*,#12521,.T.);
#12521 = EDGE_CURVE('',#12514,#12522,#12524,.T.);
#12522 = VERTEX_POINT('',#12523);
#12523 = CARTESIAN_POINT('',(62.541668,-27.999832,-7.5E-02));
#12524 = CIRCLE('',#12525,0.387338066167);
#12525 = AXIS2_PLACEMENT_3D('',#12526,#12527,#12528);
#12526 = CARTESIAN_POINT('',(62.824745989958,-27.73545040248,-7.5E-02));
#12527 = DIRECTION('',(0.,0.,-1.));
#12528 = DIRECTION('',(-0.183643169032,-0.982992973763,-0.));
#12529 = ORIENTED_EDGE('',*,*,#12530,.T.);
#12530 = EDGE_CURVE('',#12522,#12531,#12533,.T.);
#12531 = VERTEX_POINT('',#12532);
#12532 = CARTESIAN_POINT('',(62.484471,-27.927205,-7.5E-02));
#12533 = LINE('',#12534,#12535);
#12534 = CARTESIAN_POINT('',(62.541668,-27.999832,-7.5E-02));
#12535 = VECTOR('',#12536,1.);
#12536 = DIRECTION('',(-0.618710213156,0.785619292111,0.));
#12537 = ORIENTED_EDGE('',*,*,#12538,.T.);
#12538 = EDGE_CURVE('',#12531,#12539,#12541,.T.);
#12539 = VERTEX_POINT('',#12540);
#12540 = CARTESIAN_POINT('',(62.431963,-27.827729,-7.5E-02));
#12541 = LINE('',#12542,#12543);
#12542 = CARTESIAN_POINT('',(62.484471,-27.927205,-7.5E-02));
#12543 = VECTOR('',#12544,1.);
#12544 = DIRECTION('',(-0.466805747061,0.884359878393,0.));
#12545 = ORIENTED_EDGE('',*,*,#12546,.T.);
#12546 = EDGE_CURVE('',#12539,#12547,#12549,.T.);
#12547 = VERTEX_POINT('',#12548);
#12548 = CARTESIAN_POINT('',(62.391517,-27.704243,-7.5E-02));
#12549 = LINE('',#12550,#12551);
#12550 = CARTESIAN_POINT('',(62.431963,-27.827729,-7.5E-02));
#12551 = VECTOR('',#12552,1.);
#12552 = DIRECTION('',(-0.31126427271,0.950323393658,0.));
#12553 = ORIENTED_EDGE('',*,*,#12554,.T.);
#12554 = EDGE_CURVE('',#12547,#12555,#12557,.T.);
#12555 = VERTEX_POINT('',#12556);
#12556 = CARTESIAN_POINT('',(62.365037,-27.551924,-7.5E-02));
#12557 = LINE('',#12558,#12559);
#12558 = CARTESIAN_POINT('',(62.391517,-27.704243,-7.5E-02));
#12559 = VECTOR('',#12560,1.);
#12560 = DIRECTION('',(-0.171276753931,0.985222956271,0.));
#12561 = ORIENTED_EDGE('',*,*,#12562,.T.);
#12562 = EDGE_CURVE('',#12555,#12563,#12565,.T.);
#12563 = VERTEX_POINT('',#12564);
#12564 = CARTESIAN_POINT('',(62.355419,-27.365202,-7.5E-02));
#12565 = LINE('',#12566,#12567);
#12566 = CARTESIAN_POINT('',(62.365037,-27.551924,-7.5E-02));
#12567 = VECTOR('',#12568,1.);
#12568 = DIRECTION('',(-5.144153256634E-02,0.998676007886,0.));
#12569 = ORIENTED_EDGE('',*,*,#12570,.T.);
#12570 = EDGE_CURVE('',#12563,#12571,#12573,.T.);
#12571 = VERTEX_POINT('',#12572);
#12572 = CARTESIAN_POINT('',(62.365037,-27.17848,-7.5E-02));
#12573 = LINE('',#12574,#12575);
#12574 = CARTESIAN_POINT('',(62.355419,-27.365202,-7.5E-02));
#12575 = VECTOR('',#12576,1.);
#12576 = DIRECTION('',(5.144153256634E-02,0.998676007886,0.));
#12577 = ORIENTED_EDGE('',*,*,#12578,.T.);
#12578 = EDGE_CURVE('',#12571,#12579,#12581,.T.);
#12579 = VERTEX_POINT('',#12580);
#12580 = CARTESIAN_POINT('',(62.391517,-27.026161,-7.5E-02));
#12581 = LINE('',#12582,#12583);
#12582 = CARTESIAN_POINT('',(62.365037,-27.17848,-7.5E-02));
#12583 = VECTOR('',#12584,1.);
#12584 = DIRECTION('',(0.171276753931,0.985222956271,0.));
#12585 = ORIENTED_EDGE('',*,*,#12586,.T.);
#12586 = EDGE_CURVE('',#12579,#12587,#12589,.T.);
#12587 = VERTEX_POINT('',#12588);
#12588 = CARTESIAN_POINT('',(62.431963,-26.902674,-7.5E-02));
#12589 = LINE('',#12590,#12591);
#12590 = CARTESIAN_POINT('',(62.391517,-27.026161,-7.5E-02));
#12591 = VECTOR('',#12592,1.);
#12592 = DIRECTION('',(0.311261996296,0.950324139261,0.));
#12593 = ORIENTED_EDGE('',*,*,#12594,.T.);
#12594 = EDGE_CURVE('',#12587,#12595,#12597,.T.);
#12595 = VERTEX_POINT('',#12596);
#12596 = CARTESIAN_POINT('',(62.484471,-26.803199,-7.5E-02));
#12597 = LINE('',#12598,#12599);
#12598 = CARTESIAN_POINT('',(62.431963,-26.902674,-7.5E-02));
#12599 = VECTOR('',#12600,1.);
#12600 = DIRECTION('',(0.466809417169,0.884357941131,0.));
#12601 = ORIENTED_EDGE('',*,*,#12602,.T.);
#12602 = EDGE_CURVE('',#12595,#12397,#12603,.T.);
#12603 = LINE('',#12604,#12605);
#12604 = CARTESIAN_POINT('',(62.484471,-26.803199,-7.5E-02));
#12605 = VECTOR('',#12606,1.);
#12606 = DIRECTION('',(0.618710213156,0.785619292111,0.));
#12607 = FACE_BOUND('',#12608,.T.);
#12608 = EDGE_LOOP('',(#12609,#12619,#12627,#12635,#12643,#12651,#12659,
    #12667,#12675,#12683,#12692,#12700,#12708,#12716,#12724,#12732,
    #12740,#12748,#12756,#12764,#12772,#12780,#12788,#12796,#12804,
    #12812,#12821,#12829,#12837,#12845,#12853,#12861));
#12609 = ORIENTED_EDGE('',*,*,#12610,.T.);
#12610 = EDGE_CURVE('',#12611,#12613,#12615,.T.);
#12611 = VERTEX_POINT('',#12612);
#12612 = CARTESIAN_POINT('',(62.937996,-26.797388,-7.5E-02));
#12613 = VERTEX_POINT('',#12614);
#12614 = CARTESIAN_POINT('',(62.893725,-26.781578,-7.5E-02));
#12615 = LINE('',#12616,#12617);
#12616 = CARTESIAN_POINT('',(62.937996,-26.797388,-7.5E-02));
#12617 = VECTOR('',#12618,1.);
#12618 = DIRECTION('',(-0.941749130508,0.336316183356,0.));
#12619 = ORIENTED_EDGE('',*,*,#12620,.T.);
#12620 = EDGE_CURVE('',#12613,#12621,#12623,.T.);
#12621 = VERTEX_POINT('',#12622);
#12622 = CARTESIAN_POINT('',(62.842318,-26.776088,-7.5E-02));
#12623 = LINE('',#12624,#12625);
#12624 = CARTESIAN_POINT('',(62.893725,-26.781578,-7.5E-02));
#12625 = VECTOR('',#12626,1.);
#12626 = DIRECTION('',(-0.994345755763,0.106190950632,0.));
#12627 = ORIENTED_EDGE('',*,*,#12628,.T.);
#12628 = EDGE_CURVE('',#12621,#12629,#12631,.T.);
#12629 = VERTEX_POINT('',#12630);
#12630 = CARTESIAN_POINT('',(62.790912,-26.78158,-7.5E-02));
#12631 = LINE('',#12632,#12633);
#12632 = CARTESIAN_POINT('',(62.842318,-26.776088,-7.5E-02));
#12633 = VECTOR('',#12634,1.);
#12634 = DIRECTION('',(-0.994341451971,-0.106231242544,0.));
#12635 = ORIENTED_EDGE('',*,*,#12636,.T.);
#12636 = EDGE_CURVE('',#12629,#12637,#12639,.T.);
#12637 = VERTEX_POINT('',#12638);
#12638 = CARTESIAN_POINT('',(62.746674,-26.797391,-7.5E-02));
#12639 = LINE('',#12640,#12641);
#12640 = CARTESIAN_POINT('',(62.790912,-26.78158,-7.5E-02));
#12641 = VECTOR('',#12642,1.);
#12642 = DIRECTION('',(-0.941662904824,-0.336557533979,0.));
#12643 = ORIENTED_EDGE('',*,*,#12644,.T.);
#12644 = EDGE_CURVE('',#12637,#12645,#12647,.T.);
#12645 = VERTEX_POINT('',#12646);
#12646 = CARTESIAN_POINT('',(62.708045,-26.823441,-7.5E-02));
#12647 = LINE('',#12648,#12649);
#12648 = CARTESIAN_POINT('',(62.746674,-26.797391,-7.5E-02));
#12649 = VECTOR('',#12650,1.);
#12650 = DIRECTION('',(-0.829093184292,-0.559110446835,0.));
#12651 = ORIENTED_EDGE('',*,*,#12652,.T.);
#12652 = EDGE_CURVE('',#12645,#12653,#12655,.T.);
#12653 = VERTEX_POINT('',#12654);
#12654 = CARTESIAN_POINT('',(62.659948,-26.877531,-7.5E-02));
#12655 = LINE('',#12656,#12657);
#12656 = CARTESIAN_POINT('',(62.708045,-26.823441,-7.5E-02));
#12657 = VECTOR('',#12658,1.);
#12658 = DIRECTION('',(-0.664495030362,-0.747292683374,0.));
#12659 = ORIENTED_EDGE('',*,*,#12660,.T.);
#12660 = EDGE_CURVE('',#12653,#12661,#12663,.T.);
#12661 = VERTEX_POINT('',#12662);
#12662 = CARTESIAN_POINT('',(62.620942,-26.950752,-7.5E-02));
#12663 = LINE('',#12664,#12665);
#12664 = CARTESIAN_POINT('',(62.659948,-26.877531,-7.5E-02));
#12665 = VECTOR('',#12666,1.);
#12666 = DIRECTION('',(-0.470164009818,-0.882579063808,0.));
#12667 = ORIENTED_EDGE('',*,*,#12668,.T.);
#12668 = EDGE_CURVE('',#12661,#12669,#12671,.T.);
#12669 = VERTEX_POINT('',#12670);
#12670 = CARTESIAN_POINT('',(62.593827,-27.034811,-7.5E-02));
#12671 = LINE('',#12672,#12673);
#12672 = CARTESIAN_POINT('',(62.620942,-26.950752,-7.5E-02));
#12673 = VECTOR('',#12674,1.);
#12674 = DIRECTION('',(-0.306994509877,-0.951711285478,0.));
#12675 = ORIENTED_EDGE('',*,*,#12676,.T.);
#12676 = EDGE_CURVE('',#12669,#12677,#12679,.T.);
#12677 = VERTEX_POINT('',#12678);
#12678 = CARTESIAN_POINT('',(62.57478,-27.138056,-7.5E-02));
#12679 = LINE('',#12680,#12681);
#12680 = CARTESIAN_POINT('',(62.593827,-27.034811,-7.5E-02));
#12681 = VECTOR('',#12682,1.);
#12682 = DIRECTION('',(-0.181422066264,-0.983405325322,0.));
#12683 = ORIENTED_EDGE('',*,*,#12684,.T.);
#12684 = EDGE_CURVE('',#12677,#12685,#12687,.T.);
#12685 = VERTEX_POINT('',#12686);
#12686 = CARTESIAN_POINT('',(62.564635,-27.483457,-7.5E-02));
#12687 = CIRCLE('',#12688,1.862941351239);
#12688 = AXIS2_PLACEMENT_3D('',#12689,#12690,#12691);
#12689 = CARTESIAN_POINT('',(64.423820110412,-27.36521486124,-7.5E-02));
#12690 = DIRECTION('',(0.,0.,1.));
#12691 = DIRECTION('',(-0.992538014781,0.121935594534,0.));
#12692 = ORIENTED_EDGE('',*,*,#12693,.T.);
#12693 = EDGE_CURVE('',#12685,#12694,#12696,.T.);
#12694 = VERTEX_POINT('',#12695);
#12695 = CARTESIAN_POINT('',(62.57478,-27.592439,-7.5E-02));
#12696 = LINE('',#12697,#12698);
#12697 = CARTESIAN_POINT('',(62.564635,-27.483457,-7.5E-02));
#12698 = VECTOR('',#12699,1.);
#12699 = DIRECTION('',(9.268803825356E-02,-0.995695198123,0.));
#12700 = ORIENTED_EDGE('',*,*,#12701,.T.);
#12701 = EDGE_CURVE('',#12694,#12702,#12704,.T.);
#12702 = VERTEX_POINT('',#12703);
#12703 = CARTESIAN_POINT('',(62.593824,-27.695604,-7.5E-02));
#12704 = LINE('',#12705,#12706);
#12705 = CARTESIAN_POINT('',(62.57478,-27.592439,-7.5E-02));
#12706 = VECTOR('',#12707,1.);
#12707 = DIRECTION('',(0.18153046161,-0.983385321991,0.));
#12708 = ORIENTED_EDGE('',*,*,#12709,.T.);
#12709 = EDGE_CURVE('',#12702,#12710,#12712,.T.);
#12710 = VERTEX_POINT('',#12711);
#12711 = CARTESIAN_POINT('',(62.620942,-27.779651,-7.5E-02));
#12712 = LINE('',#12713,#12714);
#12713 = CARTESIAN_POINT('',(62.593824,-27.695604,-7.5E-02));
#12714 = VECTOR('',#12715,1.);
#12715 = DIRECTION('',(0.30706497732,-0.95168855184,0.));
#12716 = ORIENTED_EDGE('',*,*,#12717,.T.);
#12717 = EDGE_CURVE('',#12710,#12718,#12720,.T.);
#12718 = VERTEX_POINT('',#12719);
#12719 = CARTESIAN_POINT('',(62.659948,-27.852873,-7.5E-02));
#12720 = LINE('',#12721,#12722);
#12721 = CARTESIAN_POINT('',(62.620942,-27.779651,-7.5E-02));
#12722 = VECTOR('',#12723,1.);
#12723 = DIRECTION('',(0.470159008125,-0.882581728271,0.));
#12724 = ORIENTED_EDGE('',*,*,#12725,.T.);
#12725 = EDGE_CURVE('',#12718,#12726,#12728,.T.);
#12726 = VERTEX_POINT('',#12727);
#12727 = CARTESIAN_POINT('',(62.708045,-27.906963,-7.5E-02));
#12728 = LINE('',#12729,#12730);
#12729 = CARTESIAN_POINT('',(62.659948,-27.852873,-7.5E-02));
#12730 = VECTOR('',#12731,1.);
#12731 = DIRECTION('',(0.664495030362,-0.747292683374,0.));
#12732 = ORIENTED_EDGE('',*,*,#12733,.T.);
#12733 = EDGE_CURVE('',#12726,#12734,#12736,.T.);
#12734 = VERTEX_POINT('',#12735);
#12735 = CARTESIAN_POINT('',(62.746674,-27.933013,-7.5E-02));
#12736 = LINE('',#12737,#12738);
#12737 = CARTESIAN_POINT('',(62.708045,-27.906963,-7.5E-02));
#12738 = VECTOR('',#12739,1.);
#12739 = DIRECTION('',(0.829093184292,-0.559110446835,0.));
#12740 = ORIENTED_EDGE('',*,*,#12741,.T.);
#12741 = EDGE_CURVE('',#12734,#12742,#12744,.T.);
#12742 = VERTEX_POINT('',#12743);
#12743 = CARTESIAN_POINT('',(62.790912,-27.948824,-7.5E-02));
#12744 = LINE('',#12745,#12746);
#12745 = CARTESIAN_POINT('',(62.746674,-27.933013,-7.5E-02));
#12746 = VECTOR('',#12747,1.);
#12747 = DIRECTION('',(0.941662904824,-0.336557533979,0.));
#12748 = ORIENTED_EDGE('',*,*,#12749,.T.);
#12749 = EDGE_CURVE('',#12742,#12750,#12752,.T.);
#12750 = VERTEX_POINT('',#12751);
#12751 = CARTESIAN_POINT('',(62.842318,-27.954316,-7.5E-02));
#12752 = LINE('',#12753,#12754);
#12753 = CARTESIAN_POINT('',(62.790912,-27.948824,-7.5E-02));
#12754 = VECTOR('',#12755,1.);
#12755 = DIRECTION('',(0.994341451971,-0.106231242544,0.));
#12756 = ORIENTED_EDGE('',*,*,#12757,.T.);
#12757 = EDGE_CURVE('',#12750,#12758,#12760,.T.);
#12758 = VERTEX_POINT('',#12759);
#12759 = CARTESIAN_POINT('',(62.893725,-27.948825,-7.5E-02));
#12760 = LINE('',#12761,#12762);
#12761 = CARTESIAN_POINT('',(62.842318,-27.954316,-7.5E-02));
#12762 = VECTOR('',#12763,1.);
#12763 = DIRECTION('',(0.994343713187,0.10621007507,0.));
#12764 = ORIENTED_EDGE('',*,*,#12765,.T.);
#12765 = EDGE_CURVE('',#12758,#12766,#12768,.T.);
#12766 = VERTEX_POINT('',#12767);
#12767 = CARTESIAN_POINT('',(62.937996,-27.933016,-7.5E-02));
#12768 = LINE('',#12769,#12770);
#12769 = CARTESIAN_POINT('',(62.893725,-27.948825,-7.5E-02));
#12770 = VECTOR('',#12771,1.);
#12771 = DIRECTION('',(0.941755867869,0.33629731687,0.));
#12772 = ORIENTED_EDGE('',*,*,#12773,.T.);
#12773 = EDGE_CURVE('',#12766,#12774,#12776,.T.);
#12774 = VERTEX_POINT('',#12775);
#12775 = CARTESIAN_POINT('',(62.976682,-27.906963,-7.5E-02));
#12776 = LINE('',#12777,#12778);
#12777 = CARTESIAN_POINT('',(62.937996,-27.933016,-7.5E-02));
#12778 = VECTOR('',#12779,1.);
#12779 = DIRECTION('',(0.829445239027,0.558588037336,0.));
#12780 = ORIENTED_EDGE('',*,*,#12781,.T.);
#12781 = EDGE_CURVE('',#12774,#12782,#12784,.T.);
#12782 = VERTEX_POINT('',#12783);
#12783 = CARTESIAN_POINT('',(63.024705,-27.852881,-7.5E-02));
#12784 = LINE('',#12785,#12786);
#12785 = CARTESIAN_POINT('',(62.976682,-27.906963,-7.5E-02));
#12786 = VECTOR('',#12787,1.);
#12787 = DIRECTION('',(0.66397842701,0.747751729162,0.));
#12788 = ORIENTED_EDGE('',*,*,#12789,.T.);
#12789 = EDGE_CURVE('',#12782,#12790,#12792,.T.);
#12790 = VERTEX_POINT('',#12791);
#12791 = CARTESIAN_POINT('',(63.063693,-27.779651,-7.5E-02));
#12792 = LINE('',#12793,#12794);
#12793 = CARTESIAN_POINT('',(63.024705,-27.852881,-7.5E-02));
#12794 = VECTOR('',#12795,1.);
#12795 = DIRECTION('',(0.469949974731,0.882693050415,0.));
#12796 = ORIENTED_EDGE('',*,*,#12797,.T.);
#12797 = EDGE_CURVE('',#12790,#12798,#12800,.T.);
#12798 = VERTEX_POINT('',#12799);
#12799 = CARTESIAN_POINT('',(63.090811,-27.695604,-7.5E-02));
#12800 = LINE('',#12801,#12802);
#12801 = CARTESIAN_POINT('',(63.063693,-27.779651,-7.5E-02));
#12802 = VECTOR('',#12803,1.);
#12803 = DIRECTION('',(0.30706497732,0.95168855184,0.));
#12804 = ORIENTED_EDGE('',*,*,#12805,.T.);
#12805 = EDGE_CURVE('',#12798,#12806,#12808,.T.);
#12806 = VERTEX_POINT('',#12807);
#12807 = CARTESIAN_POINT('',(63.109855,-27.592439,-7.5E-02));
#12808 = LINE('',#12809,#12810);
#12809 = CARTESIAN_POINT('',(63.090811,-27.695604,-7.5E-02));
#12810 = VECTOR('',#12811,1.);
#12811 = DIRECTION('',(0.18153046161,0.983385321991,0.));
#12812 = ORIENTED_EDGE('',*,*,#12813,.T.);
#12813 = EDGE_CURVE('',#12806,#12814,#12816,.T.);
#12814 = VERTEX_POINT('',#12815);
#12815 = CARTESIAN_POINT('',(63.119999,-27.246957,-7.5E-02));
#12816 = CIRCLE('',#12817,1.864400192011);
#12817 = AXIS2_PLACEMENT_3D('',#12818,#12819,#12820);
#12818 = CARTESIAN_POINT('',(61.259353103339,-27.36521486742,-7.5E-02));
#12819 = DIRECTION('',(0.,-0.,1.));
#12820 = DIRECTION('',(0.992545433427,-0.121875192648,-0.));
#12821 = ORIENTED_EDGE('',*,*,#12822,.T.);
#12822 = EDGE_CURVE('',#12814,#12823,#12825,.T.);
#12823 = VERTEX_POINT('',#12824);
#12824 = CARTESIAN_POINT('',(63.109855,-27.138056,-7.5E-02));
#12825 = LINE('',#12826,#12827);
#12826 = CARTESIAN_POINT('',(63.119999,-27.246957,-7.5E-02));
#12827 = VECTOR('',#12828,1.);
#12828 = DIRECTION('',(-9.274732179407E-02,0.995689677711,0.));
#12829 = ORIENTED_EDGE('',*,*,#12830,.T.);
#12830 = EDGE_CURVE('',#12823,#12831,#12833,.T.);
#12831 = VERTEX_POINT('',#12832);
#12832 = CARTESIAN_POINT('',(63.090808,-27.034811,-7.5E-02));
#12833 = LINE('',#12834,#12835);
#12834 = CARTESIAN_POINT('',(63.109855,-27.138056,-7.5E-02));
#12835 = VECTOR('',#12836,1.);
#12836 = DIRECTION('',(-0.181422066264,0.983405325322,0.));
#12837 = ORIENTED_EDGE('',*,*,#12838,.T.);
#12838 = EDGE_CURVE('',#12831,#12839,#12841,.T.);
#12839 = VERTEX_POINT('',#12840);
#12840 = CARTESIAN_POINT('',(63.063693,-26.950752,-7.5E-02));
#12841 = LINE('',#12842,#12843);
#12842 = CARTESIAN_POINT('',(63.090808,-27.034811,-7.5E-02));
#12843 = VECTOR('',#12844,1.);
#12844 = DIRECTION('',(-0.306994509877,0.951711285478,0.));
#12845 = ORIENTED_EDGE('',*,*,#12846,.T.);
#12846 = EDGE_CURVE('',#12839,#12847,#12849,.T.);
#12847 = VERTEX_POINT('',#12848);
#12848 = CARTESIAN_POINT('',(63.024705,-26.877523,-7.5E-02));
#12849 = LINE('',#12850,#12851);
#12850 = CARTESIAN_POINT('',(63.063693,-26.950752,-7.5E-02));
#12851 = VECTOR('',#12852,1.);
#12852 = DIRECTION('',(-0.469954974915,0.882690388275,0.));
#12853 = ORIENTED_EDGE('',*,*,#12854,.T.);
#12854 = EDGE_CURVE('',#12847,#12855,#12857,.T.);
#12855 = VERTEX_POINT('',#12856);
#12856 = CARTESIAN_POINT('',(62.976682,-26.823441,-7.5E-02));
#12857 = LINE('',#12858,#12859);
#12858 = CARTESIAN_POINT('',(63.024705,-26.877523,-7.5E-02));
#12859 = VECTOR('',#12860,1.);
#12860 = DIRECTION('',(-0.66397842701,0.747751729162,0.));
#12861 = ORIENTED_EDGE('',*,*,#12862,.T.);
#12862 = EDGE_CURVE('',#12855,#12611,#12863,.T.);
#12863 = LINE('',#12864,#12865);
#12864 = CARTESIAN_POINT('',(62.976682,-26.823441,-7.5E-02));
#12865 = VECTOR('',#12866,1.);
#12866 = DIRECTION('',(-0.829445239027,0.558588037336,0.));
#12867 = PLANE('',#12868);
#12868 = AXIS2_PLACEMENT_3D('',#12869,#12870,#12871);
#12869 = CARTESIAN_POINT('',(0.,0.,-7.5E-02));
#12870 = DIRECTION('',(-0.,-0.,-1.));
#12871 = DIRECTION('',(-1.,0.,0.));
#12872 = SHELL_BASED_SURFACE_MODEL('',(#12873));
#12873 = OPEN_SHELL('',(#12874));
#12874 = ADVANCED_FACE('',(#12875),#13007,.T.);
#12875 = FACE_BOUND('',#12876,.T.);
#12876 = EDGE_LOOP('',(#12877,#12887,#12895,#12903,#12911,#12920,#12928,
    #12936,#12944,#12952,#12960,#12968,#12976,#12985,#12993,#13001));
#12877 = ORIENTED_EDGE('',*,*,#12878,.T.);
#12878 = EDGE_CURVE('',#12879,#12881,#12883,.T.);
#12879 = VERTEX_POINT('',#12880);
#12880 = CARTESIAN_POINT('',(63.616693,-27.861961,-7.5E-02));
#12881 = VERTEX_POINT('',#12882);
#12882 = CARTESIAN_POINT('',(63.650345,-27.847908,-7.5E-02));
#12883 = LINE('',#12884,#12885);
#12884 = CARTESIAN_POINT('',(63.616693,-27.861961,-7.5E-02));
#12885 = VECTOR('',#12886,1.);
#12886 = DIRECTION('',(0.922771594389,0.385347355757,0.));
#12887 = ORIENTED_EDGE('',*,*,#12888,.T.);
#12888 = EDGE_CURVE('',#12881,#12889,#12891,.T.);
#12889 = VERTEX_POINT('',#12890);
#12890 = CARTESIAN_POINT('',(63.691825,-27.842941,-7.5E-02));
#12891 = LINE('',#12892,#12893);
#12892 = CARTESIAN_POINT('',(63.650345,-27.847908,-7.5E-02));
#12893 = VECTOR('',#12894,1.);
#12894 = DIRECTION('',(0.992906822621,0.118895086498,0.));
#12895 = ORIENTED_EDGE('',*,*,#12896,.T.);
#12896 = EDGE_CURVE('',#12889,#12897,#12899,.T.);
#12897 = VERTEX_POINT('',#12898);
#12898 = CARTESIAN_POINT('',(63.733307,-27.847906,-7.5E-02));
#12899 = LINE('',#12900,#12901);
#12900 = CARTESIAN_POINT('',(63.691825,-27.842941,-7.5E-02));
#12901 = VECTOR('',#12902,1.);
#12902 = DIRECTION('',(0.992913149308,-0.118842239678,0.));
#12903 = ORIENTED_EDGE('',*,*,#12904,.T.);
#12904 = EDGE_CURVE('',#12897,#12905,#12907,.T.);
#12905 = VERTEX_POINT('',#12906);
#12906 = CARTESIAN_POINT('',(63.766993,-27.861957,-7.5E-02));
#12907 = LINE('',#12908,#12909);
#12908 = CARTESIAN_POINT('',(63.733307,-27.847906,-7.5E-02));
#12909 = VECTOR('',#12910,1.);
#12910 = DIRECTION('',(0.922929327432,-0.384969422898,0.));
#12911 = ORIENTED_EDGE('',*,*,#12912,.T.);
#12912 = EDGE_CURVE('',#12905,#12913,#12915,.T.);
#12913 = VERTEX_POINT('',#12914);
#12914 = CARTESIAN_POINT('',(63.832417,-27.983625,-7.5E-02));
#12915 = CIRCLE('',#12916,0.141049834248);
#12916 = AXIS2_PLACEMENT_3D('',#12917,#12918,#12919);
#12917 = CARTESIAN_POINT('',(63.691390961028,-27.9810342331,-7.5E-02));
#12918 = DIRECTION('',(0.,0.,-1.));
#12919 = DIRECTION('',(0.535995234419,0.844221007012,0.));
#12920 = ORIENTED_EDGE('',*,*,#12921,.T.);
#12921 = EDGE_CURVE('',#12913,#12922,#12924,.T.);
#12922 = VERTEX_POINT('',#12923);
#12923 = CARTESIAN_POINT('',(63.822974,-28.036679,-7.5E-02));
#12924 = LINE('',#12925,#12926);
#12925 = CARTESIAN_POINT('',(63.832417,-27.983625,-7.5E-02));
#12926 = VECTOR('',#12927,1.);
#12927 = DIRECTION('',(-0.175234402995,-0.984526741133,0.));
#12928 = ORIENTED_EDGE('',*,*,#12929,.T.);
#12929 = EDGE_CURVE('',#12922,#12930,#12932,.T.);
#12930 = VERTEX_POINT('',#12931);
#12931 = CARTESIAN_POINT('',(63.794681,-28.08236,-7.5E-02));
#12932 = LINE('',#12933,#12934);
#12933 = CARTESIAN_POINT('',(63.822974,-28.036679,-7.5E-02));
#12934 = VECTOR('',#12935,1.);
#12935 = DIRECTION('',(-0.526546807946,-0.850146139815,0.));
#12936 = ORIENTED_EDGE('',*,*,#12937,.T.);
#12937 = EDGE_CURVE('',#12930,#12938,#12940,.T.);
#12938 = VERTEX_POINT('',#12939);
#12939 = CARTESIAN_POINT('',(63.767,-28.10533,-7.5E-02));
#12940 = LINE('',#12941,#12942);
#12941 = CARTESIAN_POINT('',(63.794681,-28.08236,-7.5E-02));
#12942 = VECTOR('',#12943,1.);
#12943 = DIRECTION('',(-0.769552683031,-0.638583328971,0.));
#12944 = ORIENTED_EDGE('',*,*,#12945,.T.);
#12945 = EDGE_CURVE('',#12938,#12946,#12948,.T.);
#12946 = VERTEX_POINT('',#12947);
#12947 = CARTESIAN_POINT('',(63.733315,-28.119353,-7.5E-02));
#12948 = LINE('',#12949,#12950);
#12949 = CARTESIAN_POINT('',(63.767,-28.10533,-7.5E-02));
#12950 = VECTOR('',#12951,1.);
#12951 = DIRECTION('',(-0.923197694446,-0.384325405053,0.));
#12952 = ORIENTED_EDGE('',*,*,#12953,.T.);
#12953 = EDGE_CURVE('',#12946,#12954,#12956,.T.);
#12954 = VERTEX_POINT('',#12955);
#12955 = CARTESIAN_POINT('',(63.691825,-28.124309,-7.5E-02));
#12956 = LINE('',#12957,#12958);
#12957 = CARTESIAN_POINT('',(63.733315,-28.119353,-7.5E-02));
#12958 = VECTOR('',#12959,1.);
#12959 = DIRECTION('',(-0.992941241399,-0.11860729796,0.));
#12960 = ORIENTED_EDGE('',*,*,#12961,.T.);
#12961 = EDGE_CURVE('',#12954,#12962,#12964,.T.);
#12962 = VERTEX_POINT('',#12963);
#12963 = CARTESIAN_POINT('',(63.650338,-28.119351,-7.5E-02));
#12964 = LINE('',#12965,#12966);
#12965 = CARTESIAN_POINT('',(63.691825,-28.124309,-7.5E-02));
#12966 = VECTOR('',#12967,1.);
#12967 = DIRECTION('',(-0.992934592435,0.118662947653,0.));
#12968 = ORIENTED_EDGE('',*,*,#12969,.T.);
#12969 = EDGE_CURVE('',#12962,#12970,#12972,.T.);
#12970 = VERTEX_POINT('',#12971);
#12971 = CARTESIAN_POINT('',(63.616686,-28.105326,-7.5E-02));
#12972 = LINE('',#12973,#12974);
#12973 = CARTESIAN_POINT('',(63.650338,-28.119351,-7.5E-02));
#12974 = VECTOR('',#12975,1.);
#12975 = DIRECTION('',(-0.923044459302,0.384693288414,0.));
#12976 = ORIENTED_EDGE('',*,*,#12977,.T.);
#12977 = EDGE_CURVE('',#12970,#12978,#12980,.T.);
#12978 = VERTEX_POINT('',#12979);
#12979 = CARTESIAN_POINT('',(63.551232,-27.983625,-7.5E-02));
#12980 = CIRCLE('',#12981,0.141186347983);
#12981 = AXIS2_PLACEMENT_3D('',#12982,#12983,#12984);
#12982 = CARTESIAN_POINT('',(63.692395670629,-27.98615540534,-7.5E-02));
#12983 = DIRECTION('',(0.,0.,-1.));
#12984 = DIRECTION('',(-0.536239315705,-0.844065990485,-0.));
#12985 = ORIENTED_EDGE('',*,*,#12986,.T.);
#12986 = EDGE_CURVE('',#12978,#12987,#12989,.T.);
#12987 = VERTEX_POINT('',#12988);
#12988 = CARTESIAN_POINT('',(63.560698,-27.930593,-7.5E-02));
#12989 = LINE('',#12990,#12991);
#12990 = CARTESIAN_POINT('',(63.551232,-27.983625,-7.5E-02));
#12991 = VECTOR('',#12992,1.);
#12992 = DIRECTION('',(0.175718680034,0.984440422518,0.));
#12993 = ORIENTED_EDGE('',*,*,#12994,.T.);
#12994 = EDGE_CURVE('',#12987,#12995,#12997,.T.);
#12995 = VERTEX_POINT('',#12996);
#12996 = CARTESIAN_POINT('',(63.58906,-27.884981,-7.5E-02));
#12997 = LINE('',#12998,#12999);
#12998 = CARTESIAN_POINT('',(63.560698,-27.930593,-7.5E-02));
#12999 = VECTOR('',#13000,1.);
#13000 = DIRECTION('',(0.528049533427,0.849213571634,0.));
#13001 = ORIENTED_EDGE('',*,*,#13002,.T.);
#13002 = EDGE_CURVE('',#12995,#12879,#13003,.T.);
#13003 = LINE('',#13004,#13005);
#13004 = CARTESIAN_POINT('',(63.58906,-27.884981,-7.5E-02));
#13005 = VECTOR('',#13006,1.);
#13006 = DIRECTION('',(0.768323827599,0.640061322018,0.));
#13007 = PLANE('',#13008);
#13008 = AXIS2_PLACEMENT_3D('',#13009,#13010,#13011);
#13009 = CARTESIAN_POINT('',(0.,0.,-7.5E-02));
#13010 = DIRECTION('',(-0.,-0.,-1.));
#13011 = DIRECTION('',(-1.,0.,0.));
#13012 = SHELL_BASED_SURFACE_MODEL('',(#13013));
#13013 = OPEN_SHELL('',(#13014));
#13014 = ADVANCED_FACE('',(#13015),#13147,.T.);
#13015 = FACE_BOUND('',#13016,.T.);
#13016 = EDGE_LOOP('',(#13017,#13027,#13035,#13043,#13051,#13060,#13068,
    #13076,#13084,#13092,#13100,#13108,#13116,#13125,#13133,#13141));
#13017 = ORIENTED_EDGE('',*,*,#13018,.T.);
#13018 = EDGE_CURVE('',#13019,#13021,#13023,.T.);
#13019 = VERTEX_POINT('',#13020);
#13020 = CARTESIAN_POINT('',(65.316623,-27.861961,-7.5E-02));
#13021 = VERTEX_POINT('',#13022);
#13022 = CARTESIAN_POINT('',(65.350275,-27.847908,-7.5E-02));
#13023 = LINE('',#13024,#13025);
#13024 = CARTESIAN_POINT('',(65.316623,-27.861961,-7.5E-02));
#13025 = VECTOR('',#13026,1.);
#13026 = DIRECTION('',(0.922771594389,0.385347355757,0.));
#13027 = ORIENTED_EDGE('',*,*,#13028,.T.);
#13028 = EDGE_CURVE('',#13021,#13029,#13031,.T.);
#13029 = VERTEX_POINT('',#13030);
#13030 = CARTESIAN_POINT('',(65.391755,-27.842941,-7.5E-02));
#13031 = LINE('',#13032,#13033);
#13032 = CARTESIAN_POINT('',(65.350275,-27.847908,-7.5E-02));
#13033 = VECTOR('',#13034,1.);
#13034 = DIRECTION('',(0.992906822621,0.118895086498,0.));
#13035 = ORIENTED_EDGE('',*,*,#13036,.T.);
#13036 = EDGE_CURVE('',#13029,#13037,#13039,.T.);
#13037 = VERTEX_POINT('',#13038);
#13038 = CARTESIAN_POINT('',(65.433238,-27.847906,-7.5E-02));
#13039 = LINE('',#13040,#13041);
#13040 = CARTESIAN_POINT('',(65.391755,-27.842941,-7.5E-02));
#13041 = VECTOR('',#13042,1.);
#13042 = DIRECTION('',(0.992913487355,-0.118839415296,0.));
#13043 = ORIENTED_EDGE('',*,*,#13044,.T.);
#13044 = EDGE_CURVE('',#13037,#13045,#13047,.T.);
#13045 = VERTEX_POINT('',#13046);
#13046 = CARTESIAN_POINT('',(65.466923,-27.861957,-7.5E-02));
#13047 = LINE('',#13048,#13049);
#13048 = CARTESIAN_POINT('',(65.433238,-27.847906,-7.5E-02));
#13049 = VECTOR('',#13050,1.);
#13050 = DIRECTION('',(0.922925266853,-0.384979157624,0.));
#13051 = ORIENTED_EDGE('',*,*,#13052,.T.);
#13052 = EDGE_CURVE('',#13045,#13053,#13055,.T.);
#13053 = VERTEX_POINT('',#13054);
#13054 = CARTESIAN_POINT('',(65.532347,-27.983625,-7.5E-02));
#13055 = CIRCLE('',#13056,0.141043154769);
#13056 = AXIS2_PLACEMENT_3D('',#13057,#13058,#13059);
#13057 = CARTESIAN_POINT('',(65.391327708336,-27.9810306049,-7.5E-02));
#13058 = DIRECTION('',(0.,0.,-1.));
#13059 = DIRECTION('',(0.535972779306,0.844235263326,0.));
#13060 = ORIENTED_EDGE('',*,*,#13061,.T.);
#13061 = EDGE_CURVE('',#13053,#13062,#13064,.T.);
#13062 = VERTEX_POINT('',#13063);
#13063 = CARTESIAN_POINT('',(65.522905,-28.036679,-7.5E-02));
#13064 = LINE('',#13065,#13066);
#13065 = CARTESIAN_POINT('',(65.532347,-27.983625,-7.5E-02));
#13066 = VECTOR('',#13067,1.);
#13067 = DIRECTION('',(-0.175216415673,-0.9845299425,0.));
#13068 = ORIENTED_EDGE('',*,*,#13069,.T.);
#13069 = EDGE_CURVE('',#13062,#13070,#13072,.T.);
#13070 = VERTEX_POINT('',#13071);
#13071 = CARTESIAN_POINT('',(65.494612,-28.08236,-7.5E-02));
#13072 = LINE('',#13073,#13074);
#13073 = CARTESIAN_POINT('',(65.522905,-28.036679,-7.5E-02));
#13074 = VECTOR('',#13075,1.);
#13075 = DIRECTION('',(-0.526546807946,-0.850146139815,0.));
#13076 = ORIENTED_EDGE('',*,*,#13077,.T.);
#13077 = EDGE_CURVE('',#13070,#13078,#13080,.T.);
#13078 = VERTEX_POINT('',#13079);
#13079 = CARTESIAN_POINT('',(65.46693,-28.10533,-7.5E-02));
#13080 = LINE('',#13081,#13082);
#13081 = CARTESIAN_POINT('',(65.494612,-28.08236,-7.5E-02));
#13082 = VECTOR('',#13083,1.);
#13083 = DIRECTION('',(-0.7695640195,-0.638569667218,0.));
#13084 = ORIENTED_EDGE('',*,*,#13085,.T.);
#13085 = EDGE_CURVE('',#13078,#13086,#13088,.T.);
#13086 = VERTEX_POINT('',#13087);
#13087 = CARTESIAN_POINT('',(65.433245,-28.119353,-7.5E-02));
#13088 = LINE('',#13089,#13090);
#13089 = CARTESIAN_POINT('',(65.46693,-28.10533,-7.5E-02));
#13090 = VECTOR('',#13091,1.);
#13091 = DIRECTION('',(-0.923197694446,-0.384325405053,0.));
#13092 = ORIENTED_EDGE('',*,*,#13093,.T.);
#13093 = EDGE_CURVE('',#13086,#13094,#13096,.T.);
#13094 = VERTEX_POINT('',#13095);
#13095 = CARTESIAN_POINT('',(65.391755,-28.124309,-7.5E-02));
#13096 = LINE('',#13097,#13098);
#13097 = CARTESIAN_POINT('',(65.433245,-28.119353,-7.5E-02));
#13098 = VECTOR('',#13099,1.);
#13099 = DIRECTION('',(-0.992941241399,-0.11860729796,0.));
#13100 = ORIENTED_EDGE('',*,*,#13101,.T.);
#13101 = EDGE_CURVE('',#13094,#13102,#13104,.T.);
#13102 = VERTEX_POINT('',#13103);
#13103 = CARTESIAN_POINT('',(65.350268,-28.119351,-7.5E-02));
#13104 = LINE('',#13105,#13106);
#13105 = CARTESIAN_POINT('',(65.391755,-28.124309,-7.5E-02));
#13106 = VECTOR('',#13107,1.);
#13107 = DIRECTION('',(-0.992934592435,0.118662947653,0.));
#13108 = ORIENTED_EDGE('',*,*,#13109,.T.);
#13109 = EDGE_CURVE('',#13102,#13110,#13112,.T.);
#13110 = VERTEX_POINT('',#13111);
#13111 = CARTESIAN_POINT('',(65.316616,-28.105326,-7.5E-02));
#13112 = LINE('',#13113,#13114);
#13113 = CARTESIAN_POINT('',(65.350268,-28.119351,-7.5E-02));
#13114 = VECTOR('',#13115,1.);
#13115 = DIRECTION('',(-0.923044459302,0.384693288414,0.));
#13116 = ORIENTED_EDGE('',*,*,#13117,.T.);
#13117 = EDGE_CURVE('',#13110,#13118,#13120,.T.);
#13118 = VERTEX_POINT('',#13119);
#13119 = CARTESIAN_POINT('',(65.251163,-27.983625,-7.5E-02));
#13120 = CIRCLE('',#13121,0.141183642039);
#13121 = AXIS2_PLACEMENT_3D('',#13122,#13123,#13124);
#13122 = CARTESIAN_POINT('',(65.392323926629,-27.98615750322,-7.5E-02));
#13123 = DIRECTION('',(0.,0.,-1.));
#13124 = DIRECTION('',(-0.536237240631,-0.844067308786,-0.));
#13125 = ORIENTED_EDGE('',*,*,#13126,.T.);
#13126 = EDGE_CURVE('',#13118,#13127,#13129,.T.);
#13127 = VERTEX_POINT('',#13128);
#13128 = CARTESIAN_POINT('',(65.260628,-27.930593,-7.5E-02));
#13129 = LINE('',#13130,#13131);
#13130 = CARTESIAN_POINT('',(65.251163,-27.983625,-7.5E-02));
#13131 = VECTOR('',#13132,1.);
#13132 = DIRECTION('',(0.175700689981,0.984443633501,0.));
#13133 = ORIENTED_EDGE('',*,*,#13134,.T.);
#13134 = EDGE_CURVE('',#13127,#13135,#13137,.T.);
#13135 = VERTEX_POINT('',#13136);
#13136 = CARTESIAN_POINT('',(65.28899,-27.884981,-7.5E-02));
#13137 = LINE('',#13138,#13139);
#13138 = CARTESIAN_POINT('',(65.260628,-27.930593,-7.5E-02));
#13139 = VECTOR('',#13140,1.);
#13140 = DIRECTION('',(0.528049533427,0.849213571634,0.));
#13141 = ORIENTED_EDGE('',*,*,#13142,.T.);
#13142 = EDGE_CURVE('',#13135,#13019,#13143,.T.);
#13143 = LINE('',#13144,#13145);
#13144 = CARTESIAN_POINT('',(65.28899,-27.884981,-7.5E-02));
#13145 = VECTOR('',#13146,1.);
#13146 = DIRECTION('',(0.768323827599,0.640061322018,0.));
#13147 = PLANE('',#13148);
#13148 = AXIS2_PLACEMENT_3D('',#13149,#13150,#13151);
#13149 = CARTESIAN_POINT('',(0.,0.,-7.5E-02));
#13150 = DIRECTION('',(-0.,-0.,-1.));
#13151 = DIRECTION('',(-1.,0.,0.));
#13152 = SHELL_BASED_SURFACE_MODEL('',(#13153));
#13153 = OPEN_SHELL('',(#13154));
#13154 = ADVANCED_FACE('',(#13155,#13369),#13629,.T.);
#13155 = FACE_BOUND('',#13156,.T.);
#13156 = EDGE_LOOP('',(#13157,#13168,#13176,#13185,#13193,#13201,#13209,
    #13217,#13225,#13233,#13241,#13249,#13257,#13265,#13274,#13282,
    #13291,#13299,#13307,#13315,#13323,#13331,#13339,#13347,#13355,
    #13363));
#13157 = ORIENTED_EDGE('',*,*,#13158,.T.);
#13158 = EDGE_CURVE('',#13159,#13161,#13163,.T.);
#13159 = VERTEX_POINT('',#13160);
#13160 = CARTESIAN_POINT('',(65.941528,-26.730572,-7.5E-02));
#13161 = VERTEX_POINT('',#13162);
#13162 = CARTESIAN_POINT('',(66.242178,-26.606095,-7.5E-02));
#13163 = CIRCLE('',#13164,0.397808258529);
#13164 = AXIS2_PLACEMENT_3D('',#13165,#13166,#13167);
#13165 = CARTESIAN_POINT('',(66.230719356707,-27.00373819439,-7.5E-02));
#13166 = DIRECTION('',(0.,0.,-1.));
#13167 = DIRECTION('',(-0.726961671879,0.686678037816,0.));
#13168 = ORIENTED_EDGE('',*,*,#13169,.T.);
#13169 = EDGE_CURVE('',#13161,#13170,#13172,.T.);
#13170 = VERTEX_POINT('',#13171);
#13171 = CARTESIAN_POINT('',(66.330841,-26.614201,-7.5E-02));
#13172 = LINE('',#13173,#13174);
#13173 = CARTESIAN_POINT('',(66.242178,-26.606095,-7.5E-02));
#13174 = VECTOR('',#13175,1.);
#13175 = DIRECTION('',(0.995846767956,-9.104512481025E-02,0.));
#13176 = ORIENTED_EDGE('',*,*,#13177,.T.);
#13177 = EDGE_CURVE('',#13170,#13178,#13180,.T.);
#13178 = VERTEX_POINT('',#13179);
#13179 = CARTESIAN_POINT('',(66.542735,-26.730566,-7.5E-02));
#13180 = CIRCLE('',#13181,0.387254184917);
#13181 = AXIS2_PLACEMENT_3D('',#13182,#13183,#13184);
#13182 = CARTESIAN_POINT('',(66.259693039306,-26.99486328001,-7.5E-02));
#13183 = DIRECTION('',(0.,0.,-1.));
#13184 = DIRECTION('',(0.183724188052,0.9829778343,0.));
#13185 = ORIENTED_EDGE('',*,*,#13186,.T.);
#13186 = EDGE_CURVE('',#13178,#13187,#13189,.T.);
#13187 = VERTEX_POINT('',#13188);
#13188 = CARTESIAN_POINT('',(66.599933,-26.803199,-7.5E-02));
#13189 = LINE('',#13190,#13191);
#13190 = CARTESIAN_POINT('',(66.542735,-26.730566,-7.5E-02));
#13191 = VECTOR('',#13192,1.);
#13192 = DIRECTION('',(0.618685343136,-0.785638877723,0.));
#13193 = ORIENTED_EDGE('',*,*,#13194,.T.);
#13194 = EDGE_CURVE('',#13187,#13195,#13197,.T.);
#13195 = VERTEX_POINT('',#13196);
#13196 = CARTESIAN_POINT('',(66.652441,-26.902674,-7.5E-02));
#13197 = LINE('',#13198,#13199);
#13198 = CARTESIAN_POINT('',(66.599933,-26.803199,-7.5E-02));
#13199 = VECTOR('',#13200,1.);
#13200 = DIRECTION('',(0.466809417169,-0.884357941131,0.));
#13201 = ORIENTED_EDGE('',*,*,#13202,.T.);
#13202 = EDGE_CURVE('',#13195,#13203,#13205,.T.);
#13203 = VERTEX_POINT('',#13204);
#13204 = CARTESIAN_POINT('',(66.692887,-27.026161,-7.5E-02));
#13205 = LINE('',#13206,#13207);
#13206 = CARTESIAN_POINT('',(66.652441,-26.902674,-7.5E-02));
#13207 = VECTOR('',#13208,1.);
#13208 = DIRECTION('',(0.311261996296,-0.950324139261,0.));
#13209 = ORIENTED_EDGE('',*,*,#13210,.T.);
#13210 = EDGE_CURVE('',#13203,#13211,#13213,.T.);
#13211 = VERTEX_POINT('',#13212);
#13212 = CARTESIAN_POINT('',(66.719367,-27.17848,-7.5E-02));
#13213 = LINE('',#13214,#13215);
#13214 = CARTESIAN_POINT('',(66.692887,-27.026161,-7.5E-02));
#13215 = VECTOR('',#13216,1.);
#13216 = DIRECTION('',(0.171276753931,-0.985222956271,0.));
#13217 = ORIENTED_EDGE('',*,*,#13218,.T.);
#13218 = EDGE_CURVE('',#13211,#13219,#13221,.T.);
#13219 = VERTEX_POINT('',#13220);
#13220 = CARTESIAN_POINT('',(66.728984,-27.365202,-7.5E-02));
#13221 = LINE('',#13222,#13223);
#13222 = CARTESIAN_POINT('',(66.719367,-27.17848,-7.5E-02));
#13223 = VECTOR('',#13224,1.);
#13224 = DIRECTION('',(5.143619825274E-02,-0.998676282641,0.));
#13225 = ORIENTED_EDGE('',*,*,#13226,.T.);
#13226 = EDGE_CURVE('',#13219,#13227,#13229,.T.);
#13227 = VERTEX_POINT('',#13228);
#13228 = CARTESIAN_POINT('',(66.719367,-27.551924,-7.5E-02));
#13229 = LINE('',#13230,#13231);
#13230 = CARTESIAN_POINT('',(66.728984,-27.365202,-7.5E-02));
#13231 = VECTOR('',#13232,1.);
#13232 = DIRECTION('',(-5.143619825274E-02,-0.998676282641,0.));
#13233 = ORIENTED_EDGE('',*,*,#13234,.T.);
#13234 = EDGE_CURVE('',#13227,#13235,#13237,.T.);
#13235 = VERTEX_POINT('',#13236);
#13236 = CARTESIAN_POINT('',(66.692887,-27.704243,-7.5E-02));
#13237 = LINE('',#13238,#13239);
#13238 = CARTESIAN_POINT('',(66.719367,-27.551924,-7.5E-02));
#13239 = VECTOR('',#13240,1.);
#13240 = DIRECTION('',(-0.171276753931,-0.985222956271,0.));
#13241 = ORIENTED_EDGE('',*,*,#13242,.T.);
#13242 = EDGE_CURVE('',#13235,#13243,#13245,.T.);
#13243 = VERTEX_POINT('',#13244);
#13244 = CARTESIAN_POINT('',(66.652441,-27.827729,-7.5E-02));
#13245 = LINE('',#13246,#13247);
#13246 = CARTESIAN_POINT('',(66.692887,-27.704243,-7.5E-02));
#13247 = VECTOR('',#13248,1.);
#13248 = DIRECTION('',(-0.31126427271,-0.950323393658,0.));
#13249 = ORIENTED_EDGE('',*,*,#13250,.T.);
#13250 = EDGE_CURVE('',#13243,#13251,#13253,.T.);
#13251 = VERTEX_POINT('',#13252);
#13252 = CARTESIAN_POINT('',(66.599933,-27.927205,-7.5E-02));
#13253 = LINE('',#13254,#13255);
#13254 = CARTESIAN_POINT('',(66.652441,-27.827729,-7.5E-02));
#13255 = VECTOR('',#13256,1.);
#13256 = DIRECTION('',(-0.466805747061,-0.884359878393,0.));
#13257 = ORIENTED_EDGE('',*,*,#13258,.T.);
#13258 = EDGE_CURVE('',#13251,#13259,#13261,.T.);
#13259 = VERTEX_POINT('',#13260);
#13260 = CARTESIAN_POINT('',(66.542735,-27.999838,-7.5E-02));
#13261 = LINE('',#13262,#13263);
#13262 = CARTESIAN_POINT('',(66.599933,-27.927205,-7.5E-02));
#13263 = VECTOR('',#13264,1.);
#13264 = DIRECTION('',(-0.618685343136,-0.785638877723,0.));
#13265 = ORIENTED_EDGE('',*,*,#13266,.T.);
#13266 = EDGE_CURVE('',#13259,#13267,#13269,.T.);
#13267 = VERTEX_POINT('',#13268);
#13268 = CARTESIAN_POINT('',(66.242178,-28.124309,-7.5E-02));
#13269 = CIRCLE('',#13270,0.397676793866);
#13270 = AXIS2_PLACEMENT_3D('',#13271,#13272,#13273);
#13271 = CARTESIAN_POINT('',(66.253606737871,-27.72679646393,-7.5E-02));
#13272 = DIRECTION('',(0.,0.,-1.));
#13273 = DIRECTION('',(0.727043334157,-0.686591574561,0.));
#13274 = ORIENTED_EDGE('',*,*,#13275,.T.);
#13275 = EDGE_CURVE('',#13267,#13276,#13278,.T.);
#13276 = VERTEX_POINT('',#13277);
#13277 = CARTESIAN_POINT('',(66.153475,-28.116201,-7.5E-02));
#13278 = LINE('',#13279,#13280);
#13279 = CARTESIAN_POINT('',(66.242178,-28.124309,-7.5E-02));
#13280 = VECTOR('',#13281,1.);
#13281 = DIRECTION('',(-0.995848454435,9.102667630811E-02,0.));
#13282 = ORIENTED_EDGE('',*,*,#13283,.T.);
#13283 = EDGE_CURVE('',#13276,#13284,#13286,.T.);
#13284 = VERTEX_POINT('',#13285);
#13285 = CARTESIAN_POINT('',(65.941528,-27.999832,-7.5E-02));
#13286 = CIRCLE('',#13287,0.387335344298);
#13287 = AXIS2_PLACEMENT_3D('',#13288,#13289,#13290);
#13288 = CARTESIAN_POINT('',(66.22460439974,-27.73545268754,-7.5E-02));
#13289 = DIRECTION('',(0.,0.,-1.));
#13290 = DIRECTION('',(-0.183637772249,-0.982993981977,-0.));
#13291 = ORIENTED_EDGE('',*,*,#13292,.T.);
#13292 = EDGE_CURVE('',#13284,#13293,#13295,.T.);
#13293 = VERTEX_POINT('',#13294);
#13294 = CARTESIAN_POINT('',(65.884332,-27.927205,-7.5E-02));
#13295 = LINE('',#13296,#13297);
#13296 = CARTESIAN_POINT('',(65.941528,-27.999832,-7.5E-02));
#13297 = VECTOR('',#13298,1.);
#13298 = DIRECTION('',(-0.618703536751,0.785624550031,0.));
#13299 = ORIENTED_EDGE('',*,*,#13300,.T.);
#13300 = EDGE_CURVE('',#13293,#13301,#13303,.T.);
#13301 = VERTEX_POINT('',#13302);
#13302 = CARTESIAN_POINT('',(65.831824,-27.827729,-7.5E-02));
#13303 = LINE('',#13304,#13305);
#13304 = CARTESIAN_POINT('',(65.884332,-27.927205,-7.5E-02));
#13305 = VECTOR('',#13306,1.);
#13306 = DIRECTION('',(-0.466805747061,0.884359878393,0.));
#13307 = ORIENTED_EDGE('',*,*,#13308,.T.);
#13308 = EDGE_CURVE('',#13301,#13309,#13311,.T.);
#13309 = VERTEX_POINT('',#13310);
#13310 = CARTESIAN_POINT('',(65.791378,-27.704243,-7.5E-02));
#13311 = LINE('',#13312,#13313);
#13312 = CARTESIAN_POINT('',(65.831824,-27.827729,-7.5E-02));
#13313 = VECTOR('',#13314,1.);
#13314 = DIRECTION('',(-0.31126427271,0.950323393658,0.));
#13315 = ORIENTED_EDGE('',*,*,#13316,.T.);
#13316 = EDGE_CURVE('',#13309,#13317,#13319,.T.);
#13317 = VERTEX_POINT('',#13318);
#13318 = CARTESIAN_POINT('',(65.764897,-27.551924,-7.5E-02));
#13319 = LINE('',#13320,#13321);
#13320 = CARTESIAN_POINT('',(65.791378,-27.704243,-7.5E-02));
#13321 = VECTOR('',#13322,1.);
#13322 = DIRECTION('',(-0.171283032328,0.985221864778,0.));
#13323 = ORIENTED_EDGE('',*,*,#13324,.T.);
#13324 = EDGE_CURVE('',#13317,#13325,#13327,.T.);
#13325 = VERTEX_POINT('',#13326);
#13326 = CARTESIAN_POINT('',(65.75528,-27.365202,-7.5E-02));
#13327 = LINE('',#13328,#13329);
#13328 = CARTESIAN_POINT('',(65.764897,-27.551924,-7.5E-02));
#13329 = VECTOR('',#13330,1.);
#13330 = DIRECTION('',(-5.143619825282E-02,0.998676282641,0.));
#13331 = ORIENTED_EDGE('',*,*,#13332,.T.);
#13332 = EDGE_CURVE('',#13325,#13333,#13335,.T.);
#13333 = VERTEX_POINT('',#13334);
#13334 = CARTESIAN_POINT('',(65.764897,-27.17848,-7.5E-02));
#13335 = LINE('',#13336,#13337);
#13336 = CARTESIAN_POINT('',(65.75528,-27.365202,-7.5E-02));
#13337 = VECTOR('',#13338,1.);
#13338 = DIRECTION('',(5.143619825282E-02,0.998676282641,0.));
#13339 = ORIENTED_EDGE('',*,*,#13340,.T.);
#13340 = EDGE_CURVE('',#13333,#13341,#13343,.T.);
#13341 = VERTEX_POINT('',#13342);
#13342 = CARTESIAN_POINT('',(65.791378,-27.026161,-7.5E-02));
#13343 = LINE('',#13344,#13345);
#13344 = CARTESIAN_POINT('',(65.764897,-27.17848,-7.5E-02));
#13345 = VECTOR('',#13346,1.);
#13346 = DIRECTION('',(0.171283032328,0.985221864778,0.));
#13347 = ORIENTED_EDGE('',*,*,#13348,.T.);
#13348 = EDGE_CURVE('',#13341,#13349,#13351,.T.);
#13349 = VERTEX_POINT('',#13350);
#13350 = CARTESIAN_POINT('',(65.831824,-26.902674,-7.5E-02));
#13351 = LINE('',#13352,#13353);
#13352 = CARTESIAN_POINT('',(65.791378,-27.026161,-7.5E-02));
#13353 = VECTOR('',#13354,1.);
#13354 = DIRECTION('',(0.311261996296,0.950324139261,0.));
#13355 = ORIENTED_EDGE('',*,*,#13356,.T.);
#13356 = EDGE_CURVE('',#13349,#13357,#13359,.T.);
#13357 = VERTEX_POINT('',#13358);
#13358 = CARTESIAN_POINT('',(65.884332,-26.803199,-7.5E-02));
#13359 = LINE('',#13360,#13361);
#13360 = CARTESIAN_POINT('',(65.831824,-26.902674,-7.5E-02));
#13361 = VECTOR('',#13362,1.);
#13362 = DIRECTION('',(0.466809417169,0.884357941131,0.));
#13363 = ORIENTED_EDGE('',*,*,#13364,.T.);
#13364 = EDGE_CURVE('',#13357,#13159,#13365,.T.);
#13365 = LINE('',#13366,#13367);
#13366 = CARTESIAN_POINT('',(65.884332,-26.803199,-7.5E-02));
#13367 = VECTOR('',#13368,1.);
#13368 = DIRECTION('',(0.618703536751,0.785624550031,0.));
#13369 = FACE_BOUND('',#13370,.T.);
#13370 = EDGE_LOOP('',(#13371,#13381,#13389,#13397,#13405,#13413,#13421,
    #13429,#13437,#13445,#13454,#13462,#13470,#13478,#13486,#13494,
    #13502,#13510,#13518,#13526,#13534,#13542,#13550,#13558,#13566,
    #13574,#13583,#13591,#13599,#13607,#13615,#13623));
#13371 = ORIENTED_EDGE('',*,*,#13372,.T.);
#13372 = EDGE_CURVE('',#13373,#13375,#13377,.T.);
#13373 = VERTEX_POINT('',#13374);
#13374 = CARTESIAN_POINT('',(66.337857,-26.797388,-7.5E-02));
#13375 = VERTEX_POINT('',#13376);
#13376 = CARTESIAN_POINT('',(66.293586,-26.781578,-7.5E-02));
#13377 = LINE('',#13378,#13379);
#13378 = CARTESIAN_POINT('',(66.337857,-26.797388,-7.5E-02));
#13379 = VECTOR('',#13380,1.);
#13380 = DIRECTION('',(-0.941749130508,0.336316183356,0.));
#13381 = ORIENTED_EDGE('',*,*,#13382,.T.);
#13382 = EDGE_CURVE('',#13375,#13383,#13385,.T.);
#13383 = VERTEX_POINT('',#13384);
#13384 = CARTESIAN_POINT('',(66.242178,-26.776088,-7.5E-02));
#13385 = LINE('',#13386,#13387);
#13386 = CARTESIAN_POINT('',(66.293586,-26.781578,-7.5E-02));
#13387 = VECTOR('',#13388,1.);
#13388 = DIRECTION('',(-0.994345973874,0.106188908274,0.));
#13389 = ORIENTED_EDGE('',*,*,#13390,.T.);
#13390 = EDGE_CURVE('',#13383,#13391,#13393,.T.);
#13391 = VERTEX_POINT('',#13392);
#13392 = CARTESIAN_POINT('',(66.190772,-26.78158,-7.5E-02));
#13393 = LINE('',#13394,#13395);
#13394 = CARTESIAN_POINT('',(66.242178,-26.776088,-7.5E-02));
#13395 = VECTOR('',#13396,1.);
#13396 = DIRECTION('',(-0.994341451971,-0.106231242544,0.));
#13397 = ORIENTED_EDGE('',*,*,#13398,.T.);
#13398 = EDGE_CURVE('',#13391,#13399,#13401,.T.);
#13399 = VERTEX_POINT('',#13400);
#13400 = CARTESIAN_POINT('',(66.146534,-26.797391,-7.5E-02));
#13401 = LINE('',#13402,#13403);
#13402 = CARTESIAN_POINT('',(66.190772,-26.78158,-7.5E-02));
#13403 = VECTOR('',#13404,1.);
#13404 = DIRECTION('',(-0.941662904824,-0.336557533979,0.));
#13405 = ORIENTED_EDGE('',*,*,#13406,.T.);
#13406 = EDGE_CURVE('',#13399,#13407,#13409,.T.);
#13407 = VERTEX_POINT('',#13408);
#13408 = CARTESIAN_POINT('',(66.107905,-26.823441,-7.5E-02));
#13409 = LINE('',#13410,#13411);
#13410 = CARTESIAN_POINT('',(66.146534,-26.797391,-7.5E-02));
#13411 = VECTOR('',#13412,1.);
#13412 = DIRECTION('',(-0.829093184292,-0.559110446835,0.));
#13413 = ORIENTED_EDGE('',*,*,#13414,.T.);
#13414 = EDGE_CURVE('',#13407,#13415,#13417,.T.);
#13415 = VERTEX_POINT('',#13416);
#13416 = CARTESIAN_POINT('',(66.059808,-26.877531,-7.5E-02));
#13417 = LINE('',#13418,#13419);
#13418 = CARTESIAN_POINT('',(66.107905,-26.823441,-7.5E-02));
#13419 = VECTOR('',#13420,1.);
#13420 = DIRECTION('',(-0.664495030362,-0.747292683374,0.));
#13421 = ORIENTED_EDGE('',*,*,#13422,.T.);
#13422 = EDGE_CURVE('',#13415,#13423,#13425,.T.);
#13423 = VERTEX_POINT('',#13424);
#13424 = CARTESIAN_POINT('',(66.020802,-26.950752,-7.5E-02));
#13425 = LINE('',#13426,#13427);
#13426 = CARTESIAN_POINT('',(66.059808,-26.877531,-7.5E-02));
#13427 = VECTOR('',#13428,1.);
#13428 = DIRECTION('',(-0.470164009818,-0.882579063808,0.));
#13429 = ORIENTED_EDGE('',*,*,#13430,.T.);
#13430 = EDGE_CURVE('',#13423,#13431,#13433,.T.);
#13431 = VERTEX_POINT('',#13432);
#13432 = CARTESIAN_POINT('',(65.993687,-27.034811,-7.5E-02));
#13433 = LINE('',#13434,#13435);
#13434 = CARTESIAN_POINT('',(66.020802,-26.950752,-7.5E-02));
#13435 = VECTOR('',#13436,1.);
#13436 = DIRECTION('',(-0.306994509877,-0.951711285478,0.));
#13437 = ORIENTED_EDGE('',*,*,#13438,.T.);
#13438 = EDGE_CURVE('',#13431,#13439,#13441,.T.);
#13439 = VERTEX_POINT('',#13440);
#13440 = CARTESIAN_POINT('',(65.97464,-27.138056,-7.5E-02));
#13441 = LINE('',#13442,#13443);
#13442 = CARTESIAN_POINT('',(65.993687,-27.034811,-7.5E-02));
#13443 = VECTOR('',#13444,1.);
#13444 = DIRECTION('',(-0.181422066264,-0.983405325322,0.));
#13445 = ORIENTED_EDGE('',*,*,#13446,.T.);
#13446 = EDGE_CURVE('',#13439,#13447,#13449,.T.);
#13447 = VERTEX_POINT('',#13448);
#13448 = CARTESIAN_POINT('',(65.964496,-27.483457,-7.5E-02));
#13449 = CIRCLE('',#13450,1.863123289131);
#13450 = AXIS2_PLACEMENT_3D('',#13451,#13452,#13453);
#13451 = CARTESIAN_POINT('',(67.823863415899,-27.36521486201,-7.5E-02));
#13452 = DIRECTION('',(0.,0.,1.));
#13453 = DIRECTION('',(-0.992539477493,0.121923687682,0.));
#13454 = ORIENTED_EDGE('',*,*,#13455,.T.);
#13455 = EDGE_CURVE('',#13447,#13456,#13458,.T.);
#13456 = VERTEX_POINT('',#13457);
#13457 = CARTESIAN_POINT('',(65.97464,-27.592439,-7.5E-02));
#13458 = LINE('',#13459,#13460);
#13459 = CARTESIAN_POINT('',(65.964496,-27.483457,-7.5E-02));
#13460 = VECTOR('',#13461,1.);
#13461 = DIRECTION('',(9.267898040585E-02,-0.995696041265,0.));
#13462 = ORIENTED_EDGE('',*,*,#13463,.T.);
#13463 = EDGE_CURVE('',#13456,#13464,#13466,.T.);
#13464 = VERTEX_POINT('',#13465);
#13465 = CARTESIAN_POINT('',(65.993684,-27.695604,-7.5E-02));
#13466 = LINE('',#13467,#13468);
#13467 = CARTESIAN_POINT('',(65.97464,-27.592439,-7.5E-02));
#13468 = VECTOR('',#13469,1.);
#13469 = DIRECTION('',(0.18153046161,-0.983385321991,0.));
#13470 = ORIENTED_EDGE('',*,*,#13471,.T.);
#13471 = EDGE_CURVE('',#13464,#13472,#13474,.T.);
#13472 = VERTEX_POINT('',#13473);
#13473 = CARTESIAN_POINT('',(66.020802,-27.779651,-7.5E-02));
#13474 = LINE('',#13475,#13476);
#13475 = CARTESIAN_POINT('',(65.993684,-27.695604,-7.5E-02));
#13476 = VECTOR('',#13477,1.);
#13477 = DIRECTION('',(0.30706497732,-0.95168855184,0.));
#13478 = ORIENTED_EDGE('',*,*,#13479,.T.);
#13479 = EDGE_CURVE('',#13472,#13480,#13482,.T.);
#13480 = VERTEX_POINT('',#13481);
#13481 = CARTESIAN_POINT('',(66.059808,-27.852873,-7.5E-02));
#13482 = LINE('',#13483,#13484);
#13483 = CARTESIAN_POINT('',(66.020802,-27.779651,-7.5E-02));
#13484 = VECTOR('',#13485,1.);
#13485 = DIRECTION('',(0.470159008125,-0.882581728271,0.));
#13486 = ORIENTED_EDGE('',*,*,#13487,.T.);
#13487 = EDGE_CURVE('',#13480,#13488,#13490,.T.);
#13488 = VERTEX_POINT('',#13489);
#13489 = CARTESIAN_POINT('',(66.107905,-27.906963,-7.5E-02));
#13490 = LINE('',#13491,#13492);
#13491 = CARTESIAN_POINT('',(66.059808,-27.852873,-7.5E-02));
#13492 = VECTOR('',#13493,1.);
#13493 = DIRECTION('',(0.664495030362,-0.747292683374,0.));
#13494 = ORIENTED_EDGE('',*,*,#13495,.T.);
#13495 = EDGE_CURVE('',#13488,#13496,#13498,.T.);
#13496 = VERTEX_POINT('',#13497);
#13497 = CARTESIAN_POINT('',(66.146534,-27.933013,-7.5E-02));
#13498 = LINE('',#13499,#13500);
#13499 = CARTESIAN_POINT('',(66.107905,-27.906963,-7.5E-02));
#13500 = VECTOR('',#13501,1.);
#13501 = DIRECTION('',(0.829093184292,-0.559110446835,0.));
#13502 = ORIENTED_EDGE('',*,*,#13503,.T.);
#13503 = EDGE_CURVE('',#13496,#13504,#13506,.T.);
#13504 = VERTEX_POINT('',#13505);
#13505 = CARTESIAN_POINT('',(66.190772,-27.948824,-7.5E-02));
#13506 = LINE('',#13507,#13508);
#13507 = CARTESIAN_POINT('',(66.146534,-27.933013,-7.5E-02));
#13508 = VECTOR('',#13509,1.);
#13509 = DIRECTION('',(0.941662904824,-0.336557533979,0.));
#13510 = ORIENTED_EDGE('',*,*,#13511,.T.);
#13511 = EDGE_CURVE('',#13504,#13512,#13514,.T.);
#13512 = VERTEX_POINT('',#13513);
#13513 = CARTESIAN_POINT('',(66.242178,-27.954316,-7.5E-02));
#13514 = LINE('',#13515,#13516);
#13515 = CARTESIAN_POINT('',(66.190772,-27.948824,-7.5E-02));
#13516 = VECTOR('',#13517,1.);
#13517 = DIRECTION('',(0.994341451971,-0.106231242544,0.));
#13518 = ORIENTED_EDGE('',*,*,#13519,.T.);
#13519 = EDGE_CURVE('',#13512,#13520,#13522,.T.);
#13520 = VERTEX_POINT('',#13521);
#13521 = CARTESIAN_POINT('',(66.293586,-27.948825,-7.5E-02));
#13522 = LINE('',#13523,#13524);
#13523 = CARTESIAN_POINT('',(66.242178,-27.954316,-7.5E-02));
#13524 = VECTOR('',#13525,1.);
#13525 = DIRECTION('',(0.994343931376,0.106208032353,0.));
#13526 = ORIENTED_EDGE('',*,*,#13527,.T.);
#13527 = EDGE_CURVE('',#13520,#13528,#13530,.T.);
#13528 = VERTEX_POINT('',#13529);
#13529 = CARTESIAN_POINT('',(66.337857,-27.933016,-7.5E-02));
#13530 = LINE('',#13531,#13532);
#13531 = CARTESIAN_POINT('',(66.293586,-27.948825,-7.5E-02));
#13532 = VECTOR('',#13533,1.);
#13533 = DIRECTION('',(0.941755867869,0.33629731687,0.));
#13534 = ORIENTED_EDGE('',*,*,#13535,.T.);
#13535 = EDGE_CURVE('',#13528,#13536,#13538,.T.);
#13536 = VERTEX_POINT('',#13537);
#13537 = CARTESIAN_POINT('',(66.376542,-27.906963,-7.5E-02));
#13538 = LINE('',#13539,#13540);
#13539 = CARTESIAN_POINT('',(66.337857,-27.933016,-7.5E-02));
#13540 = VECTOR('',#13541,1.);
#13541 = DIRECTION('',(0.829438548987,0.558597971223,0.));
#13542 = ORIENTED_EDGE('',*,*,#13543,.T.);
#13543 = EDGE_CURVE('',#13536,#13544,#13546,.T.);
#13544 = VERTEX_POINT('',#13545);
#13545 = CARTESIAN_POINT('',(66.424566,-27.852881,-7.5E-02));
#13546 = LINE('',#13547,#13548);
#13547 = CARTESIAN_POINT('',(66.376542,-27.906963,-7.5E-02));
#13548 = VECTOR('',#13549,1.);
#13549 = DIRECTION('',(0.663986157616,0.747744864572,0.));
#13550 = ORIENTED_EDGE('',*,*,#13551,.T.);
#13551 = EDGE_CURVE('',#13544,#13552,#13554,.T.);
#13552 = VERTEX_POINT('',#13553);
#13553 = CARTESIAN_POINT('',(66.463554,-27.779651,-7.5E-02));
#13554 = LINE('',#13555,#13556);
#13555 = CARTESIAN_POINT('',(66.424566,-27.852881,-7.5E-02));
#13556 = VECTOR('',#13557,1.);
#13557 = DIRECTION('',(0.469949974731,0.882693050415,0.));
#13558 = ORIENTED_EDGE('',*,*,#13559,.T.);
#13559 = EDGE_CURVE('',#13552,#13560,#13562,.T.);
#13560 = VERTEX_POINT('',#13561);
#13561 = CARTESIAN_POINT('',(66.490672,-27.695604,-7.5E-02));
#13562 = LINE('',#13563,#13564);
#13563 = CARTESIAN_POINT('',(66.463554,-27.779651,-7.5E-02));
#13564 = VECTOR('',#13565,1.);
#13565 = DIRECTION('',(0.30706497732,0.95168855184,0.));
#13566 = ORIENTED_EDGE('',*,*,#13567,.T.);
#13567 = EDGE_CURVE('',#13560,#13568,#13570,.T.);
#13568 = VERTEX_POINT('',#13569);
#13569 = CARTESIAN_POINT('',(66.509715,-27.592439,-7.5E-02));
#13570 = LINE('',#13571,#13572);
#13571 = CARTESIAN_POINT('',(66.490672,-27.695604,-7.5E-02));
#13572 = VECTOR('',#13573,1.);
#13573 = DIRECTION('',(0.181521243542,0.983387023579,0.));
#13574 = ORIENTED_EDGE('',*,*,#13575,.T.);
#13575 = EDGE_CURVE('',#13568,#13576,#13578,.T.);
#13576 = VERTEX_POINT('',#13577);
#13577 = CARTESIAN_POINT('',(66.519859,-27.246957,-7.5E-02));
#13578 = CIRCLE('',#13579,1.864400192011);
#13579 = AXIS2_PLACEMENT_3D('',#13580,#13581,#13582);
#13580 = CARTESIAN_POINT('',(64.659213103339,-27.36521486742,-7.5E-02));
#13581 = DIRECTION('',(0.,-0.,1.));
#13582 = DIRECTION('',(0.992545433427,-0.121875192648,-0.));
#13583 = ORIENTED_EDGE('',*,*,#13584,.T.);
#13584 = EDGE_CURVE('',#13576,#13585,#13587,.T.);
#13585 = VERTEX_POINT('',#13586);
#13586 = CARTESIAN_POINT('',(66.509715,-27.138056,-7.5E-02));
#13587 = LINE('',#13588,#13589);
#13588 = CARTESIAN_POINT('',(66.519859,-27.246957,-7.5E-02));
#13589 = VECTOR('',#13590,1.);
#13590 = DIRECTION('',(-9.274732179407E-02,0.995689677711,0.));
#13591 = ORIENTED_EDGE('',*,*,#13592,.T.);
#13592 = EDGE_CURVE('',#13585,#13593,#13595,.T.);
#13593 = VERTEX_POINT('',#13594);
#13594 = CARTESIAN_POINT('',(66.490669,-27.034811,-7.5E-02));
#13595 = LINE('',#13596,#13597);
#13596 = CARTESIAN_POINT('',(66.509715,-27.138056,-7.5E-02));
#13597 = VECTOR('',#13598,1.);
#13598 = DIRECTION('',(-0.181412854776,0.983407024645,0.));
#13599 = ORIENTED_EDGE('',*,*,#13600,.T.);
#13600 = EDGE_CURVE('',#13593,#13601,#13603,.T.);
#13601 = VERTEX_POINT('',#13602);
#13602 = CARTESIAN_POINT('',(66.463554,-26.950752,-7.5E-02));
#13603 = LINE('',#13604,#13605);
#13604 = CARTESIAN_POINT('',(66.490669,-27.034811,-7.5E-02));
#13605 = VECTOR('',#13606,1.);
#13606 = DIRECTION('',(-0.306994509877,0.951711285478,0.));
#13607 = ORIENTED_EDGE('',*,*,#13608,.T.);
#13608 = EDGE_CURVE('',#13601,#13609,#13611,.T.);
#13609 = VERTEX_POINT('',#13610);
#13610 = CARTESIAN_POINT('',(66.424566,-26.877523,-7.5E-02));
#13611 = LINE('',#13612,#13613);
#13612 = CARTESIAN_POINT('',(66.463554,-26.950752,-7.5E-02));
#13613 = VECTOR('',#13614,1.);
#13614 = DIRECTION('',(-0.469954974915,0.882690388275,0.));
#13615 = ORIENTED_EDGE('',*,*,#13616,.T.);
#13616 = EDGE_CURVE('',#13609,#13617,#13619,.T.);
#13617 = VERTEX_POINT('',#13618);
#13618 = CARTESIAN_POINT('',(66.376542,-26.823441,-7.5E-02));
#13619 = LINE('',#13620,#13621);
#13620 = CARTESIAN_POINT('',(66.424566,-26.877523,-7.5E-02));
#13621 = VECTOR('',#13622,1.);
#13622 = DIRECTION('',(-0.663986157616,0.747744864572,0.));
#13623 = ORIENTED_EDGE('',*,*,#13624,.T.);
#13624 = EDGE_CURVE('',#13617,#13373,#13625,.T.);
#13625 = LINE('',#13626,#13627);
#13626 = CARTESIAN_POINT('',(66.376542,-26.823441,-7.5E-02));
#13627 = VECTOR('',#13628,1.);
#13628 = DIRECTION('',(-0.829438548987,0.558597971223,0.));
#13629 = PLANE('',#13630);
#13630 = AXIS2_PLACEMENT_3D('',#13631,#13632,#13633);
#13631 = CARTESIAN_POINT('',(0.,0.,-7.5E-02));
#13632 = DIRECTION('',(-0.,-0.,-1.));
#13633 = DIRECTION('',(-1.,0.,0.));
#13634 = SHELL_BASED_SURFACE_MODEL('',(#13635));
#13635 = OPEN_SHELL('',(#13636));
#13636 = ADVANCED_FACE('',(#13637),#13980,.T.);
#13637 = FACE_BOUND('',#13638,.T.);
#13638 = EDGE_LOOP('',(#13639,#13649,#13657,#13666,#13674,#13682,#13690,
    #13698,#13706,#13715,#13723,#13731,#13739,#13748,#13756,#13764,
    #13772,#13780,#13788,#13796,#13804,#13812,#13820,#13828,#13836,
    #13845,#13853,#13861,#13869,#13877,#13885,#13893,#13901,#13909,
    #13917,#13925,#13933,#13941,#13950,#13958,#13966,#13974));
#13639 = ORIENTED_EDGE('',*,*,#13640,.T.);
#13640 = EDGE_CURVE('',#13641,#13643,#13645,.T.);
#13641 = VERTEX_POINT('',#13642);
#13642 = CARTESIAN_POINT('',(64.402683,-26.635371,-7.5E-02));
#13643 = VERTEX_POINT('',#13644);
#13644 = CARTESIAN_POINT('',(64.495808,-26.613897,-7.5E-02));
#13645 = LINE('',#13646,#13647);
#13646 = CARTESIAN_POINT('',(64.402683,-26.635371,-7.5E-02));
#13647 = VECTOR('',#13648,1.);
#13648 = DIRECTION('',(0.974428745478,0.224696728917,0.));
#13649 = ORIENTED_EDGE('',*,*,#13650,.T.);
#13650 = EDGE_CURVE('',#13643,#13651,#13653,.T.);
#13651 = VERTEX_POINT('',#13652);
#13652 = CARTESIAN_POINT('',(64.611491,-26.606095,-7.5E-02));
#13653 = LINE('',#13654,#13655);
#13654 = CARTESIAN_POINT('',(64.495808,-26.613897,-7.5E-02));
#13655 = VECTOR('',#13656,1.);
#13656 = DIRECTION('',(0.997733455064,6.729006350466E-02,0.));
#13657 = ORIENTED_EDGE('',*,*,#13658,.T.);
#13658 = EDGE_CURVE('',#13651,#13659,#13661,.T.);
#13659 = VERTEX_POINT('',#13660);
#13660 = CARTESIAN_POINT('',(64.814985,-26.646335,-7.5E-02));
#13661 = CIRCLE('',#13662,0.519315326809);
#13662 = AXIS2_PLACEMENT_3D('',#13663,#13664,#13665);
#13663 = CARTESIAN_POINT('',(64.61452618033,-27.12540145705,-7.5E-02));
#13664 = DIRECTION('',(0.,0.,-1.));
#13665 = DIRECTION('',(-5.844580688209E-03,0.999982920292,0.));
#13666 = ORIENTED_EDGE('',*,*,#13667,.T.);
#13667 = EDGE_CURVE('',#13659,#13668,#13670,.T.);
#13668 = VERTEX_POINT('',#13669);
#13669 = CARTESIAN_POINT('',(64.869594,-26.671125,-7.5E-02));
#13670 = LINE('',#13671,#13672);
#13671 = CARTESIAN_POINT('',(64.814985,-26.646335,-7.5E-02));
#13672 = VECTOR('',#13673,1.);
#13673 = DIRECTION('',(0.910569087093,-0.413356913128,0.));
#13674 = ORIENTED_EDGE('',*,*,#13675,.T.);
#13675 = EDGE_CURVE('',#13668,#13676,#13678,.T.);
#13676 = VERTEX_POINT('',#13677);
#13677 = CARTESIAN_POINT('',(64.959903,-26.728919,-7.5E-02));
#13678 = LINE('',#13679,#13680);
#13679 = CARTESIAN_POINT('',(64.869594,-26.671125,-7.5E-02));
#13680 = VECTOR('',#13681,1.);
#13681 = DIRECTION('',(0.842287322424,-0.539028817861,0.));
#13682 = ORIENTED_EDGE('',*,*,#13683,.T.);
#13683 = EDGE_CURVE('',#13676,#13684,#13686,.T.);
#13684 = VERTEX_POINT('',#13685);
#13685 = CARTESIAN_POINT('',(65.016506,-26.780301,-7.5E-02));
#13686 = LINE('',#13687,#13688);
#13687 = CARTESIAN_POINT('',(64.959903,-26.728919,-7.5E-02));
#13688 = VECTOR('',#13689,1.);
#13689 = DIRECTION('',(0.740429974637,-0.672133508061,0.));
#13690 = ORIENTED_EDGE('',*,*,#13691,.T.);
#13691 = EDGE_CURVE('',#13684,#13692,#13694,.T.);
#13692 = VERTEX_POINT('',#13693);
#13693 = CARTESIAN_POINT('',(64.919969,-26.920436,-7.5E-02));
#13694 = LINE('',#13695,#13696);
#13695 = CARTESIAN_POINT('',(65.016506,-26.780301,-7.5E-02));
#13696 = VECTOR('',#13697,1.);
#13697 = DIRECTION('',(-0.567303465023,-0.823508821187,0.));
#13698 = ORIENTED_EDGE('',*,*,#13699,.T.);
#13699 = EDGE_CURVE('',#13692,#13700,#13702,.T.);
#13700 = VERTEX_POINT('',#13701);
#13701 = CARTESIAN_POINT('',(64.878021,-26.883799,-7.5E-02));
#13702 = LINE('',#13703,#13704);
#13703 = CARTESIAN_POINT('',(64.919969,-26.920436,-7.5E-02));
#13704 = VECTOR('',#13705,1.);
#13705 = DIRECTION('',(-0.753177000777,0.657817912116,0.));
#13706 = ORIENTED_EDGE('',*,*,#13707,.T.);
#13707 = EDGE_CURVE('',#13700,#13708,#13710,.T.);
#13708 = VERTEX_POINT('',#13709);
#13709 = CARTESIAN_POINT('',(64.668523,-26.786306,-7.5E-02));
#13710 = CIRCLE('',#13711,0.455789685442);
#13711 = AXIS2_PLACEMENT_3D('',#13712,#13713,#13714);
#13712 = CARTESIAN_POINT('',(64.587247869328,-27.23479077174,-7.5E-02));
#13713 = DIRECTION('',(0.,0.,1.));
#13714 = DIRECTION('',(0.63795460924,0.770073968232,-0.));
#13715 = ORIENTED_EDGE('',*,*,#13716,.T.);
#13716 = EDGE_CURVE('',#13708,#13717,#13719,.T.);
#13717 = VERTEX_POINT('',#13718);
#13718 = CARTESIAN_POINT('',(64.609384,-26.78195,-7.5E-02));
#13719 = LINE('',#13720,#13721);
#13720 = CARTESIAN_POINT('',(64.668523,-26.786306,-7.5E-02));
#13721 = VECTOR('',#13722,1.);
#13722 = DIRECTION('',(-0.997298313065,7.34579795349E-02,0.));
#13723 = ORIENTED_EDGE('',*,*,#13724,.T.);
#13724 = EDGE_CURVE('',#13717,#13725,#13727,.T.);
#13725 = VERTEX_POINT('',#13726);
#13726 = CARTESIAN_POINT('',(64.559946,-26.785418,-7.5E-02));
#13727 = LINE('',#13728,#13729);
#13728 = CARTESIAN_POINT('',(64.609384,-26.78195,-7.5E-02));
#13729 = VECTOR('',#13730,1.);
#13730 = DIRECTION('',(-0.997548639468,-6.997650960142E-02,0.));
#13731 = ORIENTED_EDGE('',*,*,#13732,.T.);
#13732 = EDGE_CURVE('',#13725,#13733,#13735,.T.);
#13733 = VERTEX_POINT('',#13734);
#13734 = CARTESIAN_POINT('',(64.513946,-26.795597,-7.5E-02));
#13735 = LINE('',#13736,#13737);
#13736 = CARTESIAN_POINT('',(64.559946,-26.785418,-7.5E-02));
#13737 = VECTOR('',#13738,1.);
#13738 = DIRECTION('',(-0.976380946041,-0.216056122821,0.));
#13739 = ORIENTED_EDGE('',*,*,#13740,.T.);
#13740 = EDGE_CURVE('',#13733,#13741,#13743,.T.);
#13741 = VERTEX_POINT('',#13742);
#13742 = CARTESIAN_POINT('',(64.367057,-26.958616,-7.5E-02));
#13743 = CIRCLE('',#13744,0.20765870409);
#13744 = AXIS2_PLACEMENT_3D('',#13745,#13746,#13747);
#13745 = CARTESIAN_POINT('',(64.571480944077,-26.99512611465,-7.5E-02));
#13746 = DIRECTION('',(0.,0.,1.));
#13747 = DIRECTION('',(-0.277064928868,0.960851198257,0.));
#13748 = ORIENTED_EDGE('',*,*,#13749,.T.);
#13749 = EDGE_CURVE('',#13741,#13750,#13752,.T.);
#13750 = VERTEX_POINT('',#13751);
#13751 = CARTESIAN_POINT('',(64.361722,-27.01853,-7.5E-02));
#13752 = LINE('',#13753,#13754);
#13753 = CARTESIAN_POINT('',(64.367057,-26.958616,-7.5E-02));
#13754 = VECTOR('',#13755,1.);
#13755 = DIRECTION('',(-8.869337121442E-02,-0.996058977121,0.));
#13756 = ORIENTED_EDGE('',*,*,#13757,.T.);
#13757 = EDGE_CURVE('',#13750,#13758,#13760,.T.);
#13758 = VERTEX_POINT('',#13759);
#13759 = CARTESIAN_POINT('',(64.367281,-27.075797,-7.5E-02));
#13760 = LINE('',#13761,#13762);
#13761 = CARTESIAN_POINT('',(64.361722,-27.01853,-7.5E-02));
#13762 = VECTOR('',#13763,1.);
#13763 = DIRECTION('',(9.661747096642E-02,-0.995321588384,0.));
#13764 = ORIENTED_EDGE('',*,*,#13765,.T.);
#13765 = EDGE_CURVE('',#13758,#13766,#13768,.T.);
#13766 = VERTEX_POINT('',#13767);
#13767 = CARTESIAN_POINT('',(64.383795,-27.129538,-7.5E-02));
#13768 = LINE('',#13769,#13770);
#13769 = CARTESIAN_POINT('',(64.367281,-27.075797,-7.5E-02));
#13770 = VECTOR('',#13771,1.);
#13771 = DIRECTION('',(0.293733359193,-0.95588739593,0.));
#13772 = ORIENTED_EDGE('',*,*,#13773,.T.);
#13773 = EDGE_CURVE('',#13766,#13774,#13776,.T.);
#13774 = VERTEX_POINT('',#13775);
#13775 = CARTESIAN_POINT('',(64.409181,-27.18057,-7.5E-02));
#13776 = LINE('',#13777,#13778);
#13777 = CARTESIAN_POINT('',(64.383795,-27.129538,-7.5E-02));
#13778 = VECTOR('',#13779,1.);
#13779 = DIRECTION('',(0.445388023218,-0.895337650707,0.));
#13780 = ORIENTED_EDGE('',*,*,#13781,.T.);
#13781 = EDGE_CURVE('',#13774,#13782,#13784,.T.);
#13782 = VERTEX_POINT('',#13783);
#13783 = CARTESIAN_POINT('',(64.442505,-27.231021,-7.5E-02));
#13784 = LINE('',#13785,#13786);
#13785 = CARTESIAN_POINT('',(64.409181,-27.18057,-7.5E-02));
#13786 = VECTOR('',#13787,1.);
#13787 = DIRECTION('',(0.551145625008,-0.834409072359,0.));
#13788 = ORIENTED_EDGE('',*,*,#13789,.T.);
#13789 = EDGE_CURVE('',#13782,#13790,#13792,.T.);
#13790 = VERTEX_POINT('',#13791);
#13791 = CARTESIAN_POINT('',(64.526494,-27.329573,-7.5E-02));
#13792 = LINE('',#13793,#13794);
#13793 = CARTESIAN_POINT('',(64.442505,-27.231021,-7.5E-02));
#13794 = VECTOR('',#13795,1.);
#13795 = DIRECTION('',(0.648633352741,-0.76110102727,0.));
#13796 = ORIENTED_EDGE('',*,*,#13797,.T.);
#13797 = EDGE_CURVE('',#13790,#13798,#13800,.T.);
#13798 = VERTEX_POINT('',#13799);
#13799 = CARTESIAN_POINT('',(64.754189,-27.559558,-7.5E-02));
#13800 = LINE('',#13801,#13802);
#13801 = CARTESIAN_POINT('',(64.526494,-27.329573,-7.5E-02));
#13802 = VECTOR('',#13803,1.);
#13803 = DIRECTION('',(0.703559968565,-0.710635891743,0.));
#13804 = ORIENTED_EDGE('',*,*,#13805,.T.);
#13805 = EDGE_CURVE('',#13798,#13806,#13808,.T.);
#13806 = VERTEX_POINT('',#13807);
#13807 = CARTESIAN_POINT('',(64.816192,-27.629026,-7.5E-02));
#13808 = LINE('',#13809,#13810);
#13809 = CARTESIAN_POINT('',(64.754189,-27.559558,-7.5E-02));
#13810 = VECTOR('',#13811,1.);
#13811 = DIRECTION('',(0.665884292854,-0.746055030498,0.));
#13812 = ORIENTED_EDGE('',*,*,#13813,.T.);
#13813 = EDGE_CURVE('',#13806,#13814,#13816,.T.);
#13814 = VERTEX_POINT('',#13815);
#13815 = CARTESIAN_POINT('',(64.871701,-27.70244,-7.5E-02));
#13816 = LINE('',#13817,#13818);
#13817 = CARTESIAN_POINT('',(64.816192,-27.629026,-7.5E-02));
#13818 = VECTOR('',#13819,1.);
#13819 = DIRECTION('',(0.603114176258,-0.797654869224,0.));
#13820 = ORIENTED_EDGE('',*,*,#13821,.T.);
#13821 = EDGE_CURVE('',#13814,#13822,#13824,.T.);
#13822 = VERTEX_POINT('',#13823);
#13823 = CARTESIAN_POINT('',(64.919246,-27.780466,-7.5E-02));
#13824 = LINE('',#13825,#13826);
#13825 = CARTESIAN_POINT('',(64.871701,-27.70244,-7.5E-02));
#13826 = VECTOR('',#13827,1.);
#13827 = DIRECTION('',(0.520353462672,-0.853950978619,0.));
#13828 = ORIENTED_EDGE('',*,*,#13829,.T.);
#13829 = EDGE_CURVE('',#13822,#13830,#13832,.T.);
#13830 = VERTEX_POINT('',#13831);
#13831 = CARTESIAN_POINT('',(64.956697,-27.862999,-7.5E-02));
#13832 = LINE('',#13833,#13834);
#13833 = CARTESIAN_POINT('',(64.919246,-27.780466,-7.5E-02));
#13834 = VECTOR('',#13835,1.);
#13835 = DIRECTION('',(0.413217627007,-0.910632303804,0.));
#13836 = ORIENTED_EDGE('',*,*,#13837,.T.);
#13837 = EDGE_CURVE('',#13830,#13838,#13840,.T.);
#13838 = VERTEX_POINT('',#13839);
#13839 = CARTESIAN_POINT('',(64.987106,-28.095,-7.5E-02));
#13840 = CIRCLE('',#13841,0.519284565581);
#13841 = AXIS2_PLACEMENT_3D('',#13842,#13843,#13844);
#13842 = CARTESIAN_POINT('',(64.470258322946,-28.04475123111,-7.5E-02));
#13843 = DIRECTION('',(0.,0.,-1.));
#13844 = DIRECTION('',(0.936747805146,0.350005070754,0.));
#13845 = ORIENTED_EDGE('',*,*,#13846,.T.);
#13846 = EDGE_CURVE('',#13838,#13847,#13849,.T.);
#13847 = VERTEX_POINT('',#13848);
#13848 = CARTESIAN_POINT('',(64.105725,-28.095,-7.5E-02));
#13849 = LINE('',#13850,#13851);
#13850 = CARTESIAN_POINT('',(64.987106,-28.095,-7.5E-02));
#13851 = VECTOR('',#13852,1.);
#13852 = DIRECTION('',(-1.,0.,0.));
#13853 = ORIENTED_EDGE('',*,*,#13854,.T.);
#13854 = EDGE_CURVE('',#13847,#13855,#13857,.T.);
#13855 = VERTEX_POINT('',#13856);
#13856 = CARTESIAN_POINT('',(64.105725,-27.930868,-7.5E-02));
#13857 = LINE('',#13858,#13859);
#13858 = CARTESIAN_POINT('',(64.105725,-28.095,-7.5E-02));
#13859 = VECTOR('',#13860,1.);
#13860 = DIRECTION('',(0.,1.,0.));
#13861 = ORIENTED_EDGE('',*,*,#13862,.T.);
#13862 = EDGE_CURVE('',#13855,#13863,#13865,.T.);
#13863 = VERTEX_POINT('',#13864);
#13864 = CARTESIAN_POINT('',(64.775164,-27.930868,-7.5E-02));
#13865 = LINE('',#13866,#13867);
#13866 = CARTESIAN_POINT('',(64.105725,-27.930868,-7.5E-02));
#13867 = VECTOR('',#13868,1.);
#13868 = DIRECTION('',(1.,0.,0.));
#13869 = ORIENTED_EDGE('',*,*,#13870,.T.);
#13870 = EDGE_CURVE('',#13863,#13871,#13873,.T.);
#13871 = VERTEX_POINT('',#13872);
#13872 = CARTESIAN_POINT('',(64.768899,-27.894201,-7.5E-02));
#13873 = LINE('',#13874,#13875);
#13874 = CARTESIAN_POINT('',(64.775164,-27.930868,-7.5E-02));
#13875 = VECTOR('',#13876,1.);
#13876 = DIRECTION('',(-0.168421334918,0.985715097756,0.));
#13877 = ORIENTED_EDGE('',*,*,#13878,.T.);
#13878 = EDGE_CURVE('',#13871,#13879,#13881,.T.);
#13879 = VERTEX_POINT('',#13880);
#13880 = CARTESIAN_POINT('',(64.746862,-27.846238,-7.5E-02));
#13881 = LINE('',#13882,#13883);
#13882 = CARTESIAN_POINT('',(64.768899,-27.894201,-7.5E-02));
#13883 = VECTOR('',#13884,1.);
#13884 = DIRECTION('',(-0.417499325979,0.908677232469,0.));
#13885 = ORIENTED_EDGE('',*,*,#13886,.T.);
#13886 = EDGE_CURVE('',#13879,#13887,#13889,.T.);
#13887 = VERTEX_POINT('',#13888);
#13888 = CARTESIAN_POINT('',(64.67652,-27.744755,-7.5E-02));
#13889 = LINE('',#13890,#13891);
#13890 = CARTESIAN_POINT('',(64.746862,-27.846238,-7.5E-02));
#13891 = VECTOR('',#13892,1.);
#13892 = DIRECTION('',(-0.569672708243,0.821871647815,0.));
#13893 = ORIENTED_EDGE('',*,*,#13894,.T.);
#13894 = EDGE_CURVE('',#13887,#13895,#13897,.T.);
#13895 = VERTEX_POINT('',#13896);
#13896 = CARTESIAN_POINT('',(64.587402,-27.643547,-7.5E-02));
#13897 = LINE('',#13898,#13899);
#13898 = CARTESIAN_POINT('',(64.67652,-27.744755,-7.5E-02));
#13899 = VECTOR('',#13900,1.);
#13900 = DIRECTION('',(-0.660857551609,0.750511356664,0.));
#13901 = ORIENTED_EDGE('',*,*,#13902,.T.);
#13902 = EDGE_CURVE('',#13895,#13903,#13905,.T.);
#13903 = VERTEX_POINT('',#13904);
#13904 = CARTESIAN_POINT('',(64.378575,-27.430323,-7.5E-02));
#13905 = LINE('',#13906,#13907);
#13906 = CARTESIAN_POINT('',(64.587402,-27.643547,-7.5E-02));
#13907 = VECTOR('',#13908,1.);
#13908 = DIRECTION('',(-0.699702049759,0.714434770685,0.));
#13909 = ORIENTED_EDGE('',*,*,#13910,.T.);
#13910 = EDGE_CURVE('',#13903,#13911,#13913,.T.);
#13911 = VERTEX_POINT('',#13912);
#13912 = CARTESIAN_POINT('',(64.265185,-27.295867,-7.5E-02));
#13913 = LINE('',#13914,#13915);
#13914 = CARTESIAN_POINT('',(64.378575,-27.430323,-7.5E-02));
#13915 = VECTOR('',#13916,1.);
#13916 = DIRECTION('',(-0.644680783628,0.764451886793,0.));
#13917 = ORIENTED_EDGE('',*,*,#13918,.T.);
#13918 = EDGE_CURVE('',#13911,#13919,#13921,.T.);
#13919 = VERTEX_POINT('',#13920);
#13920 = CARTESIAN_POINT('',(64.219295,-27.226236,-7.5E-02));
#13921 = LINE('',#13922,#13923);
#13922 = CARTESIAN_POINT('',(64.265185,-27.295867,-7.5E-02));
#13923 = VECTOR('',#13924,1.);
#13924 = DIRECTION('',(-0.550286952202,0.834975610564,0.));
#13925 = ORIENTED_EDGE('',*,*,#13926,.T.);
#13926 = EDGE_CURVE('',#13919,#13927,#13929,.T.);
#13927 = VERTEX_POINT('',#13928);
#13928 = CARTESIAN_POINT('',(64.184401,-27.15729,-7.5E-02));
#13929 = LINE('',#13930,#13931);
#13930 = CARTESIAN_POINT('',(64.219295,-27.226236,-7.5E-02));
#13931 = VECTOR('',#13932,1.);
#13932 = DIRECTION('',(-0.451566849125,0.892237289498,0.));
#13933 = ORIENTED_EDGE('',*,*,#13934,.T.);
#13934 = EDGE_CURVE('',#13927,#13935,#13937,.T.);
#13935 = VERTEX_POINT('',#13936);
#13936 = CARTESIAN_POINT('',(64.161569,-27.085519,-7.5E-02));
#13937 = LINE('',#13938,#13939);
#13938 = CARTESIAN_POINT('',(64.184401,-27.15729,-7.5E-02));
#13939 = VECTOR('',#13940,1.);
#13940 = DIRECTION('',(-0.303152689043,0.952941995678,0.));
#13941 = ORIENTED_EDGE('',*,*,#13942,.T.);
#13942 = EDGE_CURVE('',#13935,#13943,#13945,.T.);
#13943 = VERTEX_POINT('',#13944);
#13944 = CARTESIAN_POINT('',(64.184228,-26.835748,-7.5E-02));
#13945 = CIRCLE('',#13946,0.466232333342);
#13946 = AXIS2_PLACEMENT_3D('',#13947,#13948,#13949);
#13947 = CARTESIAN_POINT('',(64.620114149192,-27.00120450061,-7.5E-02));
#13948 = DIRECTION('',(0.,0.,-1.));
#13949 = DIRECTION('',(-0.983512117027,-0.180842239702,-0.));
#13950 = ORIENTED_EDGE('',*,*,#13951,.T.);
#13951 = EDGE_CURVE('',#13943,#13952,#13954,.T.);
#13952 = VERTEX_POINT('',#13953);
#13953 = CARTESIAN_POINT('',(64.219682,-26.768617,-7.5E-02));
#13954 = LINE('',#13955,#13956);
#13955 = CARTESIAN_POINT('',(64.184228,-26.835748,-7.5E-02));
#13956 = VECTOR('',#13957,1.);
#13957 = DIRECTION('',(0.467003283006,0.88425558164,0.));
#13958 = ORIENTED_EDGE('',*,*,#13959,.T.);
#13959 = EDGE_CURVE('',#13952,#13960,#13962,.T.);
#13960 = VERTEX_POINT('',#13961);
#13961 = CARTESIAN_POINT('',(64.26839,-26.712158,-7.5E-02));
#13962 = LINE('',#13963,#13964);
#13963 = CARTESIAN_POINT('',(64.219682,-26.768617,-7.5E-02));
#13964 = VECTOR('',#13965,1.);
#13965 = DIRECTION('',(0.653219990347,0.757168174325,0.));
#13966 = ORIENTED_EDGE('',*,*,#13967,.T.);
#13967 = EDGE_CURVE('',#13960,#13968,#13970,.T.);
#13968 = VERTEX_POINT('',#13969);
#13969 = CARTESIAN_POINT('',(64.327984,-26.668426,-7.5E-02));
#13970 = LINE('',#13971,#13972);
#13971 = CARTESIAN_POINT('',(64.26839,-26.712158,-7.5E-02));
#13972 = VECTOR('',#13973,1.);
#13973 = DIRECTION('',(0.806213131272,0.591625208189,0.));
#13974 = ORIENTED_EDGE('',*,*,#13975,.T.);
#13975 = EDGE_CURVE('',#13968,#13641,#13976,.T.);
#13976 = LINE('',#13977,#13978);
#13977 = CARTESIAN_POINT('',(64.327984,-26.668426,-7.5E-02));
#13978 = VECTOR('',#13979,1.);
#13979 = DIRECTION('',(0.914467132169,0.404660183588,0.));
#13980 = PLANE('',#13981);
#13981 = AXIS2_PLACEMENT_3D('',#13982,#13983,#13984);
#13982 = CARTESIAN_POINT('',(0.,0.,-7.5E-02));
#13983 = DIRECTION('',(-0.,-0.,-1.));
#13984 = DIRECTION('',(-1.,0.,0.));
#13985 = SHELL_BASED_SURFACE_MODEL('',(#13986));
#13986 = OPEN_SHELL('',(#13987));
#13987 = ADVANCED_FACE('',(#13988),#14142,.T.);
#13988 = FACE_BOUND('',#13989,.T.);
#13989 = EDGE_LOOP('',(#13990,#14000,#14008,#14016,#14024,#14032,#14040,
    #14048,#14056,#14064,#14072,#14080,#14088,#14096,#14104,#14112,
    #14120,#14128,#14136));
#13990 = ORIENTED_EDGE('',*,*,#13991,.T.);
#13991 = EDGE_CURVE('',#13992,#13994,#13996,.T.);
#13992 = VERTEX_POINT('',#13993);
#13993 = CARTESIAN_POINT('',(66.957277,-27.306276,-7.5E-02));
#13994 = VERTEX_POINT('',#13995);
#13995 = CARTESIAN_POINT('',(66.867745,-27.004699,-7.5E-02));
#13996 = LINE('',#13997,#13998);
#13997 = CARTESIAN_POINT('',(66.957277,-27.306276,-7.5E-02));
#13998 = VECTOR('',#13999,1.);
#13999 = DIRECTION('',(-0.284602168285,0.958645714436,0.));
#14000 = ORIENTED_EDGE('',*,*,#14001,.T.);
#14001 = EDGE_CURVE('',#13994,#14002,#14004,.T.);
#14002 = VERTEX_POINT('',#14003);
#14003 = CARTESIAN_POINT('',(67.069154,-27.004699,-7.5E-02));
#14004 = LINE('',#14005,#14006);
#14005 = CARTESIAN_POINT('',(66.867745,-27.004699,-7.5E-02));
#14006 = VECTOR('',#14007,1.);
#14007 = DIRECTION('',(1.,0.,0.));
#14008 = ORIENTED_EDGE('',*,*,#14009,.T.);
#14009 = EDGE_CURVE('',#14002,#14010,#14012,.T.);
#14010 = VERTEX_POINT('',#14011);
#14011 = CARTESIAN_POINT('',(67.128963,-27.223327,-7.5E-02));
#14012 = LINE('',#14013,#14014);
#14013 = CARTESIAN_POINT('',(67.069154,-27.004699,-7.5E-02));
#14014 = VECTOR('',#14015,1.);
#14015 = DIRECTION('',(0.263869549697,-0.964558376016,0.));
#14016 = ORIENTED_EDGE('',*,*,#14017,.T.);
#14017 = EDGE_CURVE('',#14010,#14018,#14020,.T.);
#14018 = VERTEX_POINT('',#14019);
#14019 = CARTESIAN_POINT('',(67.202419,-27.453404,-7.5E-02));
#14020 = LINE('',#14021,#14022);
#14021 = CARTESIAN_POINT('',(67.128963,-27.223327,-7.5E-02));
#14022 = VECTOR('',#14023,1.);
#14023 = DIRECTION('',(0.304142270154,-0.952626621245,0.));
#14024 = ORIENTED_EDGE('',*,*,#14025,.T.);
#14025 = EDGE_CURVE('',#14018,#14026,#14028,.T.);
#14026 = VERTEX_POINT('',#14027);
#14027 = CARTESIAN_POINT('',(67.281095,-27.674139,-7.5E-02));
#14028 = LINE('',#14029,#14030);
#14029 = CARTESIAN_POINT('',(67.202419,-27.453404,-7.5E-02));
#14030 = VECTOR('',#14031,1.);
#14031 = DIRECTION('',(0.335738628859,-0.94195518635,0.));
#14032 = ORIENTED_EDGE('',*,*,#14033,.T.);
#14033 = EDGE_CURVE('',#14026,#14034,#14036,.T.);
#14034 = VERTEX_POINT('',#14035);
#14035 = CARTESIAN_POINT('',(67.356658,-27.864465,-7.5E-02));
#14036 = LINE('',#14037,#14038);
#14037 = CARTESIAN_POINT('',(67.281095,-27.674139,-7.5E-02));
#14038 = VECTOR('',#14039,1.);
#14039 = DIRECTION('',(0.369000814079,-0.92942907164,0.));
#14040 = ORIENTED_EDGE('',*,*,#14041,.T.);
#14041 = EDGE_CURVE('',#14034,#14042,#14044,.T.);
#14042 = VERTEX_POINT('',#14043);
#14043 = CARTESIAN_POINT('',(67.432221,-27.674139,-7.5E-02));
#14044 = LINE('',#14045,#14046);
#14045 = CARTESIAN_POINT('',(67.356658,-27.864465,-7.5E-02));
#14046 = VECTOR('',#14047,1.);
#14047 = DIRECTION('',(0.369000814079,0.92942907164,0.));
#14048 = ORIENTED_EDGE('',*,*,#14049,.T.);
#14049 = EDGE_CURVE('',#14042,#14050,#14052,.T.);
#14050 = VERTEX_POINT('',#14051);
#14051 = CARTESIAN_POINT('',(67.510897,-27.453404,-7.5E-02));
#14052 = LINE('',#14053,#14054);
#14053 = CARTESIAN_POINT('',(67.432221,-27.674139,-7.5E-02));
#14054 = VECTOR('',#14055,1.);
#14055 = DIRECTION('',(0.335738628859,0.94195518635,0.));
#14056 = ORIENTED_EDGE('',*,*,#14057,.T.);
#14057 = EDGE_CURVE('',#14050,#14058,#14060,.T.);
#14058 = VERTEX_POINT('',#14059);
#14059 = CARTESIAN_POINT('',(67.584353,-27.223327,-7.5E-02));
#14060 = LINE('',#14061,#14062);
#14061 = CARTESIAN_POINT('',(67.510897,-27.453404,-7.5E-02));
#14062 = VECTOR('',#14063,1.);
#14063 = DIRECTION('',(0.304142270154,0.952626621246,0.));
#14064 = ORIENTED_EDGE('',*,*,#14065,.T.);
#14065 = EDGE_CURVE('',#14058,#14066,#14068,.T.);
#14066 = VERTEX_POINT('',#14067);
#14067 = CARTESIAN_POINT('',(67.644162,-27.004699,-7.5E-02));
#14068 = LINE('',#14069,#14070);
#14069 = CARTESIAN_POINT('',(67.584353,-27.223327,-7.5E-02));
#14070 = VECTOR('',#14071,1.);
#14071 = DIRECTION('',(0.263869549697,0.964558376016,0.));
#14072 = ORIENTED_EDGE('',*,*,#14073,.T.);
#14073 = EDGE_CURVE('',#14066,#14074,#14076,.T.);
#14074 = VERTEX_POINT('',#14075);
#14075 = CARTESIAN_POINT('',(67.853998,-27.004699,-7.5E-02));
#14076 = LINE('',#14077,#14078);
#14077 = CARTESIAN_POINT('',(67.644162,-27.004699,-7.5E-02));
#14078 = VECTOR('',#14079,1.);
#14079 = DIRECTION('',(1.,0.,0.));
#14080 = ORIENTED_EDGE('',*,*,#14081,.T.);
#14081 = EDGE_CURVE('',#14074,#14082,#14084,.T.);
#14082 = VERTEX_POINT('',#14083);
#14083 = CARTESIAN_POINT('',(67.764488,-27.306281,-7.5E-02));
#14084 = LINE('',#14085,#14086);
#14085 = CARTESIAN_POINT('',(67.853998,-27.004699,-7.5E-02));
#14086 = VECTOR('',#14087,1.);
#14087 = DIRECTION('',(-0.284533562263,-0.95866607948,0.));
#14088 = ORIENTED_EDGE('',*,*,#14089,.T.);
#14089 = EDGE_CURVE('',#14082,#14090,#14092,.T.);
#14090 = VERTEX_POINT('',#14091);
#14091 = CARTESIAN_POINT('',(67.662023,-27.591798,-7.5E-02));
#14092 = LINE('',#14093,#14094);
#14093 = CARTESIAN_POINT('',(67.764488,-27.306281,-7.5E-02));
#14094 = VECTOR('',#14095,1.);
#14095 = DIRECTION('',(-0.337782161636,-0.941224315071,0.));
#14096 = ORIENTED_EDGE('',*,*,#14097,.T.);
#14097 = EDGE_CURVE('',#14090,#14098,#14100,.T.);
#14098 = VERTEX_POINT('',#14099);
#14099 = CARTESIAN_POINT('',(67.550874,-27.864651,-7.5E-02));
#14100 = LINE('',#14101,#14102);
#14101 = CARTESIAN_POINT('',(67.662023,-27.591798,-7.5E-02));
#14102 = VECTOR('',#14103,1.);
#14103 = DIRECTION('',(-0.377258073704,-0.926108171773,0.));
#14104 = ORIENTED_EDGE('',*,*,#14105,.T.);
#14105 = EDGE_CURVE('',#14098,#14106,#14108,.T.);
#14106 = VERTEX_POINT('',#14107);
#14107 = CARTESIAN_POINT('',(67.448982,-28.095,-7.5E-02));
#14108 = LINE('',#14109,#14110);
#14109 = CARTESIAN_POINT('',(67.550874,-27.864651,-7.5E-02));
#14110 = VECTOR('',#14111,1.);
#14111 = DIRECTION('',(-0.404528811522,-0.914525254243,0.));
#14112 = ORIENTED_EDGE('',*,*,#14113,.T.);
#14113 = EDGE_CURVE('',#14106,#14114,#14116,.T.);
#14114 = VERTEX_POINT('',#14115);
#14115 = CARTESIAN_POINT('',(67.272761,-28.095,-7.5E-02));
#14116 = LINE('',#14117,#14118);
#14117 = CARTESIAN_POINT('',(67.448982,-28.095,-7.5E-02));
#14118 = VECTOR('',#14119,1.);
#14119 = DIRECTION('',(-1.,0.,0.));
#14120 = ORIENTED_EDGE('',*,*,#14121,.T.);
#14121 = EDGE_CURVE('',#14114,#14122,#14124,.T.);
#14122 = VERTEX_POINT('',#14123);
#14123 = CARTESIAN_POINT('',(67.17089,-27.86465,-7.5E-02));
#14124 = LINE('',#14125,#14126);
#14125 = CARTESIAN_POINT('',(67.272761,-28.095,-7.5E-02));
#14126 = VECTOR('',#14127,1.);
#14127 = DIRECTION('',(-0.404457609316,0.914556746335,0.));
#14128 = ORIENTED_EDGE('',*,*,#14129,.T.);
#14129 = EDGE_CURVE('',#14122,#14130,#14132,.T.);
#14130 = VERTEX_POINT('',#14131);
#14131 = CARTESIAN_POINT('',(67.059811,-27.591798,-7.5E-02));
#14132 = LINE('',#14133,#14134);
#14133 = CARTESIAN_POINT('',(67.17089,-27.86465,-7.5E-02));
#14134 = VECTOR('',#14135,1.);
#14135 = DIRECTION('',(-0.377055455075,0.926190684361,0.));
#14136 = ORIENTED_EDGE('',*,*,#14137,.T.);
#14137 = EDGE_CURVE('',#14130,#13992,#14138,.T.);
#14138 = LINE('',#14139,#14140);
#14139 = CARTESIAN_POINT('',(67.059811,-27.591798,-7.5E-02));
#14140 = VECTOR('',#14141,1.);
#14141 = DIRECTION('',(-0.337978405774,0.941153864801,0.));
#14142 = PLANE('',#14143);
#14143 = AXIS2_PLACEMENT_3D('',#14144,#14145,#14146);
#14144 = CARTESIAN_POINT('',(0.,0.,-7.5E-02));
#14145 = DIRECTION('',(-0.,-0.,-1.));
#14146 = DIRECTION('',(-1.,0.,0.));
#14147 = SHELL_BASED_SURFACE_MODEL('',(#14148));
#14148 = OPEN_SHELL('',(#14149));
#14149 = ADVANCED_FACE('',(#14150),#14259,.T.);
#14150 = FACE_BOUND('',#14151,.T.);
#14151 = EDGE_LOOP('',(#14152,#14162,#14170,#14178,#14187,#14195,#14203,
    #14212,#14220,#14229,#14237,#14245,#14253));
#14152 = ORIENTED_EDGE('',*,*,#14153,.T.);
#14153 = EDGE_CURVE('',#14154,#14156,#14158,.T.);
#14154 = VERTEX_POINT('',#14155);
#14155 = CARTESIAN_POINT('',(49.579264,-25.547118,-7.5E-02));
#14156 = VERTEX_POINT('',#14157);
#14157 = CARTESIAN_POINT('',(49.633336,-25.52472,-7.5E-02));
#14158 = LINE('',#14159,#14160);
#14159 = CARTESIAN_POINT('',(49.579264,-25.547118,-7.5E-02));
#14160 = VECTOR('',#14161,1.);
#14161 = DIRECTION('',(0.923875640631,0.38269282806,0.));
#14162 = ORIENTED_EDGE('',*,*,#14163,.T.);
#14163 = EDGE_CURVE('',#14156,#14164,#14166,.T.);
#14164 = VERTEX_POINT('',#14165);
#14165 = CARTESIAN_POINT('',(49.65,-25.508056,-7.5E-02));
#14166 = LINE('',#14167,#14168);
#14167 = CARTESIAN_POINT('',(49.633336,-25.52472,-7.5E-02));
#14168 = VECTOR('',#14169,1.);
#14169 = DIRECTION('',(0.707106781187,0.707106781187,0.));
#14170 = ORIENTED_EDGE('',*,*,#14171,.T.);
#14171 = EDGE_CURVE('',#14164,#14172,#14174,.T.);
#14172 = VERTEX_POINT('',#14173);
#14173 = CARTESIAN_POINT('',(49.65,-25.74,-7.5E-02));
#14174 = LINE('',#14175,#14176);
#14175 = CARTESIAN_POINT('',(49.65,-25.508056,-7.5E-02));
#14176 = VECTOR('',#14177,1.);
#14177 = DIRECTION('',(0.,-1.,0.));
#14178 = ORIENTED_EDGE('',*,*,#14179,.T.);
#14179 = EDGE_CURVE('',#14172,#14180,#14182,.T.);
#14180 = VERTEX_POINT('',#14181);
#14181 = CARTESIAN_POINT('',(49.59,-25.8,-7.5E-02));
#14182 = CIRCLE('',#14183,5.99993201626E-02);
#14183 = AXIS2_PLACEMENT_3D('',#14184,#14185,#14186);
#14184 = CARTESIAN_POINT('',(49.590000679841,-25.74000067984,-7.5E-02));
#14185 = DIRECTION('',(0.,0.,-1.));
#14186 = DIRECTION('',(0.999999999936,1.133081588457E-05,0.));
#14187 = ORIENTED_EDGE('',*,*,#14188,.T.);
#14188 = EDGE_CURVE('',#14180,#14189,#14191,.T.);
#14189 = VERTEX_POINT('',#14190);
#14190 = CARTESIAN_POINT('',(48.6,-25.8,-7.5E-02));
#14191 = LINE('',#14192,#14193);
#14192 = CARTESIAN_POINT('',(49.59,-25.8,-7.5E-02));
#14193 = VECTOR('',#14194,1.);
#14194 = DIRECTION('',(-1.,0.,0.));
#14195 = ORIENTED_EDGE('',*,*,#14196,.T.);
#14196 = EDGE_CURVE('',#14189,#14197,#14199,.T.);
#14197 = VERTEX_POINT('',#14198);
#14198 = CARTESIAN_POINT('',(48.6,-26.89,-7.5E-02));
#14199 = LINE('',#14200,#14201);
#14200 = CARTESIAN_POINT('',(48.6,-25.8,-7.5E-02));
#14201 = VECTOR('',#14202,1.);
#14202 = DIRECTION('',(0.,-1.,0.));
#14203 = ORIENTED_EDGE('',*,*,#14204,.T.);
#14204 = EDGE_CURVE('',#14197,#14205,#14207,.T.);
#14205 = VERTEX_POINT('',#14206);
#14206 = CARTESIAN_POINT('',(48.48,-26.89,-7.5E-02));
#14207 = CIRCLE('',#14208,6.000000000043E-02);
#14208 = AXIS2_PLACEMENT_3D('',#14209,#14210,#14211);
#14209 = CARTESIAN_POINT('',(48.54,-26.89000022558,-7.5E-02));
#14210 = DIRECTION('',(0.,0.,-1.));
#14211 = DIRECTION('',(0.999999999993,3.759794076048E-06,0.));
#14212 = ORIENTED_EDGE('',*,*,#14213,.T.);
#14213 = EDGE_CURVE('',#14205,#14214,#14216,.T.);
#14214 = VERTEX_POINT('',#14215);
#14215 = CARTESIAN_POINT('',(48.48,-25.74,-7.5E-02));
#14216 = LINE('',#14217,#14218);
#14217 = CARTESIAN_POINT('',(48.48,-26.89,-7.5E-02));
#14218 = VECTOR('',#14219,1.);
#14219 = DIRECTION('',(0.,1.,0.));
#14220 = ORIENTED_EDGE('',*,*,#14221,.T.);
#14221 = EDGE_CURVE('',#14214,#14222,#14224,.T.);
#14222 = VERTEX_POINT('',#14223);
#14223 = CARTESIAN_POINT('',(48.54,-25.68,-7.5E-02));
#14224 = CIRCLE('',#14225,5.99993201626E-02);
#14225 = AXIS2_PLACEMENT_3D('',#14226,#14227,#14228);
#14226 = CARTESIAN_POINT('',(48.539999320159,-25.73999932015,-7.5E-02));
#14227 = DIRECTION('',(0.,0.,-1.));
#14228 = DIRECTION('',(-0.999999999936,-1.133081588457E-05,-0.));
#14229 = ORIENTED_EDGE('',*,*,#14230,.T.);
#14230 = EDGE_CURVE('',#14222,#14231,#14233,.T.);
#14231 = VERTEX_POINT('',#14232);
#14232 = CARTESIAN_POINT('',(49.53,-25.68,-7.5E-02));
#14233 = LINE('',#14234,#14235);
#14234 = CARTESIAN_POINT('',(48.54,-25.68,-7.5E-02));
#14235 = VECTOR('',#14236,1.);
#14236 = DIRECTION('',(1.,0.,0.));
#14237 = ORIENTED_EDGE('',*,*,#14238,.T.);
#14238 = EDGE_CURVE('',#14231,#14239,#14241,.T.);
#14239 = VERTEX_POINT('',#14240);
#14240 = CARTESIAN_POINT('',(49.53,-25.54803,-7.5E-02));
#14241 = LINE('',#14242,#14243);
#14242 = CARTESIAN_POINT('',(49.53,-25.68,-7.5E-02));
#14243 = VECTOR('',#14244,1.);
#14244 = DIRECTION('',(0.,1.,0.));
#14245 = ORIENTED_EDGE('',*,*,#14246,.T.);
#14246 = EDGE_CURVE('',#14239,#14247,#14249,.T.);
#14247 = VERTEX_POINT('',#14248);
#14248 = CARTESIAN_POINT('',(49.55,-25.55,-7.5E-02));
#14249 = LINE('',#14250,#14251);
#14250 = CARTESIAN_POINT('',(49.53,-25.54803,-7.5E-02));
#14251 = VECTOR('',#14252,1.);
#14252 = DIRECTION('',(0.995183892114,-9.802561337323E-02,0.));
#14253 = ORIENTED_EDGE('',*,*,#14254,.T.);
#14254 = EDGE_CURVE('',#14247,#14154,#14255,.T.);
#14255 = LINE('',#14256,#14257);
#14256 = CARTESIAN_POINT('',(49.55,-25.55,-7.5E-02));
#14257 = VECTOR('',#14258,1.);
#14258 = DIRECTION('',(0.995185563998,9.800863844456E-02,0.));
#14259 = PLANE('',#14260);
#14260 = AXIS2_PLACEMENT_3D('',#14261,#14262,#14263);
#14261 = CARTESIAN_POINT('',(0.,0.,-7.5E-02));
#14262 = DIRECTION('',(-0.,-0.,-1.));
#14263 = DIRECTION('',(-1.,0.,0.));
#14264 = SHELL_BASED_SURFACE_MODEL('',(#14265));
#14265 = OPEN_SHELL('',(#14266));
#14266 = ADVANCED_FACE('',(#14267),#14328,.T.);
#14267 = FACE_BOUND('',#14268,.T.);
#14268 = EDGE_LOOP('',(#14269,#14280,#14288,#14297,#14305,#14314,#14322)
  );
#14269 = ORIENTED_EDGE('',*,*,#14270,.T.);
#14270 = EDGE_CURVE('',#14271,#14273,#14275,.T.);
#14271 = VERTEX_POINT('',#14272);
#14272 = CARTESIAN_POINT('',(54.71,-25.8,-7.5E-02));
#14273 = VERTEX_POINT('',#14274);
#14274 = CARTESIAN_POINT('',(54.71,-25.68,-7.5E-02));
#14275 = CIRCLE('',#14276,6.000000000042E-02);
#14276 = AXIS2_PLACEMENT_3D('',#14277,#14278,#14279);
#14277 = CARTESIAN_POINT('',(54.709999774412,-25.74,-7.5E-02));
#14278 = DIRECTION('',(0.,0.,-1.));
#14279 = DIRECTION('',(3.75979413526E-06,-0.999999999993,0.));
#14280 = ORIENTED_EDGE('',*,*,#14281,.T.);
#14281 = EDGE_CURVE('',#14273,#14282,#14284,.T.);
#14282 = VERTEX_POINT('',#14283);
#14283 = CARTESIAN_POINT('',(55.76,-25.68,-7.5E-02));
#14284 = LINE('',#14285,#14286);
#14285 = CARTESIAN_POINT('',(54.71,-25.68,-7.5E-02));
#14286 = VECTOR('',#14287,1.);
#14287 = DIRECTION('',(1.,0.,0.));
#14288 = ORIENTED_EDGE('',*,*,#14289,.T.);
#14289 = EDGE_CURVE('',#14282,#14290,#14292,.T.);
#14290 = VERTEX_POINT('',#14291);
#14291 = CARTESIAN_POINT('',(55.82,-25.74,-7.5E-02));
#14292 = CIRCLE('',#14293,5.99993201626E-02);
#14293 = AXIS2_PLACEMENT_3D('',#14294,#14295,#14296);
#14294 = CARTESIAN_POINT('',(55.760000679841,-25.73999932015,-7.5E-02));
#14295 = DIRECTION('',(0.,0.,-1.));
#14296 = DIRECTION('',(-1.133081588457E-05,0.999999999936,0.));
#14297 = ORIENTED_EDGE('',*,*,#14298,.T.);
#14298 = EDGE_CURVE('',#14290,#14299,#14301,.T.);
#14299 = VERTEX_POINT('',#14300);
#14300 = CARTESIAN_POINT('',(55.82,-26.89,-7.5E-02));
#14301 = LINE('',#14302,#14303);
#14302 = CARTESIAN_POINT('',(55.82,-25.74,-7.5E-02));
#14303 = VECTOR('',#14304,1.);
#14304 = DIRECTION('',(0.,-1.,0.));
#14305 = ORIENTED_EDGE('',*,*,#14306,.T.);
#14306 = EDGE_CURVE('',#14299,#14307,#14309,.T.);
#14307 = VERTEX_POINT('',#14308);
#14308 = CARTESIAN_POINT('',(55.7,-26.89,-7.5E-02));
#14309 = CIRCLE('',#14310,6.000000000042E-02);
#14310 = AXIS2_PLACEMENT_3D('',#14311,#14312,#14313);
#14311 = CARTESIAN_POINT('',(55.76,-26.89000022558,-7.5E-02));
#14312 = DIRECTION('',(0.,0.,-1.));
#14313 = DIRECTION('',(0.999999999993,3.75979413526E-06,0.));
#14314 = ORIENTED_EDGE('',*,*,#14315,.T.);
#14315 = EDGE_CURVE('',#14307,#14316,#14318,.T.);
#14316 = VERTEX_POINT('',#14317);
#14317 = CARTESIAN_POINT('',(55.7,-25.8,-7.5E-02));
#14318 = LINE('',#14319,#14320);
#14319 = CARTESIAN_POINT('',(55.7,-26.89,-7.5E-02));
#14320 = VECTOR('',#14321,1.);
#14321 = DIRECTION('',(0.,1.,0.));
#14322 = ORIENTED_EDGE('',*,*,#14323,.T.);
#14323 = EDGE_CURVE('',#14316,#14271,#14324,.T.);
#14324 = LINE('',#14325,#14326);
#14325 = CARTESIAN_POINT('',(55.7,-25.8,-7.5E-02));
#14326 = VECTOR('',#14327,1.);
#14327 = DIRECTION('',(-1.,0.,0.));
#14328 = PLANE('',#14329);
#14329 = AXIS2_PLACEMENT_3D('',#14330,#14331,#14332);
#14330 = CARTESIAN_POINT('',(0.,0.,-7.5E-02));
#14331 = DIRECTION('',(-0.,-0.,-1.));
#14332 = DIRECTION('',(-1.,0.,0.));
#14333 = SHELL_BASED_SURFACE_MODEL('',(#14334));
#14334 = OPEN_SHELL('',(#14335));
#14335 = ADVANCED_FACE('',(#14336),#14500,.T.);
#14336 = FACE_BOUND('',#14337,.T.);
#14337 = EDGE_LOOP('',(#14338,#14348,#14357,#14365,#14373,#14381,#14389,
    #14397,#14405,#14413,#14421,#14429,#14438,#14446,#14454,#14462,
    #14470,#14478,#14486,#14494));
#14338 = ORIENTED_EDGE('',*,*,#14339,.T.);
#14339 = EDGE_CURVE('',#14340,#14342,#14344,.T.);
#14340 = VERTEX_POINT('',#14341);
#14341 = CARTESIAN_POINT('',(75.883158,-25.802912,-7.5E-02));
#14342 = VERTEX_POINT('',#14343);
#14343 = CARTESIAN_POINT('',(75.939875,-25.778794,-7.5E-02));
#14344 = LINE('',#14345,#14346);
#14345 = CARTESIAN_POINT('',(75.883158,-25.802912,-7.5E-02));
#14346 = VECTOR('',#14347,1.);
#14347 = DIRECTION('',(0.920253363973,0.391323071254,0.));
#14348 = ORIENTED_EDGE('',*,*,#14349,.T.);
#14349 = EDGE_CURVE('',#14342,#14350,#14352,.T.);
#14350 = VERTEX_POINT('',#14351);
#14351 = CARTESIAN_POINT('',(76.146087,-25.801865,-7.5E-02));
#14352 = CIRCLE('',#14353,0.308447237937);
#14353 = AXIS2_PLACEMENT_3D('',#14354,#14355,#14356);
#14354 = CARTESIAN_POINT('',(76.010684147256,-26.07900353225,-7.5E-02));
#14355 = DIRECTION('',(0.,0.,-1.));
#14356 = DIRECTION('',(-0.22956648187,0.973292982818,0.));
#14357 = ORIENTED_EDGE('',*,*,#14358,.T.);
#14358 = EDGE_CURVE('',#14350,#14359,#14361,.T.);
#14359 = VERTEX_POINT('',#14360);
#14360 = CARTESIAN_POINT('',(76.212147,-25.842732,-7.5E-02));
#14361 = LINE('',#14362,#14363);
#14362 = CARTESIAN_POINT('',(76.146087,-25.801865,-7.5E-02));
#14363 = VECTOR('',#14364,1.);
#14364 = DIRECTION('',(0.850422312991,-0.526100645852,0.));
#14365 = ORIENTED_EDGE('',*,*,#14366,.T.);
#14366 = EDGE_CURVE('',#14359,#14367,#14369,.T.);
#14367 = VERTEX_POINT('',#14368);
#14368 = CARTESIAN_POINT('',(76.267344,-25.896394,-7.5E-02));
#14369 = LINE('',#14370,#14371);
#14370 = CARTESIAN_POINT('',(76.212147,-25.842732,-7.5E-02));
#14371 = VECTOR('',#14372,1.);
#14372 = DIRECTION('',(0.717006280417,-0.697066706882,0.));
#14373 = ORIENTED_EDGE('',*,*,#14374,.T.);
#14374 = EDGE_CURVE('',#14367,#14375,#14377,.T.);
#14375 = VERTEX_POINT('',#14376);
#14376 = CARTESIAN_POINT('',(76.307505,-25.96175,-7.5E-02));
#14377 = LINE('',#14378,#14379);
#14378 = CARTESIAN_POINT('',(76.267344,-25.896394,-7.5E-02));
#14379 = VECTOR('',#14380,1.);
#14380 = DIRECTION('',(0.523548172374,-0.851996074641,0.));
#14381 = ORIENTED_EDGE('',*,*,#14382,.T.);
#14382 = EDGE_CURVE('',#14375,#14383,#14385,.T.);
#14383 = VERTEX_POINT('',#14384);
#14384 = CARTESIAN_POINT('',(76.333182,-26.041143,-7.5E-02));
#14385 = LINE('',#14386,#14387);
#14386 = CARTESIAN_POINT('',(76.307505,-25.96175,-7.5E-02));
#14387 = VECTOR('',#14388,1.);
#14388 = DIRECTION('',(0.307722963494,-0.95147599956,0.));
#14389 = ORIENTED_EDGE('',*,*,#14390,.T.);
#14390 = EDGE_CURVE('',#14383,#14391,#14393,.T.);
#14391 = VERTEX_POINT('',#14392);
#14392 = CARTESIAN_POINT('',(76.340421,-26.123515,-7.5E-02));
#14393 = LINE('',#14394,#14395);
#14394 = CARTESIAN_POINT('',(76.333182,-26.041143,-7.5E-02));
#14395 = VECTOR('',#14396,1.);
#14396 = DIRECTION('',(8.754439278604E-02,-0.996160619223,0.));
#14397 = ORIENTED_EDGE('',*,*,#14398,.T.);
#14398 = EDGE_CURVE('',#14391,#14399,#14401,.T.);
#14399 = VERTEX_POINT('',#14400);
#14400 = CARTESIAN_POINT('',(76.326823,-26.187977,-7.5E-02));
#14401 = LINE('',#14402,#14403);
#14402 = CARTESIAN_POINT('',(76.340421,-26.123515,-7.5E-02));
#14403 = VECTOR('',#14404,1.);
#14404 = DIRECTION('',(-0.206403668253,-0.978466926233,0.));
#14405 = ORIENTED_EDGE('',*,*,#14406,.T.);
#14406 = EDGE_CURVE('',#14399,#14407,#14409,.T.);
#14407 = VERTEX_POINT('',#14408);
#14408 = CARTESIAN_POINT('',(76.294763,-26.239688,-7.5E-02));
#14409 = LINE('',#14410,#14411);
#14410 = CARTESIAN_POINT('',(76.326823,-26.187977,-7.5E-02));
#14411 = VECTOR('',#14412,1.);
#14412 = DIRECTION('',(-0.5269299337,-0.849908727435,0.));
#14413 = ORIENTED_EDGE('',*,*,#14414,.T.);
#14414 = EDGE_CURVE('',#14407,#14415,#14417,.T.);
#14415 = VERTEX_POINT('',#14416);
#14416 = CARTESIAN_POINT('',(76.247412,-26.279432,-7.5E-02));
#14417 = LINE('',#14418,#14419);
#14418 = CARTESIAN_POINT('',(76.294763,-26.239688,-7.5E-02));
#14419 = VECTOR('',#14420,1.);
#14420 = DIRECTION('',(-0.76595049923,-0.642899551042,0.));
#14421 = ORIENTED_EDGE('',*,*,#14422,.T.);
#14422 = EDGE_CURVE('',#14415,#14423,#14425,.T.);
#14423 = VERTEX_POINT('',#14424);
#14424 = CARTESIAN_POINT('',(76.190647,-26.303507,-7.5E-02));
#14425 = LINE('',#14426,#14427);
#14426 = CARTESIAN_POINT('',(76.247412,-26.279432,-7.5E-02));
#14427 = VECTOR('',#14428,1.);
#14428 = DIRECTION('',(-0.920623300185,-0.390451967796,0.));
#14429 = ORIENTED_EDGE('',*,*,#14430,.T.);
#14430 = EDGE_CURVE('',#14423,#14431,#14433,.T.);
#14431 = VERTEX_POINT('',#14432);
#14432 = CARTESIAN_POINT('',(75.984461,-26.28047,-7.5E-02));
#14433 = CIRCLE('',#14434,0.304605113573);
#14434 = AXIS2_PLACEMENT_3D('',#14435,#14436,#14437);
#14435 = CARTESIAN_POINT('',(76.119355071974,-26.00736221072,-7.5E-02));
#14436 = DIRECTION('',(-0.,0.,-1.));
#14437 = DIRECTION('',(0.234047049276,-0.972225271594,-0.));
#14438 = ORIENTED_EDGE('',*,*,#14439,.T.);
#14439 = EDGE_CURVE('',#14431,#14440,#14442,.T.);
#14440 = VERTEX_POINT('',#14441);
#14441 = CARTESIAN_POINT('',(75.918494,-26.239688,-7.5E-02));
#14442 = LINE('',#14443,#14444);
#14443 = CARTESIAN_POINT('',(75.984461,-26.28047,-7.5E-02));
#14444 = VECTOR('',#14445,1.);
#14445 = DIRECTION('',(-0.850580728442,0.5258444869,0.));
#14446 = ORIENTED_EDGE('',*,*,#14447,.T.);
#14447 = EDGE_CURVE('',#14440,#14448,#14450,.T.);
#14448 = VERTEX_POINT('',#14449);
#14449 = CARTESIAN_POINT('',(75.86328,-26.185948,-7.5E-02));
#14450 = LINE('',#14451,#14452);
#14451 = CARTESIAN_POINT('',(75.918494,-26.239688,-7.5E-02));
#14452 = VECTOR('',#14453,1.);
#14453 = DIRECTION('',(-0.716607402627,0.697476759828,0.));
#14454 = ORIENTED_EDGE('',*,*,#14455,.T.);
#14455 = EDGE_CURVE('',#14448,#14456,#14458,.T.);
#14456 = VERTEX_POINT('',#14457);
#14457 = CARTESIAN_POINT('',(75.823074,-26.120542,-7.5E-02));
#14458 = LINE('',#14459,#14460);
#14459 = CARTESIAN_POINT('',(75.86328,-26.185948,-7.5E-02));
#14460 = VECTOR('',#14461,1.);
#14461 = DIRECTION('',(-0.523683135144,0.851913125833,0.));
#14462 = ORIENTED_EDGE('',*,*,#14463,.T.);
#14463 = EDGE_CURVE('',#14456,#14464,#14466,.T.);
#14464 = VERTEX_POINT('',#14465);
#14465 = CARTESIAN_POINT('',(75.797325,-26.041143,-7.5E-02));
#14466 = LINE('',#14467,#14468);
#14467 = CARTESIAN_POINT('',(75.823074,-26.120542,-7.5E-02));
#14468 = VECTOR('',#14469,1.);
#14469 = DIRECTION('',(-0.308482724693,0.951229945158,0.));
#14470 = ORIENTED_EDGE('',*,*,#14471,.T.);
#14471 = EDGE_CURVE('',#14464,#14472,#14474,.T.);
#14472 = VERTEX_POINT('',#14473);
#14473 = CARTESIAN_POINT('',(75.790165,-25.958776,-7.5E-02));
#14474 = LINE('',#14475,#14476);
#14475 = CARTESIAN_POINT('',(75.797325,-26.041143,-7.5E-02));
#14476 = VECTOR('',#14477,1.);
#14477 = DIRECTION('',(-8.660143208303E-02,0.996243038601,0.));
#14478 = ORIENTED_EDGE('',*,*,#14479,.T.);
#14479 = EDGE_CURVE('',#14472,#14480,#14482,.T.);
#14480 = VERTEX_POINT('',#14481);
#14481 = CARTESIAN_POINT('',(75.803809,-25.894361,-7.5E-02));
#14482 = LINE('',#14483,#14484);
#14483 = CARTESIAN_POINT('',(75.790165,-25.958776,-7.5E-02));
#14484 = VECTOR('',#14485,1.);
#14485 = DIRECTION('',(0.207216613402,0.978295085918,0.));
#14486 = ORIENTED_EDGE('',*,*,#14487,.T.);
#14487 = EDGE_CURVE('',#14480,#14488,#14490,.T.);
#14488 = VERTEX_POINT('',#14489);
#14489 = CARTESIAN_POINT('',(75.835879,-25.842732,-7.5E-02));
#14490 = LINE('',#14491,#14492);
#14491 = CARTESIAN_POINT('',(75.803809,-25.894361,-7.5E-02));
#14492 = VECTOR('',#14493,1.);
#14493 = DIRECTION('',(0.527652802101,0.849460134695,0.));
#14494 = ORIENTED_EDGE('',*,*,#14495,.T.);
#14495 = EDGE_CURVE('',#14488,#14340,#14496,.T.);
#14496 = LINE('',#14497,#14498);
#14497 = CARTESIAN_POINT('',(75.835879,-25.842732,-7.5E-02));
#14498 = VECTOR('',#14499,1.);
#14499 = DIRECTION('',(0.764862531922,0.644193532459,0.));
#14500 = PLANE('',#14501);
#14501 = AXIS2_PLACEMENT_3D('',#14502,#14503,#14504);
#14502 = CARTESIAN_POINT('',(0.,0.,-7.5E-02));
#14503 = DIRECTION('',(-0.,-0.,-1.));
#14504 = DIRECTION('',(-1.,0.,0.));
#14505 = SHELL_BASED_SURFACE_MODEL('',(#14506));
#14506 = OPEN_SHELL('',(#14507));
#14507 = ADVANCED_FACE('',(#14508),#14560,.T.);
#14508 = FACE_BOUND('',#14509,.T.);
#14509 = EDGE_LOOP('',(#14510,#14521,#14529,#14537,#14546,#14554));
#14510 = ORIENTED_EDGE('',*,*,#14511,.T.);
#14511 = EDGE_CURVE('',#14512,#14514,#14516,.T.);
#14512 = VERTEX_POINT('',#14513);
#14513 = CARTESIAN_POINT('',(49.534567,-24.727039,-7.5E-02));
#14514 = VERTEX_POINT('',#14515);
#14515 = CARTESIAN_POINT('',(49.65,-24.75,-7.5E-02));
#14516 = CIRCLE('',#14517,6.000007318647E-02);
#14517 = AXIS2_PLACEMENT_3D('',#14518,#14519,#14520);
#14518 = CARTESIAN_POINT('',(49.589999926814,-24.74999982331,-7.5E-02));
#14519 = DIRECTION('',(0.,0.,-1.));
#14520 = DIRECTION('',(-0.923880986637,0.382679921777,0.));
#14521 = ORIENTED_EDGE('',*,*,#14522,.T.);
#14522 = EDGE_CURVE('',#14514,#14523,#14525,.T.);
#14523 = VERTEX_POINT('',#14524);
#14524 = CARTESIAN_POINT('',(49.65,-25.291944,-7.5E-02));
#14525 = LINE('',#14526,#14527);
#14526 = CARTESIAN_POINT('',(49.65,-24.75,-7.5E-02));
#14527 = VECTOR('',#14528,1.);
#14528 = DIRECTION('',(0.,-1.,0.));
#14529 = ORIENTED_EDGE('',*,*,#14530,.T.);
#14530 = EDGE_CURVE('',#14523,#14531,#14533,.T.);
#14531 = VERTEX_POINT('',#14532);
#14532 = CARTESIAN_POINT('',(49.633336,-25.27528,-7.5E-02));
#14533 = LINE('',#14534,#14535);
#14534 = CARTESIAN_POINT('',(49.65,-25.291944,-7.5E-02));
#14535 = VECTOR('',#14536,1.);
#14536 = DIRECTION('',(-0.707106781186,0.707106781187,0.));
#14537 = ORIENTED_EDGE('',*,*,#14538,.T.);
#14538 = EDGE_CURVE('',#14531,#14539,#14541,.T.);
#14539 = VERTEX_POINT('',#14540);
#14540 = CARTESIAN_POINT('',(49.53,-25.251969,-7.5E-02));
#14541 = CIRCLE('',#14542,0.144911544885);
#14542 = AXIS2_PLACEMENT_3D('',#14543,#14544,#14545);
#14543 = CARTESIAN_POINT('',(49.551985933009,-25.39520298545,-7.5E-02));
#14544 = DIRECTION('',(0.,0.,1.));
#14545 = DIRECTION('',(0.561377404784,0.827559912875,-0.));
#14546 = ORIENTED_EDGE('',*,*,#14547,.T.);
#14547 = EDGE_CURVE('',#14539,#14548,#14550,.T.);
#14548 = VERTEX_POINT('',#14549);
#14549 = CARTESIAN_POINT('',(49.53,-24.75,-7.5E-02));
#14550 = LINE('',#14551,#14552);
#14551 = CARTESIAN_POINT('',(49.53,-25.251969,-7.5E-02));
#14552 = VECTOR('',#14553,1.);
#14553 = DIRECTION('',(0.,1.,0.));
#14554 = ORIENTED_EDGE('',*,*,#14555,.T.);
#14555 = EDGE_CURVE('',#14548,#14512,#14556,.T.);
#14556 = LINE('',#14557,#14558);
#14557 = CARTESIAN_POINT('',(49.53,-24.75,-7.5E-02));
#14558 = VECTOR('',#14559,1.);
#14559 = DIRECTION('',(0.195081000118,0.980787134598,0.));
#14560 = PLANE('',#14561);
#14561 = AXIS2_PLACEMENT_3D('',#14562,#14563,#14564);
#14562 = CARTESIAN_POINT('',(0.,0.,-7.5E-02));
#14563 = DIRECTION('',(-0.,-0.,-1.));
#14564 = DIRECTION('',(-1.,0.,0.));
#14565 = ( GEOMETRIC_REPRESENTATION_CONTEXT(3) 
GLOBAL_UNCERTAINTY_ASSIGNED_CONTEXT((#14569)) 
GLOBAL_UNIT_ASSIGNED_CONTEXT((#14566,#14567,#14568)) 
REPRESENTATION_CONTEXT('Context #1',
  '3D Context with UNIT and UNCERTAINTY') );
#14566 = ( LENGTH_UNIT() NAMED_UNIT(*) SI_UNIT(.MILLI.,.METRE.) );
#14567 = ( NAMED_UNIT(*) PLANE_ANGLE_UNIT() SI_UNIT($,.RADIAN.) );
#14568 = ( NAMED_UNIT(*) SI_UNIT($,.STERADIAN.) SOLID_ANGLE_UNIT() );
#14569 = UNCERTAINTY_MEASURE_WITH_UNIT(LENGTH_MEASURE(1.E-07),#14566,
  'distance_accuracy_value','confusion accuracy');
#14570 = CONTEXT_DEPENDENT_SHAPE_REPRESENTATION(#14571,#14573);
#14571 = ( REPRESENTATION_RELATIONSHIP('','',#8975,#10) 
REPRESENTATION_RELATIONSHIP_WITH_TRANSFORMATION(#14572) 
SHAPE_REPRESENTATION_RELATIONSHIP() );
#14572 = ITEM_DEFINED_TRANSFORMATION('','',#11,#79);
#14573 = PRODUCT_DEFINITION_SHAPE('Placement','Placement of an item',
  #14574);
#14574 = NEXT_ASSEMBLY_USAGE_OCCURRENCE('20','=>[0:1:1:9]','',#5,#8970,$
  );
#14575 = PRODUCT_RELATED_PRODUCT_CATEGORY('part',$,(#8972));
#14576 = SHAPE_DEFINITION_REPRESENTATION(#14577,#14583);
#14577 = PRODUCT_DEFINITION_SHAPE('','',#14578);
#14578 = PRODUCT_DEFINITION('design','',#14579,#14582);
#14579 = PRODUCT_DEFINITION_FORMATION('','',#14580);
#14580 = PRODUCT('kibot_0775n4pz_PCB','kibot_0775n4pz_PCB','',(#14581));
#14581 = PRODUCT_CONTEXT('',#2,'mechanical');
#14582 = PRODUCT_DEFINITION_CONTEXT('part definition',#2,'design');
#14583 = ADVANCED_BREP_SHAPE_REPRESENTATION('',(#11,#14584),#14866);
#14584 = MANIFOLD_SOLID_BREP('',#14585);
#14585 = CLOSED_SHELL('',(#14586,#14626,#14657,#14688,#14719,#14750,
    #14781,#14812,#14834,#14850));
#14586 = ADVANCED_FACE('',(#14587),#14621,.T.);
#14587 = FACE_BOUND('',#14588,.T.);
#14588 = EDGE_LOOP('',(#14589,#14599,#14607,#14615));
#14589 = ORIENTED_EDGE('',*,*,#14590,.T.);
#14590 = EDGE_CURVE('',#14591,#14593,#14595,.T.);
#14591 = VERTEX_POINT('',#14592);
#14592 = CARTESIAN_POINT('',(141.,-35.,0.));
#14593 = VERTEX_POINT('',#14594);
#14594 = CARTESIAN_POINT('',(141.,-35.,1.5162));
#14595 = LINE('',#14596,#14597);
#14596 = CARTESIAN_POINT('',(141.,-35.,0.));
#14597 = VECTOR('',#14598,1.);
#14598 = DIRECTION('',(0.,0.,1.));
#14599 = ORIENTED_EDGE('',*,*,#14600,.T.);
#14600 = EDGE_CURVE('',#14593,#14601,#14603,.T.);
#14601 = VERTEX_POINT('',#14602);
#14602 = CARTESIAN_POINT('',(131.,-35.,1.5162));
#14603 = LINE('',#14604,#14605);
#14604 = CARTESIAN_POINT('',(141.,-35.,1.5162));
#14605 = VECTOR('',#14606,1.);
#14606 = DIRECTION('',(-1.,0.,0.));
#14607 = ORIENTED_EDGE('',*,*,#14608,.F.);
#14608 = EDGE_CURVE('',#14609,#14601,#14611,.T.);
#14609 = VERTEX_POINT('',#14610);
#14610 = CARTESIAN_POINT('',(131.,-35.,0.));
#14611 = LINE('',#14612,#14613);
#14612 = CARTESIAN_POINT('',(131.,-35.,0.));
#14613 = VECTOR('',#14614,1.);
#14614 = DIRECTION('',(0.,0.,1.));
#14615 = ORIENTED_EDGE('',*,*,#14616,.F.);
#14616 = EDGE_CURVE('',#14591,#14609,#14617,.T.);
#14617 = LINE('',#14618,#14619);
#14618 = CARTESIAN_POINT('',(141.,-35.,0.));
#14619 = VECTOR('',#14620,1.);
#14620 = DIRECTION('',(-1.,0.,0.));
#14621 = PLANE('',#14622);
#14622 = AXIS2_PLACEMENT_3D('',#14623,#14624,#14625);
#14623 = CARTESIAN_POINT('',(141.,-35.,0.));
#14624 = DIRECTION('',(0.,-1.,0.));
#14625 = DIRECTION('',(-1.,0.,0.));
#14626 = ADVANCED_FACE('',(#14627),#14652,.T.);
#14627 = FACE_BOUND('',#14628,.T.);
#14628 = EDGE_LOOP('',(#14629,#14630,#14638,#14646));
#14629 = ORIENTED_EDGE('',*,*,#14608,.T.);
#14630 = ORIENTED_EDGE('',*,*,#14631,.T.);
#14631 = EDGE_CURVE('',#14601,#14632,#14634,.T.);
#14632 = VERTEX_POINT('',#14633);
#14633 = CARTESIAN_POINT('',(131.,-30.,1.5162));
#14634 = LINE('',#14635,#14636);
#14635 = CARTESIAN_POINT('',(131.,-35.,1.5162));
#14636 = VECTOR('',#14637,1.);
#14637 = DIRECTION('',(0.,1.,0.));
#14638 = ORIENTED_EDGE('',*,*,#14639,.F.);
#14639 = EDGE_CURVE('',#14640,#14632,#14642,.T.);
#14640 = VERTEX_POINT('',#14641);
#14641 = CARTESIAN_POINT('',(131.,-30.,0.));
#14642 = LINE('',#14643,#14644);
#14643 = CARTESIAN_POINT('',(131.,-30.,0.));
#14644 = VECTOR('',#14645,1.);
#14645 = DIRECTION('',(0.,0.,1.));
#14646 = ORIENTED_EDGE('',*,*,#14647,.F.);
#14647 = EDGE_CURVE('',#14609,#14640,#14648,.T.);
#14648 = LINE('',#14649,#14650);
#14649 = CARTESIAN_POINT('',(131.,-35.,0.));
#14650 = VECTOR('',#14651,1.);
#14651 = DIRECTION('',(0.,1.,0.));
#14652 = PLANE('',#14653);
#14653 = AXIS2_PLACEMENT_3D('',#14654,#14655,#14656);
#14654 = CARTESIAN_POINT('',(131.,-35.,0.));
#14655 = DIRECTION('',(-1.,0.,0.));
#14656 = DIRECTION('',(0.,1.,0.));
#14657 = ADVANCED_FACE('',(#14658),#14683,.T.);
#14658 = FACE_BOUND('',#14659,.T.);
#14659 = EDGE_LOOP('',(#14660,#14661,#14669,#14677));
#14660 = ORIENTED_EDGE('',*,*,#14639,.T.);
#14661 = ORIENTED_EDGE('',*,*,#14662,.T.);
#14662 = EDGE_CURVE('',#14632,#14663,#14665,.T.);
#14663 = VERTEX_POINT('',#14664);
#14664 = CARTESIAN_POINT('',(40.,-30.,1.5162));
#14665 = LINE('',#14666,#14667);
#14666 = CARTESIAN_POINT('',(131.,-30.,1.5162));
#14667 = VECTOR('',#14668,1.);
#14668 = DIRECTION('',(-1.,0.,0.));
#14669 = ORIENTED_EDGE('',*,*,#14670,.F.);
#14670 = EDGE_CURVE('',#14671,#14663,#14673,.T.);
#14671 = VERTEX_POINT('',#14672);
#14672 = CARTESIAN_POINT('',(40.,-30.,0.));
#14673 = LINE('',#14674,#14675);
#14674 = CARTESIAN_POINT('',(40.,-30.,0.));
#14675 = VECTOR('',#14676,1.);
#14676 = DIRECTION('',(0.,0.,1.));
#14677 = ORIENTED_EDGE('',*,*,#14678,.F.);
#14678 = EDGE_CURVE('',#14640,#14671,#14679,.T.);
#14679 = LINE('',#14680,#14681);
#14680 = CARTESIAN_POINT('',(131.,-30.,0.));
#14681 = VECTOR('',#14682,1.);
#14682 = DIRECTION('',(-1.,0.,0.));
#14683 = PLANE('',#14684);
#14684 = AXIS2_PLACEMENT_3D('',#14685,#14686,#14687);
#14685 = CARTESIAN_POINT('',(131.,-30.,0.));
#14686 = DIRECTION('',(0.,-1.,0.));
#14687 = DIRECTION('',(-1.,0.,0.));
#14688 = ADVANCED_FACE('',(#14689),#14714,.T.);
#14689 = FACE_BOUND('',#14690,.T.);
#14690 = EDGE_LOOP('',(#14691,#14692,#14700,#14708));
#14691 = ORIENTED_EDGE('',*,*,#14670,.T.);
#14692 = ORIENTED_EDGE('',*,*,#14693,.T.);
#14693 = EDGE_CURVE('',#14663,#14694,#14696,.T.);
#14694 = VERTEX_POINT('',#14695);
#14695 = CARTESIAN_POINT('',(40.,-35.,1.5162));
#14696 = LINE('',#14697,#14698);
#14697 = CARTESIAN_POINT('',(40.,-30.,1.5162));
#14698 = VECTOR('',#14699,1.);
#14699 = DIRECTION('',(0.,-1.,0.));
#14700 = ORIENTED_EDGE('',*,*,#14701,.F.);
#14701 = EDGE_CURVE('',#14702,#14694,#14704,.T.);
#14702 = VERTEX_POINT('',#14703);
#14703 = CARTESIAN_POINT('',(40.,-35.,0.));
#14704 = LINE('',#14705,#14706);
#14705 = CARTESIAN_POINT('',(40.,-35.,0.));
#14706 = VECTOR('',#14707,1.);
#14707 = DIRECTION('',(0.,0.,1.));
#14708 = ORIENTED_EDGE('',*,*,#14709,.F.);
#14709 = EDGE_CURVE('',#14671,#14702,#14710,.T.);
#14710 = LINE('',#14711,#14712);
#14711 = CARTESIAN_POINT('',(40.,-30.,0.));
#14712 = VECTOR('',#14713,1.);
#14713 = DIRECTION('',(0.,-1.,0.));
#14714 = PLANE('',#14715);
#14715 = AXIS2_PLACEMENT_3D('',#14716,#14717,#14718);
#14716 = CARTESIAN_POINT('',(40.,-30.,0.));
#14717 = DIRECTION('',(1.,0.,-0.));
#14718 = DIRECTION('',(0.,-1.,0.));
#14719 = ADVANCED_FACE('',(#14720),#14745,.T.);
#14720 = FACE_BOUND('',#14721,.T.);
#14721 = EDGE_LOOP('',(#14722,#14723,#14731,#14739));
#14722 = ORIENTED_EDGE('',*,*,#14701,.T.);
#14723 = ORIENTED_EDGE('',*,*,#14724,.T.);
#14724 = EDGE_CURVE('',#14694,#14725,#14727,.T.);
#14725 = VERTEX_POINT('',#14726);
#14726 = CARTESIAN_POINT('',(12.25,-35.,1.5162));
#14727 = LINE('',#14728,#14729);
#14728 = CARTESIAN_POINT('',(40.,-35.,1.5162));
#14729 = VECTOR('',#14730,1.);
#14730 = DIRECTION('',(-1.,0.,0.));
#14731 = ORIENTED_EDGE('',*,*,#14732,.F.);
#14732 = EDGE_CURVE('',#14733,#14725,#14735,.T.);
#14733 = VERTEX_POINT('',#14734);
#14734 = CARTESIAN_POINT('',(12.25,-35.,0.));
#14735 = LINE('',#14736,#14737);
#14736 = CARTESIAN_POINT('',(12.25,-35.,0.));
#14737 = VECTOR('',#14738,1.);
#14738 = DIRECTION('',(0.,0.,1.));
#14739 = ORIENTED_EDGE('',*,*,#14740,.F.);
#14740 = EDGE_CURVE('',#14702,#14733,#14741,.T.);
#14741 = LINE('',#14742,#14743);
#14742 = CARTESIAN_POINT('',(40.,-35.,0.));
#14743 = VECTOR('',#14744,1.);
#14744 = DIRECTION('',(-1.,0.,0.));
#14745 = PLANE('',#14746);
#14746 = AXIS2_PLACEMENT_3D('',#14747,#14748,#14749);
#14747 = CARTESIAN_POINT('',(40.,-35.,0.));
#14748 = DIRECTION('',(0.,-1.,0.));
#14749 = DIRECTION('',(-1.,0.,0.));
#14750 = ADVANCED_FACE('',(#14751),#14776,.T.);
#14751 = FACE_BOUND('',#14752,.T.);
#14752 = EDGE_LOOP('',(#14753,#14754,#14762,#14770));
#14753 = ORIENTED_EDGE('',*,*,#14732,.T.);
#14754 = ORIENTED_EDGE('',*,*,#14755,.T.);
#14755 = EDGE_CURVE('',#14725,#14756,#14758,.T.);
#14756 = VERTEX_POINT('',#14757);
#14757 = CARTESIAN_POINT('',(12.25,-24.,1.5162));
#14758 = LINE('',#14759,#14760);
#14759 = CARTESIAN_POINT('',(12.25,-35.,1.5162));
#14760 = VECTOR('',#14761,1.);
#14761 = DIRECTION('',(0.,1.,0.));
#14762 = ORIENTED_EDGE('',*,*,#14763,.F.);
#14763 = EDGE_CURVE('',#14764,#14756,#14766,.T.);
#14764 = VERTEX_POINT('',#14765);
#14765 = CARTESIAN_POINT('',(12.25,-24.,0.));
#14766 = LINE('',#14767,#14768);
#14767 = CARTESIAN_POINT('',(12.25,-24.,0.));
#14768 = VECTOR('',#14769,1.);
#14769 = DIRECTION('',(0.,0.,1.));
#14770 = ORIENTED_EDGE('',*,*,#14771,.F.);
#14771 = EDGE_CURVE('',#14733,#14764,#14772,.T.);
#14772 = LINE('',#14773,#14774);
#14773 = CARTESIAN_POINT('',(12.25,-35.,0.));
#14774 = VECTOR('',#14775,1.);
#14775 = DIRECTION('',(0.,1.,0.));
#14776 = PLANE('',#14777);
#14777 = AXIS2_PLACEMENT_3D('',#14778,#14779,#14780);
#14778 = CARTESIAN_POINT('',(12.25,-35.,0.));
#14779 = DIRECTION('',(-1.,0.,0.));
#14780 = DIRECTION('',(0.,1.,0.));
#14781 = ADVANCED_FACE('',(#14782),#14807,.T.);
#14782 = FACE_BOUND('',#14783,.T.);
#14783 = EDGE_LOOP('',(#14784,#14785,#14793,#14801));
#14784 = ORIENTED_EDGE('',*,*,#14763,.T.);
#14785 = ORIENTED_EDGE('',*,*,#14786,.T.);
#14786 = EDGE_CURVE('',#14756,#14787,#14789,.T.);
#14787 = VERTEX_POINT('',#14788);
#14788 = CARTESIAN_POINT('',(141.,-24.,1.5162));
#14789 = LINE('',#14790,#14791);
#14790 = CARTESIAN_POINT('',(12.25,-24.,1.5162));
#14791 = VECTOR('',#14792,1.);
#14792 = DIRECTION('',(1.,0.,0.));
#14793 = ORIENTED_EDGE('',*,*,#14794,.F.);
#14794 = EDGE_CURVE('',#14795,#14787,#14797,.T.);
#14795 = VERTEX_POINT('',#14796);
#14796 = CARTESIAN_POINT('',(141.,-24.,0.));
#14797 = LINE('',#14798,#14799);
#14798 = CARTESIAN_POINT('',(141.,-24.,0.));
#14799 = VECTOR('',#14800,1.);
#14800 = DIRECTION('',(0.,0.,1.));
#14801 = ORIENTED_EDGE('',*,*,#14802,.F.);
#14802 = EDGE_CURVE('',#14764,#14795,#14803,.T.);
#14803 = LINE('',#14804,#14805);
#14804 = CARTESIAN_POINT('',(12.25,-24.,0.));
#14805 = VECTOR('',#14806,1.);
#14806 = DIRECTION('',(1.,0.,0.));
#14807 = PLANE('',#14808);
#14808 = AXIS2_PLACEMENT_3D('',#14809,#14810,#14811);
#14809 = CARTESIAN_POINT('',(12.25,-24.,0.));
#14810 = DIRECTION('',(0.,1.,0.));
#14811 = DIRECTION('',(1.,0.,0.));
#14812 = ADVANCED_FACE('',(#14813),#14829,.T.);
#14813 = FACE_BOUND('',#14814,.T.);
#14814 = EDGE_LOOP('',(#14815,#14816,#14822,#14823));
#14815 = ORIENTED_EDGE('',*,*,#14794,.T.);
#14816 = ORIENTED_EDGE('',*,*,#14817,.T.);
#14817 = EDGE_CURVE('',#14787,#14593,#14818,.T.);
#14818 = LINE('',#14819,#14820);
#14819 = CARTESIAN_POINT('',(141.,-24.,1.5162));
#14820 = VECTOR('',#14821,1.);
#14821 = DIRECTION('',(0.,-1.,0.));
#14822 = ORIENTED_EDGE('',*,*,#14590,.F.);
#14823 = ORIENTED_EDGE('',*,*,#14824,.F.);
#14824 = EDGE_CURVE('',#14795,#14591,#14825,.T.);
#14825 = LINE('',#14826,#14827);
#14826 = CARTESIAN_POINT('',(141.,-24.,0.));
#14827 = VECTOR('',#14828,1.);
#14828 = DIRECTION('',(0.,-1.,0.));
#14829 = PLANE('',#14830);
#14830 = AXIS2_PLACEMENT_3D('',#14831,#14832,#14833);
#14831 = CARTESIAN_POINT('',(141.,-24.,0.));
#14832 = DIRECTION('',(1.,0.,-0.));
#14833 = DIRECTION('',(0.,-1.,0.));
#14834 = ADVANCED_FACE('',(#14835),#14845,.F.);
#14835 = FACE_BOUND('',#14836,.T.);
#14836 = EDGE_LOOP('',(#14837,#14838,#14839,#14840,#14841,#14842,#14843,
    #14844));
#14837 = ORIENTED_EDGE('',*,*,#14616,.T.);
#14838 = ORIENTED_EDGE('',*,*,#14647,.T.);
#14839 = ORIENTED_EDGE('',*,*,#14678,.T.);
#14840 = ORIENTED_EDGE('',*,*,#14709,.T.);
#14841 = ORIENTED_EDGE('',*,*,#14740,.T.);
#14842 = ORIENTED_EDGE('',*,*,#14771,.T.);
#14843 = ORIENTED_EDGE('',*,*,#14802,.T.);
#14844 = ORIENTED_EDGE('',*,*,#14824,.T.);
#14845 = PLANE('',#14846);
#14846 = AXIS2_PLACEMENT_3D('',#14847,#14848,#14849);
#14847 = CARTESIAN_POINT('',(0.,0.,0.));
#14848 = DIRECTION('',(0.,0.,1.));
#14849 = DIRECTION('',(1.,0.,-0.));
#14850 = ADVANCED_FACE('',(#14851),#14861,.T.);
#14851 = FACE_BOUND('',#14852,.F.);
#14852 = EDGE_LOOP('',(#14853,#14854,#14855,#14856,#14857,#14858,#14859,
    #14860));
#14853 = ORIENTED_EDGE('',*,*,#14600,.T.);
#14854 = ORIENTED_EDGE('',*,*,#14631,.T.);
#14855 = ORIENTED_EDGE('',*,*,#14662,.T.);
#14856 = ORIENTED_EDGE('',*,*,#14693,.T.);
#14857 = ORIENTED_EDGE('',*,*,#14724,.T.);
#14858 = ORIENTED_EDGE('',*,*,#14755,.T.);
#14859 = ORIENTED_EDGE('',*,*,#14786,.T.);
#14860 = ORIENTED_EDGE('',*,*,#14817,.T.);
#14861 = PLANE('',#14862);
#14862 = AXIS2_PLACEMENT_3D('',#14863,#14864,#14865);
#14863 = CARTESIAN_POINT('',(0.,0.,1.5162));
#14864 = DIRECTION('',(0.,0.,1.));
#14865 = DIRECTION('',(1.,0.,-0.));
#14866 = ( GEOMETRIC_REPRESENTATION_CONTEXT(3) 
GLOBAL_UNCERTAINTY_ASSIGNED_CONTEXT((#14870)) 
GLOBAL_UNIT_ASSIGNED_CONTEXT((#14867,#14868,#14869)) 
REPRESENTATION_CONTEXT('Context #1',
  '3D Context with UNIT and UNCERTAINTY') );
#14867 = ( LENGTH_UNIT() NAMED_UNIT(*) SI_UNIT(.MILLI.,.METRE.) );
#14868 = ( NAMED_UNIT(*) PLANE_ANGLE_UNIT() SI_UNIT($,.RADIAN.) );
#14869 = ( NAMED_UNIT(*) SI_UNIT($,.STERADIAN.) SOLID_ANGLE_UNIT() );
#14870 = UNCERTAINTY_MEASURE_WITH_UNIT(LENGTH_MEASURE(1.E-07),#14867,
  'distance_accuracy_value','confusion accuracy');
#14871 = CONTEXT_DEPENDENT_SHAPE_REPRESENTATION(#14872,#14874);
#14872 = ( REPRESENTATION_RELATIONSHIP('','',#14583,#10) 
REPRESENTATION_RELATIONSHIP_WITH_TRANSFORMATION(#14873) 
SHAPE_REPRESENTATION_RELATIONSHIP() );
#14873 = ITEM_DEFINED_TRANSFORMATION('','',#11,#83);
#14874 = PRODUCT_DEFINITION_SHAPE('Placement','Placement of an item',
  #14875);
#14875 = NEXT_ASSEMBLY_USAGE_OCCURRENCE('21','=>[0:1:1:10]','',#5,#14578
  ,$);
#14876 = PRODUCT_RELATED_PRODUCT_CATEGORY('part',$,(#14580));
#14877 = MECHANICAL_DESIGN_GEOMETRIC_PRESENTATION_REPRESENTATION('',(
    #14878),#14866);
#14878 = STYLED_ITEM('color',(#14879),#14584);
#14879 = PRESENTATION_STYLE_ASSIGNMENT((#14880));
#14880 = SURFACE_STYLE_USAGE(.BOTH.,#14881);
#14881 = SURFACE_SIDE_STYLE('',(#14882));
#14882 = SURFACE_STYLE_FILL_AREA(#14883);
#14883 = FILL_AREA_STYLE('',(#14884));
#14884 = FILL_AREA_STYLE_COLOUR('',#14885);
#14885 = COLOUR_RGB('',0.204454873135,0.204454873135,0.204454873135);
#14886 = MECHANICAL_DESIGN_GEOMETRIC_PRESENTATION_REPRESENTATION('',(
    #14887,#14895,#14902,#14909,#14916,#14923,#14930,#14937,#14944,
    #14951,#14958,#14966,#14973,#14980,#14987,#14994,#15001,#15008,
    #15015,#15022,#15029,#15036,#15043,#15050,#15057,#15064,#15071,
    #15078),#978);
#14887 = STYLED_ITEM('color',(#14888),#126);
#14888 = PRESENTATION_STYLE_ASSIGNMENT((#14889));
#14889 = SURFACE_STYLE_USAGE(.BOTH.,#14890);
#14890 = SURFACE_SIDE_STYLE('',(#14891));
#14891 = SURFACE_STYLE_FILL_AREA(#14892);
#14892 = FILL_AREA_STYLE('',(#14893));
#14893 = FILL_AREA_STYLE_COLOUR('',#14894);
#14894 = COLOUR_RGB('',0.823999987314,0.819999987296,0.781000009244);
#14895 = STYLED_ITEM('color',(#14896),#202);
#14896 = PRESENTATION_STYLE_ASSIGNMENT((#14897));
#14897 = SURFACE_STYLE_USAGE(.BOTH.,#14898);
#14898 = SURFACE_SIDE_STYLE('',(#14899));
#14899 = SURFACE_STYLE_FILL_AREA(#14900);
#14900 = FILL_AREA_STYLE('',(#14901));
#14901 = FILL_AREA_STYLE_COLOUR('',#14894);
#14902 = STYLED_ITEM('color',(#14903),#233);
#14903 = PRESENTATION_STYLE_ASSIGNMENT((#14904));
#14904 = SURFACE_STYLE_USAGE(.BOTH.,#14905);
#14905 = SURFACE_SIDE_STYLE('',(#14906));
#14906 = SURFACE_STYLE_FILL_AREA(#14907);
#14907 = FILL_AREA_STYLE('',(#14908));
#14908 = FILL_AREA_STYLE_COLOUR('',#14894);
#14909 = STYLED_ITEM('color',(#14910),#258);
#14910 = PRESENTATION_STYLE_ASSIGNMENT((#14911));
#14911 = SURFACE_STYLE_USAGE(.BOTH.,#14912);
#14912 = SURFACE_SIDE_STYLE('',(#14913));
#14913 = SURFACE_STYLE_FILL_AREA(#14914);
#14914 = FILL_AREA_STYLE('',(#14915));
#14915 = FILL_AREA_STYLE_COLOUR('',#14894);
#14916 = STYLED_ITEM('color',(#14917),#283);
#14917 = PRESENTATION_STYLE_ASSIGNMENT((#14918));
#14918 = SURFACE_STYLE_USAGE(.BOTH.,#14919);
#14919 = SURFACE_SIDE_STYLE('',(#14920));
#14920 = SURFACE_STYLE_FILL_AREA(#14921);
#14921 = FILL_AREA_STYLE('',(#14922));
#14922 = FILL_AREA_STYLE_COLOUR('',#14894);
#14923 = STYLED_ITEM('color',(#14924),#307);
#14924 = PRESENTATION_STYLE_ASSIGNMENT((#14925));
#14925 = SURFACE_STYLE_USAGE(.BOTH.,#14926);
#14926 = SURFACE_SIDE_STYLE('',(#14927));
#14927 = SURFACE_STYLE_FILL_AREA(#14928);
#14928 = FILL_AREA_STYLE('',(#14929));
#14929 = FILL_AREA_STYLE_COLOUR('',#14894);
#14930 = STYLED_ITEM('color',(#14931),#331);
#14931 = PRESENTATION_STYLE_ASSIGNMENT((#14932));
#14932 = SURFACE_STYLE_USAGE(.BOTH.,#14933);
#14933 = SURFACE_SIDE_STYLE('',(#14934));
#14934 = SURFACE_STYLE_FILL_AREA(#14935);
#14935 = FILL_AREA_STYLE('',(#14936));
#14936 = FILL_AREA_STYLE_COLOUR('',#14894);
#14937 = STYLED_ITEM('color',(#14938),#356);
#14938 = PRESENTATION_STYLE_ASSIGNMENT((#14939));
#14939 = SURFACE_STYLE_USAGE(.BOTH.,#14940);
#14940 = SURFACE_SIDE_STYLE('',(#14941));
#14941 = SURFACE_STYLE_FILL_AREA(#14942);
#14942 = FILL_AREA_STYLE('',(#14943));
#14943 = FILL_AREA_STYLE_COLOUR('',#14894);
#14944 = STYLED_ITEM('color',(#14945),#381);
#14945 = PRESENTATION_STYLE_ASSIGNMENT((#14946));
#14946 = SURFACE_STYLE_USAGE(.BOTH.,#14947);
#14947 = SURFACE_SIDE_STYLE('',(#14948));
#14948 = SURFACE_STYLE_FILL_AREA(#14949);
#14949 = FILL_AREA_STYLE('',(#14950));
#14950 = FILL_AREA_STYLE_COLOUR('',#14894);
#14951 = STYLED_ITEM('color',(#14952),#398);
#14952 = PRESENTATION_STYLE_ASSIGNMENT((#14953));
#14953 = SURFACE_STYLE_USAGE(.BOTH.,#14954);
#14954 = SURFACE_SIDE_STYLE('',(#14955));
#14955 = SURFACE_STYLE_FILL_AREA(#14956);
#14956 = FILL_AREA_STYLE('',(#14957));
#14957 = FILL_AREA_STYLE_COLOUR('',#14894);
#14958 = STYLED_ITEM('color',(#14959),#484);
#14959 = PRESENTATION_STYLE_ASSIGNMENT((#14960));
#14960 = SURFACE_STYLE_USAGE(.BOTH.,#14961);
#14961 = SURFACE_SIDE_STYLE('',(#14962));
#14962 = SURFACE_STYLE_FILL_AREA(#14963);
#14963 = FILL_AREA_STYLE('',(#14964));
#14964 = FILL_AREA_STYLE_COLOUR('',#14965);
#14965 = COLOUR_RGB('',0.379000005575,0.270000008848,0.214999999939);
#14966 = STYLED_ITEM('color',(#14967),#516);
#14967 = PRESENTATION_STYLE_ASSIGNMENT((#14968));
#14968 = SURFACE_STYLE_USAGE(.BOTH.,#14969);
#14969 = SURFACE_SIDE_STYLE('',(#14970));
#14970 = SURFACE_STYLE_FILL_AREA(#14971);
#14971 = FILL_AREA_STYLE('',(#14972));
#14972 = FILL_AREA_STYLE_COLOUR('',#14965);
#14973 = STYLED_ITEM('color',(#14974),#540);
#14974 = PRESENTATION_STYLE_ASSIGNMENT((#14975));
#14975 = SURFACE_STYLE_USAGE(.BOTH.,#14976);
#14976 = SURFACE_SIDE_STYLE('',(#14977));
#14977 = SURFACE_STYLE_FILL_AREA(#14978);
#14978 = FILL_AREA_STYLE('',(#14979));
#14979 = FILL_AREA_STYLE_COLOUR('',#14965);
#14980 = STYLED_ITEM('color',(#14981),#565);
#14981 = PRESENTATION_STYLE_ASSIGNMENT((#14982));
#14982 = SURFACE_STYLE_USAGE(.BOTH.,#14983);
#14983 = SURFACE_SIDE_STYLE('',(#14984));
#14984 = SURFACE_STYLE_FILL_AREA(#14985);
#14985 = FILL_AREA_STYLE('',(#14986));
#14986 = FILL_AREA_STYLE_COLOUR('',#14965);
#14987 = STYLED_ITEM('color',(#14988),#589);
#14988 = PRESENTATION_STYLE_ASSIGNMENT((#14989));
#14989 = SURFACE_STYLE_USAGE(.BOTH.,#14990);
#14990 = SURFACE_SIDE_STYLE('',(#14991));
#14991 = SURFACE_STYLE_FILL_AREA(#14992);
#14992 = FILL_AREA_STYLE('',(#14993));
#14993 = FILL_AREA_STYLE_COLOUR('',#14965);
#14994 = STYLED_ITEM('color',(#14995),#614);
#14995 = PRESENTATION_STYLE_ASSIGNMENT((#14996));
#14996 = SURFACE_STYLE_USAGE(.BOTH.,#14997);
#14997 = SURFACE_SIDE_STYLE('',(#14998));
#14998 = SURFACE_STYLE_FILL_AREA(#14999);
#14999 = FILL_AREA_STYLE('',(#15000));
#15000 = FILL_AREA_STYLE_COLOUR('',#14965);
#15001 = STYLED_ITEM('color',(#15002),#638);
#15002 = PRESENTATION_STYLE_ASSIGNMENT((#15003));
#15003 = SURFACE_STYLE_USAGE(.BOTH.,#15004);
#15004 = SURFACE_SIDE_STYLE('',(#15005));
#15005 = SURFACE_STYLE_FILL_AREA(#15006);
#15006 = FILL_AREA_STYLE('',(#15007));
#15007 = FILL_AREA_STYLE_COLOUR('',#14965);
#15008 = STYLED_ITEM('color',(#15009),#663);
#15009 = PRESENTATION_STYLE_ASSIGNMENT((#15010));
#15010 = SURFACE_STYLE_USAGE(.BOTH.,#15011);
#15011 = SURFACE_SIDE_STYLE('',(#15012));
#15012 = SURFACE_STYLE_FILL_AREA(#15013);
#15013 = FILL_AREA_STYLE('',(#15014));
#15014 = FILL_AREA_STYLE_COLOUR('',#14965);
#15015 = STYLED_ITEM('color',(#15016),#680);
#15016 = PRESENTATION_STYLE_ASSIGNMENT((#15017));
#15017 = SURFACE_STYLE_USAGE(.BOTH.,#15018);
#15018 = SURFACE_SIDE_STYLE('',(#15019));
#15019 = SURFACE_STYLE_FILL_AREA(#15020);
#15020 = FILL_AREA_STYLE('',(#15021));
#15021 = FILL_AREA_STYLE_COLOUR('',#14894);
#15022 = STYLED_ITEM('color',(#15023),#766);
#15023 = PRESENTATION_STYLE_ASSIGNMENT((#15024));
#15024 = SURFACE_STYLE_USAGE(.BOTH.,#15025);
#15025 = SURFACE_SIDE_STYLE('',(#15026));
#15026 = SURFACE_STYLE_FILL_AREA(#15027);
#15027 = FILL_AREA_STYLE('',(#15028));
#15028 = FILL_AREA_STYLE_COLOUR('',#14894);
#15029 = STYLED_ITEM('color',(#15030),#797);
#15030 = PRESENTATION_STYLE_ASSIGNMENT((#15031));
#15031 = SURFACE_STYLE_USAGE(.BOTH.,#15032);
#15032 = SURFACE_SIDE_STYLE('',(#15033));
#15033 = SURFACE_STYLE_FILL_AREA(#15034);
#15034 = FILL_AREA_STYLE('',(#15035));
#15035 = FILL_AREA_STYLE_COLOUR('',#14894);
#15036 = STYLED_ITEM('color',(#15037),#822);
#15037 = PRESENTATION_STYLE_ASSIGNMENT((#15038));
#15038 = SURFACE_STYLE_USAGE(.BOTH.,#15039);
#15039 = SURFACE_SIDE_STYLE('',(#15040));
#15040 = SURFACE_STYLE_FILL_AREA(#15041);
#15041 = FILL_AREA_STYLE('',(#15042));
#15042 = FILL_AREA_STYLE_COLOUR('',#14894);
#15043 = STYLED_ITEM('color',(#15044),#847);
#15044 = PRESENTATION_STYLE_ASSIGNMENT((#15045));
#15045 = SURFACE_STYLE_USAGE(.BOTH.,#15046);
#15046 = SURFACE_SIDE_STYLE('',(#15047));
#15047 = SURFACE_STYLE_FILL_AREA(#15048);
#15048 = FILL_AREA_STYLE('',(#15049));
#15049 = FILL_AREA_STYLE_COLOUR('',#14894);
#15050 = STYLED_ITEM('color',(#15051),#871);
#15051 = PRESENTATION_STYLE_ASSIGNMENT((#15052));
#15052 = SURFACE_STYLE_USAGE(.BOTH.,#15053);
#15053 = SURFACE_SIDE_STYLE('',(#15054));
#15054 = SURFACE_STYLE_FILL_AREA(#15055);
#15055 = FILL_AREA_STYLE('',(#15056));
#15056 = FILL_AREA_STYLE_COLOUR('',#14894);
#15057 = STYLED_ITEM('color',(#15058),#895);
#15058 = PRESENTATION_STYLE_ASSIGNMENT((#15059));
#15059 = SURFACE_STYLE_USAGE(.BOTH.,#15060);
#15060 = SURFACE_SIDE_STYLE('',(#15061));
#15061 = SURFACE_STYLE_FILL_AREA(#15062);
#15062 = FILL_AREA_STYLE('',(#15063));
#15063 = FILL_AREA_STYLE_COLOUR('',#14894);
#15064 = STYLED_ITEM('color',(#15065),#920);
#15065 = PRESENTATION_STYLE_ASSIGNMENT((#15066));
#15066 = SURFACE_STYLE_USAGE(.BOTH.,#15067);
#15067 = SURFACE_SIDE_STYLE('',(#15068));
#15068 = SURFACE_STYLE_FILL_AREA(#15069);
#15069 = FILL_AREA_STYLE('',(#15070));
#15070 = FILL_AREA_STYLE_COLOUR('',#14894);
#15071 = STYLED_ITEM('color',(#15072),#945);
#15072 = PRESENTATION_STYLE_ASSIGNMENT((#15073));
#15073 = SURFACE_STYLE_USAGE(.BOTH.,#15074);
#15074 = SURFACE_SIDE_STYLE('',(#15075));
#15075 = SURFACE_STYLE_FILL_AREA(#15076);
#15076 = FILL_AREA_STYLE('',(#15077));
#15077 = FILL_AREA_STYLE_COLOUR('',#14894);
#15078 = STYLED_ITEM('color',(#15079),#962);
#15079 = PRESENTATION_STYLE_ASSIGNMENT((#15080));
#15080 = SURFACE_STYLE_USAGE(.BOTH.,#15081);
#15081 = SURFACE_SIDE_STYLE('',(#15082));
#15082 = SURFACE_STYLE_FILL_AREA(#15083);
#15083 = FILL_AREA_STYLE('',(#15084));
#15084 = FILL_AREA_STYLE_COLOUR('',#14894);
#15085 = MECHANICAL_DESIGN_GEOMETRIC_PRESENTATION_REPRESENTATION('',(
    #15086,#15094,#15101,#15108,#15115,#15122,#15129,#15136,#15143,
    #15150,#15157,#15164,#15171,#15178,#15185,#15192,#15199,#15206,
    #15213,#15220,#15227,#15234,#15241,#15248),#14565);
#15086 = STYLED_ITEM('color',(#15087),#8978);
#15087 = PRESENTATION_STYLE_ASSIGNMENT((#15088));
#15088 = SURFACE_STYLE_USAGE(.BOTH.,#15089);
#15089 = SURFACE_SIDE_STYLE('',(#15090));
#15090 = SURFACE_STYLE_FILL_AREA(#15091);
#15091 = FILL_AREA_STYLE('',(#15092));
#15092 = FILL_AREA_STYLE_COLOUR('',#15093);
#15093 = COLOUR_RGB('',0.982560078588,0.982560078588,0.982560078588);
#15094 = STYLED_ITEM('color',(#15095),#9022);
#15095 = PRESENTATION_STYLE_ASSIGNMENT((#15096));
#15096 = SURFACE_STYLE_USAGE(.BOTH.,#15097);
#15097 = SURFACE_SIDE_STYLE('',(#15098));
#15098 = SURFACE_STYLE_FILL_AREA(#15099);
#15099 = FILL_AREA_STYLE('',(#15100));
#15100 = FILL_AREA_STYLE_COLOUR('',#15093);
#15101 = STYLED_ITEM('color',(#15102),#9351);
#15102 = PRESENTATION_STYLE_ASSIGNMENT((#15103));
#15103 = SURFACE_STYLE_USAGE(.BOTH.,#15104);
#15104 = SURFACE_SIDE_STYLE('',(#15105));
#15105 = SURFACE_STYLE_FILL_AREA(#15106);
#15106 = FILL_AREA_STYLE('',(#15107));
#15107 = FILL_AREA_STYLE_COLOUR('',#15093);
#15108 = STYLED_ITEM('color',(#15109),#9707);
#15109 = PRESENTATION_STYLE_ASSIGNMENT((#15110));
#15110 = SURFACE_STYLE_USAGE(.BOTH.,#15111);
#15111 = SURFACE_SIDE_STYLE('',(#15112));
#15112 = SURFACE_STYLE_FILL_AREA(#15113);
#15113 = FILL_AREA_STYLE('',(#15114));
#15114 = FILL_AREA_STYLE_COLOUR('',#15093);
#15115 = STYLED_ITEM('color',(#15116),#10071);
#15116 = PRESENTATION_STYLE_ASSIGNMENT((#15117));
#15117 = SURFACE_STYLE_USAGE(.BOTH.,#15118);
#15118 = SURFACE_SIDE_STYLE('',(#15119));
#15119 = SURFACE_STYLE_FILL_AREA(#15120);
#15120 = FILL_AREA_STYLE('',(#15121));
#15121 = FILL_AREA_STYLE_COLOUR('',#15093);
#15122 = STYLED_ITEM('color',(#15123),#10427);
#15123 = PRESENTATION_STYLE_ASSIGNMENT((#15124));
#15124 = SURFACE_STYLE_USAGE(.BOTH.,#15125);
#15125 = SURFACE_SIDE_STYLE('',(#15126));
#15126 = SURFACE_STYLE_FILL_AREA(#15127);
#15127 = FILL_AREA_STYLE('',(#15128));
#15128 = FILL_AREA_STYLE_COLOUR('',#15093);
#15129 = STYLED_ITEM('color',(#15130),#10589);
#15130 = PRESENTATION_STYLE_ASSIGNMENT((#15131));
#15131 = SURFACE_STYLE_USAGE(.BOTH.,#15132);
#15132 = SURFACE_SIDE_STYLE('',(#15133));
#15133 = SURFACE_STYLE_FILL_AREA(#15134);
#15134 = FILL_AREA_STYLE('',(#15135));
#15135 = FILL_AREA_STYLE_COLOUR('',#15093);
#15136 = STYLED_ITEM('color',(#15137),#11044);
#15137 = PRESENTATION_STYLE_ASSIGNMENT((#15138));
#15138 = SURFACE_STYLE_USAGE(.BOTH.,#15139);
#15139 = SURFACE_SIDE_STYLE('',(#15140));
#15140 = SURFACE_STYLE_FILL_AREA(#15141);
#15141 = FILL_AREA_STYLE('',(#15142));
#15142 = FILL_AREA_STYLE_COLOUR('',#15093);
#15143 = STYLED_ITEM('color',(#15144),#11271);
#15144 = PRESENTATION_STYLE_ASSIGNMENT((#15145));
#15145 = SURFACE_STYLE_USAGE(.BOTH.,#15146);
#15146 = SURFACE_SIDE_STYLE('',(#15147));
#15147 = SURFACE_STYLE_FILL_AREA(#15148);
#15148 = FILL_AREA_STYLE('',(#15149));
#15149 = FILL_AREA_STYLE_COLOUR('',#15093);
#15150 = STYLED_ITEM('color',(#15151),#11313);
#15151 = PRESENTATION_STYLE_ASSIGNMENT((#15152));
#15152 = SURFACE_STYLE_USAGE(.BOTH.,#15153);
#15153 = SURFACE_SIDE_STYLE('',(#15154));
#15154 = SURFACE_STYLE_FILL_AREA(#15155);
#15155 = FILL_AREA_STYLE('',(#15156));
#15156 = FILL_AREA_STYLE_COLOUR('',#15093);
#15157 = STYLED_ITEM('color',(#15158),#11547);
#15158 = PRESENTATION_STYLE_ASSIGNMENT((#15159));
#15159 = SURFACE_STYLE_USAGE(.BOTH.,#15160);
#15160 = SURFACE_SIDE_STYLE('',(#15161));
#15161 = SURFACE_STYLE_FILL_AREA(#15162);
#15162 = FILL_AREA_STYLE('',(#15163));
#15163 = FILL_AREA_STYLE_COLOUR('',#15093);
#15164 = STYLED_ITEM('color',(#15165),#11741);
#15165 = PRESENTATION_STYLE_ASSIGNMENT((#15166));
#15166 = SURFACE_STYLE_USAGE(.BOTH.,#15167);
#15167 = SURFACE_SIDE_STYLE('',(#15168));
#15168 = SURFACE_STYLE_FILL_AREA(#15169);
#15169 = FILL_AREA_STYLE('',(#15170));
#15170 = FILL_AREA_STYLE_COLOUR('',#15093);
#15171 = STYLED_ITEM('color',(#15172),#11849);
#15172 = PRESENTATION_STYLE_ASSIGNMENT((#15173));
#15173 = SURFACE_STYLE_USAGE(.BOTH.,#15174);
#15174 = SURFACE_SIDE_STYLE('',(#15175));
#15175 = SURFACE_STYLE_FILL_AREA(#15176);
#15176 = FILL_AREA_STYLE('',(#15177));
#15177 = FILL_AREA_STYLE_COLOUR('',#15093);
#15178 = STYLED_ITEM('color',(#15179),#12067);
#15179 = PRESENTATION_STYLE_ASSIGNMENT((#15180));
#15180 = SURFACE_STYLE_USAGE(.BOTH.,#15181);
#15181 = SURFACE_SIDE_STYLE('',(#15182));
#15182 = SURFACE_STYLE_FILL_AREA(#15183);
#15183 = FILL_AREA_STYLE('',(#15184));
#15184 = FILL_AREA_STYLE_COLOUR('',#15093);
#15185 = STYLED_ITEM('color',(#15186),#12392);
#15186 = PRESENTATION_STYLE_ASSIGNMENT((#15187));
#15187 = SURFACE_STYLE_USAGE(.BOTH.,#15188);
#15188 = SURFACE_SIDE_STYLE('',(#15189));
#15189 = SURFACE_STYLE_FILL_AREA(#15190);
#15190 = FILL_AREA_STYLE('',(#15191));
#15191 = FILL_AREA_STYLE_COLOUR('',#15093);
#15192 = STYLED_ITEM('color',(#15193),#12874);
#15193 = PRESENTATION_STYLE_ASSIGNMENT((#15194));
#15194 = SURFACE_STYLE_USAGE(.BOTH.,#15195);
#15195 = SURFACE_SIDE_STYLE('',(#15196));
#15196 = SURFACE_STYLE_FILL_AREA(#15197);
#15197 = FILL_AREA_STYLE('',(#15198));
#15198 = FILL_AREA_STYLE_COLOUR('',#15093);
#15199 = STYLED_ITEM('color',(#15200),#13014);
#15200 = PRESENTATION_STYLE_ASSIGNMENT((#15201));
#15201 = SURFACE_STYLE_USAGE(.BOTH.,#15202);
#15202 = SURFACE_SIDE_STYLE('',(#15203));
#15203 = SURFACE_STYLE_FILL_AREA(#15204);
#15204 = FILL_AREA_STYLE('',(#15205));
#15205 = FILL_AREA_STYLE_COLOUR('',#15093);
#15206 = STYLED_ITEM('color',(#15207),#13154);
#15207 = PRESENTATION_STYLE_ASSIGNMENT((#15208));
#15208 = SURFACE_STYLE_USAGE(.BOTH.,#15209);
#15209 = SURFACE_SIDE_STYLE('',(#15210));
#15210 = SURFACE_STYLE_FILL_AREA(#15211);
#15211 = FILL_AREA_STYLE('',(#15212));
#15212 = FILL_AREA_STYLE_COLOUR('',#15093);
#15213 = STYLED_ITEM('color',(#15214),#13636);
#15214 = PRESENTATION_STYLE_ASSIGNMENT((#15215));
#15215 = SURFACE_STYLE_USAGE(.BOTH.,#15216);
#15216 = SURFACE_SIDE_STYLE('',(#15217));
#15217 = SURFACE_STYLE_FILL_AREA(#15218);
#15218 = FILL_AREA_STYLE('',(#15219));
#15219 = FILL_AREA_STYLE_COLOUR('',#15093);
#15220 = STYLED_ITEM('color',(#15221),#13987);
#15221 = PRESENTATION_STYLE_ASSIGNMENT((#15222));
#15222 = SURFACE_STYLE_USAGE(.BOTH.,#15223);
#15223 = SURFACE_SIDE_STYLE('',(#15224));
#15224 = SURFACE_STYLE_FILL_AREA(#15225);
#15225 = FILL_AREA_STYLE('',(#15226));
#15226 = FILL_AREA_STYLE_COLOUR('',#15093);
#15227 = STYLED_ITEM('color',(#15228),#14149);
#15228 = PRESENTATION_STYLE_ASSIGNMENT((#15229));
#15229 = SURFACE_STYLE_USAGE(.BOTH.,#15230);
#15230 = SURFACE_SIDE_STYLE('',(#15231));
#15231 = SURFACE_STYLE_FILL_AREA(#15232);
#15232 = FILL_AREA_STYLE('',(#15233));
#15233 = FILL_AREA_STYLE_COLOUR('',#15093);
#15234 = STYLED_ITEM('color',(#15235),#14266);
#15235 = PRESENTATION_STYLE_ASSIGNMENT((#15236));
#15236 = SURFACE_STYLE_USAGE(.BOTH.,#15237);
#15237 = SURFACE_SIDE_STYLE('',(#15238));
#15238 = SURFACE_STYLE_FILL_AREA(#15239);
#15239 = FILL_AREA_STYLE('',(#15240));
#15240 = FILL_AREA_STYLE_COLOUR('',#15093);
#15241 = STYLED_ITEM('color',(#15242),#14335);
#15242 = PRESENTATION_STYLE_ASSIGNMENT((#15243));
#15243 = SURFACE_STYLE_USAGE(.BOTH.,#15244);
#15244 = SURFACE_SIDE_STYLE('',(#15245));
#15245 = SURFACE_STYLE_FILL_AREA(#15246);
#15246 = FILL_AREA_STYLE('',(#15247));
#15247 = FILL_AREA_STYLE_COLOUR('',#15093);
#15248 = STYLED_ITEM('color',(#15249),#14507);
#15249 = PRESENTATION_STYLE_ASSIGNMENT((#15250));
#15250 = SURFACE_STYLE_USAGE(.BOTH.,#15251);
#15251 = SURFACE_SIDE_STYLE('',(#15252));
#15252 = SURFACE_STYLE_FILL_AREA(#15253);
#15253 = FILL_AREA_STYLE('',(#15254));
#15254 = FILL_AREA_STYLE_COLOUR('',#15093);
#15255 = MECHANICAL_DESIGN_GEOMETRIC_PRESENTATION_REPRESENTATION('',(
    #15256,#15263,#15270,#15277,#15284,#15291,#15298,#15305,#15312,
    #15319,#15326,#15333,#15340,#15347,#15354,#15361,#15368,#15375,
    #15382,#15389,#15396),#8957);
#15256 = STYLED_ITEM('color',(#15257),#7269);
#15257 = PRESENTATION_STYLE_ASSIGNMENT((#15258));
#15258 = SURFACE_STYLE_USAGE(.BOTH.,#15259);
#15259 = SURFACE_SIDE_STYLE('',(#15260));
#15260 = SURFACE_STYLE_FILL_AREA(#15261);
#15261 = FILL_AREA_STYLE('',(#15262));
#15262 = FILL_AREA_STYLE_COLOUR('',#15093);
#15263 = STYLED_ITEM('color',(#15264),#7437);
#15264 = PRESENTATION_STYLE_ASSIGNMENT((#15265));
#15265 = SURFACE_STYLE_USAGE(.BOTH.,#15266);
#15266 = SURFACE_SIDE_STYLE('',(#15267));
#15267 = SURFACE_STYLE_FILL_AREA(#15268);
#15268 = FILL_AREA_STYLE('',(#15269));
#15269 = FILL_AREA_STYLE_COLOUR('',#15093);
#15270 = STYLED_ITEM('color',(#15271),#7588);
#15271 = PRESENTATION_STYLE_ASSIGNMENT((#15272));
#15272 = SURFACE_STYLE_USAGE(.BOTH.,#15273);
#15273 = SURFACE_SIDE_STYLE('',(#15274));
#15274 = SURFACE_STYLE_FILL_AREA(#15275);
#15275 = FILL_AREA_STYLE('',(#15276));
#15276 = FILL_AREA_STYLE_COLOUR('',#15093);
#15277 = STYLED_ITEM('color',(#15278),#7739);
#15278 = PRESENTATION_STYLE_ASSIGNMENT((#15279));
#15279 = SURFACE_STYLE_USAGE(.BOTH.,#15280);
#15280 = SURFACE_SIDE_STYLE('',(#15281));
#15281 = SURFACE_STYLE_FILL_AREA(#15282);
#15282 = FILL_AREA_STYLE('',(#15283));
#15283 = FILL_AREA_STYLE_COLOUR('',#15093);
#15284 = STYLED_ITEM('color',(#15285),#7890);
#15285 = PRESENTATION_STYLE_ASSIGNMENT((#15286));
#15286 = SURFACE_STYLE_USAGE(.BOTH.,#15287);
#15287 = SURFACE_SIDE_STYLE('',(#15288));
#15288 = SURFACE_STYLE_FILL_AREA(#15289);
#15289 = FILL_AREA_STYLE('',(#15290));
#15290 = FILL_AREA_STYLE_COLOUR('',#15093);
#15291 = STYLED_ITEM('color',(#15292),#8041);
#15292 = PRESENTATION_STYLE_ASSIGNMENT((#15293));
#15293 = SURFACE_STYLE_USAGE(.BOTH.,#15294);
#15294 = SURFACE_SIDE_STYLE('',(#15295));
#15295 = SURFACE_STYLE_FILL_AREA(#15296);
#15296 = FILL_AREA_STYLE('',(#15297));
#15297 = FILL_AREA_STYLE_COLOUR('',#15093);
#15298 = STYLED_ITEM('color',(#15299),#8192);
#15299 = PRESENTATION_STYLE_ASSIGNMENT((#15300));
#15300 = SURFACE_STYLE_USAGE(.BOTH.,#15301);
#15301 = SURFACE_SIDE_STYLE('',(#15302));
#15302 = SURFACE_STYLE_FILL_AREA(#15303);
#15303 = FILL_AREA_STYLE('',(#15304));
#15304 = FILL_AREA_STYLE_COLOUR('',#15093);
#15305 = STYLED_ITEM('color',(#15306),#8343);
#15306 = PRESENTATION_STYLE_ASSIGNMENT((#15307));
#15307 = SURFACE_STYLE_USAGE(.BOTH.,#15308);
#15308 = SURFACE_SIDE_STYLE('',(#15309));
#15309 = SURFACE_STYLE_FILL_AREA(#15310);
#15310 = FILL_AREA_STYLE('',(#15311));
#15311 = FILL_AREA_STYLE_COLOUR('',#15093);
#15312 = STYLED_ITEM('color',(#15313),#8387);
#15313 = PRESENTATION_STYLE_ASSIGNMENT((#15314));
#15314 = SURFACE_STYLE_USAGE(.BOTH.,#15315);
#15315 = SURFACE_SIDE_STYLE('',(#15316));
#15316 = SURFACE_STYLE_FILL_AREA(#15317);
#15317 = FILL_AREA_STYLE('',(#15318));
#15318 = FILL_AREA_STYLE_COLOUR('',#15093);
#15319 = STYLED_ITEM('color',(#15320),#8431);
#15320 = PRESENTATION_STYLE_ASSIGNMENT((#15321));
#15321 = SURFACE_STYLE_USAGE(.BOTH.,#15322);
#15322 = SURFACE_SIDE_STYLE('',(#15323));
#15323 = SURFACE_STYLE_FILL_AREA(#15324);
#15324 = FILL_AREA_STYLE('',(#15325));
#15325 = FILL_AREA_STYLE_COLOUR('',#15093);
#15326 = STYLED_ITEM('color',(#15327),#8475);
#15327 = PRESENTATION_STYLE_ASSIGNMENT((#15328));
#15328 = SURFACE_STYLE_USAGE(.BOTH.,#15329);
#15329 = SURFACE_SIDE_STYLE('',(#15330));
#15330 = SURFACE_STYLE_FILL_AREA(#15331);
#15331 = FILL_AREA_STYLE('',(#15332));
#15332 = FILL_AREA_STYLE_COLOUR('',#15093);
#15333 = STYLED_ITEM('color',(#15334),#8519);
#15334 = PRESENTATION_STYLE_ASSIGNMENT((#15335));
#15335 = SURFACE_STYLE_USAGE(.BOTH.,#15336);
#15336 = SURFACE_SIDE_STYLE('',(#15337));
#15337 = SURFACE_STYLE_FILL_AREA(#15338);
#15338 = FILL_AREA_STYLE('',(#15339));
#15339 = FILL_AREA_STYLE_COLOUR('',#15093);
#15340 = STYLED_ITEM('color',(#15341),#8563);
#15341 = PRESENTATION_STYLE_ASSIGNMENT((#15342));
#15342 = SURFACE_STYLE_USAGE(.BOTH.,#15343);
#15343 = SURFACE_SIDE_STYLE('',(#15344));
#15344 = SURFACE_STYLE_FILL_AREA(#15345);
#15345 = FILL_AREA_STYLE('',(#15346));
#15346 = FILL_AREA_STYLE_COLOUR('',#15093);
#15347 = STYLED_ITEM('color',(#15348),#8607);
#15348 = PRESENTATION_STYLE_ASSIGNMENT((#15349));
#15349 = SURFACE_STYLE_USAGE(.BOTH.,#15350);
#15350 = SURFACE_SIDE_STYLE('',(#15351));
#15351 = SURFACE_STYLE_FILL_AREA(#15352);
#15352 = FILL_AREA_STYLE('',(#15353));
#15353 = FILL_AREA_STYLE_COLOUR('',#15093);
#15354 = STYLED_ITEM('color',(#15355),#8651);
#15355 = PRESENTATION_STYLE_ASSIGNMENT((#15356));
#15356 = SURFACE_STYLE_USAGE(.BOTH.,#15357);
#15357 = SURFACE_SIDE_STYLE('',(#15358));
#15358 = SURFACE_STYLE_FILL_AREA(#15359);
#15359 = FILL_AREA_STYLE('',(#15360));
#15360 = FILL_AREA_STYLE_COLOUR('',#15093);
#15361 = STYLED_ITEM('color',(#15362),#8695);
#15362 = PRESENTATION_STYLE_ASSIGNMENT((#15363));
#15363 = SURFACE_STYLE_USAGE(.BOTH.,#15364);
#15364 = SURFACE_SIDE_STYLE('',(#15365));
#15365 = SURFACE_STYLE_FILL_AREA(#15366);
#15366 = FILL_AREA_STYLE('',(#15367));
#15367 = FILL_AREA_STYLE_COLOUR('',#15093);
#15368 = STYLED_ITEM('color',(#15369),#8739);
#15369 = PRESENTATION_STYLE_ASSIGNMENT((#15370));
#15370 = SURFACE_STYLE_USAGE(.BOTH.,#15371);
#15371 = SURFACE_SIDE_STYLE('',(#15372));
#15372 = SURFACE_STYLE_FILL_AREA(#15373);
#15373 = FILL_AREA_STYLE('',(#15374));
#15374 = FILL_AREA_STYLE_COLOUR('',#15093);
#15375 = STYLED_ITEM('color',(#15376),#8783);
#15376 = PRESENTATION_STYLE_ASSIGNMENT((#15377));
#15377 = SURFACE_STYLE_USAGE(.BOTH.,#15378);
#15378 = SURFACE_SIDE_STYLE('',(#15379));
#15379 = SURFACE_STYLE_FILL_AREA(#15380);
#15380 = FILL_AREA_STYLE('',(#15381));
#15381 = FILL_AREA_STYLE_COLOUR('',#15093);
#15382 = STYLED_ITEM('color',(#15383),#8827);
#15383 = PRESENTATION_STYLE_ASSIGNMENT((#15384));
#15384 = SURFACE_STYLE_USAGE(.BOTH.,#15385);
#15385 = SURFACE_SIDE_STYLE('',(#15386));
#15386 = SURFACE_STYLE_FILL_AREA(#15387);
#15387 = FILL_AREA_STYLE('',(#15388));
#15388 = FILL_AREA_STYLE_COLOUR('',#15093);
#15389 = STYLED_ITEM('color',(#15390),#8871);
#15390 = PRESENTATION_STYLE_ASSIGNMENT((#15391));
#15391 = SURFACE_STYLE_USAGE(.BOTH.,#15392);
#15392 = SURFACE_SIDE_STYLE('',(#15393));
#15393 = SURFACE_STYLE_FILL_AREA(#15394);
#15394 = FILL_AREA_STYLE('',(#15395));
#15395 = FILL_AREA_STYLE_COLOUR('',#15093);
#15396 = STYLED_ITEM('color',(#15397),#8915);
#15397 = PRESENTATION_STYLE_ASSIGNMENT((#15398));
#15398 = SURFACE_STYLE_USAGE(.BOTH.,#15399);
#15399 = SURFACE_SIDE_STYLE('',(#15400));
#15400 = SURFACE_STYLE_FILL_AREA(#15401);
#15401 = FILL_AREA_STYLE('',(#15402));
#15402 = FILL_AREA_STYLE_COLOUR('',#15093);
#15403 = MECHANICAL_DESIGN_GEOMETRIC_PRESENTATION_REPRESENTATION('',(
    #15404,#15412,#15420,#15427,#15434,#15441,#15448,#15455,#15462,
    #15469,#15476,#15483,#15490,#15497,#15504,#15511,#15518,#15525,
    #15532,#15539,#15546,#15553,#15561,#15569,#15576,#15583,#15590),
  #3911);
#15404 = STYLED_ITEM('color',(#15405),#1025);
#15405 = PRESENTATION_STYLE_ASSIGNMENT((#15406));
#15406 = SURFACE_STYLE_USAGE(.BOTH.,#15407);
#15407 = SURFACE_SIDE_STYLE('',(#15408));
#15408 = SURFACE_STYLE_FILL_AREA(#15409);
#15409 = FILL_AREA_STYLE('',(#15410));
#15410 = FILL_AREA_STYLE_COLOUR('',#15411);
#15411 = COLOUR_RGB('',0.964705886078,0.964705886078,0.952941189437);
#15412 = OVER_RIDING_STYLED_ITEM('overriding color',(#15413),#1488,
  #15404);
#15413 = PRESENTATION_STYLE_ASSIGNMENT((#15414));
#15414 = SURFACE_STYLE_USAGE(.BOTH.,#15415);
#15415 = SURFACE_SIDE_STYLE('',(#15416));
#15416 = SURFACE_STYLE_FILL_AREA(#15417);
#15417 = FILL_AREA_STYLE('',(#15418));
#15418 = FILL_AREA_STYLE_COLOUR('',#15419);
#15419 = COLOUR_RGB('',0.819607826924,0.800000010877,0.752941164258);
#15420 = OVER_RIDING_STYLED_ITEM('overriding color',(#15421),#1583,
  #15404);
#15421 = PRESENTATION_STYLE_ASSIGNMENT((#15422));
#15422 = SURFACE_STYLE_USAGE(.BOTH.,#15423);
#15423 = SURFACE_SIDE_STYLE('',(#15424));
#15424 = SURFACE_STYLE_FILL_AREA(#15425);
#15425 = FILL_AREA_STYLE('',(#15426));
#15426 = FILL_AREA_STYLE_COLOUR('',#15419);
#15427 = OVER_RIDING_STYLED_ITEM('overriding color',(#15428),#1654,
  #15404);
#15428 = PRESENTATION_STYLE_ASSIGNMENT((#15429));
#15429 = SURFACE_STYLE_USAGE(.BOTH.,#15430);
#15430 = SURFACE_SIDE_STYLE('',(#15431));
#15431 = SURFACE_STYLE_FILL_AREA(#15432);
#15432 = FILL_AREA_STYLE('',(#15433));
#15433 = FILL_AREA_STYLE_COLOUR('',#15419);
#15434 = OVER_RIDING_STYLED_ITEM('overriding color',(#15435),#1756,
  #15404);
#15435 = PRESENTATION_STYLE_ASSIGNMENT((#15436));
#15436 = SURFACE_STYLE_USAGE(.BOTH.,#15437);
#15437 = SURFACE_SIDE_STYLE('',(#15438));
#15438 = SURFACE_STYLE_FILL_AREA(#15439);
#15439 = FILL_AREA_STYLE('',(#15440));
#15440 = FILL_AREA_STYLE_COLOUR('',#15419);
#15441 = OVER_RIDING_STYLED_ITEM('overriding color',(#15442),#1827,
  #15404);
#15442 = PRESENTATION_STYLE_ASSIGNMENT((#15443));
#15443 = SURFACE_STYLE_USAGE(.BOTH.,#15444);
#15444 = SURFACE_SIDE_STYLE('',(#15445));
#15445 = SURFACE_STYLE_FILL_AREA(#15446);
#15446 = FILL_AREA_STYLE('',(#15447));
#15447 = FILL_AREA_STYLE_COLOUR('',#15419);
#15448 = OVER_RIDING_STYLED_ITEM('overriding color',(#15449),#1898,
  #15404);
#15449 = PRESENTATION_STYLE_ASSIGNMENT((#15450));
#15450 = SURFACE_STYLE_USAGE(.BOTH.,#15451);
#15451 = SURFACE_SIDE_STYLE('',(#15452));
#15452 = SURFACE_STYLE_FILL_AREA(#15453);
#15453 = FILL_AREA_STYLE('',(#15454));
#15454 = FILL_AREA_STYLE_COLOUR('',#15419);
#15455 = OVER_RIDING_STYLED_ITEM('overriding color',(#15456),#1969,
  #15404);
#15456 = PRESENTATION_STYLE_ASSIGNMENT((#15457));
#15457 = SURFACE_STYLE_USAGE(.BOTH.,#15458);
#15458 = SURFACE_SIDE_STYLE('',(#15459));
#15459 = SURFACE_STYLE_FILL_AREA(#15460);
#15460 = FILL_AREA_STYLE('',(#15461));
#15461 = FILL_AREA_STYLE_COLOUR('',#15419);
#15462 = OVER_RIDING_STYLED_ITEM('overriding color',(#15463),#2071,
  #15404);
#15463 = PRESENTATION_STYLE_ASSIGNMENT((#15464));
#15464 = SURFACE_STYLE_USAGE(.BOTH.,#15465);
#15465 = SURFACE_SIDE_STYLE('',(#15466));
#15466 = SURFACE_STYLE_FILL_AREA(#15467);
#15467 = FILL_AREA_STYLE('',(#15468));
#15468 = FILL_AREA_STYLE_COLOUR('',#15419);
#15469 = OVER_RIDING_STYLED_ITEM('overriding color',(#15470),#2235,
  #15404);
#15470 = PRESENTATION_STYLE_ASSIGNMENT((#15471));
#15471 = SURFACE_STYLE_USAGE(.BOTH.,#15472);
#15472 = SURFACE_SIDE_STYLE('',(#15473));
#15473 = SURFACE_STYLE_FILL_AREA(#15474);
#15474 = FILL_AREA_STYLE('',(#15475));
#15475 = FILL_AREA_STYLE_COLOUR('',#15419);
#15476 = OVER_RIDING_STYLED_ITEM('overriding color',(#15477),#2257,
  #15404);
#15477 = PRESENTATION_STYLE_ASSIGNMENT((#15478));
#15478 = SURFACE_STYLE_USAGE(.BOTH.,#15479);
#15479 = SURFACE_SIDE_STYLE('',(#15480));
#15480 = SURFACE_STYLE_FILL_AREA(#15481);
#15481 = FILL_AREA_STYLE('',(#15482));
#15482 = FILL_AREA_STYLE_COLOUR('',#15419);
#15483 = OVER_RIDING_STYLED_ITEM('overriding color',(#15484),#2350,
  #15404);
#15484 = PRESENTATION_STYLE_ASSIGNMENT((#15485));
#15485 = SURFACE_STYLE_USAGE(.BOTH.,#15486);
#15486 = SURFACE_SIDE_STYLE('',(#15487));
#15487 = SURFACE_STYLE_FILL_AREA(#15488);
#15488 = FILL_AREA_STYLE('',(#15489));
#15489 = FILL_AREA_STYLE_COLOUR('',#15419);
#15490 = OVER_RIDING_STYLED_ITEM('overriding color',(#15491),#2434,
  #15404);
#15491 = PRESENTATION_STYLE_ASSIGNMENT((#15492));
#15492 = SURFACE_STYLE_USAGE(.BOTH.,#15493);
#15493 = SURFACE_SIDE_STYLE('',(#15494));
#15494 = SURFACE_STYLE_FILL_AREA(#15495);
#15495 = FILL_AREA_STYLE('',(#15496));
#15496 = FILL_AREA_STYLE_COLOUR('',#15419);
#15497 = OVER_RIDING_STYLED_ITEM('overriding color',(#15498),#2558,
  #15404);
#15498 = PRESENTATION_STYLE_ASSIGNMENT((#15499));
#15499 = SURFACE_STYLE_USAGE(.BOTH.,#15500);
#15500 = SURFACE_SIDE_STYLE('',(#15501));
#15501 = SURFACE_STYLE_FILL_AREA(#15502);
#15502 = FILL_AREA_STYLE('',(#15503));
#15503 = FILL_AREA_STYLE_COLOUR('',#15419);
#15504 = OVER_RIDING_STYLED_ITEM('overriding color',(#15505),#2611,
  #15404);
#15505 = PRESENTATION_STYLE_ASSIGNMENT((#15506));
#15506 = SURFACE_STYLE_USAGE(.BOTH.,#15507);
#15507 = SURFACE_SIDE_STYLE('',(#15508));
#15508 = SURFACE_STYLE_FILL_AREA(#15509);
#15509 = FILL_AREA_STYLE('',(#15510));
#15510 = FILL_AREA_STYLE_COLOUR('',#15419);
#15511 = OVER_RIDING_STYLED_ITEM('overriding color',(#15512),#2704,
  #15404);
#15512 = PRESENTATION_STYLE_ASSIGNMENT((#15513));
#15513 = SURFACE_STYLE_USAGE(.BOTH.,#15514);
#15514 = SURFACE_SIDE_STYLE('',(#15515));
#15515 = SURFACE_STYLE_FILL_AREA(#15516);
#15516 = FILL_AREA_STYLE('',(#15517));
#15517 = FILL_AREA_STYLE_COLOUR('',#15419);
#15518 = OVER_RIDING_STYLED_ITEM('overriding color',(#15519),#2788,
  #15404);
#15519 = PRESENTATION_STYLE_ASSIGNMENT((#15520));
#15520 = SURFACE_STYLE_USAGE(.BOTH.,#15521);
#15521 = SURFACE_SIDE_STYLE('',(#15522));
#15522 = SURFACE_STYLE_FILL_AREA(#15523);
#15523 = FILL_AREA_STYLE('',(#15524));
#15524 = FILL_AREA_STYLE_COLOUR('',#15419);
#15525 = OVER_RIDING_STYLED_ITEM('overriding color',(#15526),#2810,
  #15404);
#15526 = PRESENTATION_STYLE_ASSIGNMENT((#15527));
#15527 = SURFACE_STYLE_USAGE(.BOTH.,#15528);
#15528 = SURFACE_SIDE_STYLE('',(#15529));
#15529 = SURFACE_STYLE_FILL_AREA(#15530);
#15530 = FILL_AREA_STYLE('',(#15531));
#15531 = FILL_AREA_STYLE_COLOUR('',#15419);
#15532 = OVER_RIDING_STYLED_ITEM('overriding color',(#15533),#2822,
  #15404);
#15533 = PRESENTATION_STYLE_ASSIGNMENT((#15534));
#15534 = SURFACE_STYLE_USAGE(.BOTH.,#15535);
#15535 = SURFACE_SIDE_STYLE('',(#15536));
#15536 = SURFACE_STYLE_FILL_AREA(#15537);
#15537 = FILL_AREA_STYLE('',(#15538));
#15538 = FILL_AREA_STYLE_COLOUR('',#15419);
#15539 = OVER_RIDING_STYLED_ITEM('overriding color',(#15540),#2834,
  #15404);
#15540 = PRESENTATION_STYLE_ASSIGNMENT((#15541));
#15541 = SURFACE_STYLE_USAGE(.BOTH.,#15542);
#15542 = SURFACE_SIDE_STYLE('',(#15543));
#15543 = SURFACE_STYLE_FILL_AREA(#15544);
#15544 = FILL_AREA_STYLE('',(#15545));
#15545 = FILL_AREA_STYLE_COLOUR('',#15419);
#15546 = OVER_RIDING_STYLED_ITEM('overriding color',(#15547),#2863,
  #15404);
#15547 = PRESENTATION_STYLE_ASSIGNMENT((#15548));
#15548 = SURFACE_STYLE_USAGE(.BOTH.,#15549);
#15549 = SURFACE_SIDE_STYLE('',(#15550));
#15550 = SURFACE_STYLE_FILL_AREA(#15551);
#15551 = FILL_AREA_STYLE('',(#15552));
#15552 = FILL_AREA_STYLE_COLOUR('',#15419);
#15553 = STYLED_ITEM('color',(#15554),#2907);
#15554 = PRESENTATION_STYLE_ASSIGNMENT((#15555));
#15555 = SURFACE_STYLE_USAGE(.BOTH.,#15556);
#15556 = SURFACE_SIDE_STYLE('',(#15557));
#15557 = SURFACE_STYLE_FILL_AREA(#15558);
#15558 = FILL_AREA_STYLE('',(#15559));
#15559 = FILL_AREA_STYLE_COLOUR('',#15560);
#15560 = DRAUGHTING_PRE_DEFINED_COLOUR('white');
#15561 = OVER_RIDING_STYLED_ITEM('overriding color',(#15562),#3392,
  #15553);
#15562 = PRESENTATION_STYLE_ASSIGNMENT((#15563));
#15563 = SURFACE_STYLE_USAGE(.BOTH.,#15564);
#15564 = SURFACE_SIDE_STYLE('',(#15565));
#15565 = SURFACE_STYLE_FILL_AREA(#15566);
#15566 = FILL_AREA_STYLE('',(#15567));
#15567 = FILL_AREA_STYLE_COLOUR('',#15568);
#15568 = COLOUR_RGB('',0.250980388104,0.250980388104,0.250980388104);
#15569 = OVER_RIDING_STYLED_ITEM('overriding color',(#15570),#3500,
  #15553);
#15570 = PRESENTATION_STYLE_ASSIGNMENT((#15571));
#15571 = SURFACE_STYLE_USAGE(.BOTH.,#15572);
#15572 = SURFACE_SIDE_STYLE('',(#15573));
#15573 = SURFACE_STYLE_FILL_AREA(#15574);
#15574 = FILL_AREA_STYLE('',(#15575));
#15575 = FILL_AREA_STYLE_COLOUR('',#15568);
#15576 = OVER_RIDING_STYLED_ITEM('overriding color',(#15577),#3608,
  #15553);
#15577 = PRESENTATION_STYLE_ASSIGNMENT((#15578));
#15578 = SURFACE_STYLE_USAGE(.BOTH.,#15579);
#15579 = SURFACE_SIDE_STYLE('',(#15580));
#15580 = SURFACE_STYLE_FILL_AREA(#15581);
#15581 = FILL_AREA_STYLE('',(#15582));
#15582 = FILL_AREA_STYLE_COLOUR('',#15568);
#15583 = OVER_RIDING_STYLED_ITEM('overriding color',(#15584),#3716,
  #15553);
#15584 = PRESENTATION_STYLE_ASSIGNMENT((#15585));
#15585 = SURFACE_STYLE_USAGE(.BOTH.,#15586);
#15586 = SURFACE_SIDE_STYLE('',(#15587));
#15587 = SURFACE_STYLE_FILL_AREA(#15588);
#15588 = FILL_AREA_STYLE('',(#15589));
#15589 = FILL_AREA_STYLE_COLOUR('',#15568);
#15590 = STYLED_ITEM('color',(#15591),#3761);
#15591 = PRESENTATION_STYLE_ASSIGNMENT((#15592));
#15592 = SURFACE_STYLE_USAGE(.BOTH.,#15593);
#15593 = SURFACE_SIDE_STYLE('',(#15594));
#15594 = SURFACE_STYLE_FILL_AREA(#15595);
#15595 = FILL_AREA_STYLE('',(#15596));
#15596 = FILL_AREA_STYLE_COLOUR('',#15568);
#15597 = MECHANICAL_DESIGN_GEOMETRIC_PRESENTATION_REPRESENTATION('',(
    #15598,#15608,#15617,#15626,#15635,#15644,#15653,#15662,#15671,
    #15680,#15689,#15698,#15707,#15716,#15725,#15734,#15743,#15752,
    #15761,#15770,#15779,#15788,#15797,#15806,#15815,#15824,#15833,
    #15842,#15851,#15860,#15869,#15878,#15887,#15896,#15905,#15914,
    #15923,#15932,#15941,#15950,#15959,#15968,#15977,#15986,#15995,
    #16004,#16013,#16022,#16031,#16040,#16049,#16058,#16067,#16076,
    #16085,#16094,#16103,#16112,#16121,#16130,#16139,#16148,#16157,
    #16166,#16175,#16184,#16193,#16202,#16211,#16220,#16229,#16238,
    #16247,#16256,#16265,#16274,#16283,#16292,#16301,#16310,#16319,
    #16328,#16337,#16346,#16355,#16364,#16373,#16382,#16391,#16400,
    #16409,#16418,#16427,#16436,#16445,#16454,#16463,#16472,#16481,
    #16490,#16499,#16508,#16517,#16526,#16535,#16544),#7248);
#15598 = STYLED_ITEM('color',(#15599),#4010);
#15599 = PRESENTATION_STYLE_ASSIGNMENT((#15600,#15606));
#15600 = SURFACE_STYLE_USAGE(.BOTH.,#15601);
#15601 = SURFACE_SIDE_STYLE('',(#15602));
#15602 = SURFACE_STYLE_FILL_AREA(#15603);
#15603 = FILL_AREA_STYLE('',(#15604));
#15604 = FILL_AREA_STYLE_COLOUR('',#15605);
#15605 = COLOUR_RGB('',0.894999996726,0.890999991539,0.812999995914);
#15606 = CURVE_STYLE('',#15607,POSITIVE_LENGTH_MEASURE(0.1),#15605);
#15607 = DRAUGHTING_PRE_DEFINED_CURVE_FONT('continuous');
#15608 = STYLED_ITEM('color',(#15609),#4114);
#15609 = PRESENTATION_STYLE_ASSIGNMENT((#15610,#15615));
#15610 = SURFACE_STYLE_USAGE(.BOTH.,#15611);
#15611 = SURFACE_SIDE_STYLE('',(#15612));
#15612 = SURFACE_STYLE_FILL_AREA(#15613);
#15613 = FILL_AREA_STYLE('',(#15614));
#15614 = FILL_AREA_STYLE_COLOUR('',#15605);
#15615 = CURVE_STYLE('',#15616,POSITIVE_LENGTH_MEASURE(0.1),#15605);
#15616 = DRAUGHTING_PRE_DEFINED_CURVE_FONT('continuous');
#15617 = STYLED_ITEM('color',(#15618),#4337);
#15618 = PRESENTATION_STYLE_ASSIGNMENT((#15619,#15624));
#15619 = SURFACE_STYLE_USAGE(.BOTH.,#15620);
#15620 = SURFACE_SIDE_STYLE('',(#15621));
#15621 = SURFACE_STYLE_FILL_AREA(#15622);
#15622 = FILL_AREA_STYLE('',(#15623));
#15623 = FILL_AREA_STYLE_COLOUR('',#15605);
#15624 = CURVE_STYLE('',#15625,POSITIVE_LENGTH_MEASURE(0.1),#15605);
#15625 = DRAUGHTING_PRE_DEFINED_CURVE_FONT('continuous');
#15626 = STYLED_ITEM('color',(#15627),#4361);
#15627 = PRESENTATION_STYLE_ASSIGNMENT((#15628,#15633));
#15628 = SURFACE_STYLE_USAGE(.BOTH.,#15629);
#15629 = SURFACE_SIDE_STYLE('',(#15630));
#15630 = SURFACE_STYLE_FILL_AREA(#15631);
#15631 = FILL_AREA_STYLE('',(#15632));
#15632 = FILL_AREA_STYLE_COLOUR('',#15605);
#15633 = CURVE_STYLE('',#15634,POSITIVE_LENGTH_MEASURE(0.1),#15605);
#15634 = DRAUGHTING_PRE_DEFINED_CURVE_FONT('continuous');
#15635 = STYLED_ITEM('color',(#15636),#4385);
#15636 = PRESENTATION_STYLE_ASSIGNMENT((#15637,#15642));
#15637 = SURFACE_STYLE_USAGE(.BOTH.,#15638);
#15638 = SURFACE_SIDE_STYLE('',(#15639));
#15639 = SURFACE_STYLE_FILL_AREA(#15640);
#15640 = FILL_AREA_STYLE('',(#15641));
#15641 = FILL_AREA_STYLE_COLOUR('',#15605);
#15642 = CURVE_STYLE('',#15643,POSITIVE_LENGTH_MEASURE(0.1),#15605);
#15643 = DRAUGHTING_PRE_DEFINED_CURVE_FONT('continuous');
#15644 = STYLED_ITEM('color',(#15645),#4409);
#15645 = PRESENTATION_STYLE_ASSIGNMENT((#15646,#15651));
#15646 = SURFACE_STYLE_USAGE(.BOTH.,#15647);
#15647 = SURFACE_SIDE_STYLE('',(#15648));
#15648 = SURFACE_STYLE_FILL_AREA(#15649);
#15649 = FILL_AREA_STYLE('',(#15650));
#15650 = FILL_AREA_STYLE_COLOUR('',#15605);
#15651 = CURVE_STYLE('',#15652,POSITIVE_LENGTH_MEASURE(0.1),#15605);
#15652 = DRAUGHTING_PRE_DEFINED_CURVE_FONT('continuous');
#15653 = STYLED_ITEM('color',(#15654),#4433);
#15654 = PRESENTATION_STYLE_ASSIGNMENT((#15655,#15660));
#15655 = SURFACE_STYLE_USAGE(.BOTH.,#15656);
#15656 = SURFACE_SIDE_STYLE('',(#15657));
#15657 = SURFACE_STYLE_FILL_AREA(#15658);
#15658 = FILL_AREA_STYLE('',(#15659));
#15659 = FILL_AREA_STYLE_COLOUR('',#15605);
#15660 = CURVE_STYLE('',#15661,POSITIVE_LENGTH_MEASURE(0.1),#15605);
#15661 = DRAUGHTING_PRE_DEFINED_CURVE_FONT('continuous');
#15662 = STYLED_ITEM('color',(#15663),#4578);
#15663 = PRESENTATION_STYLE_ASSIGNMENT((#15664,#15669));
#15664 = SURFACE_STYLE_USAGE(.BOTH.,#15665);
#15665 = SURFACE_SIDE_STYLE('',(#15666));
#15666 = SURFACE_STYLE_FILL_AREA(#15667);
#15667 = FILL_AREA_STYLE('',(#15668));
#15668 = FILL_AREA_STYLE_COLOUR('',#15605);
#15669 = CURVE_STYLE('',#15670,POSITIVE_LENGTH_MEASURE(0.1),#15605);
#15670 = DRAUGHTING_PRE_DEFINED_CURVE_FONT('continuous');
#15671 = STYLED_ITEM('color',(#15672),#4650);
#15672 = PRESENTATION_STYLE_ASSIGNMENT((#15673,#15678));
#15673 = SURFACE_STYLE_USAGE(.BOTH.,#15674);
#15674 = SURFACE_SIDE_STYLE('',(#15675));
#15675 = SURFACE_STYLE_FILL_AREA(#15676);
#15676 = FILL_AREA_STYLE('',(#15677));
#15677 = FILL_AREA_STYLE_COLOUR('',#15605);
#15678 = CURVE_STYLE('',#15679,POSITIVE_LENGTH_MEASURE(0.1),#15605);
#15679 = DRAUGHTING_PRE_DEFINED_CURVE_FONT('continuous');
#15680 = STYLED_ITEM('color',(#15681),#4682);
#15681 = PRESENTATION_STYLE_ASSIGNMENT((#15682,#15687));
#15682 = SURFACE_STYLE_USAGE(.BOTH.,#15683);
#15683 = SURFACE_SIDE_STYLE('',(#15684));
#15684 = SURFACE_STYLE_FILL_AREA(#15685);
#15685 = FILL_AREA_STYLE('',(#15686));
#15686 = FILL_AREA_STYLE_COLOUR('',#15605);
#15687 = CURVE_STYLE('',#15688,POSITIVE_LENGTH_MEASURE(0.1),#15605);
#15688 = DRAUGHTING_PRE_DEFINED_CURVE_FONT('continuous');
#15689 = STYLED_ITEM('color',(#15690),#4706);
#15690 = PRESENTATION_STYLE_ASSIGNMENT((#15691,#15696));
#15691 = SURFACE_STYLE_USAGE(.BOTH.,#15692);
#15692 = SURFACE_SIDE_STYLE('',(#15693));
#15693 = SURFACE_STYLE_FILL_AREA(#15694);
#15694 = FILL_AREA_STYLE('',(#15695));
#15695 = FILL_AREA_STYLE_COLOUR('',#15605);
#15696 = CURVE_STYLE('',#15697,POSITIVE_LENGTH_MEASURE(0.1),#15605);
#15697 = DRAUGHTING_PRE_DEFINED_CURVE_FONT('continuous');
#15698 = STYLED_ITEM('color',(#15699),#4730);
#15699 = PRESENTATION_STYLE_ASSIGNMENT((#15700,#15705));
#15700 = SURFACE_STYLE_USAGE(.BOTH.,#15701);
#15701 = SURFACE_SIDE_STYLE('',(#15702));
#15702 = SURFACE_STYLE_FILL_AREA(#15703);
#15703 = FILL_AREA_STYLE('',(#15704));
#15704 = FILL_AREA_STYLE_COLOUR('',#15605);
#15705 = CURVE_STYLE('',#15706,POSITIVE_LENGTH_MEASURE(0.1),#15605);
#15706 = DRAUGHTING_PRE_DEFINED_CURVE_FONT('continuous');
#15707 = STYLED_ITEM('color',(#15708),#4754);
#15708 = PRESENTATION_STYLE_ASSIGNMENT((#15709,#15714));
#15709 = SURFACE_STYLE_USAGE(.BOTH.,#15710);
#15710 = SURFACE_SIDE_STYLE('',(#15711));
#15711 = SURFACE_STYLE_FILL_AREA(#15712);
#15712 = FILL_AREA_STYLE('',(#15713));
#15713 = FILL_AREA_STYLE_COLOUR('',#15605);
#15714 = CURVE_STYLE('',#15715,POSITIVE_LENGTH_MEASURE(0.1),#15605);
#15715 = DRAUGHTING_PRE_DEFINED_CURVE_FONT('continuous');
#15716 = STYLED_ITEM('color',(#15717),#4925);
#15717 = PRESENTATION_STYLE_ASSIGNMENT((#15718,#15723));
#15718 = SURFACE_STYLE_USAGE(.BOTH.,#15719);
#15719 = SURFACE_SIDE_STYLE('',(#15720));
#15720 = SURFACE_STYLE_FILL_AREA(#15721);
#15721 = FILL_AREA_STYLE('',(#15722));
#15722 = FILL_AREA_STYLE_COLOUR('',#15605);
#15723 = CURVE_STYLE('',#15724,POSITIVE_LENGTH_MEASURE(0.1),#15605);
#15724 = DRAUGHTING_PRE_DEFINED_CURVE_FONT('continuous');
#15725 = STYLED_ITEM('color',(#15726),#4997);
#15726 = PRESENTATION_STYLE_ASSIGNMENT((#15727,#15732));
#15727 = SURFACE_STYLE_USAGE(.BOTH.,#15728);
#15728 = SURFACE_SIDE_STYLE('',(#15729));
#15729 = SURFACE_STYLE_FILL_AREA(#15730);
#15730 = FILL_AREA_STYLE('',(#15731));
#15731 = FILL_AREA_STYLE_COLOUR('',#15605);
#15732 = CURVE_STYLE('',#15733,POSITIVE_LENGTH_MEASURE(0.1),#15605);
#15733 = DRAUGHTING_PRE_DEFINED_CURVE_FONT('continuous');
#15734 = STYLED_ITEM('color',(#15735),#5021);
#15735 = PRESENTATION_STYLE_ASSIGNMENT((#15736,#15741));
#15736 = SURFACE_STYLE_USAGE(.BOTH.,#15737);
#15737 = SURFACE_SIDE_STYLE('',(#15738));
#15738 = SURFACE_STYLE_FILL_AREA(#15739);
#15739 = FILL_AREA_STYLE('',(#15740));
#15740 = FILL_AREA_STYLE_COLOUR('',#15605);
#15741 = CURVE_STYLE('',#15742,POSITIVE_LENGTH_MEASURE(0.1),#15605);
#15742 = DRAUGHTING_PRE_DEFINED_CURVE_FONT('continuous');
#15743 = STYLED_ITEM('color',(#15744),#5054);
#15744 = PRESENTATION_STYLE_ASSIGNMENT((#15745,#15750));
#15745 = SURFACE_STYLE_USAGE(.BOTH.,#15746);
#15746 = SURFACE_SIDE_STYLE('',(#15747));
#15747 = SURFACE_STYLE_FILL_AREA(#15748);
#15748 = FILL_AREA_STYLE('',(#15749));
#15749 = FILL_AREA_STYLE_COLOUR('',#15605);
#15750 = CURVE_STYLE('',#15751,POSITIVE_LENGTH_MEASURE(0.1),#15605);
#15751 = DRAUGHTING_PRE_DEFINED_CURVE_FONT('continuous');
#15752 = STYLED_ITEM('color',(#15753),#5068);
#15753 = PRESENTATION_STYLE_ASSIGNMENT((#15754,#15759));
#15754 = SURFACE_STYLE_USAGE(.BOTH.,#15755);
#15755 = SURFACE_SIDE_STYLE('',(#15756));
#15756 = SURFACE_STYLE_FILL_AREA(#15757);
#15757 = FILL_AREA_STYLE('',(#15758));
#15758 = FILL_AREA_STYLE_COLOUR('',#14894);
#15759 = CURVE_STYLE('',#15760,POSITIVE_LENGTH_MEASURE(0.1),#14894);
#15760 = DRAUGHTING_PRE_DEFINED_CURVE_FONT('continuous');
#15761 = STYLED_ITEM('color',(#15762),#5108);
#15762 = PRESENTATION_STYLE_ASSIGNMENT((#15763,#15768));
#15763 = SURFACE_STYLE_USAGE(.BOTH.,#15764);
#15764 = SURFACE_SIDE_STYLE('',(#15765));
#15765 = SURFACE_STYLE_FILL_AREA(#15766);
#15766 = FILL_AREA_STYLE('',(#15767));
#15767 = FILL_AREA_STYLE_COLOUR('',#14894);
#15768 = CURVE_STYLE('',#15769,POSITIVE_LENGTH_MEASURE(0.1),#14894);
#15769 = DRAUGHTING_PRE_DEFINED_CURVE_FONT('continuous');
#15770 = STYLED_ITEM('color',(#15771),#5132);
#15771 = PRESENTATION_STYLE_ASSIGNMENT((#15772,#15777));
#15772 = SURFACE_STYLE_USAGE(.BOTH.,#15773);
#15773 = SURFACE_SIDE_STYLE('',(#15774));
#15774 = SURFACE_STYLE_FILL_AREA(#15775);
#15775 = FILL_AREA_STYLE('',(#15776));
#15776 = FILL_AREA_STYLE_COLOUR('',#14894);
#15777 = CURVE_STYLE('',#15778,POSITIVE_LENGTH_MEASURE(0.1),#14894);
#15778 = DRAUGHTING_PRE_DEFINED_CURVE_FONT('continuous');
#15779 = STYLED_ITEM('color',(#15780),#5165);
#15780 = PRESENTATION_STYLE_ASSIGNMENT((#15781,#15786));
#15781 = SURFACE_STYLE_USAGE(.BOTH.,#15782);
#15782 = SURFACE_SIDE_STYLE('',(#15783));
#15783 = SURFACE_STYLE_FILL_AREA(#15784);
#15784 = FILL_AREA_STYLE('',(#15785));
#15785 = FILL_AREA_STYLE_COLOUR('',#14894);
#15786 = CURVE_STYLE('',#15787,POSITIVE_LENGTH_MEASURE(0.1),#14894);
#15787 = DRAUGHTING_PRE_DEFINED_CURVE_FONT('continuous');
#15788 = STYLED_ITEM('color',(#15789),#5205);
#15789 = PRESENTATION_STYLE_ASSIGNMENT((#15790,#15795));
#15790 = SURFACE_STYLE_USAGE(.BOTH.,#15791);
#15791 = SURFACE_SIDE_STYLE('',(#15792));
#15792 = SURFACE_STYLE_FILL_AREA(#15793);
#15793 = FILL_AREA_STYLE('',(#15794));
#15794 = FILL_AREA_STYLE_COLOUR('',#14894);
#15795 = CURVE_STYLE('',#15796,POSITIVE_LENGTH_MEASURE(0.1),#14894);
#15796 = DRAUGHTING_PRE_DEFINED_CURVE_FONT('continuous');
#15797 = STYLED_ITEM('color',(#15798),#5229);
#15798 = PRESENTATION_STYLE_ASSIGNMENT((#15799,#15804));
#15799 = SURFACE_STYLE_USAGE(.BOTH.,#15800);
#15800 = SURFACE_SIDE_STYLE('',(#15801));
#15801 = SURFACE_STYLE_FILL_AREA(#15802);
#15802 = FILL_AREA_STYLE('',(#15803));
#15803 = FILL_AREA_STYLE_COLOUR('',#14894);
#15804 = CURVE_STYLE('',#15805,POSITIVE_LENGTH_MEASURE(0.1),#14894);
#15805 = DRAUGHTING_PRE_DEFINED_CURVE_FONT('continuous');
#15806 = STYLED_ITEM('color',(#15807),#5262);
#15807 = PRESENTATION_STYLE_ASSIGNMENT((#15808,#15813));
#15808 = SURFACE_STYLE_USAGE(.BOTH.,#15809);
#15809 = SURFACE_SIDE_STYLE('',(#15810));
#15810 = SURFACE_STYLE_FILL_AREA(#15811);
#15811 = FILL_AREA_STYLE('',(#15812));
#15812 = FILL_AREA_STYLE_COLOUR('',#14894);
#15813 = CURVE_STYLE('',#15814,POSITIVE_LENGTH_MEASURE(0.1),#14894);
#15814 = DRAUGHTING_PRE_DEFINED_CURVE_FONT('continuous');
#15815 = STYLED_ITEM('color',(#15816),#5302);
#15816 = PRESENTATION_STYLE_ASSIGNMENT((#15817,#15822));
#15817 = SURFACE_STYLE_USAGE(.BOTH.,#15818);
#15818 = SURFACE_SIDE_STYLE('',(#15819));
#15819 = SURFACE_STYLE_FILL_AREA(#15820);
#15820 = FILL_AREA_STYLE('',(#15821));
#15821 = FILL_AREA_STYLE_COLOUR('',#14894);
#15822 = CURVE_STYLE('',#15823,POSITIVE_LENGTH_MEASURE(0.1),#14894);
#15823 = DRAUGHTING_PRE_DEFINED_CURVE_FONT('continuous');
#15824 = STYLED_ITEM('color',(#15825),#5326);
#15825 = PRESENTATION_STYLE_ASSIGNMENT((#15826,#15831));
#15826 = SURFACE_STYLE_USAGE(.BOTH.,#15827);
#15827 = SURFACE_SIDE_STYLE('',(#15828));
#15828 = SURFACE_STYLE_FILL_AREA(#15829);
#15829 = FILL_AREA_STYLE('',(#15830));
#15830 = FILL_AREA_STYLE_COLOUR('',#14894);
#15831 = CURVE_STYLE('',#15832,POSITIVE_LENGTH_MEASURE(0.1),#14894);
#15832 = DRAUGHTING_PRE_DEFINED_CURVE_FONT('continuous');
#15833 = STYLED_ITEM('color',(#15834),#5359);
#15834 = PRESENTATION_STYLE_ASSIGNMENT((#15835,#15840));
#15835 = SURFACE_STYLE_USAGE(.BOTH.,#15836);
#15836 = SURFACE_SIDE_STYLE('',(#15837));
#15837 = SURFACE_STYLE_FILL_AREA(#15838);
#15838 = FILL_AREA_STYLE('',(#15839));
#15839 = FILL_AREA_STYLE_COLOUR('',#14894);
#15840 = CURVE_STYLE('',#15841,POSITIVE_LENGTH_MEASURE(0.1),#14894);
#15841 = DRAUGHTING_PRE_DEFINED_CURVE_FONT('continuous');
#15842 = STYLED_ITEM('color',(#15843),#5399);
#15843 = PRESENTATION_STYLE_ASSIGNMENT((#15844,#15849));
#15844 = SURFACE_STYLE_USAGE(.BOTH.,#15845);
#15845 = SURFACE_SIDE_STYLE('',(#15846));
#15846 = SURFACE_STYLE_FILL_AREA(#15847);
#15847 = FILL_AREA_STYLE('',(#15848));
#15848 = FILL_AREA_STYLE_COLOUR('',#14894);
#15849 = CURVE_STYLE('',#15850,POSITIVE_LENGTH_MEASURE(0.1),#14894);
#15850 = DRAUGHTING_PRE_DEFINED_CURVE_FONT('continuous');
#15851 = STYLED_ITEM('color',(#15852),#5423);
#15852 = PRESENTATION_STYLE_ASSIGNMENT((#15853,#15858));
#15853 = SURFACE_STYLE_USAGE(.BOTH.,#15854);
#15854 = SURFACE_SIDE_STYLE('',(#15855));
#15855 = SURFACE_STYLE_FILL_AREA(#15856);
#15856 = FILL_AREA_STYLE('',(#15857));
#15857 = FILL_AREA_STYLE_COLOUR('',#14894);
#15858 = CURVE_STYLE('',#15859,POSITIVE_LENGTH_MEASURE(0.1),#14894);
#15859 = DRAUGHTING_PRE_DEFINED_CURVE_FONT('continuous');
#15860 = STYLED_ITEM('color',(#15861),#5456);
#15861 = PRESENTATION_STYLE_ASSIGNMENT((#15862,#15867));
#15862 = SURFACE_STYLE_USAGE(.BOTH.,#15863);
#15863 = SURFACE_SIDE_STYLE('',(#15864));
#15864 = SURFACE_STYLE_FILL_AREA(#15865);
#15865 = FILL_AREA_STYLE('',(#15866));
#15866 = FILL_AREA_STYLE_COLOUR('',#14894);
#15867 = CURVE_STYLE('',#15868,POSITIVE_LENGTH_MEASURE(0.1),#14894);
#15868 = DRAUGHTING_PRE_DEFINED_CURVE_FONT('continuous');
#15869 = STYLED_ITEM('color',(#15870),#5496);
#15870 = PRESENTATION_STYLE_ASSIGNMENT((#15871,#15876));
#15871 = SURFACE_STYLE_USAGE(.BOTH.,#15872);
#15872 = SURFACE_SIDE_STYLE('',(#15873));
#15873 = SURFACE_STYLE_FILL_AREA(#15874);
#15874 = FILL_AREA_STYLE('',(#15875));
#15875 = FILL_AREA_STYLE_COLOUR('',#14894);
#15876 = CURVE_STYLE('',#15877,POSITIVE_LENGTH_MEASURE(0.1),#14894);
#15877 = DRAUGHTING_PRE_DEFINED_CURVE_FONT('continuous');
#15878 = STYLED_ITEM('color',(#15879),#5520);
#15879 = PRESENTATION_STYLE_ASSIGNMENT((#15880,#15885));
#15880 = SURFACE_STYLE_USAGE(.BOTH.,#15881);
#15881 = SURFACE_SIDE_STYLE('',(#15882));
#15882 = SURFACE_STYLE_FILL_AREA(#15883);
#15883 = FILL_AREA_STYLE('',(#15884));
#15884 = FILL_AREA_STYLE_COLOUR('',#14894);
#15885 = CURVE_STYLE('',#15886,POSITIVE_LENGTH_MEASURE(0.1),#14894);
#15886 = DRAUGHTING_PRE_DEFINED_CURVE_FONT('continuous');
#15887 = STYLED_ITEM('color',(#15888),#5553);
#15888 = PRESENTATION_STYLE_ASSIGNMENT((#15889,#15894));
#15889 = SURFACE_STYLE_USAGE(.BOTH.,#15890);
#15890 = SURFACE_SIDE_STYLE('',(#15891));
#15891 = SURFACE_STYLE_FILL_AREA(#15892);
#15892 = FILL_AREA_STYLE('',(#15893));
#15893 = FILL_AREA_STYLE_COLOUR('',#15605);
#15894 = CURVE_STYLE('',#15895,POSITIVE_LENGTH_MEASURE(0.1),#15605);
#15895 = DRAUGHTING_PRE_DEFINED_CURVE_FONT('continuous');
#15896 = STYLED_ITEM('color',(#15897),#5570);
#15897 = PRESENTATION_STYLE_ASSIGNMENT((#15898,#15903));
#15898 = SURFACE_STYLE_USAGE(.BOTH.,#15899);
#15899 = SURFACE_SIDE_STYLE('',(#15900));
#15900 = SURFACE_STYLE_FILL_AREA(#15901);
#15901 = FILL_AREA_STYLE('',(#15902));
#15902 = FILL_AREA_STYLE_COLOUR('',#15605);
#15903 = CURVE_STYLE('',#15904,POSITIVE_LENGTH_MEASURE(0.1),#15605);
#15904 = DRAUGHTING_PRE_DEFINED_CURVE_FONT('continuous');
#15905 = STYLED_ITEM('color',(#15906),#5624);
#15906 = PRESENTATION_STYLE_ASSIGNMENT((#15907,#15912));
#15907 = SURFACE_STYLE_USAGE(.BOTH.,#15908);
#15908 = SURFACE_SIDE_STYLE('',(#15909));
#15909 = SURFACE_STYLE_FILL_AREA(#15910);
#15910 = FILL_AREA_STYLE('',(#15911));
#15911 = FILL_AREA_STYLE_COLOUR('',#15605);
#15912 = CURVE_STYLE('',#15913,POSITIVE_LENGTH_MEASURE(0.1),#15605);
#15913 = DRAUGHTING_PRE_DEFINED_CURVE_FONT('continuous');
#15914 = STYLED_ITEM('color',(#15915),#5648);
#15915 = PRESENTATION_STYLE_ASSIGNMENT((#15916,#15921));
#15916 = SURFACE_STYLE_USAGE(.BOTH.,#15917);
#15917 = SURFACE_SIDE_STYLE('',(#15918));
#15918 = SURFACE_STYLE_FILL_AREA(#15919);
#15919 = FILL_AREA_STYLE('',(#15920));
#15920 = FILL_AREA_STYLE_COLOUR('',#15605);
#15921 = CURVE_STYLE('',#15922,POSITIVE_LENGTH_MEASURE(0.1),#15605);
#15922 = DRAUGHTING_PRE_DEFINED_CURVE_FONT('continuous');
#15923 = STYLED_ITEM('color',(#15924),#5672);
#15924 = PRESENTATION_STYLE_ASSIGNMENT((#15925,#15930));
#15925 = SURFACE_STYLE_USAGE(.BOTH.,#15926);
#15926 = SURFACE_SIDE_STYLE('',(#15927));
#15927 = SURFACE_STYLE_FILL_AREA(#15928);
#15928 = FILL_AREA_STYLE('',(#15929));
#15929 = FILL_AREA_STYLE_COLOUR('',#15605);
#15930 = CURVE_STYLE('',#15931,POSITIVE_LENGTH_MEASURE(0.1),#15605);
#15931 = DRAUGHTING_PRE_DEFINED_CURVE_FONT('continuous');
#15932 = STYLED_ITEM('color',(#15933),#5689);
#15933 = PRESENTATION_STYLE_ASSIGNMENT((#15934,#15939));
#15934 = SURFACE_STYLE_USAGE(.BOTH.,#15935);
#15935 = SURFACE_SIDE_STYLE('',(#15936));
#15936 = SURFACE_STYLE_FILL_AREA(#15937);
#15937 = FILL_AREA_STYLE('',(#15938));
#15938 = FILL_AREA_STYLE_COLOUR('',#15605);
#15939 = CURVE_STYLE('',#15940,POSITIVE_LENGTH_MEASURE(0.1),#15605);
#15940 = DRAUGHTING_PRE_DEFINED_CURVE_FONT('continuous');
#15941 = STYLED_ITEM('color',(#15942),#5713);
#15942 = PRESENTATION_STYLE_ASSIGNMENT((#15943,#15948));
#15943 = SURFACE_STYLE_USAGE(.BOTH.,#15944);
#15944 = SURFACE_SIDE_STYLE('',(#15945));
#15945 = SURFACE_STYLE_FILL_AREA(#15946);
#15946 = FILL_AREA_STYLE('',(#15947));
#15947 = FILL_AREA_STYLE_COLOUR('',#15605);
#15948 = CURVE_STYLE('',#15949,POSITIVE_LENGTH_MEASURE(0.1),#15605);
#15949 = DRAUGHTING_PRE_DEFINED_CURVE_FONT('continuous');
#15950 = STYLED_ITEM('color',(#15951),#5760);
#15951 = PRESENTATION_STYLE_ASSIGNMENT((#15952,#15957));
#15952 = SURFACE_STYLE_USAGE(.BOTH.,#15953);
#15953 = SURFACE_SIDE_STYLE('',(#15954));
#15954 = SURFACE_STYLE_FILL_AREA(#15955);
#15955 = FILL_AREA_STYLE('',(#15956));
#15956 = FILL_AREA_STYLE_COLOUR('',#15605);
#15957 = CURVE_STYLE('',#15958,POSITIVE_LENGTH_MEASURE(0.1),#15605);
#15958 = DRAUGHTING_PRE_DEFINED_CURVE_FONT('continuous');
#15959 = STYLED_ITEM('color',(#15960),#5784);
#15960 = PRESENTATION_STYLE_ASSIGNMENT((#15961,#15966));
#15961 = SURFACE_STYLE_USAGE(.BOTH.,#15962);
#15962 = SURFACE_SIDE_STYLE('',(#15963));
#15963 = SURFACE_STYLE_FILL_AREA(#15964);
#15964 = FILL_AREA_STYLE('',(#15965));
#15965 = FILL_AREA_STYLE_COLOUR('',#15605);
#15966 = CURVE_STYLE('',#15967,POSITIVE_LENGTH_MEASURE(0.1),#15605);
#15967 = DRAUGHTING_PRE_DEFINED_CURVE_FONT('continuous');
#15968 = STYLED_ITEM('color',(#15969),#5808);
#15969 = PRESENTATION_STYLE_ASSIGNMENT((#15970,#15975));
#15970 = SURFACE_STYLE_USAGE(.BOTH.,#15971);
#15971 = SURFACE_SIDE_STYLE('',(#15972));
#15972 = SURFACE_STYLE_FILL_AREA(#15973);
#15973 = FILL_AREA_STYLE('',(#15974));
#15974 = FILL_AREA_STYLE_COLOUR('',#15605);
#15975 = CURVE_STYLE('',#15976,POSITIVE_LENGTH_MEASURE(0.1),#15605);
#15976 = DRAUGHTING_PRE_DEFINED_CURVE_FONT('continuous');
#15977 = STYLED_ITEM('color',(#15978),#5825);
#15978 = PRESENTATION_STYLE_ASSIGNMENT((#15979,#15984));
#15979 = SURFACE_STYLE_USAGE(.BOTH.,#15980);
#15980 = SURFACE_SIDE_STYLE('',(#15981));
#15981 = SURFACE_STYLE_FILL_AREA(#15982);
#15982 = FILL_AREA_STYLE('',(#15983));
#15983 = FILL_AREA_STYLE_COLOUR('',#15605);
#15984 = CURVE_STYLE('',#15985,POSITIVE_LENGTH_MEASURE(0.1),#15605);
#15985 = DRAUGHTING_PRE_DEFINED_CURVE_FONT('continuous');
#15986 = STYLED_ITEM('color',(#15987),#5842);
#15987 = PRESENTATION_STYLE_ASSIGNMENT((#15988,#15993));
#15988 = SURFACE_STYLE_USAGE(.BOTH.,#15989);
#15989 = SURFACE_SIDE_STYLE('',(#15990));
#15990 = SURFACE_STYLE_FILL_AREA(#15991);
#15991 = FILL_AREA_STYLE('',(#15992));
#15992 = FILL_AREA_STYLE_COLOUR('',#15605);
#15993 = CURVE_STYLE('',#15994,POSITIVE_LENGTH_MEASURE(0.1),#15605);
#15994 = DRAUGHTING_PRE_DEFINED_CURVE_FONT('continuous');
#15995 = STYLED_ITEM('color',(#15996),#5865);
#15996 = PRESENTATION_STYLE_ASSIGNMENT((#15997,#16002));
#15997 = SURFACE_STYLE_USAGE(.BOTH.,#15998);
#15998 = SURFACE_SIDE_STYLE('',(#15999));
#15999 = SURFACE_STYLE_FILL_AREA(#16000);
#16000 = FILL_AREA_STYLE('',(#16001));
#16001 = FILL_AREA_STYLE_COLOUR('',#14894);
#16002 = CURVE_STYLE('',#16003,POSITIVE_LENGTH_MEASURE(0.1),#14894);
#16003 = DRAUGHTING_PRE_DEFINED_CURVE_FONT('continuous');
#16004 = STYLED_ITEM('color',(#16005),#5904);
#16005 = PRESENTATION_STYLE_ASSIGNMENT((#16006,#16011));
#16006 = SURFACE_STYLE_USAGE(.BOTH.,#16007);
#16007 = SURFACE_SIDE_STYLE('',(#16008));
#16008 = SURFACE_STYLE_FILL_AREA(#16009);
#16009 = FILL_AREA_STYLE('',(#16010));
#16010 = FILL_AREA_STYLE_COLOUR('',#15605);
#16011 = CURVE_STYLE('',#16012,POSITIVE_LENGTH_MEASURE(0.1),#15605);
#16012 = DRAUGHTING_PRE_DEFINED_CURVE_FONT('continuous');
#16013 = STYLED_ITEM('color',(#16014),#5929);
#16014 = PRESENTATION_STYLE_ASSIGNMENT((#16015,#16020));
#16015 = SURFACE_STYLE_USAGE(.BOTH.,#16016);
#16016 = SURFACE_SIDE_STYLE('',(#16017));
#16017 = SURFACE_STYLE_FILL_AREA(#16018);
#16018 = FILL_AREA_STYLE('',(#16019));
#16019 = FILL_AREA_STYLE_COLOUR('',#15605);
#16020 = CURVE_STYLE('',#16021,POSITIVE_LENGTH_MEASURE(0.1),#15605);
#16021 = DRAUGHTING_PRE_DEFINED_CURVE_FONT('continuous');
#16022 = STYLED_ITEM('color',(#16023),#5945);
#16023 = PRESENTATION_STYLE_ASSIGNMENT((#16024,#16029));
#16024 = SURFACE_STYLE_USAGE(.BOTH.,#16025);
#16025 = SURFACE_SIDE_STYLE('',(#16026));
#16026 = SURFACE_STYLE_FILL_AREA(#16027);
#16027 = FILL_AREA_STYLE('',(#16028));
#16028 = FILL_AREA_STYLE_COLOUR('',#14894);
#16029 = CURVE_STYLE('',#16030,POSITIVE_LENGTH_MEASURE(0.1),#14894);
#16030 = DRAUGHTING_PRE_DEFINED_CURVE_FONT('continuous');
#16031 = STYLED_ITEM('color',(#16032),#5984);
#16032 = PRESENTATION_STYLE_ASSIGNMENT((#16033,#16038));
#16033 = SURFACE_STYLE_USAGE(.BOTH.,#16034);
#16034 = SURFACE_SIDE_STYLE('',(#16035));
#16035 = SURFACE_STYLE_FILL_AREA(#16036);
#16036 = FILL_AREA_STYLE('',(#16037));
#16037 = FILL_AREA_STYLE_COLOUR('',#14894);
#16038 = CURVE_STYLE('',#16039,POSITIVE_LENGTH_MEASURE(0.1),#14894);
#16039 = DRAUGHTING_PRE_DEFINED_CURVE_FONT('continuous');
#16040 = STYLED_ITEM('color',(#16041),#6001);
#16041 = PRESENTATION_STYLE_ASSIGNMENT((#16042,#16047));
#16042 = SURFACE_STYLE_USAGE(.BOTH.,#16043);
#16043 = SURFACE_SIDE_STYLE('',(#16044));
#16044 = SURFACE_STYLE_FILL_AREA(#16045);
#16045 = FILL_AREA_STYLE('',(#16046));
#16046 = FILL_AREA_STYLE_COLOUR('',#14894);
#16047 = CURVE_STYLE('',#16048,POSITIVE_LENGTH_MEASURE(0.1),#14894);
#16048 = DRAUGHTING_PRE_DEFINED_CURVE_FONT('continuous');
#16049 = STYLED_ITEM('color',(#16050),#6028);
#16050 = PRESENTATION_STYLE_ASSIGNMENT((#16051,#16056));
#16051 = SURFACE_STYLE_USAGE(.BOTH.,#16052);
#16052 = SURFACE_SIDE_STYLE('',(#16053));
#16053 = SURFACE_STYLE_FILL_AREA(#16054);
#16054 = FILL_AREA_STYLE('',(#16055));
#16055 = FILL_AREA_STYLE_COLOUR('',#14894);
#16056 = CURVE_STYLE('',#16057,POSITIVE_LENGTH_MEASURE(0.1),#14894);
#16057 = DRAUGHTING_PRE_DEFINED_CURVE_FONT('continuous');
#16058 = STYLED_ITEM('color',(#16059),#6052);
#16059 = PRESENTATION_STYLE_ASSIGNMENT((#16060,#16065));
#16060 = SURFACE_STYLE_USAGE(.BOTH.,#16061);
#16061 = SURFACE_SIDE_STYLE('',(#16062));
#16062 = SURFACE_STYLE_FILL_AREA(#16063);
#16063 = FILL_AREA_STYLE('',(#16064));
#16064 = FILL_AREA_STYLE_COLOUR('',#14894);
#16065 = CURVE_STYLE('',#16066,POSITIVE_LENGTH_MEASURE(0.1),#14894);
#16066 = DRAUGHTING_PRE_DEFINED_CURVE_FONT('continuous');
#16067 = STYLED_ITEM('color',(#16068),#6069);
#16068 = PRESENTATION_STYLE_ASSIGNMENT((#16069,#16074));
#16069 = SURFACE_STYLE_USAGE(.BOTH.,#16070);
#16070 = SURFACE_SIDE_STYLE('',(#16071));
#16071 = SURFACE_STYLE_FILL_AREA(#16072);
#16072 = FILL_AREA_STYLE('',(#16073));
#16073 = FILL_AREA_STYLE_COLOUR('',#14894);
#16074 = CURVE_STYLE('',#16075,POSITIVE_LENGTH_MEASURE(0.1),#14894);
#16075 = DRAUGHTING_PRE_DEFINED_CURVE_FONT('continuous');
#16076 = STYLED_ITEM('color',(#16077),#6093);
#16077 = PRESENTATION_STYLE_ASSIGNMENT((#16078,#16083));
#16078 = SURFACE_STYLE_USAGE(.BOTH.,#16079);
#16079 = SURFACE_SIDE_STYLE('',(#16080));
#16080 = SURFACE_STYLE_FILL_AREA(#16081);
#16081 = FILL_AREA_STYLE('',(#16082));
#16082 = FILL_AREA_STYLE_COLOUR('',#14894);
#16083 = CURVE_STYLE('',#16084,POSITIVE_LENGTH_MEASURE(0.1),#14894);
#16084 = DRAUGHTING_PRE_DEFINED_CURVE_FONT('continuous');
#16085 = STYLED_ITEM('color',(#16086),#6117);
#16086 = PRESENTATION_STYLE_ASSIGNMENT((#16087,#16092));
#16087 = SURFACE_STYLE_USAGE(.BOTH.,#16088);
#16088 = SURFACE_SIDE_STYLE('',(#16089));
#16089 = SURFACE_STYLE_FILL_AREA(#16090);
#16090 = FILL_AREA_STYLE('',(#16091));
#16091 = FILL_AREA_STYLE_COLOUR('',#15605);
#16092 = CURVE_STYLE('',#16093,POSITIVE_LENGTH_MEASURE(0.1),#15605);
#16093 = DRAUGHTING_PRE_DEFINED_CURVE_FONT('continuous');
#16094 = STYLED_ITEM('color',(#16095),#6141);
#16095 = PRESENTATION_STYLE_ASSIGNMENT((#16096,#16101));
#16096 = SURFACE_STYLE_USAGE(.BOTH.,#16097);
#16097 = SURFACE_SIDE_STYLE('',(#16098));
#16098 = SURFACE_STYLE_FILL_AREA(#16099);
#16099 = FILL_AREA_STYLE('',(#16100));
#16100 = FILL_AREA_STYLE_COLOUR('',#14894);
#16101 = CURVE_STYLE('',#16102,POSITIVE_LENGTH_MEASURE(0.1),#14894);
#16102 = DRAUGHTING_PRE_DEFINED_CURVE_FONT('continuous');
#16103 = STYLED_ITEM('color',(#16104),#6158);
#16104 = PRESENTATION_STYLE_ASSIGNMENT((#16105,#16110));
#16105 = SURFACE_STYLE_USAGE(.BOTH.,#16106);
#16106 = SURFACE_SIDE_STYLE('',(#16107));
#16107 = SURFACE_STYLE_FILL_AREA(#16108);
#16108 = FILL_AREA_STYLE('',(#16109));
#16109 = FILL_AREA_STYLE_COLOUR('',#14894);
#16110 = CURVE_STYLE('',#16111,POSITIVE_LENGTH_MEASURE(0.1),#14894);
#16111 = DRAUGHTING_PRE_DEFINED_CURVE_FONT('continuous');
#16112 = STYLED_ITEM('color',(#16113),#6175);
#16113 = PRESENTATION_STYLE_ASSIGNMENT((#16114,#16119));
#16114 = SURFACE_STYLE_USAGE(.BOTH.,#16115);
#16115 = SURFACE_SIDE_STYLE('',(#16116));
#16116 = SURFACE_STYLE_FILL_AREA(#16117);
#16117 = FILL_AREA_STYLE('',(#16118));
#16118 = FILL_AREA_STYLE_COLOUR('',#14894);
#16119 = CURVE_STYLE('',#16120,POSITIVE_LENGTH_MEASURE(0.1),#14894);
#16120 = DRAUGHTING_PRE_DEFINED_CURVE_FONT('continuous');
#16121 = STYLED_ITEM('color',(#16122),#6192);
#16122 = PRESENTATION_STYLE_ASSIGNMENT((#16123,#16128));
#16123 = SURFACE_STYLE_USAGE(.BOTH.,#16124);
#16124 = SURFACE_SIDE_STYLE('',(#16125));
#16125 = SURFACE_STYLE_FILL_AREA(#16126);
#16126 = FILL_AREA_STYLE('',(#16127));
#16127 = FILL_AREA_STYLE_COLOUR('',#14894);
#16128 = CURVE_STYLE('',#16129,POSITIVE_LENGTH_MEASURE(0.1),#14894);
#16129 = DRAUGHTING_PRE_DEFINED_CURVE_FONT('continuous');
#16130 = STYLED_ITEM('color',(#16131),#6209);
#16131 = PRESENTATION_STYLE_ASSIGNMENT((#16132,#16137));
#16132 = SURFACE_STYLE_USAGE(.BOTH.,#16133);
#16133 = SURFACE_SIDE_STYLE('',(#16134));
#16134 = SURFACE_STYLE_FILL_AREA(#16135);
#16135 = FILL_AREA_STYLE('',(#16136));
#16136 = FILL_AREA_STYLE_COLOUR('',#14894);
#16137 = CURVE_STYLE('',#16138,POSITIVE_LENGTH_MEASURE(0.1),#14894);
#16138 = DRAUGHTING_PRE_DEFINED_CURVE_FONT('continuous');
#16139 = STYLED_ITEM('color',(#16140),#6226);
#16140 = PRESENTATION_STYLE_ASSIGNMENT((#16141,#16146));
#16141 = SURFACE_STYLE_USAGE(.BOTH.,#16142);
#16142 = SURFACE_SIDE_STYLE('',(#16143));
#16143 = SURFACE_STYLE_FILL_AREA(#16144);
#16144 = FILL_AREA_STYLE('',(#16145));
#16145 = FILL_AREA_STYLE_COLOUR('',#15605);
#16146 = CURVE_STYLE('',#16147,POSITIVE_LENGTH_MEASURE(0.1),#15605);
#16147 = DRAUGHTING_PRE_DEFINED_CURVE_FONT('continuous');
#16148 = STYLED_ITEM('color',(#16149),#6243);
#16149 = PRESENTATION_STYLE_ASSIGNMENT((#16150,#16155));
#16150 = SURFACE_STYLE_USAGE(.BOTH.,#16151);
#16151 = SURFACE_SIDE_STYLE('',(#16152));
#16152 = SURFACE_STYLE_FILL_AREA(#16153);
#16153 = FILL_AREA_STYLE('',(#16154));
#16154 = FILL_AREA_STYLE_COLOUR('',#15605);
#16155 = CURVE_STYLE('',#16156,POSITIVE_LENGTH_MEASURE(0.1),#15605);
#16156 = DRAUGHTING_PRE_DEFINED_CURVE_FONT('continuous');
#16157 = STYLED_ITEM('color',(#16158),#6255);
#16158 = PRESENTATION_STYLE_ASSIGNMENT((#16159,#16164));
#16159 = SURFACE_STYLE_USAGE(.BOTH.,#16160);
#16160 = SURFACE_SIDE_STYLE('',(#16161));
#16161 = SURFACE_STYLE_FILL_AREA(#16162);
#16162 = FILL_AREA_STYLE('',(#16163));
#16163 = FILL_AREA_STYLE_COLOUR('',#15605);
#16164 = CURVE_STYLE('',#16165,POSITIVE_LENGTH_MEASURE(0.1),#15605);
#16165 = DRAUGHTING_PRE_DEFINED_CURVE_FONT('continuous');
#16166 = STYLED_ITEM('color',(#16167),#6279);
#16167 = PRESENTATION_STYLE_ASSIGNMENT((#16168,#16173));
#16168 = SURFACE_STYLE_USAGE(.BOTH.,#16169);
#16169 = SURFACE_SIDE_STYLE('',(#16170));
#16170 = SURFACE_STYLE_FILL_AREA(#16171);
#16171 = FILL_AREA_STYLE('',(#16172));
#16172 = FILL_AREA_STYLE_COLOUR('',#15605);
#16173 = CURVE_STYLE('',#16174,POSITIVE_LENGTH_MEASURE(0.1),#15605);
#16174 = DRAUGHTING_PRE_DEFINED_CURVE_FONT('continuous');
#16175 = STYLED_ITEM('color',(#16176),#6296);
#16176 = PRESENTATION_STYLE_ASSIGNMENT((#16177,#16182));
#16177 = SURFACE_STYLE_USAGE(.BOTH.,#16178);
#16178 = SURFACE_SIDE_STYLE('',(#16179));
#16179 = SURFACE_STYLE_FILL_AREA(#16180);
#16180 = FILL_AREA_STYLE('',(#16181));
#16181 = FILL_AREA_STYLE_COLOUR('',#14894);
#16182 = CURVE_STYLE('',#16183,POSITIVE_LENGTH_MEASURE(0.1),#14894);
#16183 = DRAUGHTING_PRE_DEFINED_CURVE_FONT('continuous');
#16184 = STYLED_ITEM('color',(#16185),#6313);
#16185 = PRESENTATION_STYLE_ASSIGNMENT((#16186,#16191));
#16186 = SURFACE_STYLE_USAGE(.BOTH.,#16187);
#16187 = SURFACE_SIDE_STYLE('',(#16188));
#16188 = SURFACE_STYLE_FILL_AREA(#16189);
#16189 = FILL_AREA_STYLE('',(#16190));
#16190 = FILL_AREA_STYLE_COLOUR('',#14894);
#16191 = CURVE_STYLE('',#16192,POSITIVE_LENGTH_MEASURE(0.1),#14894);
#16192 = DRAUGHTING_PRE_DEFINED_CURVE_FONT('continuous');
#16193 = STYLED_ITEM('color',(#16194),#6325);
#16194 = PRESENTATION_STYLE_ASSIGNMENT((#16195,#16200));
#16195 = SURFACE_STYLE_USAGE(.BOTH.,#16196);
#16196 = SURFACE_SIDE_STYLE('',(#16197));
#16197 = SURFACE_STYLE_FILL_AREA(#16198);
#16198 = FILL_AREA_STYLE('',(#16199));
#16199 = FILL_AREA_STYLE_COLOUR('',#14894);
#16200 = CURVE_STYLE('',#16201,POSITIVE_LENGTH_MEASURE(0.1),#14894);
#16201 = DRAUGHTING_PRE_DEFINED_CURVE_FONT('continuous');
#16202 = STYLED_ITEM('color',(#16203),#6342);
#16203 = PRESENTATION_STYLE_ASSIGNMENT((#16204,#16209));
#16204 = SURFACE_STYLE_USAGE(.BOTH.,#16205);
#16205 = SURFACE_SIDE_STYLE('',(#16206));
#16206 = SURFACE_STYLE_FILL_AREA(#16207);
#16207 = FILL_AREA_STYLE('',(#16208));
#16208 = FILL_AREA_STYLE_COLOUR('',#14894);
#16209 = CURVE_STYLE('',#16210,POSITIVE_LENGTH_MEASURE(0.1),#14894);
#16210 = DRAUGHTING_PRE_DEFINED_CURVE_FONT('continuous');
#16211 = STYLED_ITEM('color',(#16212),#6354);
#16212 = PRESENTATION_STYLE_ASSIGNMENT((#16213,#16218));
#16213 = SURFACE_STYLE_USAGE(.BOTH.,#16214);
#16214 = SURFACE_SIDE_STYLE('',(#16215));
#16215 = SURFACE_STYLE_FILL_AREA(#16216);
#16216 = FILL_AREA_STYLE('',(#16217));
#16217 = FILL_AREA_STYLE_COLOUR('',#14894);
#16218 = CURVE_STYLE('',#16219,POSITIVE_LENGTH_MEASURE(0.1),#14894);
#16219 = DRAUGHTING_PRE_DEFINED_CURVE_FONT('continuous');
#16220 = STYLED_ITEM('color',(#16221),#6371);
#16221 = PRESENTATION_STYLE_ASSIGNMENT((#16222,#16227));
#16222 = SURFACE_STYLE_USAGE(.BOTH.,#16223);
#16223 = SURFACE_SIDE_STYLE('',(#16224));
#16224 = SURFACE_STYLE_FILL_AREA(#16225);
#16225 = FILL_AREA_STYLE('',(#16226));
#16226 = FILL_AREA_STYLE_COLOUR('',#14894);
#16227 = CURVE_STYLE('',#16228,POSITIVE_LENGTH_MEASURE(0.1),#14894);
#16228 = DRAUGHTING_PRE_DEFINED_CURVE_FONT('continuous');
#16229 = STYLED_ITEM('color',(#16230),#6383);
#16230 = PRESENTATION_STYLE_ASSIGNMENT((#16231,#16236));
#16231 = SURFACE_STYLE_USAGE(.BOTH.,#16232);
#16232 = SURFACE_SIDE_STYLE('',(#16233));
#16233 = SURFACE_STYLE_FILL_AREA(#16234);
#16234 = FILL_AREA_STYLE('',(#16235));
#16235 = FILL_AREA_STYLE_COLOUR('',#14894);
#16236 = CURVE_STYLE('',#16237,POSITIVE_LENGTH_MEASURE(0.1),#14894);
#16237 = DRAUGHTING_PRE_DEFINED_CURVE_FONT('continuous');
#16238 = STYLED_ITEM('color',(#16239),#6400);
#16239 = PRESENTATION_STYLE_ASSIGNMENT((#16240,#16245));
#16240 = SURFACE_STYLE_USAGE(.BOTH.,#16241);
#16241 = SURFACE_SIDE_STYLE('',(#16242));
#16242 = SURFACE_STYLE_FILL_AREA(#16243);
#16243 = FILL_AREA_STYLE('',(#16244));
#16244 = FILL_AREA_STYLE_COLOUR('',#14894);
#16245 = CURVE_STYLE('',#16246,POSITIVE_LENGTH_MEASURE(0.1),#14894);
#16246 = DRAUGHTING_PRE_DEFINED_CURVE_FONT('continuous');
#16247 = STYLED_ITEM('color',(#16248),#6412);
#16248 = PRESENTATION_STYLE_ASSIGNMENT((#16249,#16254));
#16249 = SURFACE_STYLE_USAGE(.BOTH.,#16250);
#16250 = SURFACE_SIDE_STYLE('',(#16251));
#16251 = SURFACE_STYLE_FILL_AREA(#16252);
#16252 = FILL_AREA_STYLE('',(#16253));
#16253 = FILL_AREA_STYLE_COLOUR('',#14894);
#16254 = CURVE_STYLE('',#16255,POSITIVE_LENGTH_MEASURE(0.1),#14894);
#16255 = DRAUGHTING_PRE_DEFINED_CURVE_FONT('continuous');
#16256 = STYLED_ITEM('color',(#16257),#6429);
#16257 = PRESENTATION_STYLE_ASSIGNMENT((#16258,#16263));
#16258 = SURFACE_STYLE_USAGE(.BOTH.,#16259);
#16259 = SURFACE_SIDE_STYLE('',(#16260));
#16260 = SURFACE_STYLE_FILL_AREA(#16261);
#16261 = FILL_AREA_STYLE('',(#16262));
#16262 = FILL_AREA_STYLE_COLOUR('',#14894);
#16263 = CURVE_STYLE('',#16264,POSITIVE_LENGTH_MEASURE(0.1),#14894);
#16264 = DRAUGHTING_PRE_DEFINED_CURVE_FONT('continuous');
#16265 = STYLED_ITEM('color',(#16266),#6441);
#16266 = PRESENTATION_STYLE_ASSIGNMENT((#16267,#16272));
#16267 = SURFACE_STYLE_USAGE(.BOTH.,#16268);
#16268 = SURFACE_SIDE_STYLE('',(#16269));
#16269 = SURFACE_STYLE_FILL_AREA(#16270);
#16270 = FILL_AREA_STYLE('',(#16271));
#16271 = FILL_AREA_STYLE_COLOUR('',#15605);
#16272 = CURVE_STYLE('',#16273,POSITIVE_LENGTH_MEASURE(0.1),#15605);
#16273 = DRAUGHTING_PRE_DEFINED_CURVE_FONT('continuous');
#16274 = STYLED_ITEM('color',(#16275),#6453);
#16275 = PRESENTATION_STYLE_ASSIGNMENT((#16276,#16281));
#16276 = SURFACE_STYLE_USAGE(.BOTH.,#16277);
#16277 = SURFACE_SIDE_STYLE('',(#16278));
#16278 = SURFACE_STYLE_FILL_AREA(#16279);
#16279 = FILL_AREA_STYLE('',(#16280));
#16280 = FILL_AREA_STYLE_COLOUR('',#15605);
#16281 = CURVE_STYLE('',#16282,POSITIVE_LENGTH_MEASURE(0.1),#15605);
#16282 = DRAUGHTING_PRE_DEFINED_CURVE_FONT('continuous');
#16283 = STYLED_ITEM('color',(#16284),#6635);
#16284 = PRESENTATION_STYLE_ASSIGNMENT((#16285,#16290));
#16285 = SURFACE_STYLE_USAGE(.BOTH.,#16286);
#16286 = SURFACE_SIDE_STYLE('',(#16287));
#16287 = SURFACE_STYLE_FILL_AREA(#16288);
#16288 = FILL_AREA_STYLE('',(#16289));
#16289 = FILL_AREA_STYLE_COLOUR('',#15605);
#16290 = CURVE_STYLE('',#16291,POSITIVE_LENGTH_MEASURE(0.1),#15605);
#16291 = DRAUGHTING_PRE_DEFINED_CURVE_FONT('continuous');
#16292 = STYLED_ITEM('color',(#16293),#6647);
#16293 = PRESENTATION_STYLE_ASSIGNMENT((#16294,#16299));
#16294 = SURFACE_STYLE_USAGE(.BOTH.,#16295);
#16295 = SURFACE_SIDE_STYLE('',(#16296));
#16296 = SURFACE_STYLE_FILL_AREA(#16297);
#16297 = FILL_AREA_STYLE('',(#16298));
#16298 = FILL_AREA_STYLE_COLOUR('',#14894);
#16299 = CURVE_STYLE('',#16300,POSITIVE_LENGTH_MEASURE(0.1),#14894);
#16300 = DRAUGHTING_PRE_DEFINED_CURVE_FONT('continuous');
#16301 = STYLED_ITEM('color',(#16302),#6664);
#16302 = PRESENTATION_STYLE_ASSIGNMENT((#16303,#16308));
#16303 = SURFACE_STYLE_USAGE(.BOTH.,#16304);
#16304 = SURFACE_SIDE_STYLE('',(#16305));
#16305 = SURFACE_STYLE_FILL_AREA(#16306);
#16306 = FILL_AREA_STYLE('',(#16307));
#16307 = FILL_AREA_STYLE_COLOUR('',#14894);
#16308 = CURVE_STYLE('',#16309,POSITIVE_LENGTH_MEASURE(0.1),#14894);
#16309 = DRAUGHTING_PRE_DEFINED_CURVE_FONT('continuous');
#16310 = STYLED_ITEM('color',(#16311),#6681);
#16311 = PRESENTATION_STYLE_ASSIGNMENT((#16312,#16317));
#16312 = SURFACE_STYLE_USAGE(.BOTH.,#16313);
#16313 = SURFACE_SIDE_STYLE('',(#16314));
#16314 = SURFACE_STYLE_FILL_AREA(#16315);
#16315 = FILL_AREA_STYLE('',(#16316));
#16316 = FILL_AREA_STYLE_COLOUR('',#14894);
#16317 = CURVE_STYLE('',#16318,POSITIVE_LENGTH_MEASURE(0.1),#14894);
#16318 = DRAUGHTING_PRE_DEFINED_CURVE_FONT('continuous');
#16319 = STYLED_ITEM('color',(#16320),#6696);
#16320 = PRESENTATION_STYLE_ASSIGNMENT((#16321,#16326));
#16321 = SURFACE_STYLE_USAGE(.BOTH.,#16322);
#16322 = SURFACE_SIDE_STYLE('',(#16323));
#16323 = SURFACE_STYLE_FILL_AREA(#16324);
#16324 = FILL_AREA_STYLE('',(#16325));
#16325 = FILL_AREA_STYLE_COLOUR('',#14894);
#16326 = CURVE_STYLE('',#16327,POSITIVE_LENGTH_MEASURE(0.1),#14894);
#16327 = DRAUGHTING_PRE_DEFINED_CURVE_FONT('continuous');
#16328 = STYLED_ITEM('color',(#16329),#6708);
#16329 = PRESENTATION_STYLE_ASSIGNMENT((#16330,#16335));
#16330 = SURFACE_STYLE_USAGE(.BOTH.,#16331);
#16331 = SURFACE_SIDE_STYLE('',(#16332));
#16332 = SURFACE_STYLE_FILL_AREA(#16333);
#16333 = FILL_AREA_STYLE('',(#16334));
#16334 = FILL_AREA_STYLE_COLOUR('',#14894);
#16335 = CURVE_STYLE('',#16336,POSITIVE_LENGTH_MEASURE(0.1),#14894);
#16336 = DRAUGHTING_PRE_DEFINED_CURVE_FONT('continuous');
#16337 = STYLED_ITEM('color',(#16338),#6739);
#16338 = PRESENTATION_STYLE_ASSIGNMENT((#16339,#16344));
#16339 = SURFACE_STYLE_USAGE(.BOTH.,#16340);
#16340 = SURFACE_SIDE_STYLE('',(#16341));
#16341 = SURFACE_STYLE_FILL_AREA(#16342);
#16342 = FILL_AREA_STYLE('',(#16343));
#16343 = FILL_AREA_STYLE_COLOUR('',#14894);
#16344 = CURVE_STYLE('',#16345,POSITIVE_LENGTH_MEASURE(0.1),#14894);
#16345 = DRAUGHTING_PRE_DEFINED_CURVE_FONT('continuous');
#16346 = STYLED_ITEM('color',(#16347),#6763);
#16347 = PRESENTATION_STYLE_ASSIGNMENT((#16348,#16353));
#16348 = SURFACE_STYLE_USAGE(.BOTH.,#16349);
#16349 = SURFACE_SIDE_STYLE('',(#16350));
#16350 = SURFACE_STYLE_FILL_AREA(#16351);
#16351 = FILL_AREA_STYLE('',(#16352));
#16352 = FILL_AREA_STYLE_COLOUR('',#14894);
#16353 = CURVE_STYLE('',#16354,POSITIVE_LENGTH_MEASURE(0.1),#14894);
#16354 = DRAUGHTING_PRE_DEFINED_CURVE_FONT('continuous');
#16355 = STYLED_ITEM('color',(#16356),#6787);
#16356 = PRESENTATION_STYLE_ASSIGNMENT((#16357,#16362));
#16357 = SURFACE_STYLE_USAGE(.BOTH.,#16358);
#16358 = SURFACE_SIDE_STYLE('',(#16359));
#16359 = SURFACE_STYLE_FILL_AREA(#16360);
#16360 = FILL_AREA_STYLE('',(#16361));
#16361 = FILL_AREA_STYLE_COLOUR('',#14894);
#16362 = CURVE_STYLE('',#16363,POSITIVE_LENGTH_MEASURE(0.1),#14894);
#16363 = DRAUGHTING_PRE_DEFINED_CURVE_FONT('continuous');
#16364 = STYLED_ITEM('color',(#16365),#6804);
#16365 = PRESENTATION_STYLE_ASSIGNMENT((#16366,#16371));
#16366 = SURFACE_STYLE_USAGE(.BOTH.,#16367);
#16367 = SURFACE_SIDE_STYLE('',(#16368));
#16368 = SURFACE_STYLE_FILL_AREA(#16369);
#16369 = FILL_AREA_STYLE('',(#16370));
#16370 = FILL_AREA_STYLE_COLOUR('',#14894);
#16371 = CURVE_STYLE('',#16372,POSITIVE_LENGTH_MEASURE(0.1),#14894);
#16372 = DRAUGHTING_PRE_DEFINED_CURVE_FONT('continuous');
#16373 = STYLED_ITEM('color',(#16374),#6835);
#16374 = PRESENTATION_STYLE_ASSIGNMENT((#16375,#16380));
#16375 = SURFACE_STYLE_USAGE(.BOTH.,#16376);
#16376 = SURFACE_SIDE_STYLE('',(#16377));
#16377 = SURFACE_STYLE_FILL_AREA(#16378);
#16378 = FILL_AREA_STYLE('',(#16379));
#16379 = FILL_AREA_STYLE_COLOUR('',#14894);
#16380 = CURVE_STYLE('',#16381,POSITIVE_LENGTH_MEASURE(0.1),#14894);
#16381 = DRAUGHTING_PRE_DEFINED_CURVE_FONT('continuous');
#16382 = STYLED_ITEM('color',(#16383),#6859);
#16383 = PRESENTATION_STYLE_ASSIGNMENT((#16384,#16389));
#16384 = SURFACE_STYLE_USAGE(.BOTH.,#16385);
#16385 = SURFACE_SIDE_STYLE('',(#16386));
#16386 = SURFACE_STYLE_FILL_AREA(#16387);
#16387 = FILL_AREA_STYLE('',(#16388));
#16388 = FILL_AREA_STYLE_COLOUR('',#14894);
#16389 = CURVE_STYLE('',#16390,POSITIVE_LENGTH_MEASURE(0.1),#14894);
#16390 = DRAUGHTING_PRE_DEFINED_CURVE_FONT('continuous');
#16391 = STYLED_ITEM('color',(#16392),#6883);
#16392 = PRESENTATION_STYLE_ASSIGNMENT((#16393,#16398));
#16393 = SURFACE_STYLE_USAGE(.BOTH.,#16394);
#16394 = SURFACE_SIDE_STYLE('',(#16395));
#16395 = SURFACE_STYLE_FILL_AREA(#16396);
#16396 = FILL_AREA_STYLE('',(#16397));
#16397 = FILL_AREA_STYLE_COLOUR('',#14894);
#16398 = CURVE_STYLE('',#16399,POSITIVE_LENGTH_MEASURE(0.1),#14894);
#16399 = DRAUGHTING_PRE_DEFINED_CURVE_FONT('continuous');
#16400 = STYLED_ITEM('color',(#16401),#6900);
#16401 = PRESENTATION_STYLE_ASSIGNMENT((#16402,#16407));
#16402 = SURFACE_STYLE_USAGE(.BOTH.,#16403);
#16403 = SURFACE_SIDE_STYLE('',(#16404));
#16404 = SURFACE_STYLE_FILL_AREA(#16405);
#16405 = FILL_AREA_STYLE('',(#16406));
#16406 = FILL_AREA_STYLE_COLOUR('',#14894);
#16407 = CURVE_STYLE('',#16408,POSITIVE_LENGTH_MEASURE(0.1),#14894);
#16408 = DRAUGHTING_PRE_DEFINED_CURVE_FONT('continuous');
#16409 = STYLED_ITEM('color',(#16410),#6931);
#16410 = PRESENTATION_STYLE_ASSIGNMENT((#16411,#16416));
#16411 = SURFACE_STYLE_USAGE(.BOTH.,#16412);
#16412 = SURFACE_SIDE_STYLE('',(#16413));
#16413 = SURFACE_STYLE_FILL_AREA(#16414);
#16414 = FILL_AREA_STYLE('',(#16415));
#16415 = FILL_AREA_STYLE_COLOUR('',#14894);
#16416 = CURVE_STYLE('',#16417,POSITIVE_LENGTH_MEASURE(0.1),#14894);
#16417 = DRAUGHTING_PRE_DEFINED_CURVE_FONT('continuous');
#16418 = STYLED_ITEM('color',(#16419),#6955);
#16419 = PRESENTATION_STYLE_ASSIGNMENT((#16420,#16425));
#16420 = SURFACE_STYLE_USAGE(.BOTH.,#16421);
#16421 = SURFACE_SIDE_STYLE('',(#16422));
#16422 = SURFACE_STYLE_FILL_AREA(#16423);
#16423 = FILL_AREA_STYLE('',(#16424));
#16424 = FILL_AREA_STYLE_COLOUR('',#14894);
#16425 = CURVE_STYLE('',#16426,POSITIVE_LENGTH_MEASURE(0.1),#14894);
#16426 = DRAUGHTING_PRE_DEFINED_CURVE_FONT('continuous');
#16427 = STYLED_ITEM('color',(#16428),#6979);
#16428 = PRESENTATION_STYLE_ASSIGNMENT((#16429,#16434));
#16429 = SURFACE_STYLE_USAGE(.BOTH.,#16430);
#16430 = SURFACE_SIDE_STYLE('',(#16431));
#16431 = SURFACE_STYLE_FILL_AREA(#16432);
#16432 = FILL_AREA_STYLE('',(#16433));
#16433 = FILL_AREA_STYLE_COLOUR('',#14894);
#16434 = CURVE_STYLE('',#16435,POSITIVE_LENGTH_MEASURE(0.1),#14894);
#16435 = DRAUGHTING_PRE_DEFINED_CURVE_FONT('continuous');
#16436 = STYLED_ITEM('color',(#16437),#6996);
#16437 = PRESENTATION_STYLE_ASSIGNMENT((#16438,#16443));
#16438 = SURFACE_STYLE_USAGE(.BOTH.,#16439);
#16439 = SURFACE_SIDE_STYLE('',(#16440));
#16440 = SURFACE_STYLE_FILL_AREA(#16441);
#16441 = FILL_AREA_STYLE('',(#16442));
#16442 = FILL_AREA_STYLE_COLOUR('',#14894);
#16443 = CURVE_STYLE('',#16444,POSITIVE_LENGTH_MEASURE(0.1),#14894);
#16444 = DRAUGHTING_PRE_DEFINED_CURVE_FONT('continuous');
#16445 = STYLED_ITEM('color',(#16446),#7027);
#16446 = PRESENTATION_STYLE_ASSIGNMENT((#16447,#16452));
#16447 = SURFACE_STYLE_USAGE(.BOTH.,#16448);
#16448 = SURFACE_SIDE_STYLE('',(#16449));
#16449 = SURFACE_STYLE_FILL_AREA(#16450);
#16450 = FILL_AREA_STYLE('',(#16451));
#16451 = FILL_AREA_STYLE_COLOUR('',#14894);
#16452 = CURVE_STYLE('',#16453,POSITIVE_LENGTH_MEASURE(0.1),#14894);
#16453 = DRAUGHTING_PRE_DEFINED_CURVE_FONT('continuous');
#16454 = STYLED_ITEM('color',(#16455),#7051);
#16455 = PRESENTATION_STYLE_ASSIGNMENT((#16456,#16461));
#16456 = SURFACE_STYLE_USAGE(.BOTH.,#16457);
#16457 = SURFACE_SIDE_STYLE('',(#16458));
#16458 = SURFACE_STYLE_FILL_AREA(#16459);
#16459 = FILL_AREA_STYLE('',(#16460));
#16460 = FILL_AREA_STYLE_COLOUR('',#14894);
#16461 = CURVE_STYLE('',#16462,POSITIVE_LENGTH_MEASURE(0.1),#14894);
#16462 = DRAUGHTING_PRE_DEFINED_CURVE_FONT('continuous');
#16463 = STYLED_ITEM('color',(#16464),#7075);
#16464 = PRESENTATION_STYLE_ASSIGNMENT((#16465,#16470));
#16465 = SURFACE_STYLE_USAGE(.BOTH.,#16466);
#16466 = SURFACE_SIDE_STYLE('',(#16467));
#16467 = SURFACE_STYLE_FILL_AREA(#16468);
#16468 = FILL_AREA_STYLE('',(#16469));
#16469 = FILL_AREA_STYLE_COLOUR('',#14894);
#16470 = CURVE_STYLE('',#16471,POSITIVE_LENGTH_MEASURE(0.1),#14894);
#16471 = DRAUGHTING_PRE_DEFINED_CURVE_FONT('continuous');
#16472 = STYLED_ITEM('color',(#16473),#7092);
#16473 = PRESENTATION_STYLE_ASSIGNMENT((#16474,#16479));
#16474 = SURFACE_STYLE_USAGE(.BOTH.,#16475);
#16475 = SURFACE_SIDE_STYLE('',(#16476));
#16476 = SURFACE_STYLE_FILL_AREA(#16477);
#16477 = FILL_AREA_STYLE('',(#16478));
#16478 = FILL_AREA_STYLE_COLOUR('',#14894);
#16479 = CURVE_STYLE('',#16480,POSITIVE_LENGTH_MEASURE(0.1),#14894);
#16480 = DRAUGHTING_PRE_DEFINED_CURVE_FONT('continuous');
#16481 = STYLED_ITEM('color',(#16482),#7123);
#16482 = PRESENTATION_STYLE_ASSIGNMENT((#16483,#16488));
#16483 = SURFACE_STYLE_USAGE(.BOTH.,#16484);
#16484 = SURFACE_SIDE_STYLE('',(#16485));
#16485 = SURFACE_STYLE_FILL_AREA(#16486);
#16486 = FILL_AREA_STYLE('',(#16487));
#16487 = FILL_AREA_STYLE_COLOUR('',#14894);
#16488 = CURVE_STYLE('',#16489,POSITIVE_LENGTH_MEASURE(0.1),#14894);
#16489 = DRAUGHTING_PRE_DEFINED_CURVE_FONT('continuous');
#16490 = STYLED_ITEM('color',(#16491),#7147);
#16491 = PRESENTATION_STYLE_ASSIGNMENT((#16492,#16497));
#16492 = SURFACE_STYLE_USAGE(.BOTH.,#16493);
#16493 = SURFACE_SIDE_STYLE('',(#16494));
#16494 = SURFACE_STYLE_FILL_AREA(#16495);
#16495 = FILL_AREA_STYLE('',(#16496));
#16496 = FILL_AREA_STYLE_COLOUR('',#14894);
#16497 = CURVE_STYLE('',#16498,POSITIVE_LENGTH_MEASURE(0.1),#14894);
#16498 = DRAUGHTING_PRE_DEFINED_CURVE_FONT('continuous');
#16499 = STYLED_ITEM('color',(#16500),#7171);
#16500 = PRESENTATION_STYLE_ASSIGNMENT((#16501,#16506));
#16501 = SURFACE_STYLE_USAGE(.BOTH.,#16502);
#16502 = SURFACE_SIDE_STYLE('',(#16503));
#16503 = SURFACE_STYLE_FILL_AREA(#16504);
#16504 = FILL_AREA_STYLE('',(#16505));
#16505 = FILL_AREA_STYLE_COLOUR('',#14894);
#16506 = CURVE_STYLE('',#16507,POSITIVE_LENGTH_MEASURE(0.1),#14894);
#16507 = DRAUGHTING_PRE_DEFINED_CURVE_FONT('continuous');
#16508 = STYLED_ITEM('color',(#16509),#7188);
#16509 = PRESENTATION_STYLE_ASSIGNMENT((#16510,#16515));
#16510 = SURFACE_STYLE_USAGE(.BOTH.,#16511);
#16511 = SURFACE_SIDE_STYLE('',(#16512));
#16512 = SURFACE_STYLE_FILL_AREA(#16513);
#16513 = FILL_AREA_STYLE('',(#16514));
#16514 = FILL_AREA_STYLE_COLOUR('',#14894);
#16515 = CURVE_STYLE('',#16516,POSITIVE_LENGTH_MEASURE(0.1),#14894);
#16516 = DRAUGHTING_PRE_DEFINED_CURVE_FONT('continuous');
#16517 = STYLED_ITEM('color',(#16518),#7200);
#16518 = PRESENTATION_STYLE_ASSIGNMENT((#16519,#16524));
#16519 = SURFACE_STYLE_USAGE(.BOTH.,#16520);
#16520 = SURFACE_SIDE_STYLE('',(#16521));
#16521 = SURFACE_STYLE_FILL_AREA(#16522);
#16522 = FILL_AREA_STYLE('',(#16523));
#16523 = FILL_AREA_STYLE_COLOUR('',#14894);
#16524 = CURVE_STYLE('',#16525,POSITIVE_LENGTH_MEASURE(0.1),#14894);
#16525 = DRAUGHTING_PRE_DEFINED_CURVE_FONT('continuous');
#16526 = STYLED_ITEM('color',(#16527),#7212);
#16527 = PRESENTATION_STYLE_ASSIGNMENT((#16528,#16533));
#16528 = SURFACE_STYLE_USAGE(.BOTH.,#16529);
#16529 = SURFACE_SIDE_STYLE('',(#16530));
#16530 = SURFACE_STYLE_FILL_AREA(#16531);
#16531 = FILL_AREA_STYLE('',(#16532));
#16532 = FILL_AREA_STYLE_COLOUR('',#14894);
#16533 = CURVE_STYLE('',#16534,POSITIVE_LENGTH_MEASURE(0.1),#14894);
#16534 = DRAUGHTING_PRE_DEFINED_CURVE_FONT('continuous');
#16535 = STYLED_ITEM('color',(#16536),#7224);
#16536 = PRESENTATION_STYLE_ASSIGNMENT((#16537,#16542));
#16537 = SURFACE_STYLE_USAGE(.BOTH.,#16538);
#16538 = SURFACE_SIDE_STYLE('',(#16539));
#16539 = SURFACE_STYLE_FILL_AREA(#16540);
#16540 = FILL_AREA_STYLE('',(#16541));
#16541 = FILL_AREA_STYLE_COLOUR('',#14894);
#16542 = CURVE_STYLE('',#16543,POSITIVE_LENGTH_MEASURE(0.1),#14894);
#16543 = DRAUGHTING_PRE_DEFINED_CURVE_FONT('continuous');
#16544 = STYLED_ITEM('color',(#16545),#7236);
#16545 = PRESENTATION_STYLE_ASSIGNMENT((#16546,#16551));
#16546 = SURFACE_STYLE_USAGE(.BOTH.,#16547);
#16547 = SURFACE_SIDE_STYLE('',(#16548));
#16548 = SURFACE_STYLE_FILL_AREA(#16549);
#16549 = FILL_AREA_STYLE('',(#16550));
#16550 = FILL_AREA_STYLE_COLOUR('',#14894);
#16551 = CURVE_STYLE('',#16552,POSITIVE_LENGTH_MEASURE(0.1),#14894);
#16552 = DRAUGHTING_PRE_DEFINED_CURVE_FONT('continuous');
ENDSEC;
END-ISO-10303-21;
